{
    "action": {
        "min": [
            0.0,
            0.0,
            0.0,
            0.0,
            0.0,
            0.0,
            -10.0,
            0.0,
            0.0,
            0.0,
            0.0,
            0.0
        ],
        "max": [
            0.0,
            0.0,
            0.0,
            0.0,
            0.0,
            0.0,
            10.0,
            0.0,
            0.0,
            0.0,
            0.0,
            0.0
        ],
        "mean": [
            0.0,
            0.0,
            0.0,
            0.0,
            0.0,
            0.0,
            -2.1755695911451767e-08,
            0.0,
            0.0,
            0.0,
            0.0,
            0.0
        ],
        "std": [
            0.0,
            0.0,
            0.0,
            0.0,
            0.0,
            0.0,
            7.071067810058594,
            0.0,
            0.0,
            0.0,
            0.0,
            0.0
        ],
        "count": [
            200
        ],
        "q01": [
            3.9995784462121265e-16,
            3.9995784462121265e-16,
            3.9995784462121265e-16,
            3.9995784462121265e-16,
            3.9995784462121265e-16,
            3.9995784462121265e-16,
            -10.0,
            3.9995784462121265e-16,
            3.9995784462121265e-16,
            3.9995784462121265e-16,
            3.9995784462121265e-16,
            3.9995784462121265e-16
        ],
        "q10": [
            3.999578446212126e-15,
            3.999578446212126e-15,
            3.999578446212126e-15,
            3.999578446212126e-15,
            3.999578446212126e-15,
            3.999578446212126e-15,
            -9.510000228881836,
            3.999578446212126e-15,
            3.999578446212126e-15,
            3.999578446212126e-15,
            3.999578446212126e-15,
            3.999578446212126e-15
        ],
        "q50": [
            1.9997892231060632e-14,
            1.9997892231060632e-14,
            1.9997892231060632e-14,
            1.9997892231060632e-14,
            1.9997892231060632e-14,
            1.9997892231060632e-14,
            0.0013335545857747395,
            1.9997892231060632e-14,
            1.9997892231060632e-14,
            1.9997892231060632e-14,
            1.9997892231060632e-14,
            1.9997892231060632e-14
        ],
        "q90": [
            3.599620601590914e-14,
            3.599620601590914e-14,
            3.599620601590914e-14,
            3.599620601590914e-14,
            3.599620601590914e-14,
            3.599620601590914e-14,
            9.510001182556152,
            3.599620601590914e-14,
            3.599620601590914e-14,
            3.599620601590914e-14,
            3.599620601590914e-14,
            3.599620601590914e-14
        ],
        "q99": [
            3.959582661750005e-14,
            3.959582661750005e-14,
            3.959582661750005e-14,
            3.959582661750005e-14,
            3.959582661750005e-14,
            3.959582661750005e-14,
            9.984001159667969,
            3.959582661750005e-14,
            3.959582661750005e-14,
            3.959582661750005e-14,
            3.959582661750005e-14,
            3.959582661750005e-14
        ]
    },
    "observation.state": {
        "min": [
            -0.174534410238266,
            -5.0789666175842285,
            0.07863248139619827,
            0.216600239276886,
            -9.696208953857422,
            -0.6202686429023743,
            -0.6899623274803162,
            -17.083797454833984,
            0.8644688725471497,
            0.01889757812023163,
            -25.394832611083984,
            -0.04395604506134987,
            -0.0549483448266983,
            -6.296239376068115,
            -0.002686202758923173,
            -0.1648450344800949,
            -4.197493076324463,
            0.08595848828554153,
            -9.606698036193848,
            -62.33277130126953,
            -0.27008548378944397,
            -0.37088319659233093,
            -11.543106079101562,
            0.21001221239566803,
            0.22796858847141266,
            -15.236899375915527,
            -0.6300366520881653,
            0.48003605008125305,
            -15.236899375915527,
            -1.0109890699386597,
            0.5604730844497681,
            -4.897075176239014,
            -0.40024420619010925,
            -0.02197933755815029,
            -4.197493076324463,
            -0.016117217019200325,
            0.0,
            0.0,
            0.0,
            1.0,
            0.0,
            0.0,
            0.0
        ],
        "max": [
            -0.15255507826805115,
            4.155518054962158,
            0.2153846174478531,
            0.23857957124710083,
            6.925863265991211,
            -0.3076923191547394,
            -0.6460036039352417,
            18.930692672729492,
            1.216117262840271,
            0.04087691754102707,
            16.160348892211914,
            0.16117216646671295,
            -0.03296900540590286,
            5.5966572761535645,
            0.06984127312898636,
            -0.14286570250988007,
            6.296239376068115,
            0.16923077404499054,
            9.38344955444336,
            62.33277130126953,
            0.6051282286643982,
            -0.3049452006816864,
            7.849311828613281,
            0.6495726704597473,
            0.2939065992832184,
            15.236899375915527,
            -0.4542124569416046,
            0.5020154118537903,
            18.007244110107422,
            -0.8351648449897766,
            0.5934421420097351,
            4.897075176239014,
            -0.3142857253551483,
            0.0,
            4.897075176239014,
            0.08058608323335648,
            0.0,
            0.0,
            0.0,
            1.0,
            0.0,
            0.0,
            0.0
        ],
        "mean": [
            -0.16706134378910065,
            -0.3416760265827179,
            0.14970940351486206,
            0.23813951015472412,
            -0.9742385149002075,
            -0.49597054719924927,
            -0.6679836511611938,
            -1.2882107496261597,
            1.065934181213379,
            0.040327392518520355,
            -0.023086171597242355,
            0.03604401648044586,
            -0.03709012642502785,
            0.07695403695106506,
            0.025505514815449715,
            -0.1523720771074295,
            0.6925861239433289,
            0.13128824532032013,
            0.0015695500187575817,
            -2.377880811691284,
            0.10095725953578949,
            -0.32428687810897827,
            -0.38323119282722473,
            0.440097451210022,
            0.26467376947402954,
            -0.38784828782081604,
            -0.549889326095581,
            0.5015750527381897,
            -0.09696213901042938,
            -0.9374359250068665,
            0.5727824568748474,
            -0.37077853083610535,
            -0.36259710788726807,
            -0.01263811718672514,
            0.7275654673576355,
            0.042777806520462036,
            0.0,
            0.0,
            0.0,
            1.0,
            0.0,
            0.0,
            0.0
        ],