{
    "action": {
        "min": [
            0.0,
            0.0,
            0.0,
            0.0,
            0.0,
            0.0,
            0.0,
            0.0,
            0.0,
            -10.0,
            0.0,
            0.0
        ],
        "max": [
            0.0,
            0.0,
            0.0,
            0.0,
            0.0,
            0.0,
            0.0,
            0.0,
            0.0,
            9.999210357666016,
            0.0,
            0.0
        ],
        "mean": [
            0.0,
            0.0,
            0.0,
            0.0,
            0.0,
            0.0,
            0.0,
            0.0,
            0.0,
            0.4162852466106415,
            0.0,
            0.0
        ],
        "std": [
            0.0,
            0.0,
            0.0,
            0.0,
            0.0,
            0.0,
            0.0,
            0.0,
            0.0,
            7.1016669273376465,
            0.0,
            0.0
        ],
        "count": [
            200
        ],
        "q01": [
            3.9995784462121265e-16,
            3.9995784462121265e-16,
            3.9995784462121265e-16,
            3.9995784462121265e-16,
            3.9995784462121265e-16,
            3.9995784462121265e-16,
            3.9995784462121265e-16,
            3.9995784462121265e-16,
            3.9995784462121265e-16,
            -9.994000434875488,
            3.9995784462121265e-16,
            3.9995784462121265e-16
        ],
        "q10": [
            3.999578446212126e-15,
            3.999578446212126e-15,
            3.999578446212126e-15,
            3.999578446212126e-15,
            3.999578446212126e-15,
            3.999578446212126e-15,
            3.999578446212126e-15,
            3.999578446212126e-15,
            3.999578446212126e-15,
            -9.550017833709717,
            3.999578446212126e-15,
            3.999578446212126e-15
        ],
        "q50": [
            1.9997892231060632e-14,
            1.9997892231060632e-14,
            1.9997892231060632e-14,
            1.9997892231060632e-14,
            1.9997892231060632e-14,
            1.9997892231060632e-14,
            1.9997892231060632e-14,
            1.9997892231060632e-14,
            1.9997892231060632e-14,
            1.0055646896362305,
            1.9997892231060632e-14,
            1.9997892231060632e-14
        ],
        "q90": [
            3.599620601590914e-14,
            3.599620601590914e-14,
            3.599620601590914e-14,
            3.599620601590914e-14,
            3.599620601590914e-14,
            3.599620601590914e-14,
            3.599620601590914e-14,
            3.599620601590914e-14,
            3.599620601590914e-14,
            9.585225105285645,
            3.599620601590914e-14,
            3.599620601590914e-14
        ],
        "q99": [
            3.959582661750005e-14,
            3.959582661750005e-14,
            3.959582661750005e-14,
            3.959582661750005e-14,
            3.959582661750005e-14,
            3.959582661750005e-14,
            3.959582661750005e-14,
            3.959582661750005e-14,
            3.959582661750005e-14,
            9.996542612711588,
            3.959582661750005e-14,
            3.959582661750005e-14
        ]
    },
    "observation.state": {
        "min": [
            -0.19651375710964203,
            -6.925863265991211,
            0.05128205195069313,
            0.23857957124710083,
            -7.849311828613281,
            -0.6593406796455383,
            -0.7559003233909607,
            -20.777589797973633,
            0.8644688725471497,
            0.06285625696182251,
            -18.007244110107422,
            -0.16117216646671295,
            -0.09890701621770859,
            -6.296239376068115,
            0.03223443403840065,
            -0.14286570250988007,
            -4.197493076324463,
            0.08864469081163406,
            -0.04568657651543617,
            -4.155518054962158,
            -0.0991453006863594,
            -0.37088319659233093,
            -8.772760391235352,
            0.27838829159736633,
            0.22796858847141266,
            -19.854141235351562,
            -0.9230769276618958,
            -9.278789520263672,
            -148.21347045898438,
            -1.9780219793319702,
            0.5934421420097351,
            -4.197493076324463,
            -0.41904762387275696,
            -0.010989668779075146,
            -3.497910737991333,
            0.0,
            0.0,
            0.0,
            0.0,
            1.0,
            0.0,
            0.0,
            0.0
        ],
        "max": [
            -0.1305757462978363,
            6.925863265991211,
            0.2153846174478531,
            0.2605589032173157,
            7.849311828613281,
            -0.3369963467121124,
            -0.6240242719650269,
            17.083797454833984,
            1.245421290397644,
            0.08483558893203735,
            21.701038360595703,
            0.07326007634401321,
            -0.07692768424749374,
            5.5966572761535645,
            0.08058608323335648,
            -0.1098966896533966,
            6.296239376068115,
            0.14236874878406525,
            -0.0017279012827202678,
            5.0789666175842285,
            0.05811965838074684,
            -0.3049452006816864,
            7.849311828613281,
            0.6105006337165833,
            0.5356793403625488,
            20.777589797973633,
            -0.4542124569416046,
            9.425626754760742,
            145.44313049316406,
            1.5384615659713745,
            0.6264111399650574,
            4.897075176239014,
            -0.34383395314216614,
            0.02197933755815029,
            4.897075176239014,
            0.05909645929932594,
            0.0,
            0.0,
            0.0,
            1.0,
            0.0,
            0.0,
            0.0
        ],
        "mean": [
            -0.15750056505203247,
            -0.20777592062950134,
            0.13976070284843445,
            0.2459423691034317,
            -0.16622072458267212,
            -0.5174603462219238,
            -0.6780937910079956,
            0.027703600004315376,
            1.077216625213623,
            0.08351698517799377,
            0.7618448734283447,
            -0.040879182517528534,
            -0.08648871630430222,
            0.15740598738193512,
            0.05555067956447601,
            -0.1231941431760788,
            0.6051386594772339,
            0.11545294523239136,
            -0.008431617170572281,
            -0.4201688766479492,
            -0.03969232738018036,
            -0.32725393772125244,
            -0.983473002910614,
            0.45499393343925476,
            0.27841103076934814,
            0.29550349712371826,
            -0.5797792077064514,
            0.9628122448921204,
            -7.498401641845703,
            -0.4515751004219055,
            0.6062451004981995,
            -0.07695406675338745,
            -0.384194016456604,
            0.0010440185433253646,
            0.46872013807296753,
            0.03058243729174137,
            0.0,
            0.0,
            0.0,
            1.0,
            0.0,
            0.0,
            0.0
        ],