{
    "action": {
        "min": [
            0.0,
            0.0,
            -5.0,
            0.0,
            0.0,
            0.0,
            0.0,
            0.0,
            0.0,
            0.0,
            0.0,
            0.0
        ],
        "max": [
            0.0,
            0.0,
            5.0,
            0.0,
            0.0,
            0.0,
            0.0,
            0.0,
            0.0,
            0.0,
            0.0,
            0.0
        ],
        "mean": [
            0.0,
            0.0,
            -0.02500000037252903,
            0.0,
            0.0,
            0.0,
            0.0,
            0.0,
            0.0,
            0.0,
            0.0,
            0.0
        ],
        "std": [
            0.0,
            0.0,
            4.077300071716309,
            0.0,
            0.0,
            0.0,
            0.0,
            0.0,
            0.0,
            0.0,
            0.0,
            0.0
        ],
        "count": [
            200
        ],
        "q01": [
            3.9995784462121265e-16,
            3.9995784462121265e-16,
            -5.0,
            3.9995784462121265e-16,
            3.9995784462121265e-16,
            3.9995784462121265e-16,
            3.9995784462121265e-16,
            3.9995784462121265e-16,
            3.9995784462121265e-16,
            3.9995784462121265e-16,
            3.9995784462121265e-16,
            3.9995784462121265e-16
        ],
        "q10": [
            3.999578446212126e-15,
            3.999578446212126e-15,
            -5.0,
            3.999578446212126e-15,
            3.999578446212126e-15,
            3.999578446212126e-15,
            3.999578446212126e-15,
            3.999578446212126e-15,
            3.999578446212126e-15,
            3.999578446212126e-15,
            3.999578446212126e-15,
            3.999578446212126e-15
        ],
        "q50": [
            1.9997892231060632e-14,
            1.9997892231060632e-14,
            0.0009852380894902926,
            1.9997892231060632e-14,
            1.9997892231060632e-14,
            1.9997892231060632e-14,
            1.9997892231060632e-14,
            1.9997892231060632e-14,
            1.9997892231060632e-14,
            1.9997892231060632e-14,
            1.9997892231060632e-14,
            1.9997892231060632e-14
        ],
        "q90": [
            3.599620601590914e-14,
            3.599620601590914e-14,
            4.999393983320757,
            3.599620601590914e-14,
            3.599620601590914e-14,
            3.599620601590914e-14,
            3.599620601590914e-14,
            3.599620601590914e-14,
            3.599620601590914e-14,
            3.599620601590914e-14,
            3.599620601590914e-14,
            3.599620601590914e-14
        ],
        "q99": [
            3.959582661750005e-14,
            3.959582661750005e-14,
            4.999939398332075,
            3.959582661750005e-14,
            3.959582661750005e-14,
            3.959582661750005e-14,
            3.959582661750005e-14,
            3.959582661750005e-14,
            3.959582661750005e-14,
            3.959582661750005e-14,
            3.959582661750005e-14,
            3.959582661750005e-14
        ]
    },
    "observation.state": {
        "min": [
            -0.41630712151527405,
            -11.543106079101562,
            -0.3042735159397125,
            0.10670354217290878,
            -10.619657516479492,
            -0.9816849827766418,
            -6.4705281257629395,
            -78.0313949584961,
            -4.058608055114746,
            -0.13495779037475586,
            -19.854141235351562,
            -0.4542124569416046,
            -0.09890701621770859,
            -4.197493076324463,
            0.016117217019200325,
            -0.1098966896533966,
            -4.197493076324463,
            0.056410256773233414,
            -0.1116245910525322,
            -6.002415180206299,
            -0.31111112236976624,
            -0.37088319659233093,
            -8.772760391235352,
            0.2490842491388321,
            -0.05776279419660568,
            -26.318281173706055,
            -1.5384615659713745,
            0.4580567181110382,
            -16.160348892211914,
            -1.0989011526107788,
            0.6374008059501648,
            -6.296239376068115,
            -0.4620268642902374,
            0.0,
            -5.5966572761535645,
            -0.008058608509600163,
            0.0,
            0.0,
            0.0,
            1.0,
            0.0,
            0.0,
            0.0
        ],
        "max": [
            0.0892176404595375,
            16.160348892211914,
            0.6871795058250427,
            0.41441425681114197,
            11.543106079101562,
            0.18070818483829498,
            5.859880447387695,
            185.1514129638672,
            7.282051086425781,
            0.2826496362686157,
            24.471384048461914,
            0.42490842938423157,
            -0.0549483448266983,
            4.197493076324463,
            0.09670329838991165,
            -0.07692768424749374,
            5.5966572761535645,
            0.15311355888843536,
            0.10816878825426102,
            6.925863265991211,
            0.23589743673801422,
            -0.3049452006816864,
            9.696208953857422,
            0.6398046612739563,
            0.645576000213623,
            29.088626861572266,
            -0.07326007634401321,
            0.5679534077644348,
            22.624486923217773,
            -0.7472527623176575,
            0.7033388018608093,
            5.5966572761535645,
            -0.38949939608573914,
            0.03296900540590286,
            5.5966572761535645,
            0.0644688680768013,
            0.0,
            0.0,
            0.0,
            1.0,
            0.0,
            0.0,
            0.0
        ],
        "mean": [
            -0.17200687527656555,
            -0.40169990062713623,
            0.15661537647247314,
            0.2623169720172882,
            -0.724906861782074,
            -0.556043803691864,
            -1.0482263565063477,
            2.5394837856292725,
            1.421684980392456,
            0.07956073433160782,
            0.6602655649185181,
            -0.031062303110957146,
            -0.07346604019403458,
            -0.05946454033255577,
            0.04765325039625168,
            -0.09148908406496048,
            0.7450548410415649,
            0.09431256353855133,
            0.014317041262984276,
            -0.3462931513786316,
            -0.07558976858854294,
            -0.3259355127811432,
            -0.4571070969104767,
            0.4512331485748291,
            0.2702786326408386,
            -0.004617305006831884,
            -0.5611721277236938,
            0.5025641918182373,
            -0.29550349712371826,
            -0.943443238735199,
            0.6704798340797424,
            -0.23086214065551758,
            -0.42458125948905945,
            0.013297497294843197,
            0.6646031737327576,
            0.025653259828686714,
            0.0,
            0.0,
            0.0,
            1.0,
            0.0,
            0.0,
            0.0
        ],