{
    "action": {
        "min": [
            0.0,
            -10.0,
            0.0,
            0.0,
            0.0,
            0.0,
            0.0,
            0.0,
            0.0,
            0.0,
            0.0,
            0.0
        ],
        "max": [
            0.0,
            10.0,
            0.0,
            0.0,
            0.0,
            0.0,
            0.0,
            0.0,
            0.0,
            0.0,
            0.0,
            0.0
        ],
        "mean": [
            0.0,
            -2.1755695911451767e-08,
            0.0,
            0.0,
            0.0,
            0.0,
            0.0,
            0.0,
            0.0,
            0.0,
            0.0,
            0.0
        ],
        "std": [
            0.0,
            7.071067810058594,
            0.0,
            0.0,
            0.0,
            0.0,
            0.0,
            0.0,
            0.0,
            0.0,
            0.0,
            0.0
        ],
        "count": [
            200
        ],
        "q01": [
            3.9995784462121265e-16,
            -10.0,
            3.9995784462121265e-16,
            3.9995784462121265e-16,
            3.9995784462121265e-16,
            3.9995784462121265e-16,
            3.9995784462121265e-16,
            3.9995784462121265e-16,
            3.9995784462121265e-16,
            3.9995784462121265e-16,
            3.9995784462121265e-16,
            3.9995784462121265e-16
        ],
        "q10": [
            3.999578446212126e-15,
            -9.510000228881836,
            3.999578446212126e-15,
            3.999578446212126e-15,
            3.999578446212126e-15,
            3.999578446212126e-15,
            3.999578446212126e-15,
            3.999578446212126e-15,
            3.999578446212126e-15,
            3.999578446212126e-15,
            3.999578446212126e-15,
            3.999578446212126e-15
        ],
        "q50": [
            1.9997892231060632e-14,
            0.0013335545857747395,
            1.9997892231060632e-14,
            1.9997892231060632e-14,
            1.9997892231060632e-14,
            1.9997892231060632e-14,
            1.9997892231060632e-14,
            1.9997892231060632e-14,
            1.9997892231060632e-14,
            1.9997892231060632e-14,
            1.9997892231060632e-14,
            1.9997892231060632e-14
        ],
        "q90": [
            3.599620601590914e-14,
            9.510001182556152,
            3.599620601590914e-14,
            3.599620601590914e-14,
            3.599620601590914e-14,
            3.599620601590914e-14,
            3.599620601590914e-14,
            3.599620601590914e-14,
            3.599620601590914e-14,
            3.599620601590914e-14,
            3.599620601590914e-14,
            3.599620601590914e-14
        ],
        "q99": [
            3.959582661750005e-14,
            9.984001159667969,
            3.959582661750005e-14,
            3.959582661750005e-14,
            3.959582661750005e-14,
            3.959582661750005e-14,
            3.959582661750005e-14,
            3.959582661750005e-14,
            3.959582661750005e-14,
            3.959582661750005e-14,
            3.959582661750005e-14,
            3.959582661750005e-14
        ]
    },
    "observation.state": {
        "min": [
            -0.21849308907985687,
            -6.925863265991211,
            0.023931624367833138,
            -9.388370513916016,
            -50.32794189453125,
            -0.7863247990608215,
            -0.6899623274803162,
            -17.083797454833984,
            0.8351648449897766,
            0.06285625696182251,
            -19.854141235351562,
            -0.10256410390138626,
            -0.06593801081180573,
            -4.897075176239014,
            0.005372405517846346,
            -0.12088635563850403,
            -2.7983286380767822,
            0.083272285759449,
            -0.0017279012827202678,
            -6.002415180206299,
            -0.17435897886753082,
            -0.3489038646221161,
            -9.696208953857422,
            0.3076923191547394,
            0.2499479353427887,
            -17.083797454833984,
            -0.6300366520881653,
            0.48003605008125305,
            -18.007244110107422,
            -1.0695971250534058,
            0.5824524760246277,
            -4.197493076324463,
            -0.4029304087162018,
            -0.0549483448266983,
            -5.5966572761535645,
            0.03223443403840065,
            0.0,
            0.0,
            0.0,
            1.0,
            0.0,
            0.0,
            0.0
        ],
        "max": [
            -0.15255507826805115,
            6.925863265991211,
            0.27008548378944397,
            9.557818412780762,
            47.557594299316406,
            0.4932844936847687,
            -0.6460036039352417,
            14.313450813293457,
            1.216117262840271,
            0.08483558893203735,
            18.007244110107422,
            0.10256410390138626,
            -0.03296900540590286,
            4.897075176239014,
            0.083272285759449,
            -0.09890701621770859,
            5.5966572761535645,
            0.1557997614145279,
            0.020251436159014702,
            5.0789666175842285,
            0.017094017937779427,
            -0.3049452006816864,
            7.849311828613281,
            0.6007326245307922,
            0.27192726731300354,
            18.007244110107422,
            -0.4542124569416046,
            0.5239947438240051,
            16.160348892211914,
            -0.8351648449897766,
            0.6044318079948425,
            6.296239376068115,
            -0.3411477506160736,
            -0.03296900540590286,
            6.296239376068115,
            0.083272285759449,
            0.0,
            0.0,
            0.0,
            1.0,
            0.0,
            0.0,
            0.0
        ],
        "mean": [
            -0.18266677856445312,
            -0.6048585772514343,
            0.16594873368740082,
            0.17451004683971405,
            -2.387115716934204,
            -0.16957268118858337,
            -0.6711705923080444,
            -0.5263656377792358,
            1.0761908292770386,
            0.06373555213212967,
            0.16160351037979126,
            -0.008058608509600163,
            -0.05324503779411316,
            0.11193319410085678,
            0.03228818252682686,
            -0.11006175726652145,
            0.9654233455657959,
            0.10666908323764801,
            0.01937229000031948,
            -0.41555163264274597,
            -0.08006838709115982,
            -0.32714396715164185,
            -0.5078965425491333,
            0.4541148245334625,
            0.2673112750053406,
            -0.6325621604919434,
            -0.5519407391548157,
            0.5016849637031555,
            -0.5725378394126892,
            -0.9432969093322754,
            0.5971237421035767,
            0.31830987334251404,
            -0.37503430247306824,
            -0.03906826674938202,
            0.6750970482826233,
            0.058492083102464676,
            0.0,
            0.0,
            0.0,
            1.0,
            0.0,
            0.0,
            0.0
        ],