{
    "action": {
        "min": [
            0.0,
            0.0,
            0.0,
            -9.999210357666016,
            0.0,
            0.0,
            0.0,
            0.0,
            0.0,
            0.0,
            0.0,
            0.0
        ],
        "max": [
            0.0,
            0.0,
            0.0,
            9.999210357666016,
            0.0,
            0.0,
            0.0,
            0.0,
            0.0,
            0.0,
            0.0,
            0.0
        ],
        "mean": [
            0.0,
            0.0,
            0.0,
            0.31960082054138184,
            0.0,
            0.0,
            0.0,
            0.0,
            0.0,
            0.0,
            0.0,
            0.0
        ],
        "std": [
            0.0,
            0.0,
            0.0,
            6.9959516525268555,
            0.0,
            0.0,
            0.0,
            0.0,
            0.0,
            0.0,
            0.0,
            0.0
        ],
        "count": [
            200
        ],
        "q01": [
            3.9995784462121265e-16,
            3.9995784462121265e-16,
            3.9995784462121265e-16,
            -9.999210357666016,
            3.9995784462121265e-16,
            3.9995784462121265e-16,
            3.9995784462121265e-16,
            3.9995784462121265e-16,
            3.9995784462121265e-16,
            3.9995784462121265e-16,
            3.9995784462121265e-16,
            3.9995784462121265e-16
        ],
        "q10": [
            3.999578446212126e-15,
            3.999578446212126e-15,
            3.999578446212126e-15,
            -9.507248878479004,
            3.999578446212126e-15,
            3.999578446212126e-15,
            3.999578446212126e-15,
            3.999578446212126e-15,
            3.999578446212126e-15,
            3.999578446212126e-15,
            3.999578446212126e-15,
            3.999578446212126e-15
        ],
        "q50": [
            1.9997892231060632e-14,
            1.9997892231060632e-14,
            1.9997892231060632e-14,
            0.7559394836425781,
            1.9997892231060632e-14,
            1.9997892231060632e-14,
            1.9997892231060632e-14,
            1.9997892231060632e-14,
            1.9997892231060632e-14,
            1.9997892231060632e-14,
            1.9997892231060632e-14,
            1.9997892231060632e-14
        ],
        "q90": [
            3.599620601590914e-14,
            3.599620601590914e-14,
            3.599620601590914e-14,
            9.429255485534668,
            3.599620601590914e-14,
            3.599620601590914e-14,
            3.599620601590914e-14,
            3.599620601590914e-14,
            3.599620601590914e-14,
            3.599620601590914e-14,
            3.599620601590914e-14,
            3.599620601590914e-14
        ],
        "q99": [
            3.959582661750005e-14,
            3.959582661750005e-14,
            3.959582661750005e-14,
            9.993210792541504,
            3.959582661750005e-14,
            3.959582661750005e-14,
            3.959582661750005e-14,
            3.959582661750005e-14,
            3.959582661750005e-14,
            3.959582661750005e-14,
            3.959582661750005e-14,
            3.959582661750005e-14
        ]
    },
    "observation.state": {
        "min": [
            -0.19651375710964203,
            -7.849311828613281,
            0.023931624367833138,
            0.23857957124710083,
            -8.772760391235352,
            -0.6984127163887024,
            -0.8218383193016052,
            -18.930692672729492,
            0.8058608174324036,
            -8.794816970825195,
            -178.68727111816406,
            -2.5054945945739746,
            -0.0549483448266983,
            -4.897075176239014,
            0.010744811035692692,
            -0.09890701621770859,
            -4.197493076324463,
            0.056410256773233414,
            -0.06766591221094131,
            -6.925863265991211,
            -0.14700855314731598,
            -0.32692453265190125,
            -7.849311828613281,
            0.2490842491388321,
            0.18400992453098297,
            -18.930692672729492,
            -0.7472527623176575,
            0.48003605008125305,
            -18.930692672729492,
            -1.0695971250534058,
            0.6374008059501648,
            -4.197493076324463,
            -0.4512820541858673,
            -0.02197933755815029,
            -5.5966572761535645,
            -0.005372405517846346,
            0.0,
            0.0,
            0.0,
            1.0,
            0.0,
            0.0,
            0.0
        ],
        "max": [
            -0.10859639942646027,
            6.925863265991211,
            0.27008548378944397,
            0.30451759696006775,
            7.849311828613281,
            -0.35653236508369446,
            -0.5580862760543823,
            19.854141235351562,
            1.3333333730697632,
            9.77772331237793,
            174.9934844970703,
            1.3040293455123901,
            -0.04395867511630058,
            4.897075176239014,
            0.083272285759449,
            -0.08791735023260117,
            5.5966572761535645,
            0.13968254625797272,
            0.04223077371716499,
            6.002415180206299,
            0.07179487496614456,
            -0.3049452006816864,
            8.772760391235352,
            0.6105006337165833,
            0.403803288936615,
            20.777589797973633,
            -0.4542124569416046,
            0.5020154118537903,
            18.007244110107422,
            -0.8351648449897766,
            0.6593801379203796,
            4.197493076324463,
            -0.37069597840309143,
            0.0,
            5.5966572761535645,
            0.083272285759449,
            0.0,
            0.0,
            0.0,
            1.0,
            0.0,
            0.0,
            0.0
        ],
        "mean": [
            -0.15530255436897278,
            -0.05540689080953598,
            0.13757263123989105,
            0.2605590522289276,
            -0.4524897336959839,
            -0.5377779006958008,
            -0.6653456091880798,
            -0.8449552655220032,
            1.058315396308899,
            0.4824415445327759,
            3.6522376537323,
            -0.5944323539733887,
            -0.052475739270448685,
            -0.09794152528047562,
            0.034383416175842285,
            -0.09039006382226944,
            0.6156325340270996,
            0.09374846518039703,
            0.016405068337917328,
            -0.4063173234462738,
            -0.07678632438182831,
            -0.30978119373321533,
            -0.49404507875442505,
            0.43291836977005005,
            0.27159732580184937,
            -0.39708274602890015,
            -0.5708416104316711,
            0.5011355876922607,
            0.10619660466909409,
            -0.9399263262748718,
            0.6528961658477783,
            -1.0728836485895954e-08,
            -0.41081440448760986,
            -0.014726153574883938,
            0.5876488089561462,
            0.041730187833309174,
            0.0,
            0.0,
            0.0,
            1.0,
            0.0,
            0.0,
            0.0
        ],