{
    "action": {
        "min": [
            0.0,
            0.0,
            0.0,
            0.0,
            -9.999210357666016,
            0.0,
            0.0,
            0.0,
            0.0,
            0.0,
            0.0,
            0.0
        ],
        "max": [
            0.0,
            0.0,
            0.0,
            0.0,
            9.999210357666016,
            0.0,
            0.0,
            0.0,
            0.0,
            0.0,
            0.0,
            0.0
        ],
        "mean": [
            0.0,
            0.0,
            0.0,
            0.0,
            0.5275000929832458,
            0.0,
            0.0,
            0.0,
            0.0,
            0.0,
            0.0,
            0.0
        ],
        "std": [
            0.0,
            0.0,
            0.0,
            0.0,
            6.997615814208984,
            0.0,
            0.0,
            0.0,
            0.0,
            0.0,
            0.0,
            0.0
        ],
        "count": [
            200
        ],
        "q01": [
            3.9995784462121265e-16,
            3.9995784462121265e-16,
            3.9995784462121265e-16,
            3.9995784462121265e-16,
            -9.993210792541504,
            3.9995784462121265e-16,
            3.9995784462121265e-16,
            3.9995784462121265e-16,
            3.9995784462121265e-16,
            3.9995784462121265e-16,
            3.9995784462121265e-16,
            3.9995784462121265e-16
        ],
        "q10": [
            3.999578446212126e-15,
            3.999578446212126e-15,
            3.999578446212126e-15,
            3.999578446212126e-15,
            -9.427255630493164,
            3.999578446212126e-15,
            3.999578446212126e-15,
            3.999578446212126e-15,
            3.999578446212126e-15,
            3.999578446212126e-15,
            3.999578446212126e-15,
            3.999578446212126e-15
        ],
        "q50": [
            1.9997892231060632e-14,
            1.9997892231060632e-14,
            1.9997892231060632e-14,
            1.9997892231060632e-14,
            1.0019207000732422,
            1.9997892231060632e-14,
            1.9997892231060632e-14,
            1.9997892231060632e-14,
            1.9997892231060632e-14,
            1.9997892231060632e-14,
            1.9997892231060632e-14,
            1.9997892231060632e-14
        ],
        "q90": [
            3.599620601590914e-14,
            3.599620601590914e-14,
            3.599620601590914e-14,
            3.599620601590914e-14,
            9.58524227142334,
            3.599620601590914e-14,
            3.599620601590914e-14,
            3.599620601590914e-14,
            3.599620601590914e-14,
            3.599620601590914e-14,
            3.599620601590914e-14,
            3.599620601590914e-14
        ],
        "q99": [
            3.959582661750005e-14,
            3.959582661750005e-14,
            3.959582661750005e-14,
            3.959582661750005e-14,
            9.995210647583008,
            3.959582661750005e-14,
            3.959582661750005e-14,
            3.959582661750005e-14,
            3.959582661750005e-14,
            3.959582661750005e-14,
            3.959582661750005e-14,
            3.959582661750005e-14
        ]
    },
    "observation.state": {
        "min": [
            -0.21849308907985687,
            -6.002415180206299,
            0.03760683909058571,
            0.23857957124710083,
            -10.619657516479492,
            -0.7081807255744934,
            -0.7339209914207458,
            -19.854141235351562,
            0.8644688725471497,
            0.08483558893203735,
            -17.083797454833984,
            -0.190476194024086,
            -9.319239616394043,
            -184.689697265625,
            -0.4512820541858673,
            -0.7253181338310242,
            -24.485376358032227,
            -0.3062271177768707,
            -0.0017279012827202678,
            -6.925863265991211,
            -0.1675213724374771,
            -0.32692453265190125,
            -9.696208953857422,
            0.2588522732257843,
            0.2499479353427887,
            -17.083797454833984,
            -0.6300366520881653,
            0.48003605008125305,
            -16.160348892211914,
            -1.0402930974960327,
            0.6813594698905945,
            -4.897075176239014,
            -0.48083028197288513,
            0.04395867511630058,
            -5.5966572761535645,
            -0.04029304161667824,
            0.0,
            0.0,
            0.0,
            1.0,
            0.0,
            0.0,
            0.0
        ],
        "max": [
            -0.10859639942646027,
            7.849311828613281,
            0.2222222238779068,
            0.2605589032173157,
            8.772760391235352,
            -0.3174603283405304,
            -0.602044939994812,
            15.236899375915527,
            1.216117262840271,
            0.1068149283528328,
            16.160348892211914,
            0.07326007634401321,
            9.132414817810059,
            185.38926696777344,
            0.5936508178710938,
            0.49453508853912354,
            26.584121704101562,
            0.31697192788124084,
            0.04223077371716499,
            6.002415180206299,
            0.010256410576403141,
            -0.3049452006816864,
            7.849311828613281,
            0.5909646153450012,
            0.2939065992832184,
            16.160348892211914,
            -0.4542124569416046,
            0.5020154118537903,
            19.854141235351562,
            -0.8058608174324036,
            0.7033388018608093,
            4.897075176239014,
            -0.40024420619010925,
            0.06593801081180573,
            5.5966572761535645,
            0.03223443403840065,
            0.0,
            0.0,
            0.0,
            1.0,
            0.0,
            0.0,
            0.0
        ],
        "mean": [
            -0.16068750619888306,
            -0.3324414789676666,
            0.14068377017974854,
            0.25374525785446167,
            -0.37399643659591675,
            -0.5283026695251465,
            -0.6665548086166382,
            -1.0250275135040283,
            1.0542125701904297,
            0.0857149139046669,
            0.3001208007335663,
            -0.04967040196061134,
            0.31265613436698914,
            2.8612914085388184,
            0.09537365287542343,
            -0.007692778017371893,
            0.3917657732963562,
            0.036277178674936295,
            0.020031671971082687,
            -0.4709586203098297,
            -0.08523078262805939,
            -0.3123086988925934,
            0.06002408638596535,
            0.4296460747718811,
            0.27060818672180176,
            -0.9603868126869202,
            -0.5601456165313721,
            0.4878383278846741,
            -0.15698625147342682,
            -0.9219049215316772,
            0.6976801156997681,
            0.11543102562427521,
            -0.44013434648513794,
            0.059179410338401794,
            0.7660424113273621,
            -0.002283272333443165,
            0.0,
            0.0,
            0.0,
            1.0,
            0.0,
            0.0,
            0.0
        ],