{
    "action": {
        "min": [
            0.0,
            0.0,
            0.0,
            0.0,
            0.0,
            0.0,
            0.0,
            0.0,
            0.0,
            0.0,
            0.0,
            -9.996841430664062
        ],
        "max": [
            0.0,
            0.0,
            0.0,
            0.0,
            0.0,
            0.0,
            0.0,
            0.0,
            0.0,
            0.0,
            0.0,
            10.0
        ],
        "mean": [
            0.0,
            0.0,
            0.0,
            0.0,
            0.0,
            0.0,
            0.0,
            0.0,
            0.0,
            0.0,
            0.0,
            0.8136031627655029
        ],
        "std": [
            0.0,
            0.0,
            0.0,
            0.0,
            0.0,
            0.0,
            0.0,
            0.0,
            0.0,
            0.0,
            0.0,
            6.9429826736450195
        ],
        "count": [
            200
        ],
        "q01": [
            3.9995784462121265e-16,
            3.9995784462121265e-16,
            3.9995784462121265e-16,
            3.9995784462121265e-16,
            3.9995784462121265e-16,
            3.9995784462121265e-16,
            3.9995784462121265e-16,
            3.9995784462121265e-16,
            3.9995784462121265e-16,
            3.9995784462121265e-16,
            3.9995784462121265e-16,
            -9.996841430664062
        ],
        "q10": [
            3.999578446212126e-15,
            3.999578446212126e-15,
            3.999578446212126e-15,
            3.999578446212126e-15,
            3.999578446212126e-15,
            3.999578446212126e-15,
            3.999578446212126e-15,
            3.999578446212126e-15,
            3.999578446212126e-15,
            3.999578446212126e-15,
            3.999578446212126e-15,
            -9.34094524383545
        ],
        "q50": [
            1.9997892231060632e-14,
            1.9997892231060632e-14,
            1.9997892231060632e-14,
            1.9997892231060632e-14,
            1.9997892231060632e-14,
            1.9997892231060632e-14,
            1.9997892231060632e-14,
            1.9997892231060632e-14,
            1.9997892231060632e-14,
            1.9997892231060632e-14,
            1.9997892231060632e-14,
            1.5053415298461914
        ],
        "q90": [
            3.599620601590914e-14,
            3.599620601590914e-14,
            3.599620601590914e-14,
            3.599620601590914e-14,
            3.599620601590914e-14,
            3.599620601590914e-14,
            3.599620601590914e-14,
            3.599620601590914e-14,
            3.599620601590914e-14,
            3.599620601590914e-14,
            3.599620601590914e-14,
            9.588064193725586
        ],
        "q99": [
            3.959582661750005e-14,
            3.959582661750005e-14,
            3.959582661750005e-14,
            3.959582661750005e-14,
            3.959582661750005e-14,
            3.959582661750005e-14,
            3.959582661750005e-14,
            3.959582661750005e-14,
            3.959582661750005e-14,
            3.959582661750005e-14,
            3.959582661750005e-14,
            9.98800277709961
        ]
    },
    "observation.state": {
        "min": [
            -0.174534410238266,
            -6.002415180206299,
            0.07863248139619827,
            0.23857957124710083,
            -10.619657516479492,
            -0.6495726704597473,
            -0.6899623274803162,
            -17.083797454833984,
            0.8644688725471497,
            0.06285625696182251,
            -13.390002250671387,
            -0.1318681389093399,
            -0.07692768424749374,
            -5.5966572761535645,
            0.021489622071385384,
            -0.12088635563850403,
            -4.897075176239014,
            0.083272285759449,
            0.020251436159014702,
            -6.925863265991211,
            -0.1606837660074234,
            -0.32692453265190125,
            -9.696208953857422,
            0.28815630078315735,
            0.2499479353427887,
            -14.313450813293457,
            -0.6593406796455383,
            0.48003605008125305,
            -18.007244110107422,
            -1.0402930974960327,
            -0.0549483448266983,
            -21.687047958374023,
            -0.3841269910335541,
            -7.011408805847168,
            -120.32813262939453,
            -1.3995115756988525,
            0.0,
            0.0,
            0.0,
            1.0,
            0.0,
            0.0,
            0.0
        ],
        "max": [
            -0.15255507826805115,
            6.925863265991211,
            0.23589743673801422,
            0.2605589032173157,
            9.696208953857422,
            -0.29792430996894836,
            -0.6679829359054565,
            16.160348892211914,
            1.157509207725525,
            0.08483558893203735,
            20.777589797973633,
            0.10256410390138626,
            -0.0549483448266983,
            3.497910737991333,
            0.06178266182541847,
            -0.09890701621770859,
            6.995821475982666,
            0.13162393867969513,
            0.04223077371716499,
            4.155518054962158,
            0.017094017937779427,
            -0.3049452006816864,
            8.772760391235352,
            0.6593406796455383,
            0.27192726731300354,
            15.236899375915527,
            -0.48351648449897766,
            0.5020154118537903,
            21.701038360595703,
            -0.8058608174324036,
            0.747297465801239,
            28.68286895751953,
            0.19609279930591583,
            8.473034858703613,
            132.2210235595703,
            0.7763125896453857,
            0.0,
            0.0,
            0.0,
            1.0,
            0.0,
            0.0,
            0.0
        ],
        "mean": [
            -0.17101755738258362,
            -0.7110554575920105,
            0.15169230103492737,
            0.25440463423728943,
            -0.5356003046035767,
            -0.5197069048881531,
            -0.6682034134864807,
            -0.8218691349029541,
            1.0625643730163574,
            0.0638454481959343,
            0.6695003509521484,
            -0.01230769231915474,
            -0.06302580237388611,
            -0.12592476606369019,
            0.04119294509291649,
            -0.10467681288719177,
            0.8604860901832581,
            0.10324420034885406,
            0.02157021313905716,
            -0.5356001257896423,
            -0.09258120507001877,
            -0.31549546122550964,
            -0.858807384967804,
            0.43384623527526855,
            0.27137747406959534,
            0.5032796263694763,
            -0.5580944418907166,
            0.49739906191825867,
            -1.2143348455429077,
            -0.93538498878479,
            0.12912870943546295,
            -0.09794147312641144,
            -0.07310500741004944,
            1.0725916624069214,
            0.9724194407463074,
            -0.07630155980587006,
            0.0,
            0.0,
            0.0,
            1.0,
            0.0,
            0.0,
            0.0
        ],