{
    "action": {
        "min": [
            0.0,
            0.0,
            0.0,
            0.0,
            0.0,
            0.0,
            -10.0,
            0.0,
            0.0,
            0.0,
            0.0,
            0.0
        ],
        "max": [
            0.0,
            0.0,
            0.0,
            0.0,
            0.0,
            0.0,
            9.999210357666016,
            0.0,
            0.0,
            0.0,
            0.0,
            0.0
        ],
        "mean": [
            0.0,
            0.0,
            0.0,
            0.0,
            0.0,
            0.0,
            0.4162852466106415,
            0.0,
            0.0,
            0.0,
            0.0,
            0.0
        ],
        "std": [
            0.0,
            0.0,
            0.0,
            0.0,
            0.0,
            0.0,
            7.1016669273376465,
            0.0,
            0.0,
            0.0,
            0.0,
            0.0
        ],
        "count": [
            200
        ],
        "q01": [
            3.9995784462121265e-16,
            3.9995784462121265e-16,
            3.9995784462121265e-16,
            3.9995784462121265e-16,
            3.9995784462121265e-16,
            3.9995784462121265e-16,
            -9.994000434875488,
            3.9995784462121265e-16,
            3.9995784462121265e-16,
            3.9995784462121265e-16,
            3.9995784462121265e-16,
            3.9995784462121265e-16
        ],
        "q10": [
            3.999578446212126e-15,
            3.999578446212126e-15,
            3.999578446212126e-15,
            3.999578446212126e-15,
            3.999578446212126e-15,
            3.999578446212126e-15,
            -9.550017833709717,
            3.999578446212126e-15,
            3.999578446212126e-15,
            3.999578446212126e-15,
            3.999578446212126e-15,
            3.999578446212126e-15
        ],
        "q50": [
            1.9997892231060632e-14,
            1.9997892231060632e-14,
            1.9997892231060632e-14,
            1.9997892231060632e-14,
            1.9997892231060632e-14,
            1.9997892231060632e-14,
            1.0055646896362305,
            1.9997892231060632e-14,
            1.9997892231060632e-14,
            1.9997892231060632e-14,
            1.9997892231060632e-14,
            1.9997892231060632e-14
        ],
        "q90": [
            3.599620601590914e-14,
            3.599620601590914e-14,
            3.599620601590914e-14,
            3.599620601590914e-14,
            3.599620601590914e-14,
            3.599620601590914e-14,
            9.585225105285645,
            3.599620601590914e-14,
            3.599620601590914e-14,
            3.599620601590914e-14,
            3.599620601590914e-14,
            3.599620601590914e-14
        ],
        "q99": [
            3.959582661750005e-14,
            3.959582661750005e-14,
            3.959582661750005e-14,
            3.959582661750005e-14,
            3.959582661750005e-14,
            3.959582661750005e-14,
            9.996542612711588,
            3.959582661750005e-14,
            3.959582661750005e-14,
            3.959582661750005e-14,
            3.959582661750005e-14,
            3.959582661750005e-14
        ]
    },
    "observation.state": {
        "min": [
            -0.174534410238266,
            -6.002415180206299,
            0.07179487496614456,
            0.23857957124710083,
            -8.772760391235352,
            -0.6886447072029114,
            -0.6899623274803162,
            -20.777589797973633,
            0.8644688725471497,
            0.06285625696182251,
            -15.236899375915527,
            -0.1318681389093399,
            -0.09890701621770859,
            -5.5966572761535645,
            0.03223443403840065,
            -0.14286570250988007,
            -4.197493076324463,
            0.09133089333772659,
            -9.364925384521484,
            -90.95967102050781,
            -0.37264958024024963,
            -0.37088319659233093,
            -12.466554641723633,
            0.21001221239566803,
            0.18400992453098297,
            -16.160348892211914,
            -0.6886447072029114,
            0.48003605008125305,
            -17.083797454833984,
            -1.0109890699386597,
            0.5824524760246277,
            -5.5966572761535645,
            -0.4056166112422943,
            -0.03296900540590286,
            -4.197493076324463,
            -0.008058608509600163,
            0.0,
            0.0,
            0.0,
            1.0,
            0.0,
            0.0,
            0.0
        ],
        "max": [
            -0.1305757462978363,
            6.925863265991211,
            0.20170940458774567,
            0.2605589032173157,
            7.849311828613281,
            -0.3369963467121124,
            -0.6679829359054565,
            19.854141235351562,
            1.274725317955017,
            0.08483558893203735,
            14.313450813293457,
            0.10256410390138626,
            -0.07692768424749374,
            4.197493076324463,
            0.09938950091600418,
            -0.12088635563850403,
            5.5966572761535645,
            0.1557997614145279,
            9.141676902770996,
            86.3424301147461,
            0.7213675379753113,
            -0.28296586871147156,
            7.849311828613281,
            0.6593406796455383,
            0.33786529302597046,
            13.390002250671387,
            -0.3956044018268585,
            0.5020154118537903,
            17.083797454833984,
            -0.8351648449897766,
            0.6044318079948425,
            4.897075176239014,
            -0.333089143037796,
            -0.010989668779075146,
            6.995821475982666,
            0.083272285759449,
            0.0,
            0.0,
            0.0,
            1.0,
            0.0,
            0.0,
            0.0
        ],
        "mean": [
            -0.15200583636760712,
            -0.6879693865776062,
            0.13360686600208282,
            0.24088698625564575,
            -0.2770344018936157,
            -0.5075945258140564,
            -0.6708407402038574,
            -0.7710794806480408,
            1.0795608758926392,
            0.08263781666755676,
            0.4247862994670868,
            -0.029450589790940285,
            -0.0911044031381607,
            -0.17839349806308746,
            0.05822344869375229,
            -0.12758998572826385,
            0.7870298624038696,
            0.1180451363325119,
            0.6580917835235596,
            -4.386378288269043,
            0.08735040575265884,
            -0.3161548674106598,
            -0.535599946975708,
            0.4402927756309509,
            0.2620362937450409,
            0.17083799839019775,
            -0.5529661774635315,
            0.4906955063343048,
            0.2585654854774475,
            -0.9283518195152283,
            0.5936076045036316,
            -0.1574060469865799,
            -0.3731672763824463,
            -0.029836945235729218,
            0.9479340314865112,
            0.049855947494506836,
            0.0,
            0.0,
            0.0,
            1.0,
            0.0,
            0.0,
            0.0
        ],