{
    "action": {
        "min": [
            0.0,
            0.0,
            0.0,
            0.0,
            0.0,
            -9.999802589416504,
            0.0,
            0.0,
            0.0,
            0.0,
            0.0,
            0.0
        ],
        "max": [
            0.0,
            0.0,
            0.0,
            0.0,
            0.0,
            9.998223304748535,
            0.0,
            0.0,
            0.0,
            0.0,
            0.0,
            0.0
        ],
        "mean": [
            0.0,
            0.0,
            0.0,
            0.0,
            0.0,
            0.6395046710968018,
            0.0,
            0.0,
            0.0,
            0.0,
            0.0,
            0.0
        ],
        "std": [
            0.0,
            0.0,
            0.0,
            0.0,
            0.0,
            6.977660179138184,
            0.0,
            0.0,
            0.0,
            0.0,
            0.0,
            0.0
        ],
        "count": [
            200
        ],
        "q01": [
            3.9995784462121265e-16,
            3.9995784462121265e-16,
            3.9995784462121265e-16,
            3.9995784462121265e-16,
            3.9995784462121265e-16,
            -9.999802589416504,
            3.9995784462121265e-16,
            3.9995784462121265e-16,
            3.9995784462121265e-16,
            3.9995784462121265e-16,
            3.9995784462121265e-16,
            3.9995784462121265e-16
        ],
        "q10": [
            3.999578446212126e-15,
            3.999578446212126e-15,
            3.999578446212126e-15,
            3.999578446212126e-15,
            3.999578446212126e-15,
            -9.38386344909668,
            3.999578446212126e-15,
            3.999578446212126e-15,
            3.999578446212126e-15,
            3.999578446212126e-15,
            3.999578446212126e-15,
            3.999578446212126e-15
        ],
        "q50": [
            1.9997892231060632e-14,
            1.9997892231060632e-14,
            1.9997892231060632e-14,
            1.9997892231060632e-14,
            1.9997892231060632e-14,
            1.0671052932739258,
            1.9997892231060632e-14,
            1.9997892231060632e-14,
            1.9997892231060632e-14,
            1.9997892231060632e-14,
            1.9997892231060632e-14,
            1.9997892231060632e-14
        ],
        "q90": [
            3.599620601590914e-14,
            3.599620601590914e-14,
            3.599620601590914e-14,
            3.599620601590914e-14,
            3.599620601590914e-14,
            9.53027057647705,
            3.599620601590914e-14,
            3.599620601590914e-14,
            3.599620601590914e-14,
            3.599620601590914e-14,
            3.599620601590914e-14,
            3.599620601590914e-14
        ],
        "q99": [
            3.959582661750005e-14,
            3.959582661750005e-14,
            3.959582661750005e-14,
            3.959582661750005e-14,
            3.959582661750005e-14,
            9.995556831359863,
            3.959582661750005e-14,
            3.959582661750005e-14,
            3.959582661750005e-14,
            3.959582661750005e-14,
            3.959582661750005e-14,
            3.959582661750005e-14
        ]
    },
    "observation.state": {
        "min": [
            -0.174534410238266,
            -7.849311828613281,
            0.03760683909058571,
            0.23857957124710083,
            -8.772760391235352,
            -0.6886447072029114,
            -0.6679829359054565,
            -18.930692672729492,
            0.8644688725471497,
            0.08483558893203735,
            -17.083797454833984,
            -0.16117216646671295,
            -0.5714628100395203,
            -13.292060852050781,
            -0.2471306473016739,
            -6.363018035888672,
            -143.41433715820312,
            -1.6788766384124756,
            0.020251436159014702,
            -4.155518054962158,
            -0.18803419172763824,
            -0.32692453265190125,
            -7.849311828613281,
            0.21001221239566803,
            0.2499479353427887,
            -15.236899375915527,
            -0.6300366520881653,
            0.48003605008125305,
            -19.854141235351562,
            -1.0109890699386597,
            0.6593801379203796,
            -7.695404052734375,
            -0.46471306681632996,
            0.010989668779075146,
            -4.197493076324463,
            -0.018803419545292854,
            0.0,
            0.0,
            0.0,
            1.0,
            0.0,
            0.0,
            0.0
        ],
        "max": [
            -0.15255507826805115,
            6.925863265991211,
            0.2153846174478531,
            0.2605589032173157,
            8.772760391235352,
            -0.3369963467121124,
            -0.6679829359054565,
            15.236899375915527,
            1.216117262840271,
            0.1068149283528328,
            18.007244110107422,
            0.07326007634401321,
            0.13187602162361145,
            22.386629104614258,
            0.41636142134666443,
            9.011528015136719,
            169.29888916015625,
            0.5721611976623535,
            0.06421010941267014,
            6.002415180206299,
            -0.023931624367833138,
            -0.3049452006816864,
            8.772760391235352,
            0.5811966061592102,
            0.27192726731300354,
            16.160348892211914,
            -0.48351648449897766,
            0.5020154118537903,
            18.007244110107422,
            -0.7765567898750305,
            0.6923491358757019,
            4.897075176239014,
            -0.38949939608573914,
            0.03296900540590286,
            5.5966572761535645,
            0.051037851721048355,
            0.0,
            0.0,
            0.0,
            1.0,
            0.0,
            0.0,
            0.0
        ],
        "mean": [
            -0.1596984714269638,
            -0.4524898827075958,
            0.14064957201480865,
            0.24660176038742065,
            -0.12928277254104614,
            -0.5167763829231262,
            -0.6679836511611938,
            -0.7064382433891296,
            1.061538815498352,
            0.08549510687589645,
            1.0942866802215576,
            -0.04322351887822151,
            -0.2528175115585327,
            -0.4337409734725952,
            0.149876669049263,
            1.1422117948532104,
            2.6933913230895996,
            -0.2689291834831238,
            0.04179111123085022,
            -0.20777589082717896,
            -0.11398295313119888,
            -0.31384721398353577,
            -0.25856560468673706,
            0.4284249544143677,
            0.2644539475440979,
            -0.08311033993959427,
            -0.5528197288513184,
            0.4804753363132477,
            -1.579097032546997,
            -0.9126741886138916,
            0.6731177568435669,
            -0.104937344789505,
            -0.4272136986255646,
            0.024506958201527596,
            0.9024609327316284,
            0.01754092425107956,
            0.0,
            0.0,
            0.0,
            1.0,
            0.0,
            0.0,
            0.0
        ],