{
    "action": {
        "min": [
            0.0,
            0.0,
            0.0,
            0.0,
            0.0,
            0.0,
            0.0,
            -9.999802589416504,
            0.0,
            0.0,
            0.0,
            0.0
        ],
        "max": [
            0.0,
            0.0,
            0.0,
            0.0,
            0.0,
            0.0,
            0.0,
            9.998223304748535,
            0.0,
            0.0,
            0.0,
            0.0
        ],
        "mean": [
            0.0,
            0.0,
            0.0,
            0.0,
            0.0,
            0.0,
            0.0,
            0.6395046710968018,
            0.0,
            0.0,
            0.0,
            0.0
        ],
        "std": [
            0.0,
            0.0,
            0.0,
            0.0,
            0.0,
            0.0,
            0.0,
            6.977660179138184,
            0.0,
            0.0,
            0.0,
            0.0
        ],
        "count": [
            200
        ],
        "q01": [
            3.9995784462121265e-16,
            3.9995784462121265e-16,
            3.9995784462121265e-16,
            3.9995784462121265e-16,
            3.9995784462121265e-16,
            3.9995784462121265e-16,
            3.9995784462121265e-16,
            -9.999802589416504,
            3.9995784462121265e-16,
            3.9995784462121265e-16,
            3.9995784462121265e-16,
            3.9995784462121265e-16
        ],
        "q10": [
            3.999578446212126e-15,
            3.999578446212126e-15,
            3.999578446212126e-15,
            3.999578446212126e-15,
            3.999578446212126e-15,
            3.999578446212126e-15,
            3.999578446212126e-15,
            -9.38386344909668,
            3.999578446212126e-15,
            3.999578446212126e-15,
            3.999578446212126e-15,
            3.999578446212126e-15
        ],
        "q50": [
            1.9997892231060632e-14,
            1.9997892231060632e-14,
            1.9997892231060632e-14,
            1.9997892231060632e-14,
            1.9997892231060632e-14,
            1.9997892231060632e-14,
            1.9997892231060632e-14,
            1.0671052932739258,
            1.9997892231060632e-14,
            1.9997892231060632e-14,
            1.9997892231060632e-14,
            1.9997892231060632e-14
        ],
        "q90": [
            3.599620601590914e-14,
            3.599620601590914e-14,
            3.599620601590914e-14,
            3.599620601590914e-14,
            3.599620601590914e-14,
            3.599620601590914e-14,
            3.599620601590914e-14,
            9.53027057647705,
            3.599620601590914e-14,
            3.599620601590914e-14,
            3.599620601590914e-14,
            3.599620601590914e-14
        ],
        "q99": [
            3.959582661750005e-14,
            3.959582661750005e-14,
            3.959582661750005e-14,
            3.959582661750005e-14,
            3.959582661750005e-14,
            3.959582661750005e-14,
            3.959582661750005e-14,
            9.995556831359863,
            3.959582661750005e-14,
            3.959582661750005e-14,
            3.959582661750005e-14,
            3.959582661750005e-14
        ]
    },
    "observation.state": {
        "min": [
            -0.19651375710964203,
            -7.849311828613281,
            0.023931624367833138,
            0.23857957124710083,
            -8.772760391235352,
            -0.7081807255744934,
            -0.6679829359054565,
            -16.160348892211914,
            0.8351648449897766,
            0.06285625696182251,
            -14.313450813293457,
            -0.1318681389093399,
            -0.12088635563850403,
            -4.897075176239014,
            0.04029304161667824,
            -0.1648450344800949,
            -4.197493076324463,
            0.10207570344209671,
            -0.15558326244354248,
            -8.772760391235352,
            -0.37264958024024963,
            -8.437299728393555,
            -102.04105377197266,
            -0.8742368817329407,
            0.16203057765960693,
            -18.007244110107422,
            -0.8644688725471497,
            0.4580567181110382,
            -16.160348892211914,
            -1.0402930974960327,
            0.6703698039054871,
            -5.5966572761535645,
            -0.47277167439460754,
            0.03296900540590286,
            -4.197493076324463,
            -0.04029304161667824,
            0.0,
            0.0,
            0.0,
            1.0,
            0.0,
            0.0,
            0.0
        ],
        "max": [
            -0.1305757462978363,
            4.155518054962158,
            0.2290598303079605,
            0.2605589032173157,
            7.849311828613281,
            -0.29792430996894836,
            -0.6460036039352417,
            20.777589797973633,
            1.216117262840271,
            0.08483558893203735,
            15.236899375915527,
            0.04395604506134987,
            -0.09890701621770859,
            4.897075176239014,
            0.11819291859865189,
            -0.14286570250988007,
            6.296239376068115,
            0.19072039425373077,
            0.1521274596452713,
            6.925863265991211,
            0.2905983030796051,
            8.332934379577637,
            96.5003662109375,
            1.1379731893539429,
            0.44776198267936707,
            15.236899375915527,
            -0.3956044018268585,
            0.5020154118537903,
            16.160348892211914,
            -0.8058608174324036,
            0.7143284678459167,
            6.995821475982666,
            -0.4056166112422943,
            0.08791735023260117,
            6.296239376068115,
            0.051037851721048355,
            0.0,
            0.0,
            0.0,
            1.0,
            0.0,
            0.0,
            0.0
        ],
        "mean": [
            -0.16068756580352783,
            -0.42016899585723877,
            0.14222224056720734,
            0.2494591772556305,
            -0.49866217374801636,
            -0.5184371471405029,
            -0.6663350462913513,
            0.826486349105835,
            1.0649086236953735,
            0.08439615368843079,
            0.4801933169364929,
            -0.03824184089899063,
            -0.10973198711872101,
            0.052468642592430115,
            0.0705665796995163,
            -0.15500952303409576,
            0.633121907711029,
            0.13259099423885345,
            -0.00513470871374011,
            -0.18468964099884033,
            -0.05586325004696846,
            0.4767500162124634,
            1.251272201538086,
            0.10764347016811371,
            0.27994969487190247,
            -0.8172518014907837,
            -0.581244945526123,
            0.4802555739879608,
            -0.20777587592601776,
            -0.906080961227417,
            0.6933934688568115,
            0.07345611602067947,
            -0.438630074262619,
            0.0542340911924839,
            0.6051385998725891,
            -2.6862160666496493e-05,
            0.0,
            0.0,
            0.0,
            1.0,
            0.0,
            0.0,
            0.0
        ],