{
    "action": {
        "min": [
            0.0,
            0.0,
            0.0,
            0.0,
            0.0,
            0.0,
            0.0,
            0.0,
            0.0,
            0.0,
            -9.999210357666016,
            0.0
        ],
        "max": [
            0.0,
            0.0,
            0.0,
            0.0,
            0.0,
            0.0,
            0.0,
            0.0,
            0.0,
            0.0,
            9.999802589416504,
            0.0
        ],
        "mean": [
            0.0,
            0.0,
            0.0,
            0.0,
            0.0,
            0.0,
            0.0,
            0.0,
            0.0,
            0.0,
            0.3128361999988556,
            0.0
        ],
        "std": [
            0.0,
            0.0,
            0.0,
            0.0,
            0.0,
            0.0,
            0.0,
            0.0,
            0.0,
            0.0,
            7.091442584991455,
            0.0
        ],
        "count": [
            200
        ],
        "q01": [
            3.9995784462121265e-16,
            3.9995784462121265e-16,
            3.9995784462121265e-16,
            3.9995784462121265e-16,
            3.9995784462121265e-16,
            3.9995784462121265e-16,
            3.9995784462121265e-16,
            3.9995784462121265e-16,
            3.9995784462121265e-16,
            3.9995784462121265e-16,
            -9.9912109375,
            3.9995784462121265e-16
        ],
        "q10": [
            3.999578446212126e-15,
            3.999578446212126e-15,
            3.999578446212126e-15,
            3.999578446212126e-15,
            3.999578446212126e-15,
            3.999578446212126e-15,
            3.999578446212126e-15,
            3.999578446212126e-15,
            3.999578446212126e-15,
            3.999578446212126e-15,
            -9.563231468200684,
            3.999578446212126e-15
        ],
        "q50": [
            1.9997892231060632e-14,
            1.9997892231060632e-14,
            1.9997892231060632e-14,
            1.9997892231060632e-14,
            1.9997892231060632e-14,
            1.9997892231060632e-14,
            1.9997892231060632e-14,
            1.9997892231060632e-14,
            1.9997892231060632e-14,
            1.9997892231060632e-14,
            0.6922607421875,
            1.9997892231060632e-14
        ],
        "q90": [
            3.599620601590914e-14,
            3.599620601590914e-14,
            3.599620601590914e-14,
            3.599620601590914e-14,
            3.599620601590914e-14,
            3.599620601590914e-14,
            3.599620601590914e-14,
            3.599620601590914e-14,
            3.599620601590914e-14,
            3.599620601590914e-14,
            9.531824111938477,
            3.599620601590914e-14
        ],
        "q99": [
            3.959582661750005e-14,
            3.959582661750005e-14,
            3.959582661750005e-14,
            3.959582661750005e-14,
            3.959582661750005e-14,
            3.959582661750005e-14,
            3.959582661750005e-14,
            3.959582661750005e-14,
            3.959582661750005e-14,
            3.959582661750005e-14,
            9.997135480244955,
            3.959582661750005e-14
        ]
    },
    "observation.state": {
        "min": [
            -0.174534410238266,
            -6.925863265991211,
            0.08547008782625198,
            0.23857957124710083,
            -12.466554641723633,
            -0.6593406796455383,
            -0.6679829359054565,
            -20.777589797973633,
            0.8351648449897766,
            0.06285625696182251,
            -20.777589797973633,
            -0.16117216646671295,
            -0.08791735023260117,
            -6.995821475982666,
            0.026862027123570442,
            -0.1098966896533966,
            -4.197493076324463,
            0.06984127312898636,
            -0.0017279012827202678,
            -5.0789666175842285,
            -0.1606837660074234,
            -0.32692453265190125,
            -11.543106079101562,
            0.23931623995304108,
            0.22796858847141266,
            -16.160348892211914,
            -0.6300366520881653,
            0.48003605008125305,
            -18.930692672729492,
            -1.0695971250534058,
            -9.077466011047363,
            -130.82186889648438,
            -0.5372405648231506,
            -0.03296900540590286,
            -8.394986152648926,
            -0.08864469081163406,
            0.0,
            0.0,
            0.0,
            1.0,
            0.0,
            0.0,
            0.0
        ],
        "max": [
            -0.15255507826805115,
            6.925863265991211,
            0.20170940458774567,
            0.2605589032173157,
            8.772760391235352,
            -0.34676435589790344,
            -0.6460036039352417,
            17.083797454833984,
            1.186813235282898,
            0.08483558893203735,
            20.777589797973633,
            0.10256410390138626,
            -0.06593801081180573,
            5.5966572761535645,
            0.08058608323335648,
            -0.08791735023260117,
            6.296239376068115,
            0.1289377361536026,
            0.04223077371716499,
            6.002415180206299,
            -0.03076923079788685,
            -0.28296586871147156,
            6.925863265991211,
            0.6007326245307922,
            0.33786529302597046,
            17.083797454833984,
            -0.4542124569416046,
            0.5020154118537903,
            17.083797454833984,
            -0.8351648449897766,
            9.385177612304688,
            130.82186889648438,
            0.38949939608573914,
            0.13187602162361145,
            8.394986152648926,
            0.09133089333772659,
            0.0,
            0.0,
            0.0,
            1.0,
            0.0,
            0.0,
            0.0
        ],
        "mean": [
            -0.16189634799957275,
            -0.35552769899368286,
            0.142085462808609,
            0.2478107064962387,
            -0.4063173532485962,
            -0.5221489667892456,
            -0.6627085208892822,
            -0.3878483176231384,
            1.043370008468628,
            0.07835186272859573,
            -0.37861382961273193,
            -0.0342857725918293,
            -0.07874113321304321,
            -0.06296238303184509,
            0.05080953985452652,
            -0.10533616691827774,
            0.6506115794181824,
            0.10020879656076431,
            0.022449376061558723,
            -0.4986620843410492,
            -0.09569230675697327,
            -0.30747342109680176,
            -0.7664623856544495,
            0.4184127151966095,
            0.264783650636673,
            -0.5910069942474365,
            -0.5519405603408813,
            0.49256375432014465,
            -1.1727796792984009,
            -0.926886796951294,
            0.7789481282234192,
            -4.075063705444336,
            -0.12269227206707001,
            0.04077167063951492,
            0.7800340056419373,
            0.008018316701054573,
            0.0,
            0.0,
            0.0,
            1.0,
            0.0,
            0.0,
            0.0
        ],