{
    "action": {
        "min": [
            0.0,
            0.0,
            0.0,
            0.0,
            0.0,
            0.0,
            0.0,
            -10.0,
            0.0,
            0.0,
            0.0,
            0.0
        ],
        "max": [
            0.0,
            0.0,
            0.0,
            0.0,
            0.0,
            0.0,
            0.0,
            10.0,
            0.0,
            0.0,
            0.0,
            0.0
        ],
        "mean": [
            0.0,
            0.0,
            0.0,
            0.0,
            0.0,
            0.0,
            0.0,
            -8.791685246478664e-08,
            0.0,
            0.0,
            0.0,
            0.0
        ],
        "std": [
            0.0,
            0.0,
            0.0,
            0.0,
            0.0,
            0.0,
            0.0,
            7.0710673332214355,
            0.0,
            0.0,
            0.0,
            0.0
        ],
        "count": [
            200
        ],
        "q01": [
            3.9995784462121265e-16,
            3.9995784462121265e-16,
            3.9995784462121265e-16,
            3.9995784462121265e-16,
            3.9995784462121265e-16,
            3.9995784462121265e-16,
            3.9995784462121265e-16,
            -9.99399995803833,
            3.9995784462121265e-16,
            3.9995784462121265e-16,
            3.9995784462121265e-16,
            3.9995784462121265e-16
        ],
        "q10": [
            3.999578446212126e-15,
            3.999578446212126e-15,
            3.999578446212126e-15,
            3.999578446212126e-15,
            3.999578446212126e-15,
            3.999578446212126e-15,
            3.999578446212126e-15,
            -9.510000228881836,
            3.999578446212126e-15,
            3.999578446212126e-15,
            3.999578446212126e-15,
            3.999578446212126e-15
        ],
        "q50": [
            1.9997892231060632e-14,
            1.9997892231060632e-14,
            1.9997892231060632e-14,
            1.9997892231060632e-14,
            1.9997892231060632e-14,
            1.9997892231060632e-14,
            1.9997892231060632e-14,
            0.0020003318786621094,
            1.9997892231060632e-14,
            1.9997892231060632e-14,
            1.9997892231060632e-14,
            1.9997892231060632e-14
        ],
        "q90": [
            3.599620601590914e-14,
            3.599620601590914e-14,
            3.599620601590914e-14,
            3.599620601590914e-14,
            3.599620601590914e-14,
            3.599620601590914e-14,
            3.599620601590914e-14,
            9.510001182556152,
            3.599620601590914e-14,
            3.599620601590914e-14,
            3.599620601590914e-14,
            3.599620601590914e-14
        ],
        "q99": [
            3.959582661750005e-14,
            3.959582661750005e-14,
            3.959582661750005e-14,
            3.959582661750005e-14,
            3.959582661750005e-14,
            3.959582661750005e-14,
            3.959582661750005e-14,
            9.994000434875488,
            3.959582661750005e-14,
            3.959582661750005e-14,
            3.959582661750005e-14,
            3.959582661750005e-14
        ]
    },
    "observation.state": {
        "min": [
            -0.174534410238266,
            -6.002415180206299,
            0.04444444552063942,
            0.23857957124710083,
            -9.696208953857422,
            -0.6691086888313293,
            -0.6679829359054565,
            -19.854141235351562,
            0.8644688725471497,
            0.06285625696182251,
            -14.313450813293457,
            -0.16117216646671295,
            -0.0549483448266983,
            -4.897075176239014,
            0.002686202758923173,
            -0.1648450344800949,
            -4.197493076324463,
            0.10744810849428177,
            -0.13360393047332764,
            -5.0789666175842285,
            -0.1538461595773697,
            -9.162618637084961,
            -66.02656555175781,
            -0.5518925786018372,
            0.2499479353427887,
            -16.160348892211914,
            -0.6593406796455383,
            0.48003605008125305,
            -18.930692672729492,
            -1.0402930974960327,
            0.6044318079948425,
            -4.897075176239014,
            -0.41904762387275696,
            -0.0549483448266983,
            -6.296239376068115,
            0.021489622071385384,
            0.0,
            0.0,
            0.0,
            1.0,
            0.0,
            0.0,
            0.0
        ],
        "max": [
            -0.1305757462978363,
            7.849311828613281,
            0.24273504316806793,
            0.2605589032173157,
            10.619657516479492,
            -0.3272283375263214,
            -0.6679829359054565,
            16.160348892211914,
            1.274725317955017,
            0.08483558893203735,
            17.083797454833984,
            0.07326007634401321,
            -0.03296900540590286,
            4.197493076324463,
            0.083272285759449,
            -0.14286570250988007,
            6.296239376068115,
            0.18266178667545319,
            0.020251436159014702,
            5.0789666175842285,
            0.2153846174478531,
            9.014293670654297,
            71.56725311279297,
            1.0793651342391968,
            0.2939065992832184,
            17.083797454833984,
            -0.48351648449897766,
            0.5020154118537903,
            22.624486923217773,
            -0.8351648449897766,
            0.6264111399650574,
            4.897075176239014,
            -0.3518925607204437,
            -0.010989668779075146,
            6.296239376068115,
            0.083272285759449,
            0.0,
            0.0,
            0.0,
            1.0,
            0.0,
            0.0,
            0.0
        ],
        "mean": [
            -0.15618187189102173,
            -0.45710688829421997,
            0.1415042281150818,
            0.24187608063220978,
            -0.3970828354358673,
            -0.5122344493865967,
            -0.6679836511611938,
            -0.7479931116104126,
            1.0707693099975586,
            0.0836268812417984,
            0.9465343952178955,
            -0.03750922158360481,
            -0.05011294037103653,
            -0.052468642592430115,
            0.03149575740098953,
            -0.15572386980056763,
            0.6191303133964539,
            0.13494142889976501,
            -0.041180893778800964,
            -0.2539483904838562,
            -0.0009914542315527797,
            0.01199657004326582,
            -2.050055980682373,
            0.12410254776477814,
            0.2691795229911804,
            -0.720289945602417,
            -0.562929630279541,
            0.49586060643196106,
            -1.1727794408798218,
            -0.9304031133651733,
            0.6163018941879272,
            -0.2763349413871765,
            -0.3890964090824127,
            -0.03340858593583107,
            0.8709802031517029,
            0.05479858070611954,
            0.0,
            0.0,
            0.0,
            1.0,
            0.0,
            0.0,
            0.0
        ],