{
    "action": {
        "min": [
            0.0,
            0.0,
            0.0,
            0.0,
            0.0,
            0.0,
            0.0,
            0.0,
            0.0,
            -9.999802589416504,
            0.0,
            0.0
        ],
        "max": [
            0.0,
            0.0,
            0.0,
            0.0,
            0.0,
            0.0,
            0.0,
            0.0,
            0.0,
            9.998223304748535,
            0.0,
            0.0
        ],
        "mean": [
            0.0,
            0.0,
            0.0,
            0.0,
            0.0,
            0.0,
            0.0,
            0.0,
            0.0,
            0.4759037494659424,
            0.0,
            0.0
        ],
        "std": [
            0.0,
            0.0,
            0.0,
            0.0,
            0.0,
            0.0,
            0.0,
            0.0,
            0.0,
            6.963190078735352,
            0.0,
            0.0
        ],
        "count": [
            200
        ],
        "q01": [
            3.9995784462121265e-16,
            3.9995784462121265e-16,
            3.9995784462121265e-16,
            3.9995784462121265e-16,
            3.9995784462121265e-16,
            3.9995784462121265e-16,
            3.9995784462121265e-16,
            3.9995784462121265e-16,
            3.9995784462121265e-16,
            -9.999802589416504,
            3.9995784462121265e-16,
            3.9995784462121265e-16
        ],
        "q10": [
            3.999578446212126e-15,
            3.999578446212126e-15,
            3.999578446212126e-15,
            3.999578446212126e-15,
            3.999578446212126e-15,
            3.999578446212126e-15,
            3.999578446212126e-15,
            3.999578446212126e-15,
            3.999578446212126e-15,
            -9.42785930633545,
            3.999578446212126e-15,
            3.999578446212126e-15
        ],
        "q50": [
            1.9997892231060632e-14,
            1.9997892231060632e-14,
            1.9997892231060632e-14,
            1.9997892231060632e-14,
            1.9997892231060632e-14,
            1.9997892231060632e-14,
            1.9997892231060632e-14,
            1.9997892231060632e-14,
            1.9997892231060632e-14,
            1.0071115493774414,
            1.9997892231060632e-14,
            1.9997892231060632e-14
        ],
        "q90": [
            3.599620601590914e-14,
            3.599620601590914e-14,
            3.599620601590914e-14,
            3.599620601590914e-14,
            3.599620601590914e-14,
            3.599620601590914e-14,
            3.599620601590914e-14,
            3.599620601590914e-14,
            3.599620601590914e-14,
            9.346287727355957,
            3.599620601590914e-14,
            3.599620601590914e-14
        ],
        "q99": [
            3.959582661750005e-14,
            3.959582661750005e-14,
            3.959582661750005e-14,
            3.959582661750005e-14,
            3.959582661750005e-14,
            3.959582661750005e-14,
            3.959582661750005e-14,
            3.959582661750005e-14,
            3.959582661750005e-14,
            9.994223594665527,
            3.959582661750005e-14,
            3.959582661750005e-14
        ]
    },
    "observation.state": {
        "min": [
            -0.24047242105007172,
            -6.925863265991211,
            -0.03076923079788685,
            0.216600239276886,
            -8.772760391235352,
            -0.7277167439460754,
            -0.7998589873313904,
            -17.083797454833984,
            0.8058608174324036,
            0.06285625696182251,
            -18.930692672729492,
            -0.190476194024086,
            -0.12088635563850403,
            -4.197493076324463,
            0.053724054247140884,
            0.04395867511630058,
            -4.197493076324463,
            -0.021489622071385384,
            -0.1116245910525322,
            -6.925863265991211,
            -0.2290598303079605,
            -0.3489038646221161,
            -7.849311828613281,
            0.16117216646671295,
            -0.03578345850110054,
            -27.241729736328125,
            -1.245421290397644,
            -9.432644844055176,
            -127.89761352539062,
            -1.9194139242172241,
            0.5165144205093384,
            -4.197493076324463,
            -0.3760683834552765,
            0.08791735023260117,
            -4.197493076324463,
            -0.08058608323335648,
            0.0,
            0.0,
            0.0,
            1.0,
            0.0,
            0.0,
            0.0
        ],
        "max": [
            -0.08661706745624542,
            7.849311828613281,
            0.2837606966495514,
            0.2605589032173157,
            8.772760391235352,
            -0.3174603283405304,
            -0.4481895864009857,
            15.236899375915527,
            1.245421290397644,
            0.1068149283528328,
            18.930692672729492,
            0.10256410390138626,
            -0.09890701621770859,
            4.897075176239014,
            0.10476190596818924,
            0.06593801081180573,
            5.5966572761535645,
            0.03760683909058571,
            0.06421010941267014,
            5.0789666175842285,
            0.19487179815769196,
            -0.2609865069389343,
            9.696208953857422,
            0.6788766980171204,
            0.6895346641540527,
            23.547935485839844,
            -0.190476194024086,
            9.601461410522461,
            131.59140014648438,
            1.0402930974960327,
            0.5714628100395203,
            4.197493076324463,
            -0.3035409152507782,
            0.12088635563850403,
            6.296239376068115,
            0.021489622071385384,
            0.0,
            0.0,
            0.0,
            1.0,
            0.0,
            0.0,
            0.0
        ],
        "mean": [
            -0.15464335680007935,
            -0.4340209662914276,
            0.13473506271839142,
            0.2486899048089981,
            -0.46634146571159363,
            -0.5205862522125244,
            -0.6650163531303406,
            -1.2974451780319214,
            1.0567036867141724,
            0.08505552262067795,
            0.055406808853149414,
            -0.038388319313526154,
            -0.11072111129760742,
            0.19588300585746765,
            0.07313191145658493,
            0.054673705250024796,
            0.4687201678752899,
            0.0025921857450157404,
            -0.0033763349056243896,
            -0.5078966021537781,
            -0.0517948754131794,
            -0.30637452006340027,
            -0.2123929262161255,
            0.41567790508270264,
            0.27203693985939026,
            -1.3713210821151733,
            -0.5690832734107971,
            0.39904239773750305,
            3.975445508956909,
            -0.38520142436027527,
            0.5427245497703552,
            0.031481191515922546,
            -0.34211474657058716,
            0.10170966386795044,
            0.5981428027153015,
            -0.03134801238775253,
            0.0,
            0.0,
            0.0,
            1.0,
            0.0,
            0.0,
            0.0
        ],