{
    "action": {
        "min": [
            -10.0,
            0.0,
            0.0,
            0.0,
            0.0,
            0.0,
            0.0,
            0.0,
            0.0,
            0.0,
            0.0,
            0.0
        ],
        "max": [
            10.0,
            0.0,
            0.0,
            0.0,
            0.0,
            0.0,
            0.0,
            0.0,
            0.0,
            0.0,
            0.0,
            0.0
        ],
        "mean": [
            1.5497207073167374e-08,
            0.0,
            0.0,
            0.0,
            0.0,
            0.0,
            0.0,
            0.0,
            0.0,
            0.0,
            0.0,
            0.0
        ],
        "std": [
            7.071067810058594,
            0.0,
            0.0,
            0.0,
            0.0,
            0.0,
            0.0,
            0.0,
            0.0,
            0.0,
            0.0,
            0.0
        ],
        "count": [
            200
        ],
        "q01": [
            -10.0,
            3.9995784462121265e-16,
            3.9995784462121265e-16,
            3.9995784462121265e-16,
            3.9995784462121265e-16,
            3.9995784462121265e-16,
            3.9995784462121265e-16,
            3.9995784462121265e-16,
            3.9995784462121265e-16,
            3.9995784462121265e-16,
            3.9995784462121265e-16,
            3.9995784462121265e-16
        ],
        "q10": [
            -9.510000228881836,
            3.999578446212126e-15,
            3.999578446212126e-15,
            3.999578446212126e-15,
            3.999578446212126e-15,
            3.999578446212126e-15,
            3.999578446212126e-15,
            3.999578446212126e-15,
            3.999578446212126e-15,
            3.999578446212126e-15,
            3.999578446212126e-15,
            3.999578446212126e-15
        ],
        "q50": [
            0.0,
            1.9997892231060632e-14,
            1.9997892231060632e-14,
            1.9997892231060632e-14,
            1.9997892231060632e-14,
            1.9997892231060632e-14,
            1.9997892231060632e-14,
            1.9997892231060632e-14,
            1.9997892231060632e-14,
            1.9997892231060632e-14,
            1.9997892231060632e-14,
            1.9997892231060632e-14
        ],
        "q90": [
            9.510001182556152,
            3.599620601590914e-14,
            3.599620601590914e-14,
            3.599620601590914e-14,
            3.599620601590914e-14,
            3.599620601590914e-14,
            3.599620601590914e-14,
            3.599620601590914e-14,
            3.599620601590914e-14,
            3.599620601590914e-14,
            3.599620601590914e-14,
            3.599620601590914e-14
        ],
        "q99": [
            9.998400115966797,
            3.959582661750005e-14,
            3.959582661750005e-14,
            3.959582661750005e-14,
            3.959582661750005e-14,
            3.959582661750005e-14,
            3.959582661750005e-14,
            3.959582661750005e-14,
            3.959582661750005e-14,
            3.959582661750005e-14,
            3.959582661750005e-14,
            3.959582661750005e-14
        ]
    },
    "observation.state": {
        "min": [
            -8.218972206115723,
            -138.0555419921875,
            -1.6649572849273682,
            0.0627448707818985,
            -14.313450813293457,
            -1.0695971250534058,
            -0.8877763152122498,
            -26.318281173706055,
            0.3956044018268585,
            0.04087691754102707,
            -18.930692672729492,
            -0.190476194024086,
            -0.09890701621770859,
            -4.197493076324463,
            0.02954822964966297,
            -0.09890701621770859,
            -3.497910737991333,
            0.06178266182541847,
            -0.2215212732553482,
            -11.543106079101562,
            -0.32478633522987366,
            -0.37088319659233093,
            -9.696208953857422,
            0.07326007634401321,
            0.1400512456893921,
            -15.236899375915527,
            -0.6886447072029114,
            0.4580567181110382,
            -17.083797454833984,
            -1.0402930974960327,
            0.6923491358757019,
            -5.5966572761535645,
            -0.4888888895511627,
            -0.0549483448266983,
            -4.897075176239014,
            0.016117217019200325,
            0.0,
            0.0,
            0.0,
            1.0,
            0.0,
            0.0,
            0.0
        ],
        "max": [
            8.221572875976562,
            142.67279052734375,
            1.3572649955749512,
            0.4803522825241089,
            8.772760391235352,
            0.17094017565250397,
            -0.25037553906440735,
            26.318281173706055,
            1.5091575384140015,
            0.12879426777362823,
            17.083797454833984,
            0.07326007634401321,
            -0.06593801081180573,
            6.995821475982666,
            0.09401709586381912,
            -0.07692768424749374,
            6.296239376068115,
            0.14236874878406525,
            0.1521274596452713,
            6.002415180206299,
            0.5709401965141296,
            -0.21702784299850464,
            8.772760391235352,
            0.7570207715034485,
            0.33786529302597046,
            16.160348892211914,
            -0.3663003742694855,
            0.5020154118537903,
            16.160348892211914,
            -0.8058608174324036,
            0.7253181338310242,
            5.5966572761535645,
            -0.3975580036640167,
            -0.010989668779075146,
            5.5966572761535645,
            0.09401709586381912,
            0.0,
            0.0,
            0.0,
            1.0,
            0.0,
            0.0,
            0.0
        ],
        "mean": [
            0.2088952660560608,
            -4.326355457305908,
            -0.03172649070620537,
            0.23835963010787964,
            -0.5633035898208618,
            -0.49347975850105286,
            -0.6462231278419495,
            -0.20315873622894287,
            1.029450535774231,
            0.07395599782466888,
            0.41555172204971313,
            -0.02754582092165947,
            -0.07747732847929001,
            0.024485386908054352,
            0.051816873252391815,
            -0.08703821152448654,
            0.8849713206291199,
            0.09181438386440277,
            0.006734157912433147,
            -0.3370587229728699,
            -0.06858121603727341,
            -0.31230834126472473,
            -0.7249071002006531,
            0.4338948726654053,
            0.26665204763412476,
            -0.6648828983306885,
            -0.5586804747581482,
            0.48750853538513184,
            -0.9326828718185425,
            -0.9210256934165955,
            0.7050963044166565,
            0.13292065262794495,
            -0.44490206241607666,
            -0.03780445456504822,
            0.559665858745575,
            0.05604765936732292,
            0.0,
            0.0,
            0.0,
            1.0,
            0.0,
            0.0,
            0.0
        ],