{
    "action": {
        "min": [
            0.0,
            0.0,
            0.0,
            -9.980267524719238,
            0.0,
            0.0,
            0.0,
            0.0,
            0.0,
            0.0,
            0.0,
            0.0
        ],
        "max": [
            0.0,
            0.0,
            0.0,
            9.980267524719238,
            0.0,
            0.0,
            0.0,
            0.0,
            0.0,
            0.0,
            0.0,
            0.0
        ],
        "mean": [
            0.0,
            0.0,
            0.0,
            3.4809113458322827e-07,
            0.0,
            0.0,
            0.0,
            0.0,
            0.0,
            0.0,
            0.0,
            0.0
        ],
        "std": [
            0.0,
            0.0,
            0.0,
            7.07106876373291,
            0.0,
            0.0,
            0.0,
            0.0,
            0.0,
            0.0,
            0.0,
            0.0
        ],
        "count": [
            200
        ],
        "q01": [
            3.9995784462121265e-16,
            3.9995784462121265e-16,
            3.9995784462121265e-16,
            -9.980267524719238,
            3.9995784462121265e-16,
            3.9995784462121265e-16,
            3.9995784462121265e-16,
            3.9995784462121265e-16,
            3.9995784462121265e-16,
            3.9995784462121265e-16,
            3.9995784462121265e-16,
            3.9995784462121265e-16
        ],
        "q10": [
            3.999578446212126e-15,
            3.999578446212126e-15,
            3.999578446212126e-15,
            -9.511195182800293,
            3.999578446212126e-15,
            3.999578446212126e-15,
            3.999578446212126e-15,
            3.999578446212126e-15,
            3.999578446212126e-15,
            3.999578446212126e-15,
            3.999578446212126e-15,
            3.999578446212126e-15
        ],
        "q50": [
            1.9997892231060632e-14,
            1.9997892231060632e-14,
            1.9997892231060632e-14,
            -0.001995086669921875,
            1.9997892231060632e-14,
            1.9997892231060632e-14,
            1.9997892231060632e-14,
            1.9997892231060632e-14,
            1.9997892231060632e-14,
            1.9997892231060632e-14,
            1.9997892231060632e-14,
            1.9997892231060632e-14
        ],
        "q90": [
            3.599620601590914e-14,
            3.599620601590914e-14,
            3.599620601590914e-14,
            9.51119613647461,
            3.599620601590914e-14,
            3.599620601590914e-14,
            3.599620601590914e-14,
            3.599620601590914e-14,
            3.599620601590914e-14,
            3.599620601590914e-14,
            3.599620601590914e-14,
            3.599620601590914e-14
        ],
        "q99": [
            3.959582661750005e-14,
            3.959582661750005e-14,
            3.959582661750005e-14,
            9.979269981384277,
            3.959582661750005e-14,
            3.959582661750005e-14,
            3.959582661750005e-14,
            3.959582661750005e-14,
            3.959582661750005e-14,
            3.959582661750005e-14,
            3.959582661750005e-14,
            3.959582661750005e-14
        ]
    },
    "observation.state": {
        "min": [
            -0.2844310998916626,
            -10.619657516479492,
            -0.07863248139619827,
            0.1726415604352951,
            -10.619657516479492,
            -0.8937729001045227,
            -0.9537143707275391,
            -32.78242111206055,
            0.190476194024086,
            -8.684920310974121,
            -207.31417846679688,
            -2.5641026496887207,
            -0.06593801081180573,
            -4.197493076324463,
            0.005372405517846346,
            -0.08791735023260117,
            -3.497910737991333,
            0.04297924414277077,
            -0.08964525163173676,
            -6.925863265991211,
            -0.37948718667030334,
            -0.37088319659233093,
            -17.083797454833984,
            0.190476194024086,
            0.030154556035995483,
            -19.854141235351562,
            -0.8351648449897766,
            0.4580567181110382,
            -14.313450813293457,
            -1.0109890699386597,
            0.6374008059501648,
            -5.5966572761535645,
            -0.44590964913368225,
            0.04395867511630058,
            -4.197493076324463,
            -0.03492063656449318,
            0.0,
            0.0,
            0.0,
            1.0,
            0.0,
            0.0,
            0.0
        ],
        "max": [
            -0.06463772803544998,
            7.849311828613281,
            0.39316239953041077,
            0.3264969289302826,
            11.543106079101562,
            -0.2490842491388321,
            -0.1184995248913765,
            23.547935485839844,
            1.5970696210861206,
            9.448033332824707,
            193.4624481201172,
            1.3919414281845093,
            -0.04395867511630058,
            4.897075176239014,
            0.09133089333772659,
            -0.06593801081180573,
            4.897075176239014,
            0.1369963437318802,
            0.13014812767505646,
            5.0789666175842285,
            0.18119658529758453,
            -0.2609865069389343,
            10.619657516479492,
            0.7081807255744934,
            0.513700008392334,
            24.471384048461914,
            -0.2490842491388321,
            0.5239947438240051,
            18.930692672729492,
            -0.8058608174324036,
            0.6703698039054871,
            5.5966572761535645,
            -0.378754585981369,
            0.07692768424749374,
            6.296239376068115,
            0.03492063656449318,
            0.0,
            0.0,
            0.0,
            1.0,
            0.0,
            0.0,
            0.0
        ],
        "mean": [
            -0.15233534574508667,
            -0.7018207311630249,
            0.12584617733955383,
            0.2563827335834503,
            -0.7341412901878357,
            -0.5458851456642151,
            -0.6524878144264221,
            0.16622072458267212,
            1.0325274467468262,
            0.6256371140480042,
            -6.067060470581055,
            -0.5743588209152222,
            -0.04906889796257019,
            -0.020987465977668762,
            0.031992703676223755,
            -0.07247696816921234,
            0.8255070447921753,
            0.08120393007993698,
            0.02937283366918564,
            -0.6879692673683167,
            -0.09634191542863846,
            -0.3115394711494446,
            -0.23086221516132355,
            0.4237363040447235,
            0.2644539773464203,
            0.2585655450820923,
            -0.552379846572876,
            0.48344260454177856,
            -0.9234485626220703,
            -0.9179491400718689,
            0.652016818523407,
            -0.010493763722479343,
            -0.4114187955856323,
            0.05956412851810455,
            0.8849714398384094,
            -0.0014236874412745237,
            0.0,
            0.0,
            0.0,
            1.0,
            0.0,
            0.0,
            0.0
        ],