{
    "action": {
        "min": [
            0.0,
            0.0,
            -9.999210357666016,
            0.0,
            0.0,
            0.0,
            0.0,
            0.0,
            0.0,
            0.0,
            0.0,
            0.0
        ],
        "max": [
            0.0,
            0.0,
            9.999210357666016,
            0.0,
            0.0,
            0.0,
            0.0,
            0.0,
            0.0,
            0.0,
            0.0,
            0.0
        ],
        "mean": [
            0.0,
            0.0,
            0.5275000929832458,
            0.0,
            0.0,
            0.0,
            0.0,
            0.0,
            0.0,
            0.0,
            0.0,
            0.0
        ],
        "std": [
            0.0,
            0.0,
            6.997615814208984,
            0.0,
            0.0,
            0.0,
            0.0,
            0.0,
            0.0,
            0.0,
            0.0,
            0.0
        ],
        "count": [
            200
        ],
        "q01": [
            3.9995784462121265e-16,
            3.9995784462121265e-16,
            -9.993210792541504,
            3.9995784462121265e-16,
            3.9995784462121265e-16,
            3.9995784462121265e-16,
            3.9995784462121265e-16,
            3.9995784462121265e-16,
            3.9995784462121265e-16,
            3.9995784462121265e-16,
            3.9995784462121265e-16,
            3.9995784462121265e-16
        ],
        "q10": [
            3.999578446212126e-15,
            3.999578446212126e-15,
            -9.427255630493164,
            3.999578446212126e-15,
            3.999578446212126e-15,
            3.999578446212126e-15,
            3.999578446212126e-15,
            3.999578446212126e-15,
            3.999578446212126e-15,
            3.999578446212126e-15,
            3.999578446212126e-15,
            3.999578446212126e-15
        ],
        "q50": [
            1.9997892231060632e-14,
            1.9997892231060632e-14,
            1.0019207000732422,
            1.9997892231060632e-14,
            1.9997892231060632e-14,
            1.9997892231060632e-14,
            1.9997892231060632e-14,
            1.9997892231060632e-14,
            1.9997892231060632e-14,
            1.9997892231060632e-14,
            1.9997892231060632e-14,
            1.9997892231060632e-14
        ],
        "q90": [
            3.599620601590914e-14,
            3.599620601590914e-14,
            9.58524227142334,
            3.599620601590914e-14,
            3.599620601590914e-14,
            3.599620601590914e-14,
            3.599620601590914e-14,
            3.599620601590914e-14,
            3.599620601590914e-14,
            3.599620601590914e-14,
            3.599620601590914e-14,
            3.599620601590914e-14
        ],
        "q99": [
            3.959582661750005e-14,
            3.959582661750005e-14,
            9.995210647583008,
            3.959582661750005e-14,
            3.959582661750005e-14,
            3.959582661750005e-14,
            3.959582661750005e-14,
            3.959582661750005e-14,
            3.959582661750005e-14,
            3.959582661750005e-14,
            3.959582661750005e-14,
            3.959582661750005e-14
        ]
    },
    "observation.state": {
        "min": [
            -0.5481831431388855,
            -18.930692672729492,
            -0.9948717951774597,
            -0.0031931453850120306,
            -11.543106079101562,
            -2.085470199584961,
            -8.734399795532227,
            -234.09417724609375,
            -7.164834976196289,
            -0.310792475938797,
            -28.165178298950195,
            -1.0989011526107788,
            -0.17583470046520233,
            -10.493732452392578,
            -0.005372405517846346,
            -0.1538553684949875,
            -9.094568252563477,
            0.05909645929932594,
            -0.6391286849975586,
            -21.701038360595703,
            -1.1042735576629639,
            -0.5906766057014465,
            -12.466554641723633,
            -0.8449328541755676,
            -2.6073660850524902,
            -110.35208892822266,
            -7.311355113983154,
            0.238263338804245,
            -28.165178298950195,
            -1.5384615659713745,
            0.3736487329006195,
            -11.89289665222168,
            -0.6017094254493713,
            -0.13187602162361145,
            -8.394986152648926,
            -0.09133089333772659,
            0.0,
            0.0,
            0.0,
            1.0,
            0.0,
            0.0,
            0.0
        ],
        "max": [
            0.41890770196914673,
            17.083797454833984,
            1.0153846740722656,
            0.7001456618309021,
            14.313450813293457,
            0.3663003742694855,
            7.640206813812256,
            248.86935424804688,
            10.769230842590332,
            0.436504989862442,
            28.165178298950195,
            0.8058608174324036,
            0.0,
            13.292060852050781,
            0.1289377361536026,
            -0.0549483448266983,
            11.193314552307129,
            0.1746031790971756,
            0.5477555394172668,
            18.007244110107422,
            1.1042735576629639,
            0.0687035471200943,
            11.543106079101562,
            1.157509207725525,
            3.392993211746216,
            98.34725952148438,
            6.520146369934082,
            0.7657674551010132,
            30.012075424194336,
            -0.3663003742694855,
            0.9451115131378174,
            11.193314552307129,
            -0.2471306473016739,
            0.19781403243541718,
            11.89289665222168,
            0.1289377361536026,
            0.0,
            0.0,
            0.0,
            1.0,
            0.0,
            0.0,
            0.0
        ],
        "mean": [
            -0.14354361593723297,
            -0.13851723074913025,
            0.11193165928125381,
            0.2831973731517792,
            -0.39246562123298645,
            -0.5778756737709045,
            -0.3479638993740082,
            6.043970108032227,
            1.2249079942703247,
            0.09131956845521927,
            0.4063175320625305,
            -0.05377288907766342,
            -0.09808289259672165,
            -0.26584121584892273,
            0.06331381946802139,
            -0.10819347202777863,
            0.8325029611587524,
            0.10398290306329727,
            0.02398788370192051,
            -1.0342624187469482,
            -0.08119658380746841,
            -0.29868125915527344,
            -0.49866214394569397,
            0.4087423086166382,
            0.35511893033981323,
            2.3917312622070312,
            -0.828864336013794,
            0.5065211653709412,
            -0.7341415286064148,
            -0.9551648497581482,
            0.6776230335235596,
            0.09444360435009003,
            -0.42667657136917114,
            0.04648630693554878,
            1.0248879194259644,
            0.0036263742949813604,
            0.0,
            0.0,
            0.0,
            1.0,
            0.0,
            0.0,
            0.0
        ],