{
    "action": {
        "min": [
            0.0,
            0.0,
            0.0,
            0.0,
            -10.0,
            0.0,
            0.0,
            0.0,
            0.0,
            0.0,
            0.0,
            0.0
        ],
        "max": [
            0.0,
            0.0,
            0.0,
            0.0,
            10.0,
            0.0,
            0.0,
            0.0,
            0.0,
            0.0,
            0.0,
            0.0
        ],
        "mean": [
            0.0,
            0.0,
            0.0,
            0.0,
            -8.791685246478664e-08,
            0.0,
            0.0,
            0.0,
            0.0,
            0.0,
            0.0,
            0.0
        ],
        "std": [
            0.0,
            0.0,
            0.0,
            0.0,
            7.0710673332214355,
            0.0,
            0.0,
            0.0,
            0.0,
            0.0,
            0.0,
            0.0
        ],
        "count": [
            200
        ],
        "q01": [
            3.9995784462121265e-16,
            3.9995784462121265e-16,
            3.9995784462121265e-16,
            3.9995784462121265e-16,
            -9.99399995803833,
            3.9995784462121265e-16,
            3.9995784462121265e-16,
            3.9995784462121265e-16,
            3.9995784462121265e-16,
            3.9995784462121265e-16,
            3.9995784462121265e-16,
            3.9995784462121265e-16
        ],
        "q10": [
            3.999578446212126e-15,
            3.999578446212126e-15,
            3.999578446212126e-15,
            3.999578446212126e-15,
            -9.510000228881836,
            3.999578446212126e-15,
            3.999578446212126e-15,
            3.999578446212126e-15,
            3.999578446212126e-15,
            3.999578446212126e-15,
            3.999578446212126e-15,
            3.999578446212126e-15
        ],
        "q50": [
            1.9997892231060632e-14,
            1.9997892231060632e-14,
            1.9997892231060632e-14,
            1.9997892231060632e-14,
            0.0020003318786621094,
            1.9997892231060632e-14,
            1.9997892231060632e-14,
            1.9997892231060632e-14,
            1.9997892231060632e-14,
            1.9997892231060632e-14,
            1.9997892231060632e-14,
            1.9997892231060632e-14
        ],
        "q90": [
            3.599620601590914e-14,
            3.599620601590914e-14,
            3.599620601590914e-14,
            3.599620601590914e-14,
            9.510001182556152,
            3.599620601590914e-14,
            3.599620601590914e-14,
            3.599620601590914e-14,
            3.599620601590914e-14,
            3.599620601590914e-14,
            3.599620601590914e-14,
            3.599620601590914e-14
        ],
        "q99": [
            3.959582661750005e-14,
            3.959582661750005e-14,
            3.959582661750005e-14,
            3.959582661750005e-14,
            9.994000434875488,
            3.959582661750005e-14,
            3.959582661750005e-14,
            3.959582661750005e-14,
            3.959582661750005e-14,
            3.959582661750005e-14,
            3.959582661750005e-14,
            3.959582661750005e-14
        ]
    },
    "observation.state": {
        "min": [
            -0.174534410238266,
            -6.925863265991211,
            0.06495726853609085,
            0.23857957124710083,
            -10.619657516479492,
            -0.6886447072029114,
            -0.6899623274803162,
            -19.854141235351562,
            0.8351648449897766,
            0.06285625696182251,
            -17.083797454833984,
            -0.1318681389093399,
            -9.561012268066406,
            -112.63272857666016,
            -0.34383395314216614,
            -0.5275040864944458,
            -13.292060852050781,
            -0.287423700094223,
            -0.0017279012827202678,
            -5.0789666175842285,
            -0.13333334028720856,
            -0.3489038646221161,
            -9.696208953857422,
            0.2686202824115753,
            0.2499479353427887,
            -18.930692672729492,
            -0.6300366520881653,
            0.48003605008125305,
            -21.701038360595703,
            -1.0402930974960327,
            0.6044318079948425,
            -4.897075176239014,
            -0.41904762387275696,
            -0.04395867511630058,
            -4.197493076324463,
            0.018803419545292854,
            0.0,
            0.0,
            0.0,
            1.0,
            0.0,
            0.0,
            0.0
        ],
        "max": [
            -0.15255507826805115,
            6.002415180206299,
            0.2153846174478531,
            0.2605589032173157,
            8.772760391235352,
            -0.27838829159736633,
            -0.6679829359054565,
            17.083797454833984,
            1.245421290397644,
            0.08483558893203735,
            19.854141235351562,
            0.07326007634401321,
            9.341218948364258,
            106.33648681640625,
            0.5560439825057983,
            0.307710736989975,
            16.090389251708984,
            0.3062271177768707,
            0.020251436159014702,
            4.155518054962158,
            0.010256410576403141,
            -0.32692453265190125,
            7.849311828613281,
            0.6495726704597473,
            0.27192726731300354,
            18.007244110107422,
            -0.4542124569416046,
            0.5020154118537903,
            18.930692672729492,
            -0.8058608174324036,
            0.6264111399650574,
            5.5966572761535645,
            -0.3492063581943512,
            -0.02197933755815029,
            5.5966572761535645,
            0.08595848828554153,
            0.0,
            0.0,
            0.0,
            1.0,
            0.0,
            0.0,
            0.0
        ],
        "mean": [
            -0.15530270338058472,
            -0.7664623260498047,
            0.13586324453353882,
            0.24319486320018768,
            -0.5540692806243896,
            -0.5170693397521973,
            -0.6685330867767334,
            -0.9095962643623352,
            1.0637365579605103,
            0.08395656943321228,
            -0.22624491155147552,
            -0.040146589279174805,
            -0.021759754046797752,
            -3.1691086292266846,
            0.08962514996528625,
            -0.003956285305321217,
            1.0423773527145386,
            0.03522954881191254,
            0.017284249886870384,
            -0.6464137434959412,
            -0.07623934745788574,
            -0.330331027507782,
            -0.3139725625514984,
            0.4578266143798828,
            0.27181705832481384,
            -0.7849311232566833,
            -0.5636622309684753,
            0.49849796295166016,
            -0.32782429456710815,
            -0.9397802948951721,
            0.6150931715965271,
            -0.003497917903587222,
            -0.3880218267440796,
            -0.03571641817688942,
            0.7310633063316345,
            0.05708182975649834,
            0.0,
            0.0,
            0.0,
            1.0,
            0.0,
            0.0,
            0.0
        ],