{
    "action": {
        "min": [
            0.0,
            0.0,
            0.0,
            0.0,
            0.0,
            0.0,
            0.0,
            0.0,
            0.0,
            0.0,
            0.0,
            -10.0
        ],
        "max": [
            0.0,
            0.0,
            0.0,
            0.0,
            0.0,
            0.0,
            0.0,
            0.0,
            0.0,
            0.0,
            0.0,
            10.0
        ],
        "mean": [
            0.0,
            0.0,
            0.0,
            0.0,
            0.0,
            0.0,
            0.0,
            0.0,
            0.0,
            0.0,
            0.0,
            3.248453239734772e-08
        ],
        "std": [
            0.0,
            0.0,
            0.0,
            0.0,
            0.0,
            0.0,
            0.0,
            0.0,
            0.0,
            0.0,
            0.0,
            7.071067810058594
        ],
        "count": [
            200
        ],
        "q01": [
            3.9995784462121265e-16,
            3.9995784462121265e-16,
            3.9995784462121265e-16,
            3.9995784462121265e-16,
            3.9995784462121265e-16,
            3.9995784462121265e-16,
            3.9995784462121265e-16,
            3.9995784462121265e-16,
            3.9995784462121265e-16,
            3.9995784462121265e-16,
            3.9995784462121265e-16,
            -9.99399995803833
        ],
        "q10": [
            3.999578446212126e-15,
            3.999578446212126e-15,
            3.999578446212126e-15,
            3.999578446212126e-15,
            3.999578446212126e-15,
            3.999578446212126e-15,
            3.999578446212126e-15,
            3.999578446212126e-15,
            3.999578446212126e-15,
            3.999578446212126e-15,
            3.999578446212126e-15,
            -9.510000228881836
        ],
        "q50": [
            1.9997892231060632e-14,
            1.9997892231060632e-14,
            1.9997892231060632e-14,
            1.9997892231060632e-14,
            1.9997892231060632e-14,
            1.9997892231060632e-14,
            1.9997892231060632e-14,
            1.9997892231060632e-14,
            1.9997892231060632e-14,
            1.9997892231060632e-14,
            1.9997892231060632e-14,
            0.0020003318786621094
        ],
        "q90": [
            3.599620601590914e-14,
            3.599620601590914e-14,
            3.599620601590914e-14,
            3.599620601590914e-14,
            3.599620601590914e-14,
            3.599620601590914e-14,
            3.599620601590914e-14,
            3.599620601590914e-14,
            3.599620601590914e-14,
            3.599620601590914e-14,
            3.599620601590914e-14,
            9.510001182556152
        ],
        "q99": [
            3.959582661750005e-14,
            3.959582661750005e-14,
            3.959582661750005e-14,
            3.959582661750005e-14,
            3.959582661750005e-14,
            3.959582661750005e-14,
            3.959582661750005e-14,
            3.959582661750005e-14,
            3.959582661750005e-14,
            3.959582661750005e-14,
            3.959582661750005e-14,
            9.994000434875488
        ]
    },
    "observation.state": {
        "min": [
            -0.174534410238266,
            -6.925863265991211,
            0.07179487496614456,
            0.216600239276886,
            -7.849311828613281,
            -0.6202686429023743,
            -0.6899623274803162,
            -15.236899375915527,
            0.8644688725471497,
            0.01889757812023163,
            -18.007244110107422,
            -0.07326007634401321,
            -0.0549483448266983,
            -4.897075176239014,
            -0.005372405517846346,
            -0.1538553684949875,
            -3.497910737991333,
            0.09670329838991165,
            -0.06766591221094131,
            -6.925863265991211,
            -0.07179487496614456,
            -0.37088319659233093,
            -10.619657516479492,
            0.3174603283405304,
            0.2499479353427887,
            -20.777589797973633,
            -0.6593406796455383,
            0.4580567181110382,
            -19.854141235351562,
            -0.9816849827766418,
            -0.13187602162361145,
            -35.67869186401367,
            -0.31697192788124084,
            -7.0773468017578125,
            -56.66615676879883,
            -1.6681318283081055,
            0.0,
            0.0,
            0.0,
            1.0,
            0.0,
            0.0,
            0.0
        ],
        "max": [
            -0.15255507826805115,
            6.925863265991211,
            0.20854701101779938,
            0.23857957124710083,
            7.849311828613281,
            -0.2686202824115753,
            -0.6679829359054565,
            15.236899375915527,
            1.216117262840271,
            0.04087691754102707,
            19.854141235351562,
            0.190476194024086,
            -0.02197933755815029,
            4.197493076324463,
            0.06984127312898636,
            -0.13187602162361145,
            6.995821475982666,
            0.1746031790971756,
            -0.04568657651543617,
            4.155518054962158,
            0.0991453006863594,
            -0.32692453265190125,
            10.619657516479492,
            0.6593406796455383,
            0.27192726731300354,
            15.236899375915527,
            -0.48351648449897766,
            0.48003605008125305,
            15.236899375915527,
            -0.7765567898750305,
            0.6374008059501648,
            19.588300704956055,
            0.15848596394062042,
            8.571941375732422,
            60.164066314697266,
            0.8998779058456421,
            0.0,
            0.0,
            0.0,
            1.0,
            0.0,
            0.0,
            0.0
        ],
        "mean": [
            -0.17156702280044556,
            -0.517131507396698,
            0.15117952227592468,
            0.2169295698404312,
            -0.40170004963874817,
            -0.4698900878429413,
            -0.6877645254135132,
            -0.1246655285358429,
            1.0993411540985107,
            0.03988780081272125,
            0.9465346336364746,
            0.048351727426052094,
            -0.03961774706840515,
            -0.006995829287916422,
            0.02537122555077076,
            -0.13940414786338806,
            0.7555487155914307,
            0.12382050603628159,
            -0.05667632073163986,
            -0.6325623989105225,
            0.02451285347342491,
            -0.3487941026687622,
            -0.5910070538520813,
            0.48869362473487854,
            0.26961907744407654,
            -0.9973239898681641,
            -0.5576547980308533,
            0.4689360558986664,
            -0.41093456745147705,
            -0.8905494809150696,
            0.14303071796894073,
            -0.1713976413011551,
            -0.08148600906133652,
            0.3962329030036926,
            -0.4652211666107178,
            -0.17544937133789062,
            0.0,
            0.0,
            0.0,
            1.0,
            0.0,
            0.0,
            0.0
        ],