{
    "action": {
        "min": [
            0.0,
            0.0,
            0.0,
            0.0,
            0.0,
            0.0,
            0.0,
            0.0,
            -9.998223304748535,
            0.0,
            0.0,
            0.0
        ],
        "max": [
            0.0,
            0.0,
            0.0,
            0.0,
            0.0,
            0.0,
            0.0,
            0.0,
            9.999802589416504,
            0.0,
            0.0,
            0.0
        ],
        "mean": [
            0.0,
            0.0,
            0.0,
            0.0,
            0.0,
            0.0,
            0.0,
            0.0,
            0.6345770955085754,
            0.0,
            0.0,
            0.0
        ],
        "std": [
            0.0,
            0.0,
            0.0,
            0.0,
            0.0,
            0.0,
            0.0,
            0.0,
            7.118222713470459,
            0.0,
            0.0,
            0.0
        ],
        "count": [
            200
        ],
        "q01": [
            3.9995784462121265e-16,
            3.9995784462121265e-16,
            3.9995784462121265e-16,
            3.9995784462121265e-16,
            3.9995784462121265e-16,
            3.9995784462121265e-16,
            3.9995784462121265e-16,
            3.9995784462121265e-16,
            -9.998223304748535,
            3.9995784462121265e-16,
            3.9995784462121265e-16,
            3.9995784462121265e-16
        ],
        "q10": [
            3.999578446212126e-15,
            3.999578446212126e-15,
            3.999578446212126e-15,
            3.999578446212126e-15,
            3.999578446212126e-15,
            3.999578446212126e-15,
            3.999578446212126e-15,
            3.999578446212126e-15,
            -9.65025806427002,
            3.999578446212126e-15,
            3.999578446212126e-15,
            3.999578446212126e-15
        ],
        "q50": [
            1.9997892231060632e-14,
            1.9997892231060632e-14,
            1.9997892231060632e-14,
            1.9997892231060632e-14,
            1.9997892231060632e-14,
            1.9997892231060632e-14,
            1.9997892231060632e-14,
            1.9997892231060632e-14,
            1.5046415328979492,
            1.9997892231060632e-14,
            1.9997892231060632e-14,
            1.9997892231060632e-14
        ],
        "q90": [
            3.599620601590914e-14,
            3.599620601590914e-14,
            3.599620601590914e-14,
            3.599620601590914e-14,
            3.599620601590914e-14,
            3.599620601590914e-14,
            3.599620601590914e-14,
            3.599620601590914e-14,
            9.587843894958496,
            3.599620601590914e-14,
            3.599620601590914e-14,
            3.599620601590914e-14
        ],
        "q99": [
            3.959582661750005e-14,
            3.959582661750005e-14,
            3.959582661750005e-14,
            3.959582661750005e-14,
            3.959582661750005e-14,
            3.959582661750005e-14,
            3.959582661750005e-14,
            3.959582661750005e-14,
            9.991803169250488,
            3.959582661750005e-14,
            3.959582661750005e-14,
            3.959582661750005e-14
        ]
    },
    "observation.state": {
        "min": [
            -0.174534410238266,
            -6.002415180206299,
            0.05128205195069313,
            0.23857957124710083,
            -12.466554641723633,
            -0.6593406796455383,
            -0.6899623274803162,
            -19.854141235351562,
            0.8351648449897766,
            0.06285625696182251,
            -18.007244110107422,
            -0.190476194024086,
            -0.08791735023260117,
            -5.5966572761535645,
            0.02954822964966297,
            -0.13187602162361145,
            -4.197493076324463,
            0.09401709586381912,
            -0.08964525163173676,
            -6.002415180206299,
            -0.3384615480899811,
            -0.37088319659233093,
            -13.390002250671387,
            0.09279609471559525,
            -8.541787147521973,
            -115.89278411865234,
            -3.501831531524658,
            0.4580567181110382,
            -16.160348892211914,
            -1.1282051801681519,
            0.5824524760246277,
            -6.296239376068115,
            -0.4136752188205719,
            0.010989668779075146,
            -4.197493076324463,
            -0.018803419545292854,
            0.0,
            0.0,
            0.0,
            1.0,
            0.0,
            0.0,
            0.0
        ],
        "max": [
            -0.1305757462978363,
            7.849311828613281,
            0.20854701101779938,
            0.2605589032173157,
            7.849311828613281,
            -0.3272283375263214,
            -0.6460036039352417,
            15.236899375915527,
            1.216117262840271,
            0.1068149283528328,
            21.701038360595703,
            0.10256410390138626,
            -0.06593801081180573,
            5.5966572761535645,
            0.07521367818117142,
            -0.1098966896533966,
            5.5966572761535645,
            0.1369963437318802,
            0.1521274596452713,
            6.002415180206299,
            0.14700855314731598,
            -0.23900718986988068,
            8.772760391235352,
            0.6105006337165833,
            10.646174430847168,
            118.66312408447266,
            2.4761905670166016,
            0.5679534077644348,
            15.236899375915527,
            -0.8351648449897766,
            0.61542147397995,
            5.5966572761535645,
            -0.3384615480899811,
            0.0549483448266983,
            4.897075176239014,
            0.051037851721048355,
            0.0,
            0.0,
            0.0,
            1.0,
            0.0,
            0.0,
            0.0
        ],
        "mean": [
            -0.153104767203331,
            -0.24933108687400818,
            0.13114528357982635,
            0.23901869356632233,
            -0.4478723108768463,
            -0.5044199228286743,
            -0.6668846011161804,
            -0.7202895283699036,
            1.0567035675048828,
            0.08615449070930481,
            0.4155517816543579,
            -0.0455678254365921,
            -0.08027966320514679,
            0.02098751999437809,
            0.05097070336341858,
            -0.1269855946302414,
            0.545674204826355,
            0.11535892635583878,
            0.01178940013051033,
            -0.1477518230676651,
            -0.0730598196387291,
            -0.31637459993362427,
            -0.3370586335659027,
            0.43257641792297363,
            1.5784889459609985,
            -6.745790958404541,
            -1.0813186168670654,
            0.5052016377449036,
            -0.9650037288665771,
            -0.9572159051895142,
            0.603223443031311,
            -0.0594644658267498,
            -0.380916953086853,
            0.03197992965579033,
            0.5071970820426941,
            0.015700869262218475,
            0.0,
            0.0,
            0.0,
            1.0,
            0.0,
            0.0,
            0.0
        ],