{
    "action": {
        "min": [
            0.0,
            -5.0,
            0.0,
            0.0,
            0.0,
            0.0,
            0.0,
            0.0,
            0.0,
            0.0,
            0.0,
            0.0
        ],
        "max": [
            0.0,
            5.0,
            0.0,
            0.0,
            0.0,
            0.0,
            0.0,
            0.0,
            0.0,
            0.0,
            0.0,
            0.0
        ],
        "mean": [
            0.0,
            -0.02500000037252903,
            0.0,
            0.0,
            0.0,
            0.0,
            0.0,
            0.0,
            0.0,
            0.0,
            0.0,
            0.0
        ],
        "std": [
            0.0,
            4.077300071716309,
            0.0,
            0.0,
            0.0,
            0.0,
            0.0,
            0.0,
            0.0,
            0.0,
            0.0,
            0.0
        ],
        "count": [
            200
        ],
        "q01": [
            3.9995784462121265e-16,
            -5.0,
            3.9995784462121265e-16,
            3.9995784462121265e-16,
            3.9995784462121265e-16,
            3.9995784462121265e-16,
            3.9995784462121265e-16,
            3.9995784462121265e-16,
            3.9995784462121265e-16,
            3.9995784462121265e-16,
            3.9995784462121265e-16,
            3.9995784462121265e-16
        ],
        "q10": [
            3.999578446212126e-15,
            -5.0,
            3.999578446212126e-15,
            3.999578446212126e-15,
            3.999578446212126e-15,
            3.999578446212126e-15,
            3.999578446212126e-15,
            3.999578446212126e-15,
            3.999578446212126e-15,
            3.999578446212126e-15,
            3.999578446212126e-15,
            3.999578446212126e-15
        ],
        "q50": [
            1.9997892231060632e-14,
            0.0009852380894902926,
            1.9997892231060632e-14,
            1.9997892231060632e-14,
            1.9997892231060632e-14,
            1.9997892231060632e-14,
            1.9997892231060632e-14,
            1.9997892231060632e-14,
            1.9997892231060632e-14,
            1.9997892231060632e-14,
            1.9997892231060632e-14,
            1.9997892231060632e-14
        ],
        "q90": [
            3.599620601590914e-14,
            4.999393983320757,
            3.599620601590914e-14,
            3.599620601590914e-14,
            3.599620601590914e-14,
            3.599620601590914e-14,
            3.599620601590914e-14,
            3.599620601590914e-14,
            3.599620601590914e-14,
            3.599620601590914e-14,
            3.599620601590914e-14,
            3.599620601590914e-14
        ],
        "q99": [
            3.959582661750005e-14,
            4.999939398332075,
            3.959582661750005e-14,
            3.959582661750005e-14,
            3.959582661750005e-14,
            3.959582661750005e-14,
            3.959582661750005e-14,
            3.959582661750005e-14,
            3.959582661750005e-14,
            3.959582661750005e-14,
            3.959582661750005e-14,
            3.959582661750005e-14
        ]
    },
    "observation.state": {
        "min": [
            -0.5042244791984558,
            -43.863800048828125,
            -0.8854700922966003,
            -5.1023993492126465,
            -54.94518280029297,
            -1.851037859916687,
            -0.7778796553611755,
            -17.083797454833984,
            0.7765567898750305,
            0.06285625696182251,
            -18.007244110107422,
            -0.1318681389093399,
            -0.1098966896533966,
            -4.197493076324463,
            0.018803419545292854,
            -0.1648450344800949,
            -4.897075176239014,
            0.05909645929932594,
            -0.02370723895728588,
            -6.925863265991211,
            -0.18119658529758453,
            -0.3489038646221161,
            -8.772760391235352,
            0.2686202824115753,
            0.2499479353427887,
            -18.007244110107422,
            -0.6300366520881653,
            0.48003605008125305,
            -21.701038360595703,
            -1.0402930974960327,
            0.6593801379203796,
            -4.897075176239014,
            -0.45396825671195984,
            0.0,
            -4.197493076324463,
            -0.016117217019200325,
            0.0,
            0.0,
            0.0,
            1.0,
            0.0,
            0.0,
            0.0
        ],
        "max": [
            0.15515564382076263,
            18.007244110107422,
            1.2752137184143066,
            4.788302421569824,
            104.8114013671875,
            2.007326126098633,
            -0.5141276121139526,
            20.777589797973633,
            1.274725317955017,
            0.1068149283528328,
            15.236899375915527,
            0.07326007634401321,
            -0.0549483448266983,
            6.296239376068115,
            0.08864469081163406,
            -0.06593801081180573,
            6.296239376068115,
            0.1369963437318802,
            0.04223077371716499,
            4.155518054962158,
            0.03076923079788685,
            -0.3049452006816864,
            9.696208953857422,
            0.5909646153450012,
            0.27192726731300354,
            16.160348892211914,
            -0.4542124569416046,
            0.5020154118537903,
            17.083797454833984,
            -0.8351648449897766,
            0.6813594698905945,
            5.5966572761535645,
            -0.3868131935596466,
            0.02197933755815029,
            6.995821475982666,
            0.05909645929932594,
            0.0,
            0.0,
            0.0,
            1.0,
            0.0,
            0.0,
            0.0
        ],
        "mean": [
            -0.15475304424762726,
            -0.7803137898445129,
            0.13514532148838043,
            -0.20584142208099365,
            1.6391220092773438,
            -0.12913307547569275,
            -0.6673234701156616,
            -0.6464138031005859,
            1.0657875537872314,
            0.08274772018194199,
            0.6510312557220459,
            -0.03194143623113632,
            -0.07648822665214539,
            0.2063768208026886,
            0.04848596453666687,
            -0.09297266602516174,
            0.8290050625801086,
            0.09624665975570679,
            0.018932707607746124,
            -0.6187105178833008,
            -0.08191453665494919,
            -0.3234076201915741,
            -0.4063172936439514,
            0.4385836124420166,
            0.2636846601963043,
            -0.28165173530578613,
            -0.553112804889679,
            0.5009157061576843,
            0.009234387427568436,
            -0.9369966387748718,
            0.6630065441131592,
            -0.09094572067260742,
            -0.4192623794078827,
            0.011209460906684399,
            0.895465075969696,
            0.02619049698114395,
            0.0,
            0.0,
            0.0,
            1.0,
            0.0,
            0.0,
            0.0
        ],