{
    "action": {
        "min": [
            0.0,
            0.0,
            0.0,
            0.0,
            -9.999802589416504,
            0.0,
            0.0,
            0.0,
            0.0,
            0.0,
            0.0,
            0.0
        ],
        "max": [
            0.0,
            0.0,
            0.0,
            0.0,
            9.998223304748535,
            0.0,
            0.0,
            0.0,
            0.0,
            0.0,
            0.0,
            0.0
        ],
        "mean": [
            0.0,
            0.0,
            0.0,
            0.0,
            0.4759037494659424,
            0.0,
            0.0,
            0.0,
            0.0,
            0.0,
            0.0,
            0.0
        ],
        "std": [
            0.0,
            0.0,
            0.0,
            0.0,
            6.963190078735352,
            0.0,
            0.0,
            0.0,
            0.0,
            0.0,
            0.0,
            0.0
        ],
        "count": [
            200
        ],
        "q01": [
            3.9995784462121265e-16,
            3.9995784462121265e-16,
            3.9995784462121265e-16,
            3.9995784462121265e-16,
            -9.999802589416504,
            3.9995784462121265e-16,
            3.9995784462121265e-16,
            3.9995784462121265e-16,
            3.9995784462121265e-16,
            3.9995784462121265e-16,
            3.9995784462121265e-16,
            3.9995784462121265e-16
        ],
        "q10": [
            3.999578446212126e-15,
            3.999578446212126e-15,
            3.999578446212126e-15,
            3.999578446212126e-15,
            -9.42785930633545,
            3.999578446212126e-15,
            3.999578446212126e-15,
            3.999578446212126e-15,
            3.999578446212126e-15,
            3.999578446212126e-15,
            3.999578446212126e-15,
            3.999578446212126e-15
        ],
        "q50": [
            1.9997892231060632e-14,
            1.9997892231060632e-14,
            1.9997892231060632e-14,
            1.9997892231060632e-14,
            1.0071115493774414,
            1.9997892231060632e-14,
            1.9997892231060632e-14,
            1.9997892231060632e-14,
            1.9997892231060632e-14,
            1.9997892231060632e-14,
            1.9997892231060632e-14,
            1.9997892231060632e-14
        ],
        "q90": [
            3.599620601590914e-14,
            3.599620601590914e-14,
            3.599620601590914e-14,
            3.599620601590914e-14,
            9.346287727355957,
            3.599620601590914e-14,
            3.599620601590914e-14,
            3.599620601590914e-14,
            3.599620601590914e-14,
            3.599620601590914e-14,
            3.599620601590914e-14,
            3.599620601590914e-14
        ],
        "q99": [
            3.959582661750005e-14,
            3.959582661750005e-14,
            3.959582661750005e-14,
            3.959582661750005e-14,
            9.994223594665527,
            3.959582661750005e-14,
            3.959582661750005e-14,
            3.959582661750005e-14,
            3.959582661750005e-14,
            3.959582661750005e-14,
            3.959582661750005e-14,
            3.959582661750005e-14
        ]
    },
    "observation.state": {
        "min": [
            -0.19651375710964203,
            -6.002415180206299,
            0.03760683909058571,
            0.23857957124710083,
            -8.772760391235352,
            -0.6984127163887024,
            -0.7339209914207458,
            -19.854141235351562,
            0.8644688725471497,
            0.08483558893203735,
            -18.007244110107422,
            -0.21978022158145905,
            -9.659918785095215,
            -90.9456787109375,
            -0.36532357335090637,
            -0.46156609058380127,
            -19.588300704956055,
            -0.2847374975681305,
            0.020251436159014702,
            -5.0789666175842285,
            -0.17435897886753082,
            -0.32692453265190125,
            -10.619657516479492,
            0.190476194024086,
            0.2499479353427887,
            -15.236899375915527,
            -0.6886447072029114,
            0.5020154118537903,
            -12.466554641723633,
            -1.0695971250534058,
            0.5384937524795532,
            -4.197493076324463,
            -0.378754585981369,
            -0.06593801081180573,
            -4.197493076324463,
            0.03760683909058571,
            0.0,
            0.0,
            0.0,
            1.0,
            0.0,
            0.0,
            0.0
        ],
        "max": [
            -0.1305757462978363,
            6.002415180206299,
            0.27008548378944397,
            0.2605589032173157,
            8.772760391235352,
            -0.3663003742694855,
            -0.5580862760543823,
            21.701038360595703,
            1.216117262840271,
            0.1068149283528328,
            18.007244110107422,
            0.10256410390138626,
            9.330228805541992,
            83.25027465820312,
            0.5211233496665955,
            0.3187004029750824,
            18.888717651367188,
            0.30891332030296326,
            0.04223077371716499,
            5.0789666175842285,
            -0.03760683909058571,
            -0.3049452006816864,
            7.849311828613281,
            0.6398046612739563,
            0.2939065992832184,
            16.160348892211914,
            -0.4542124569416046,
            0.5239947438240051,
            21.701038360595703,
            -0.8644688725471497,
            0.5604730844497681,
            6.296239376068115,
            -0.3142857253551483,
            -0.04395867511630058,
            6.296239376068115,
            0.09401709586381912,
            0.0,
            0.0,
            0.0,
            1.0,
            0.0,
            0.0,
            0.0
        ],
        "mean": [
            -0.15673132240772247,
            -0.19854141771793365,
            0.13647861778736115,
            0.25550368428230286,
            -0.5586861968040466,
            -0.5315261483192444,
            -0.6653461456298828,
            -1.0065584182739258,
            1.0621246099472046,
            0.10230937600135803,
            0.3278242349624634,
            -0.06578758358955383,
            0.08841186761856079,
            3.3859777450561523,
            0.10400975495576859,
            0.012912857346236706,
            0.9584276676177979,
            0.028258850798010826,
            0.0358567088842392,
            -0.21701037883758545,
            -0.10335046052932739,
            -0.319891095161438,
            -0.5217483639717102,
            0.43047618865966797,
            0.27181705832481384,
            -0.3324415683746338,
            -0.5674717426300049,
            0.5031136274337769,
            -0.4432552754878998,
            -0.9516481161117554,
            0.549868643283844,
            0.09794150292873383,
            -0.3484138548374176,
            -0.05566278472542763,
            0.6366199254989624,
            0.06929060071706772,
            0.0,
            0.0,
            0.0,
            1.0,
            0.0,
            0.0,
            0.0
        ],