{
    "action": {
        "min": [
            0.0,
            0.0,
            0.0,
            0.0,
            0.0,
            0.0,
            0.0,
            -5.0,
            0.0,
            0.0,
            0.0,
            0.0
        ],
        "max": [
            0.0,
            0.0,
            0.0,
            0.0,
            0.0,
            0.0,
            0.0,
            5.0,
            0.0,
            0.0,
            0.0,
            0.0
        ],
        "mean": [
            0.0,
            0.0,
            0.0,
            0.0,
            0.0,
            0.0,
            0.0,
            -0.02500000037252903,
            0.0,
            0.0,
            0.0,
            0.0
        ],
        "std": [
            0.0,
            0.0,
            0.0,
            0.0,
            0.0,
            0.0,
            0.0,
            4.077300071716309,
            0.0,
            0.0,
            0.0,
            0.0
        ],
        "count": [
            200
        ],
        "q01": [
            3.9995784462121265e-16,
            3.9995784462121265e-16,
            3.9995784462121265e-16,
            3.9995784462121265e-16,
            3.9995784462121265e-16,
            3.9995784462121265e-16,
            3.9995784462121265e-16,
            -5.0,
            3.9995784462121265e-16,
            3.9995784462121265e-16,
            3.9995784462121265e-16,
            3.9995784462121265e-16
        ],
        "q10": [
            3.999578446212126e-15,
            3.999578446212126e-15,
            3.999578446212126e-15,
            3.999578446212126e-15,
            3.999578446212126e-15,
            3.999578446212126e-15,
            3.999578446212126e-15,
            -5.0,
            3.999578446212126e-15,
            3.999578446212126e-15,
            3.999578446212126e-15,
            3.999578446212126e-15
        ],
        "q50": [
            1.9997892231060632e-14,
            1.9997892231060632e-14,
            1.9997892231060632e-14,
            1.9997892231060632e-14,
            1.9997892231060632e-14,
            1.9997892231060632e-14,
            1.9997892231060632e-14,
            0.0009852380894902926,
            1.9997892231060632e-14,
            1.9997892231060632e-14,
            1.9997892231060632e-14,
            1.9997892231060632e-14
        ],
        "q90": [
            3.599620601590914e-14,
            3.599620601590914e-14,
            3.599620601590914e-14,
            3.599620601590914e-14,
            3.599620601590914e-14,
            3.599620601590914e-14,
            3.599620601590914e-14,
            4.999393983320757,
            3.599620601590914e-14,
            3.599620601590914e-14,
            3.599620601590914e-14,
            3.599620601590914e-14
        ],
        "q99": [
            3.959582661750005e-14,
            3.959582661750005e-14,
            3.959582661750005e-14,
            3.959582661750005e-14,
            3.959582661750005e-14,
            3.959582661750005e-14,
            3.959582661750005e-14,
            4.999939398332075,
            3.959582661750005e-14,
            3.959582661750005e-14,
            3.959582661750005e-14,
            3.959582661750005e-14
        ]
    },
    "observation.state": {
        "min": [
            -0.21849308907985687,
            -8.772760391235352,
            0.017094017937779427,
            0.23857957124710083,
            -12.466554641723633,
            -0.6593406796455383,
            -0.6899623274803162,
            -19.854141235351562,
            0.8644688725471497,
            0.12879426777362823,
            -18.007244110107422,
            -0.2490842491388321,
            -0.14286570250988007,
            -6.296239376068115,
            0.056410256773233414,
            0.03296900540590286,
            -4.897075176239014,
            -0.016117217019200325,
            -0.28745928406715393,
            -24.471384048461914,
            -1.0632479190826416,
            -4.898626804351807,
            -59.56242752075195,
            -1.3919414281845093,
            0.18400992453098297,
            -17.083797454833984,
            -0.6593406796455383,
            0.48003605008125305,
            -18.007244110107422,
            -1.0402930974960327,
            0.6264111399650574,
            -4.897075176239014,
            -0.4781440794467926,
            -0.12088635563850403,
            -18.189136505126953,
            -0.06178266182541847,
            0.0,
            0.0,
            0.0,
            1.0,
            0.0,
            0.0,
            0.0
        ],
        "max": [
            -0.10859639942646027,
            7.849311828613281,
            0.26324787735939026,
            0.2825382351875305,
            6.925863265991211,
            -0.34676435589790344,
            -0.6460036039352417,
            16.160348892211914,
            1.245421290397644,
            0.15077359974384308,
            15.236899375915527,
            -0.014652014710009098,
            -0.12088635563850403,
            5.5966572761535645,
            0.11550671607255936,
            0.0549483448266983,
            5.5966572761535645,
            0.048351649194955826,
            0.2620241641998291,
            22.624486923217773,
            1.1111111640930176,
            4.970095634460449,
            102.04105377197266,
            2.183150291442871,
            0.3598446249961853,
            18.930692672729492,
            -0.4542124569416046,
            0.5020154118537903,
            14.313450813293457,
            -0.8644688725471497,
            0.7143284678459167,
            5.5966572761535645,
            -0.37069597840309143,
            0.1538553684949875,
            9.794150352478027,
            0.11282051354646683,
            0.0,
            0.0,
            0.0,
            1.0,
            0.0,
            0.0,
            0.0
        ],
        "mean": [
            -0.16101711988449097,
            -0.7156727313995361,
            0.14270077645778656,
            0.2513274848461151,
            -0.47557583451271057,
            -0.5215141773223877,
            -0.6691924333572388,
            -0.7756963968276978,
            1.0710625648498535,
            0.12923374772071838,
            0.286268949508667,
            -0.12307698279619217,
            -0.12456784397363663,
            0.08744774013757706,
            0.0810830295085907,
            0.04412351921200752,
            0.766042172908783,
            0.006406597327440977,
            0.048824459314346313,
            -0.2816517949104309,
            -0.12564106285572052,
            -0.33505600690841675,
            1.5606274604797363,
            0.09968254715204239,
            0.2647838592529297,
            -0.35552772879600525,
            -0.5522335171699524,
            0.5015750527381897,
            -0.7064381241798401,
            -0.9456408023834229,
            0.6874585151672363,
            0.10493729263544083,
            -0.4353664815425873,
            0.088851697742939,
            0.7975237369537354,
            -0.020294273272156715,
            0.0,
            0.0,
            0.0,
            1.0,
            0.0,
            0.0,
            0.0
        ],