{
    "action": {
        "min": [
            0.0,
            -9.996841430664062,
            0.0,
            0.0,
            0.0,
            0.0,
            0.0,
            0.0,
            0.0,
            0.0,
            0.0,
            0.0
        ],
        "max": [
            0.0,
            9.999802589416504,
            0.0,
            0.0,
            0.0,
            0.0,
            0.0,
            0.0,
            0.0,
            0.0,
            0.0,
            0.0
        ],
        "mean": [
            0.0,
            1.1214410066604614,
            0.0,
            0.0,
            0.0,
            0.0,
            0.0,
            0.0,
            0.0,
            0.0,
            0.0,
            0.0
        ],
        "std": [
            0.0,
            6.87050199508667,
            0.0,
            0.0,
            0.0,
            0.0,
            0.0,
            0.0,
            0.0,
            0.0,
            0.0,
            0.0
        ],
        "count": [
            200
        ],
        "q01": [
            3.9995784462121265e-16,
            -9.996841430664062,
            3.9995784462121265e-16,
            3.9995784462121265e-16,
            3.9995784462121265e-16,
            3.9995784462121265e-16,
            3.9995784462121265e-16,
            3.9995784462121265e-16,
            3.9995784462121265e-16,
            3.9995784462121265e-16,
            3.9995784462121265e-16,
            3.9995784462121265e-16
        ],
        "q10": [
            3.999578446212126e-15,
            -9.27296257019043,
            3.999578446212126e-15,
            3.999578446212126e-15,
            3.999578446212126e-15,
            3.999578446212126e-15,
            3.999578446212126e-15,
            3.999578446212126e-15,
            3.999578446212126e-15,
            3.999578446212126e-15,
            3.999578446212126e-15,
            3.999578446212126e-15
        ],
        "q50": [
            1.9997892231060632e-14,
            1.9371557235717773,
            1.9997892231060632e-14,
            1.9997892231060632e-14,
            1.9997892231060632e-14,
            1.9997892231060632e-14,
            1.9997892231060632e-14,
            1.9997892231060632e-14,
            1.9997892231060632e-14,
            1.9997892231060632e-14,
            1.9997892231060632e-14,
            1.9997892231060632e-14
        ],
        "q90": [
            3.599620601590914e-14,
            9.655858993530273,
            3.599620601590914e-14,
            3.599620601590914e-14,
            3.599620601590914e-14,
            3.599620601590914e-14,
            3.599620601590914e-14,
            3.599620601590914e-14,
            3.599620601590914e-14,
            3.599620601590914e-14,
            3.599620601590914e-14,
            3.599620601590914e-14
        ],
        "q99": [
            3.959582661750005e-14,
            9.997135480244955,
            3.959582661750005e-14,
            3.959582661750005e-14,
            3.959582661750005e-14,
            3.959582661750005e-14,
            3.959582661750005e-14,
            3.959582661750005e-14,
            3.959582661750005e-14,
            3.959582661750005e-14,
            3.959582661750005e-14,
            3.959582661750005e-14
        ]
    },
    "observation.state": {
        "min": [
            -0.24047242105007172,
            -7.849311828613281,
            0.003418803447857499,
            -9.190556526184082,
            -64.1796646118164,
            -0.7765567898750305,
            -0.711941659450531,
            -17.083797454833984,
            0.8644688725471497,
            0.06285625696182251,
            -18.930692672729492,
            -0.10256410390138626,
            -0.12088635563850403,
            -5.5966572761535645,
            0.051037851721048355,
            0.03296900540590286,
            -3.497910737991333,
            -0.010744811035692692,
            0.020251436159014702,
            -6.925863265991211,
            -0.1606837660074234,
            -0.3489038646221161,
            -12.466554641723633,
            0.2490842491388321,
            0.2499479353427887,
            -16.160348892211914,
            -0.6593406796455383,
            0.48003605008125305,
            -19.854141235351562,
            -1.0402930974960327,
            0.6044318079948425,
            -5.5966572761535645,
            -0.424420028924942,
            0.06593801081180573,
            -3.497910737991333,
            -0.04029304161667824,
            0.0,
            0.0,
            0.0,
            1.0,
            0.0,
            0.0,
            0.0
        ],
        "max": [
            -0.1305757462978363,
            5.0789666175842285,
            0.37948718667030334,
            9.294066429138184,
            60.48587417602539,
            0.5323565602302551,
            -0.6460036039352417,
            15.236899375915527,
            1.186813235282898,
            0.08483558893203735,
            18.930692672729492,
            0.10256410390138626,
            -0.09890701621770859,
            4.897075176239014,
            0.09670329838991165,
            0.0549483448266983,
            6.995821475982666,
            0.03760683909058571,
            0.04223077371716499,
            5.0789666175842285,
            -0.03760683909058571,
            -0.3049452006816864,
            7.849311828613281,
            0.6202686429023743,
            0.27192726731300354,
            17.083797454833984,
            -0.4542124569416046,
            0.5020154118537903,
            23.547935485839844,
            -0.8644688725471497,
            0.6264111399650574,
            4.197493076324463,
            -0.3518925607204437,
            0.07692768424749374,
            6.296239376068115,
            0.03492063656449318,
            0.0,
            0.0,
            0.0,
            1.0,
            0.0,
            0.0,
            0.0
        ],
        "mean": [
            -0.16332495212554932,
            -0.4201691448688507,
            0.14352133870124817,
            1.2089670896530151,
            -0.8311032652854919,
            -0.13372406363487244,
            -0.6690824627876282,
            -0.4524897336959839,
            1.0688649415969849,
            0.07153824716806412,
            1.4082586765289307,
            -0.023882806301116943,
            -0.10638019442558289,
            -0.10843522846698761,
            0.06947868317365646,
            0.04351910203695297,
            0.6820929646492004,
            0.007722838316112757,
            0.03992287442088127,
            -0.33244141936302185,
            -0.10936751961708069,
            -0.3276934325695038,
            -0.42478638887405396,
            0.45509177446365356,
            0.27093788981437683,
            -0.27703458070755005,
            -0.5649808645248413,
            0.5015751123428345,
            0.27241745591163635,
            -0.94446861743927,
            0.6139938831329346,
            -0.2658412456512451,
            -0.3888950049877167,
            0.07352102547883987,
            0.7415571808815002,
            -0.01137608289718628,
            0.0,
            0.0,
            0.0,
            1.0,
            0.0,
            0.0,
            0.0
        ],