{
    "action": {
        "min": [
            -5.0,
            0.0,
            0.0,
            0.0,
            0.0,
            0.0,
            0.0,
            0.0,
            0.0,
            0.0,
            0.0,
            0.0
        ],
        "max": [
            5.0,
            0.0,
            0.0,
            0.0,
            0.0,
            0.0,
            0.0,
            0.0,
            0.0,
            0.0,
            0.0,
            0.0
        ],
        "mean": [
            -0.02500000037252903,
            0.0,
            0.0,
            0.0,
            0.0,
            0.0,
            0.0,
            0.0,
            0.0,
            0.0,
            0.0,
            0.0
        ],
        "std": [
            4.077300071716309,
            0.0,
            0.0,
            0.0,
            0.0,
            0.0,
            0.0,
            0.0,
            0.0,
            0.0,
            0.0,
            0.0
        ],
        "count": [
            200
        ],
        "q01": [
            -5.0,
            3.9995784462121265e-16,
            3.9995784462121265e-16,
            3.9995784462121265e-16,
            3.9995784462121265e-16,
            3.9995784462121265e-16,
            3.9995784462121265e-16,
            3.9995784462121265e-16,
            3.9995784462121265e-16,
            3.9995784462121265e-16,
            3.9995784462121265e-16,
            3.9995784462121265e-16
        ],
        "q10": [
            -5.0,
            3.999578446212126e-15,
            3.999578446212126e-15,
            3.999578446212126e-15,
            3.999578446212126e-15,
            3.999578446212126e-15,
            3.999578446212126e-15,
            3.999578446212126e-15,
            3.999578446212126e-15,
            3.999578446212126e-15,
            3.999578446212126e-15,
            3.999578446212126e-15
        ],
        "q50": [
            0.0009852380894902926,
            1.9997892231060632e-14,
            1.9997892231060632e-14,
            1.9997892231060632e-14,
            1.9997892231060632e-14,
            1.9997892231060632e-14,
            1.9997892231060632e-14,
            1.9997892231060632e-14,
            1.9997892231060632e-14,
            1.9997892231060632e-14,
            1.9997892231060632e-14,
            1.9997892231060632e-14
        ],
        "q90": [
            4.999393983320757,
            3.599620601590914e-14,
            3.599620601590914e-14,
            3.599620601590914e-14,
            3.599620601590914e-14,
            3.599620601590914e-14,
            3.599620601590914e-14,
            3.599620601590914e-14,
            3.599620601590914e-14,
            3.599620601590914e-14,
            3.599620601590914e-14,
            3.599620601590914e-14
        ],
        "q99": [
            4.999939398332075,
            3.959582661750005e-14,
            3.959582661750005e-14,
            3.959582661750005e-14,
            3.959582661750005e-14,
            3.959582661750005e-14,
            3.959582661750005e-14,
            3.959582661750005e-14,
            3.959582661750005e-14,
            3.959582661750005e-14,
            3.959582661750005e-14,
            3.959582661750005e-14
        ]
    },
    "observation.state": {
        "min": [
            -5.185823440551758,
            -70.64380645751953,
            -1.6512820720672607,
            -0.0031931453850120306,
            -21.701038360595703,
            -1.870573878288269,
            -0.8218383193016052,
            -19.854141235351562,
            0.6593406796455383,
            0.06285625696182251,
            -14.313450813293457,
            -0.16117216646671295,
            -0.08791735023260117,
            -4.197493076324463,
            0.021489622071385384,
            -0.12088635563850403,
            -4.197493076324463,
            0.06715507060289383,
            -0.02370723895728588,
            -6.002415180206299,
            -0.27008548378944397,
            -0.3489038646221161,
            -11.543106079101562,
            0.23931623995304108,
            0.2499479353427887,
            -18.930692672729492,
            -0.6300366520881653,
            0.48003605008125305,
            -14.313450813293457,
            -1.0695971250534058,
            0.6483904719352722,
            -6.296239376068115,
            -0.4593406617641449,
            0.0,
            -5.5966572761535645,
            -0.010744811035692692,
            0.0,
            0.0,
            0.0,
            1.0,
            0.0,
            0.0,
            0.0
        ],
        "max": [
            4.990610122680664,
            149.13693237304688,
            1.7538461685180664,
            0.5023316144943237,
            17.083797454833984,
            0.6495726704597473,
            -0.4921482503414154,
            14.313450813293457,
            1.3626374006271362,
            0.12879426777362823,
            17.083797454833984,
            0.10256410390138626,
            -0.06593801081180573,
            4.897075176239014,
            0.08864469081163406,
            -0.06593801081180573,
            4.897075176239014,
            0.13968254625797272,
            0.08618944883346558,
            5.0789666175842285,
            0.017094017937779427,
            -0.28296586871147156,
            7.849311828613281,
            0.6300366520881653,
            0.27192726731300354,
            18.007244110107422,
            -0.4542124569416046,
            0.5239947438240051,
            21.701038360595703,
            -0.8351648449897766,
            0.6703698039054871,
            3.497910737991333,
            -0.3841269910335541,
            0.03296900540590286,
            5.5966572761535645,
            0.05909645929932594,
            0.0,
            0.0,
            0.0,
            1.0,
            0.0,
            0.0,
            0.0
        ],
        "mean": [
            -0.33289554715156555,
            2.1054630279541016,
            0.0898803174495697,
            0.24792057275772095,
            -0.5725379586219788,
            -0.5191695690155029,
            -0.6633672118186951,
            -0.8126345872879028,
            1.0523074865341187,
            0.08296749740839005,
            1.0619657039642334,
            -0.036044031381607056,
            -0.07489468902349472,
            0.3567868173122406,
            0.049949951469898224,
            -0.09379693865776062,
            0.7345613837242126,
            0.09736141562461853,
            0.022449379786849022,
            -0.655648410320282,
            -0.09046155214309692,
            -0.32263851165771484,
            -0.4571070969104767,
            0.43814414739608765,
            0.26137688755989075,
            -0.9465352892875671,
            -0.549889326095581,
            0.5017948746681213,
            0.12928283214569092,
            -0.9431499242782593,
            0.6616330146789551,
            -0.06646031141281128,
            -0.417395681142807,
            0.012473272159695625,
            0.8709797859191895,
            0.02469964697957039,
            0.0,
            0.0,
            0.0,
            1.0,
            0.0,
            0.0,
            0.0
        ],