{
    "action": {
        "min": [
            0.0,
            0.0,
            -10.0,
            0.0,
            0.0,
            0.0,
            0.0,
            0.0,
            0.0,
            0.0,
            0.0,
            0.0
        ],
        "max": [
            0.0,
            0.0,
            10.0,
            0.0,
            0.0,
            0.0,
            0.0,
            0.0,
            0.0,
            0.0,
            0.0,
            0.0
        ],
        "mean": [
            0.0,
            0.0,
            1.5497207073167374e-08,
            0.0,
            0.0,
            0.0,
            0.0,
            0.0,
            0.0,
            0.0,
            0.0,
            0.0
        ],
        "std": [
            0.0,
            0.0,
            7.071067810058594,
            0.0,
            0.0,
            0.0,
            0.0,
            0.0,
            0.0,
            0.0,
            0.0,
            0.0
        ],
        "count": [
            200
        ],
        "q01": [
            3.9995784462121265e-16,
            3.9995784462121265e-16,
            -10.0,
            3.9995784462121265e-16,
            3.9995784462121265e-16,
            3.9995784462121265e-16,
            3.9995784462121265e-16,
            3.9995784462121265e-16,
            3.9995784462121265e-16,
            3.9995784462121265e-16,
            3.9995784462121265e-16,
            3.9995784462121265e-16
        ],
        "q10": [
            3.999578446212126e-15,
            3.999578446212126e-15,
            -9.510000228881836,
            3.999578446212126e-15,
            3.999578446212126e-15,
            3.999578446212126e-15,
            3.999578446212126e-15,
            3.999578446212126e-15,
            3.999578446212126e-15,
            3.999578446212126e-15,
            3.999578446212126e-15,
            3.999578446212126e-15
        ],
        "q50": [
            1.9997892231060632e-14,
            1.9997892231060632e-14,
            0.0,
            1.9997892231060632e-14,
            1.9997892231060632e-14,
            1.9997892231060632e-14,
            1.9997892231060632e-14,
            1.9997892231060632e-14,
            1.9997892231060632e-14,
            1.9997892231060632e-14,
            1.9997892231060632e-14,
            1.9997892231060632e-14
        ],
        "q90": [
            3.599620601590914e-14,
            3.599620601590914e-14,
            9.510001182556152,
            3.599620601590914e-14,
            3.599620601590914e-14,
            3.599620601590914e-14,
            3.599620601590914e-14,
            3.599620601590914e-14,
            3.599620601590914e-14,
            3.599620601590914e-14,
            3.599620601590914e-14,
            3.599620601590914e-14
        ],
        "q99": [
            3.959582661750005e-14,
            3.959582661750005e-14,
            9.998400115966797,
            3.959582661750005e-14,
            3.959582661750005e-14,
            3.959582661750005e-14,
            3.959582661750005e-14,
            3.959582661750005e-14,
            3.959582661750005e-14,
            3.959582661750005e-14,
            3.959582661750005e-14,
            3.959582661750005e-14
        ]
    },
    "observation.state": {
        "min": [
            -0.6141211986541748,
            -29.088626861572266,
            -1.056410312652588,
            -0.0031931453850120306,
            -15.236899375915527,
            -2.3882784843444824,
            -9.217945098876953,
            -226.70660400390625,
            -7.164834976196289,
            -0.33277183771133423,
            -32.78242111206055,
            -1.186813235282898,
            -0.1538553684949875,
            -6.296239376068115,
            -0.002686202758923173,
            -0.13187602162361145,
            -10.493732452392578,
            0.053724054247140884,
            -0.5072526931762695,
            -12.466554641723633,
            -0.9196581244468689,
            -0.6126559376716614,
            -10.619657516479492,
            -0.8449328541755676,
            -2.1677792072296143,
            -91.88312530517578,
            -6.315018177032471,
            0.32618069648742676,
            -20.777589797973633,
            -1.5677655935287476,
            0.5165144205093384,
            -12.59247875213623,
            -0.6017094254493713,
            -0.1098966896533966,
            -6.995821475982666,
            -0.04029304161667824,
            0.0,
            0.0,
            0.0,
            1.0,
            0.0,
            0.0,
            0.0
        ],
        "max": [
            0.4408870339393616,
            22.624486923217773,
            1.3504273891448975,
            0.8100423216819763,
            16.160348892211914,
            0.29792430996894836,
            8.211669921875,
            251.63970947265625,
            8.981684684753418,
            0.3705669939517975,
            25.394832611083984,
            0.8937729001045227,
            -0.010989668779075146,
            10.493732452392578,
            0.11819291859865189,
            -0.04395867511630058,
            8.394986152648926,
            0.15848596394062042,
            0.4598381817340851,
            17.083797454833984,
            0.9743589758872986,
            0.024744868278503418,
            15.236899375915527,
            1.5384615659713745,
            2.6896543502807617,
            94.6534652709961,
            5.34798526763916,
            0.677850067615509,
            31.858972549438477,
            -0.5128205418586731,
            0.9011528491973877,
            11.193314552307129,
            -0.31697192788124084,
            0.13187602162361145,
            10.493732452392578,
            0.09670329838991165,
            0.0,
            0.0,
            0.0,
            1.0,
            0.0,
            0.0,
            0.0
        ],
        "mean": [
            -0.14497222006320953,
            -0.26318293809890747,
            0.1226324662566185,
            0.2806697189807892,
            -0.6417968273162842,
            -0.5617582201957703,
            -0.3790646493434906,
            -6.7827277183532715,
            0.9134065508842468,
            0.08703364431858063,
            -0.3416760265827179,
            -0.05260075628757477,
            -0.08418099582195282,
            -0.2168704867362976,
            0.05475826561450958,
            -0.09275290369987488,
            0.7905279397964478,
            0.09518557786941528,
            0.021020688116550446,
            -0.24009661376476288,
            -0.10088890790939331,
            -0.3123084008693695,
            -0.2816518545150757,
            0.42354080080986023,
            0.3851209580898285,
            -2.0685253143310547,
            -0.6908425092697144,
            0.5141040682792664,
            0.07387588918209076,
            -0.9620512127876282,
            0.7106468677520752,
            0.1574060171842575,
            -0.44699740409851074,
            0.010934718884527683,
            0.7380591034889221,
            0.028030533343553543,
            0.0,
            0.0,
            0.0,
            1.0,
            0.0,
            0.0,
            0.0
        ],