{
    "action": {
        "min": [
            0.0,
            0.0,
            -10.0,
            0.0,
            0.0,
            0.0,
            0.0,
            0.0,
            0.0,
            0.0,
            0.0,
            0.0
        ],
        "max": [
            0.0,
            0.0,
            10.0,
            0.0,
            0.0,
            0.0,
            0.0,
            0.0,
            0.0,
            0.0,
            0.0,
            0.0
        ],
        "mean": [
            0.0,
            0.0,
            -8.791685246478664e-08,
            0.0,
            0.0,
            0.0,
            0.0,
            0.0,
            0.0,
            0.0,
            0.0,
            0.0
        ],
        "std": [
            0.0,
            0.0,
            7.0710673332214355,
            0.0,
            0.0,
            0.0,
            0.0,
            0.0,
            0.0,
            0.0,
            0.0,
            0.0
        ],
        "count": [
            200
        ],
        "q01": [
            3.9995784462121265e-16,
            3.9995784462121265e-16,
            -9.99399995803833,
            3.9995784462121265e-16,
            3.9995784462121265e-16,
            3.9995784462121265e-16,
            3.9995784462121265e-16,
            3.9995784462121265e-16,
            3.9995784462121265e-16,
            3.9995784462121265e-16,
            3.9995784462121265e-16,
            3.9995784462121265e-16
        ],
        "q10": [
            3.999578446212126e-15,
            3.999578446212126e-15,
            -9.510000228881836,
            3.999578446212126e-15,
            3.999578446212126e-15,
            3.999578446212126e-15,
            3.999578446212126e-15,
            3.999578446212126e-15,
            3.999578446212126e-15,
            3.999578446212126e-15,
            3.999578446212126e-15,
            3.999578446212126e-15
        ],
        "q50": [
            1.9997892231060632e-14,
            1.9997892231060632e-14,
            0.0020003318786621094,
            1.9997892231060632e-14,
            1.9997892231060632e-14,
            1.9997892231060632e-14,
            1.9997892231060632e-14,
            1.9997892231060632e-14,
            1.9997892231060632e-14,
            1.9997892231060632e-14,
            1.9997892231060632e-14,
            1.9997892231060632e-14
        ],
        "q90": [
            3.599620601590914e-14,
            3.599620601590914e-14,
            9.510001182556152,
            3.599620601590914e-14,
            3.599620601590914e-14,
            3.599620601590914e-14,
            3.599620601590914e-14,
            3.599620601590914e-14,
            3.599620601590914e-14,
            3.599620601590914e-14,
            3.599620601590914e-14,
            3.599620601590914e-14
        ],
        "q99": [
            3.959582661750005e-14,
            3.959582661750005e-14,
            9.994000434875488,
            3.959582661750005e-14,
            3.959582661750005e-14,
            3.959582661750005e-14,
            3.959582661750005e-14,
            3.959582661750005e-14,
            3.959582661750005e-14,
            3.959582661750005e-14,
            3.959582661750005e-14,
            3.959582661750005e-14
        ]
    },
    "observation.state": {
        "min": [
            -0.37234845757484436,
            -8.772760391235352,
            -0.13333334028720856,
            0.12868288159370422,
            -8.772760391235352,
            -0.7374847531318665,
            -11.042230606079102,
            -188.84521484375,
            -3.7362637519836426,
            -0.025061096996068954,
            -18.007244110107422,
            -0.2490842491388321,
            -0.06593801081180573,
            -4.897075176239014,
            0.008058608509600163,
            -0.1098966896533966,
            -5.5966572761535645,
            0.07521367818117142,
            -0.02370723895728588,
            -6.002415180206299,
            -0.20170940458774567,
            -0.3489038646221161,
            -8.772760391235352,
            0.29792430996894836,
            0.18400992453098297,
            -18.930692672729492,
            -0.6593406796455383,
            0.48003605008125305,
            -16.160348892211914,
            -1.0402930974960327,
            0.6044318079948425,
            -4.897075176239014,
            -0.4324786365032196,
            -0.0549483448266983,
            -6.296239376068115,
            0.018803419545292854,
            0.0,
            0.0,
            0.0,
            1.0,
            0.0,
            0.0,
            0.0
        ],
        "max": [
            0.0013002868508920074,
            9.696208953857422,
            0.4888888895511627,
            0.30451759696006775,
            8.772760391235352,
            -0.22954823076725006,
            9.57438850402832,
            164.83555603027344,
            5.289377212524414,
            0.19473227858543396,
            23.547935485839844,
            0.21978022158145905,
            -0.03296900540590286,
            4.897075176239014,
            0.06178266182541847,
            -0.08791735023260117,
            4.897075176239014,
            0.13431014120578766,
            0.04223077371716499,
            5.0789666175842285,
            0.03760683909058571,
            -0.3049452006816864,
            8.772760391235352,
            0.6300366520881653,
            0.33786529302597046,
            15.236899375915527,
            -0.42490842938423157,
            0.5020154118537903,
            19.854141235351562,
            -0.8351648449897766,
            0.6264111399650574,
            4.897075176239014,
            -0.35457876324653625,
            -0.02197933755815029,
            6.995821475982666,
            0.09670329838991165,
            0.0,
            0.0,
            0.0,
            1.0,
            0.0,
            0.0,
            0.0
        ],
        "mean": [
            -0.1603577584028244,
            -0.34629327058792114,
            0.13589738309383392,
            0.2337440699338913,
            -0.04155520349740982,
            -0.4884006083011627,
            -0.46049803495407104,
            -7.484549045562744,
            1.1101832389831543,
            0.07681332528591156,
            0.20777574181556702,
            -0.027692317962646484,
            -0.04764023795723915,
            0.06646029651165009,
            0.03205985203385353,
            -0.1019294261932373,
            0.5491721630096436,
            0.1013101264834404,
            0.014976415783166885,
            -0.6140936017036438,
            -0.07535042613744736,
            -0.33121025562286377,
            -0.07849311083555222,
            0.46124544739723206,
            0.27324575185775757,
            -0.7018208503723145,
            -0.567618191242218,
            0.49706947803497314,
            -0.9234480261802673,
            -0.9327471256256104,
            0.6141588687896729,
            0.06296241283416748,
            -0.387457937002182,
            -0.035441674292087555,
            0.7205696105957031,
            0.056866906583309174,
            0.0,
            0.0,
            0.0,
            1.0,
            0.0,
            0.0,
            0.0
        ],