{
    "action": {
        "min": [
            0.0,
            0.0,
            0.0,
            0.0,
            0.0,
            -9.999802589416504,
            0.0,
            0.0,
            0.0,
            0.0,
            0.0,
            0.0
        ],
        "max": [
            0.0,
            0.0,
            0.0,
            0.0,
            0.0,
            9.999210357666016,
            0.0,
            0.0,
            0.0,
            0.0,
            0.0,
            0.0
        ],
        "mean": [
            0.0,
            0.0,
            0.0,
            0.0,
            0.0,
            0.23768490552902222,
            0.0,
            0.0,
            0.0,
            0.0,
            0.0,
            0.0
        ],
        "std": [
            0.0,
            0.0,
            0.0,
            0.0,
            0.0,
            7.011688232421875,
            0.0,
            0.0,
            0.0,
            0.0,
            0.0,
            0.0
        ],
        "count": [
            200
        ],
        "q01": [
            3.9995784462121265e-16,
            3.9995784462121265e-16,
            3.9995784462121265e-16,
            3.9995784462121265e-16,
            3.9995784462121265e-16,
            -9.991803169250488,
            3.9995784462121265e-16,
            3.9995784462121265e-16,
            3.9995784462121265e-16,
            3.9995784462121265e-16,
            3.9995784462121265e-16,
            3.9995784462121265e-16
        ],
        "q10": [
            3.999578446212126e-15,
            3.999578446212126e-15,
            3.999578446212126e-15,
            3.999578446212126e-15,
            3.999578446212126e-15,
            -9.487828254699707,
            3.999578446212126e-15,
            3.999578446212126e-15,
            3.999578446212126e-15,
            3.999578446212126e-15,
            3.999578446212126e-15,
            3.999578446212126e-15
        ],
        "q50": [
            1.9997892231060632e-14,
            1.9997892231060632e-14,
            1.9997892231060632e-14,
            1.9997892231060632e-14,
            1.9997892231060632e-14,
            0.5676746368408203,
            1.9997892231060632e-14,
            1.9997892231060632e-14,
            1.9997892231060632e-14,
            1.9997892231060632e-14,
            1.9997892231060632e-14,
            1.9997892231060632e-14
        ],
        "q90": [
            3.599620601590914e-14,
            3.599620601590914e-14,
            3.599620601590914e-14,
            3.599620601590914e-14,
            3.599620601590914e-14,
            9.4512357711792,
            3.599620601590914e-14,
            3.599620601590914e-14,
            3.599620601590914e-14,
            3.599620601590914e-14,
            3.599620601590914e-14,
            3.599620601590914e-14
        ],
        "q99": [
            3.959582661750005e-14,
            3.959582661750005e-14,
            3.959582661750005e-14,
            3.959582661750005e-14,
            3.959582661750005e-14,
            9.995209693908691,
            3.959582661750005e-14,
            3.959582661750005e-14,
            3.959582661750005e-14,
            3.959582661750005e-14,
            3.959582661750005e-14,
            3.959582661750005e-14
        ]
    },
    "observation.state": {
        "min": [
            -0.174534410238266,
            -7.849311828613281,
            0.04444444552063942,
            0.23857957124710083,
            -8.772760391235352,
            -0.6788766980171204,
            -0.6899623274803162,
            -18.930692672729492,
            0.8351648449897766,
            0.08483558893203735,
            -15.236899375915527,
            -0.16117216646671295,
            -0.5384937524795532,
            -13.991642951965332,
            -0.22832722961902618,
            -6.395987510681152,
            -141.3155975341797,
            -1.7487179040908813,
            0.020251436159014702,
            -6.002415180206299,
            -0.1538461595773697,
            -0.32692453265190125,
            -10.619657516479492,
            0.21978022158145905,
            0.2499479353427887,
            -20.777589797973633,
            -0.6593406796455383,
            0.48003605008125305,
            -16.160348892211914,
            -1.0402930974960327,
            0.6374008059501648,
            -6.296239376068115,
            -0.4485958516597748,
            0.06593801081180573,
            -4.197493076324463,
            -0.056410256773233414,
            0.0,
            0.0,
            0.0,
            1.0,
            0.0,
            0.0,
            0.0
        ],
        "max": [
            -0.1305757462978363,
            7.849311828613281,
            0.2153846174478531,
            0.2605589032173157,
            6.925863265991211,
            -0.35653236508369446,
            -0.6679829359054565,
            20.777589797973633,
            1.216117262840271,
            0.1068149283528328,
            18.930692672729492,
            0.04395604506134987,
            0.13187602162361145,
            17.489553451538086,
            0.36532357335090637,
            9.022518157958984,
            160.90390014648438,
            0.569474995136261,
            0.020251436159014702,
            6.002415180206299,
            -0.023931624367833138,
            -0.3049452006816864,
            8.772760391235352,
            0.5714285969734192,
            0.27192726731300354,
            15.236899375915527,
            -0.48351648449897766,
            0.5020154118537903,
            12.466554641723633,
            -0.8351648449897766,
            0.6703698039054871,
            5.5966572761535645,
            -0.378754585981369,
            0.08791735023260117,
            6.296239376068115,
            0.013431013561785221,
            0.0,
            0.0,
            0.0,
            1.0,
            0.0,
            0.0,
            0.0
        ],
        "mean": [
            -0.15936879813671112,
            -0.5448346138000488,
            0.14157263934612274,
            0.2513274848461151,
            -0.5771554708480835,
            -0.5256653428077698,
            -0.6696320176124573,
            0.39246559143066406,
            1.0751652717590332,
            0.10373800992965698,
            0.055406879633665085,
            -0.06739933788776398,
            -0.23556354641914368,
            -0.03148120269179344,
            0.13902443647384644,
            0.5651437640190125,
            2.9767205715179443,
            -0.29906830191612244,
            0.02025146223604679,
            -0.3693792223930359,
            -0.08690599352121353,
            -0.31186914443969727,
            -0.5771550536155701,
            0.4290597438812256,
            0.26203617453575134,
            -1.117372989654541,
            -0.5490102171897888,
            0.4886074960231781,
            -1.0342625379562378,
            -0.9238098859786987,
            0.6562479138374329,
            -0.22036844491958618,
            -0.41317808628082275,
            0.07819163799285889,
            0.912955105304718,
            -0.014760701917111874,
            0.0,
            0.0,
            0.0,
            1.0,
            0.0,
            0.0,
            0.0
        ],