{
    "action": {
        "min": [
            0.0,
            0.0,
            0.0,
            -9.999802589416504,
            0.0,
            0.0,
            0.0,
            0.0,
            0.0,
            0.0,
            0.0,
            0.0
        ],
        "max": [
            0.0,
            0.0,
            0.0,
            9.998223304748535,
            0.0,
            0.0,
            0.0,
            0.0,
            0.0,
            0.0,
            0.0,
            0.0
        ],
        "mean": [
            0.0,
            0.0,
            0.0,
            0.4759037494659424,
            0.0,
            0.0,
            0.0,
            0.0,
            0.0,
            0.0,
            0.0,
            0.0
        ],
        "std": [
            0.0,
            0.0,
            0.0,
            6.963190078735352,
            0.0,
            0.0,
            0.0,
            0.0,
            0.0,
            0.0,
            0.0,
            0.0
        ],
        "count": [
            200
        ],
        "q01": [
            3.9995784462121265e-16,
            3.9995784462121265e-16,
            3.9995784462121265e-16,
            -9.999802589416504,
            3.9995784462121265e-16,
            3.9995784462121265e-16,
            3.9995784462121265e-16,
            3.9995784462121265e-16,
            3.9995784462121265e-16,
            3.9995784462121265e-16,
            3.9995784462121265e-16,
            3.9995784462121265e-16
        ],
        "q10": [
            3.999578446212126e-15,
            3.999578446212126e-15,
            3.999578446212126e-15,
            -9.42785930633545,
            3.999578446212126e-15,
            3.999578446212126e-15,
            3.999578446212126e-15,
            3.999578446212126e-15,
            3.999578446212126e-15,
            3.999578446212126e-15,
            3.999578446212126e-15,
            3.999578446212126e-15
        ],
        "q50": [
            1.9997892231060632e-14,
            1.9997892231060632e-14,
            1.9997892231060632e-14,
            1.0071115493774414,
            1.9997892231060632e-14,
            1.9997892231060632e-14,
            1.9997892231060632e-14,
            1.9997892231060632e-14,
            1.9997892231060632e-14,
            1.9997892231060632e-14,
            1.9997892231060632e-14,
            1.9997892231060632e-14
        ],
        "q90": [
            3.599620601590914e-14,
            3.599620601590914e-14,
            3.599620601590914e-14,
            9.346287727355957,
            3.599620601590914e-14,
            3.599620601590914e-14,
            3.599620601590914e-14,
            3.599620601590914e-14,
            3.599620601590914e-14,
            3.599620601590914e-14,
            3.599620601590914e-14,
            3.599620601590914e-14
        ],
        "q99": [
            3.959582661750005e-14,
            3.959582661750005e-14,
            3.959582661750005e-14,
            9.994223594665527,
            3.959582661750005e-14,
            3.959582661750005e-14,
            3.959582661750005e-14,
            3.959582661750005e-14,
            3.959582661750005e-14,
            3.959582661750005e-14,
            3.959582661750005e-14,
            3.959582661750005e-14
        ]
    },
    "observation.state": {
        "min": [
            -0.174534410238266,
            -6.925863265991211,
            -0.010256410576403141,
            0.23857957124710083,
            -9.696208953857422,
            -0.6886447072029114,
            -0.8218383193016052,
            -25.394832611083984,
            0.8058608174324036,
            -8.838775634765625,
            -121.4334716796875,
            -2.153846263885498,
            -0.0549483448266983,
            -4.197493076324463,
            0.010744811035692692,
            -0.08791735023260117,
            -3.497910737991333,
            0.06715507060289383,
            0.020251436159014702,
            -5.0789666175842285,
            -0.19487179815769196,
            -0.32692453265190125,
            -10.619657516479492,
            0.2686202824115753,
            0.20598925650119781,
            -18.007244110107422,
            -0.6886447072029114,
            0.48003605008125305,
            -18.007244110107422,
            -1.0402930974960327,
            0.5384937524795532,
            -4.897075176239014,
            -0.3760683834552765,
            -0.07692768424749374,
            -6.995821475982666,
            0.03760683909058571,
            0.0,
            0.0,
            0.0,
            1.0,
            0.0,
            0.0,
            0.0
        ],
        "max": [
            -0.08661706745624542,
            6.002415180206299,
            0.2222222238779068,
            0.2825382351875305,
            7.849311828613281,
            -0.34676435589790344,
            -0.5580862760543823,
            20.777589797973633,
            1.3333333730697632,
            10.041475296020508,
            123.2803726196289,
            1.0402930974960327,
            -0.03296900540590286,
            5.5966572761535645,
            0.053724054247140884,
            -0.07692768424749374,
            5.5966572761535645,
            0.1101343110203743,
            0.04223077371716499,
            5.0789666175842285,
            -0.017094017937779427,
            -0.3049452006816864,
            6.925863265991211,
            0.5909646153450012,
            0.33786529302597046,
            17.083797454833984,
            -0.4542124569416046,
            0.5239947438240051,
            18.007244110107422,
            -0.8644688725471497,
            0.5604730844497681,
            4.197493076324463,
            -0.3142857253551483,
            -0.04395867511630058,
            4.897075176239014,
            0.09938950091600418,
            0.0,
            0.0,
            0.0,
            1.0,
            0.0,
            0.0,
            0.0
        ],
        "mean": [
            -0.15519274771213531,
            -0.47557610273361206,
            0.13709406554698944,
            0.2553938031196594,
            -0.6464138031005859,
            -0.5333821773529053,
            -0.6674337983131409,
            -0.8357210755348206,
            1.0590481758117676,
            0.5758540630340576,
            5.115903854370117,
            -0.5632234811782837,
            -0.04384877160191536,
            -0.13292056322097778,
            0.028446905314922333,
            -0.07857631891965866,
            0.5036991238594055,
            0.08757021278142929,
            0.03871401399374008,
            -0.3278244137763977,
            -0.10964100062847137,
            -0.32109978795051575,
            -0.44325533509254456,
            0.4382907450199127,
            0.2729160785675049,
            -1.0896689891815186,
            -0.5737719535827637,
            0.5026740431785583,
            -0.5448347330093384,
            -0.9532603621482849,
            0.5505279302597046,
            -0.0279832910746336,
            -0.3493002653121948,
            -0.05621227249503136,
            0.5036992430686951,
            0.07055312395095825,
            0.0,
            0.0,
            0.0,
            1.0,
            0.0,
            0.0,
            0.0
        ],