{
    "action": {
        "min": [
            0.0,
            0.0,
            0.0,
            0.0,
            -9.996841430664062,
            0.0,
            0.0,
            0.0,
            0.0,
            0.0,
            0.0,
            0.0
        ],
        "max": [
            0.0,
            0.0,
            0.0,
            0.0,
            10.0,
            0.0,
            0.0,
            0.0,
            0.0,
            0.0,
            0.0,
            0.0
        ],
        "mean": [
            0.0,
            0.0,
            0.0,
            0.0,
            0.8136031627655029,
            0.0,
            0.0,
            0.0,
            0.0,
            0.0,
            0.0,
            0.0
        ],
        "std": [
            0.0,
            0.0,
            0.0,
            0.0,
            6.9429826736450195,
            0.0,
            0.0,
            0.0,
            0.0,
            0.0,
            0.0,
            0.0
        ],
        "count": [
            200
        ],
        "q01": [
            3.9995784462121265e-16,
            3.9995784462121265e-16,
            3.9995784462121265e-16,
            3.9995784462121265e-16,
            -9.996841430664062,
            3.9995784462121265e-16,
            3.9995784462121265e-16,
            3.9995784462121265e-16,
            3.9995784462121265e-16,
            3.9995784462121265e-16,
            3.9995784462121265e-16,
            3.9995784462121265e-16
        ],
        "q10": [
            3.999578446212126e-15,
            3.999578446212126e-15,
            3.999578446212126e-15,
            3.999578446212126e-15,
            -9.34094524383545,
            3.999578446212126e-15,
            3.999578446212126e-15,
            3.999578446212126e-15,
            3.999578446212126e-15,
            3.999578446212126e-15,
            3.999578446212126e-15,
            3.999578446212126e-15
        ],
        "q50": [
            1.9997892231060632e-14,
            1.9997892231060632e-14,
            1.9997892231060632e-14,
            1.9997892231060632e-14,
            1.5053415298461914,
            1.9997892231060632e-14,
            1.9997892231060632e-14,
            1.9997892231060632e-14,
            1.9997892231060632e-14,
            1.9997892231060632e-14,
            1.9997892231060632e-14,
            1.9997892231060632e-14
        ],
        "q90": [
            3.599620601590914e-14,
            3.599620601590914e-14,
            3.599620601590914e-14,
            3.599620601590914e-14,
            9.588064193725586,
            3.599620601590914e-14,
            3.599620601590914e-14,
            3.599620601590914e-14,
            3.599620601590914e-14,
            3.599620601590914e-14,
            3.599620601590914e-14,
            3.599620601590914e-14
        ],
        "q99": [
            3.959582661750005e-14,
            3.959582661750005e-14,
            3.959582661750005e-14,
            3.959582661750005e-14,
            9.98800277709961,
            3.959582661750005e-14,
            3.959582661750005e-14,
            3.959582661750005e-14,
            3.959582661750005e-14,
            3.959582661750005e-14,
            3.959582661750005e-14,
            3.959582661750005e-14
        ]
    },
    "observation.state": {
        "min": [
            -0.174534410238266,
            -6.002415180206299,
            0.0923076942563057,
            0.23857957124710083,
            -9.696208953857422,
            -0.6495726704597473,
            -0.6899623274803162,
            -18.930692672729492,
            0.8644688725471497,
            0.06285625696182251,
            -19.854141235351562,
            -0.16117216646671295,
            -9.561012268066406,
            -123.12646484375,
            -0.41904762387275696,
            -0.5714628100395203,
            -18.888717651367188,
            -0.28205129504203796,
            -0.0017279012827202678,
            -6.925863265991211,
            -0.12649573385715485,
            -0.32692453265190125,
            -9.696208953857422,
            0.21978022158145905,
            0.2499479353427887,
            -14.313450813293457,
            -0.6593406796455383,
            0.5020154118537903,
            -19.854141235351562,
            -1.0402930974960327,
            0.6813594698905945,
            -5.5966572761535645,
            -0.470085471868515,
            0.08791735023260117,
            -4.897075176239014,
            -0.05909645929932594,
            0.0,
            0.0,
            0.0,
            1.0,
            0.0,
            0.0,
            0.0
        ],
        "max": [
            -0.15255507826805115,
            6.002415180206299,
            0.20854701101779938,
            0.2605589032173157,
            7.849311828613281,
            -0.22954823076725006,
            -0.6460036039352417,
            20.777589797973633,
            1.216117262840271,
            0.1068149283528328,
            20.777589797973633,
            0.07326007634401321,
            9.308249473571777,
            121.727294921875,
            0.5345543622970581,
            0.2637520432472229,
            18.189136505126953,
            0.3223443329334259,
            0.020251436159014702,
            5.0789666175842285,
            -0.003418803447857499,
            -0.28296586871147156,
            9.696208953857422,
            0.5518925786018372,
            0.27192726731300354,
            16.160348892211914,
            -0.48351648449897766,
            0.5020154118537903,
            16.160348892211914,
            -0.8644688725471497,
            0.7033388018608093,
            4.897075176239014,
            -0.3975580036640167,
            0.1098966896533966,
            6.296239376068115,
            0.002686202758923173,
            0.0,
            0.0,
            0.0,
            1.0,
            0.0,
            0.0,
            0.0
        ],
        "mean": [
            -0.16310518980026245,
            -0.28626906871795654,
            0.14249572157859802,
            0.25099778175354004,
            -0.16622070968151093,
            -0.5239072442054749,
            -0.6688628196716309,
            -0.646414041519165,
            1.0694507360458374,
            0.0848357304930687,
            0.858807384967804,
            -0.04249090328812599,
            0.6908106207847595,
            1.1822941303253174,
            0.09612574428319931,
            -0.008571947924792767,
            0.7065780758857727,
            0.03297313302755356,
            0.01684465818107128,
            -0.5910072326660156,
            -0.0741196870803833,
            -0.3057151138782501,
            -0.2816518545150757,
            0.41167277097702026,
            0.2707180976867676,
            -0.5217484831809998,
            -0.5592665672302246,
            0.5020146369934082,
            -0.7341415286064148,
            -0.9408056735992432,
            0.6919651031494141,
            -0.15740591287612915,
            -0.43790480494499207,
            0.09577510505914688,
            0.7660427689552307,
            -0.023746050894260406,
            0.0,
            0.0,
            0.0,
            1.0,
            0.0,
            0.0,
            0.0
        ],