{
    "action": {
        "min": [
            0.0,
            0.0,
            0.0,
            0.0,
            0.0,
            0.0,
            0.0,
            0.0,
            0.0,
            -9.999210357666016,
            0.0,
            0.0
        ],
        "max": [
            0.0,
            0.0,
            0.0,
            0.0,
            0.0,
            0.0,
            0.0,
            0.0,
            0.0,
            9.999210357666016,
            0.0,
            0.0
        ],
        "mean": [
            0.0,
            0.0,
            0.0,
            0.0,
            0.0,
            0.0,
            0.0,
            0.0,
            0.0,
            1.8137778043746948,
            0.0,
            0.0
        ],
        "std": [
            0.0,
            0.0,
            0.0,
            0.0,
            0.0,
            0.0,
            0.0,
            0.0,
            0.0,
            6.652874946594238,
            0.0,
            0.0
        ],
        "count": [
            200
        ],
        "q01": [
            3.9995784462121265e-16,
            3.9995784462121265e-16,
            3.9995784462121265e-16,
            3.9995784462121265e-16,
            3.9995784462121265e-16,
            3.9995784462121265e-16,
            3.9995784462121265e-16,
            3.9995784462121265e-16,
            3.9995784462121265e-16,
            -9.9912109375,
            3.9995784462121265e-16,
            3.9995784462121265e-16
        ],
        "q10": [
            3.999578446212126e-15,
            3.999578446212126e-15,
            3.999578446212126e-15,
            3.999578446212126e-15,
            3.999578446212126e-15,
            3.999578446212126e-15,
            3.999578446212126e-15,
            3.999578446212126e-15,
            3.999578446212126e-15,
            -8.819303512573242,
            3.999578446212126e-15,
            3.999578446212126e-15
        ],
        "q50": [
            1.9997892231060632e-14,
            1.9997892231060632e-14,
            1.9997892231060632e-14,
            1.9997892231060632e-14,
            1.9997892231060632e-14,
            1.9997892231060632e-14,
            1.9997892231060632e-14,
            1.9997892231060632e-14,
            1.9997892231060632e-14,
            2.97176456451416,
            1.9997892231060632e-14,
            1.9997892231060632e-14
        ],
        "q90": [
            3.599620601590914e-14,
            3.599620601590914e-14,
            3.599620601590914e-14,
            3.599620601590914e-14,
            3.599620601590914e-14,
            3.599620601590914e-14,
            3.599620601590914e-14,
            3.599620601590914e-14,
            3.599620601590914e-14,
            9.655237197875977,
            3.599620601590914e-14,
            3.599620601590914e-14
        ],
        "q99": [
            3.959582661750005e-14,
            3.959582661750005e-14,
            3.959582661750005e-14,
            3.959582661750005e-14,
            3.959582661750005e-14,
            3.959582661750005e-14,
            3.959582661750005e-14,
            3.959582661750005e-14,
            3.959582661750005e-14,
            9.995210647583008,
            3.959582661750005e-14,
            3.959582661750005e-14
        ]
    },
    "observation.state": {
        "min": [
            -0.174534410238266,
            -6.925863265991211,
            0.07179487496614456,
            0.216600239276886,
            -7.849311828613281,
            -0.6398046612739563,
            -0.6899623274803162,
            -18.930692672729492,
            0.8351648449897766,
            0.06285625696182251,
            -13.390002250671387,
            -0.16117216646671295,
            -0.07692768424749374,
            -5.5966572761535645,
            0.013431013561785221,
            -0.14286570250988007,
            -6.296239376068115,
            0.09401709586381912,
            -0.06766591221094131,
            -6.002415180206299,
            -0.11282051354646683,
            -0.3489038646221161,
            -8.772760391235352,
            0.23931623995304108,
            0.16203057765960693,
            -20.777589797973633,
            -0.8644688725471497,
            -9.520562171936035,
            -94.6534652709961,
            -2.3003664016723633,
            0.5824524760246277,
            -4.197493076324463,
            -0.40830281376838684,
            0.03296900540590286,
            -3.497910737991333,
            -0.026862027123570442,
            0.0,
            0.0,
            0.0,
            1.0,
            0.0,
            0.0,
            0.0
        ],
        "max": [
            -0.1305757462978363,
            7.849311828613281,
            0.20854701101779938,
            0.2605589032173157,
            6.925863265991211,
            -0.3369963467121124,
            -0.6460036039352417,
            19.854141235351562,
            1.186813235282898,
            0.1068149283528328,
            16.160348892211914,
            0.10256410390138626,
            -0.0549483448266983,
            6.296239376068115,
            0.083272285759449,
            -0.12088635563850403,
            6.296239376068115,
            0.15042735636234283,
            -0.0017279012827202678,
            6.002415180206299,
            0.1606837660074234,
            -0.3049452006816864,
            6.925863265991211,
            0.6593406796455383,
            0.5356793403625488,
            18.007244110107422,
            -0.3956044018268585,
            9.557502746582031,
            100.19416046142578,
            0.9523809552192688,
            0.6044318079948425,
            5.5966572761535645,
            -0.3411477506160736,
            0.0549483448266983,
            4.897075176239014,
            0.04029304161667824,
            0.0,
            0.0,
            0.0,
            1.0,
            0.0,
            0.0,
            0.0
        ],
        "mean": [
            -0.15772034227848053,
            -0.16622072458267212,
            0.1430085301399231,
            0.2380296289920807,
            -0.5448348522186279,
            -0.49333301186561584,
            -0.6677638292312622,
            -0.33705878257751465,
            1.0665210485458374,
            0.08417636156082153,
            0.503279447555542,
            -0.03575097396969795,
            -0.06016852334141731,
            0.13292059302330017,
            0.03799635171890259,
            -0.1291835457086563,
            0.6995823383331299,
            0.11686325818300247,
            -0.02304784767329693,
            -0.13390004634857178,
            -0.028034210205078125,
            -0.3283528983592987,
            -0.4294033348560333,
            0.44385826587677,
            0.2712676227092743,
            -0.013851719908416271,
            -0.5690833926200867,
            2.1638731956481934,
            -2.456376075744629,
            -0.43340665102005005,
            0.5958049893379211,
            0.06296239048242569,
            -0.377666711807251,
            0.044782914221286774,
            0.6016407608985901,
            0.0066214920952916145,
            0.0,
            0.0,
            0.0,
            1.0,
            0.0,
            0.0,
            0.0
        ],