{
    "action": {
        "min": [
            0.0,
            0.0,
            0.0,
            -9.999210357666016,
            0.0,
            0.0,
            0.0,
            0.0,
            0.0,
            0.0,
            0.0,
            0.0
        ],
        "max": [
            0.0,
            0.0,
            0.0,
            9.999210357666016,
            0.0,
            0.0,
            0.0,
            0.0,
            0.0,
            0.0,
            0.0,
            0.0
        ],
        "mean": [
            0.0,
            0.0,
            0.0,
            1.8137778043746948,
            0.0,
            0.0,
            0.0,
            0.0,
            0.0,
            0.0,
            0.0,
            0.0
        ],
        "std": [
            0.0,
            0.0,
            0.0,
            6.652874946594238,
            0.0,
            0.0,
            0.0,
            0.0,
            0.0,
            0.0,
            0.0,
            0.0
        ],
        "count": [
            200
        ],
        "q01": [
            3.9995784462121265e-16,
            3.9995784462121265e-16,
            3.9995784462121265e-16,
            -9.9912109375,
            3.9995784462121265e-16,
            3.9995784462121265e-16,
            3.9995784462121265e-16,
            3.9995784462121265e-16,
            3.9995784462121265e-16,
            3.9995784462121265e-16,
            3.9995784462121265e-16,
            3.9995784462121265e-16
        ],
        "q10": [
            3.999578446212126e-15,
            3.999578446212126e-15,
            3.999578446212126e-15,
            -8.819303512573242,
            3.999578446212126e-15,
            3.999578446212126e-15,
            3.999578446212126e-15,
            3.999578446212126e-15,
            3.999578446212126e-15,
            3.999578446212126e-15,
            3.999578446212126e-15,
            3.999578446212126e-15
        ],
        "q50": [
            1.9997892231060632e-14,
            1.9997892231060632e-14,
            1.9997892231060632e-14,
            2.97176456451416,
            1.9997892231060632e-14,
            1.9997892231060632e-14,
            1.9997892231060632e-14,
            1.9997892231060632e-14,
            1.9997892231060632e-14,
            1.9997892231060632e-14,
            1.9997892231060632e-14,
            1.9997892231060632e-14
        ],
        "q90": [
            3.599620601590914e-14,
            3.599620601590914e-14,
            3.599620601590914e-14,
            9.655237197875977,
            3.599620601590914e-14,
            3.599620601590914e-14,
            3.599620601590914e-14,
            3.599620601590914e-14,
            3.599620601590914e-14,
            3.599620601590914e-14,
            3.599620601590914e-14,
            3.599620601590914e-14
        ],
        "q99": [
            3.959582661750005e-14,
            3.959582661750005e-14,
            3.959582661750005e-14,
            9.995210647583008,
            3.959582661750005e-14,
            3.959582661750005e-14,
            3.959582661750005e-14,
            3.959582661750005e-14,
            3.959582661750005e-14,
            3.959582661750005e-14,
            3.959582661750005e-14,
            3.959582661750005e-14
        ]
    },
    "observation.state": {
        "min": [
            -0.24047242105007172,
            -6.925863265991211,
            -0.04444444552063942,
            0.19462089240550995,
            -11.543106079101562,
            -0.6593406796455383,
            -0.8657969832420349,
            -29.088626861572266,
            0.8351648449897766,
            -8.750858306884766,
            -93.73001861572266,
            -2.007326126098633,
            -0.12088635563850403,
            -6.995821475982666,
            0.048351649194955826,
            0.03296900540590286,
            -4.897075176239014,
            -0.016117217019200325,
            -0.0017279012827202678,
            -6.002415180206299,
            -0.14700855314731598,
            -0.32692453265190125,
            -11.543106079101562,
            0.2686202824115753,
            0.2499479353427887,
            -18.007244110107422,
            -0.6593406796455383,
            0.48003605008125305,
            -18.930692672729492,
            -1.0402930974960327,
            0.5494834184646606,
            -5.5966572761535645,
            -0.38949939608573914,
            0.07692768424749374,
            -5.5966572761535645,
            -0.056410256773233414,
            0.0,
            0.0,
            0.0,
            1.0,
            0.0,
            0.0,
            0.0
        ],
        "max": [
            -0.06463772803544998,
            5.0789666175842285,
            0.2905983030796051,
            0.2605589032173157,
            10.619657516479492,
            -0.3076923191547394,
            -0.47016891837120056,
            18.007244110107422,
            1.3626374006271362,
            10.085433959960938,
            100.19416046142578,
            1.4798535108566284,
            -0.09890701621770859,
            4.197493076324463,
            0.10207570344209671,
            0.0549483448266983,
            8.394986152648926,
            0.02954822964966297,
            0.04223077371716499,
            5.0789666175842285,
            -0.003418803447857499,
            -0.3049452006816864,
            7.849311828613281,
            0.6495726704597473,
            0.3158859610557556,
            13.390002250671387,
            -0.4542124569416046,
            0.5020154118537903,
            16.160348892211914,
            -0.8351648449897766,
            0.5714628100395203,
            5.5966572761535645,
            -0.3196581304073334,
            0.1098966896533966,
            4.897075176239014,
            0.010744811035692692,
            0.0,
            0.0,
            0.0,
            1.0,
            0.0,
            0.0,
            0.0
        ],
        "mean": [
            -0.15464331209659576,
            -0.5910071730613708,
            0.1314871609210968,
            0.23857909440994263,
            -0.18930692970752716,
            -0.4990963041782379,
            -0.6671042442321777,
            -0.4155518412590027,
            1.0610992908477783,
            2.3115620613098145,
            -1.3990200757980347,
            -0.5526739954948425,
            -0.1092924177646637,
            -0.11193310469388962,
            0.06970702111721039,
            0.04379384219646454,
            0.5316823720932007,
            0.0062319934368133545,
            0.017504042014479637,
            -0.4617243707180023,
            -0.07774360477924347,
            -0.32560548186302185,
            -0.42016905546188354,
            0.44356539845466614,
            0.2715972363948822,
            0.0784931480884552,
            -0.55648273229599,
            0.5001463890075684,
            -0.6741174459457397,
            -0.9408057928085327,
            0.5603075623512268,
            0.017489546909928322,
            -0.3549817204475403,
            0.08830197155475616,
            0.47921422123908997,
            -0.02165081351995468,
            0.0,
            0.0,
            0.0,
            1.0,
            0.0,
            0.0,
            0.0
        ],