{
    "action": {
        "min": [
            0.0,
            0.0,
            0.0,
            0.0,
            0.0,
            0.0,
            0.0,
            0.0,
            0.0,
            0.0,
            0.0,
            -9.999210357666016
        ],
        "max": [
            0.0,
            0.0,
            0.0,
            0.0,
            0.0,
            0.0,
            0.0,
            0.0,
            0.0,
            0.0,
            0.0,
            9.999210357666016
        ],
        "mean": [
            0.0,
            0.0,
            0.0,
            0.0,
            0.0,
            0.0,
            0.0,
            0.0,
            0.0,
            0.0,
            0.0,
            0.31960082054138184
        ],
        "std": [
            0.0,
            0.0,
            0.0,
            0.0,
            0.0,
            0.0,
            0.0,
            0.0,
            0.0,
            0.0,
            0.0,
            6.9959516525268555
        ],
        "count": [
            200
        ],
        "q01": [
            3.9995784462121265e-16,
            3.9995784462121265e-16,
            3.9995784462121265e-16,
            3.9995784462121265e-16,
            3.9995784462121265e-16,
            3.9995784462121265e-16,
            3.9995784462121265e-16,
            3.9995784462121265e-16,
            3.9995784462121265e-16,
            3.9995784462121265e-16,
            3.9995784462121265e-16,
            -9.999210357666016
        ],
        "q10": [
            3.999578446212126e-15,
            3.999578446212126e-15,
            3.999578446212126e-15,
            3.999578446212126e-15,
            3.999578446212126e-15,
            3.999578446212126e-15,
            3.999578446212126e-15,
            3.999578446212126e-15,
            3.999578446212126e-15,
            3.999578446212126e-15,
            3.999578446212126e-15,
            -9.507248878479004
        ],
        "q50": [
            1.9997892231060632e-14,
            1.9997892231060632e-14,
            1.9997892231060632e-14,
            1.9997892231060632e-14,
            1.9997892231060632e-14,
            1.9997892231060632e-14,
            1.9997892231060632e-14,
            1.9997892231060632e-14,
            1.9997892231060632e-14,
            1.9997892231060632e-14,
            1.9997892231060632e-14,
            0.7559394836425781
        ],
        "q90": [
            3.599620601590914e-14,
            3.599620601590914e-14,
            3.599620601590914e-14,
            3.599620601590914e-14,
            3.599620601590914e-14,
            3.599620601590914e-14,
            3.599620601590914e-14,
            3.599620601590914e-14,
            3.599620601590914e-14,
            3.599620601590914e-14,
            3.599620601590914e-14,
            9.429255485534668
        ],
        "q99": [
            3.959582661750005e-14,
            3.959582661750005e-14,
            3.959582661750005e-14,
            3.959582661750005e-14,
            3.959582661750005e-14,
            3.959582661750005e-14,
            3.959582661750005e-14,
            3.959582661750005e-14,
            3.959582661750005e-14,
            3.959582661750005e-14,
            3.959582661750005e-14,
            9.993210792541504
        ]
    },
    "observation.state": {
        "min": [
            -0.174534410238266,
            -6.002415180206299,
            0.06495726853609085,
            0.23857957124710083,
            -9.696208953857422,
            -0.6788766980171204,
            -0.6899623274803162,
            -16.160348892211914,
            0.8644688725471497,
            0.08483558893203735,
            -16.160348892211914,
            -0.16117216646671295,
            -0.13187602162361145,
            -4.897075176239014,
            0.053724054247140884,
            0.03296900540590286,
            -5.5966572761535645,
            -0.016117217019200325,
            0.020251436159014702,
            -6.925863265991211,
            -0.1675213724374771,
            -0.3049452006816864,
            -10.619657516479492,
            0.1318681389093399,
            0.2499479353427887,
            -20.777589797973633,
            -0.6300366520881653,
            0.48003605008125305,
            -19.854141235351562,
            -1.0109890699386597,
            -0.07692768424749374,
            -24.485376358032227,
            -0.37069597840309143,
            -7.022398471832275,
            -106.33648681640625,
            -1.4505494832992554,
            0.0,
            0.0,
            0.0,
            1.0,
            0.0,
            0.0,
            0.0
        ],
        "max": [
            -0.15255507826805115,
            5.0789666175842285,
            0.24273504316806793,
            0.2605589032173157,
            6.925863265991211,
            -0.3663003742694855,
            -0.6679829359054565,
            14.313450813293457,
            1.216117262840271,
            0.1068149283528328,
            16.160348892211914,
            0.04395604506134987,
            -0.09890701621770859,
            4.897075176239014,
            0.11282051354646683,
            0.06593801081180573,
            4.897075176239014,
            0.045665446668863297,
            0.04223077371716499,
            6.002415180206299,
            -0.017094017937779427,
            -0.28296586871147156,
            11.543106079101562,
            0.5811966061592102,
            0.27192726731300354,
            19.854141235351562,
            -0.48351648449897766,
            0.5020154118537903,
            13.390002250671387,
            -0.8058608174324036,
            0.7582871317863464,
            18.888717651367188,
            0.24175824224948883,
            8.484024047851562,
            117.52980041503906,
            0.7897436022758484,
            0.0,
            0.0,
            0.0,
            1.0,
            0.0,
            0.0,
            0.0
        ],
        "mean": [
            -0.1568412333726883,
            -0.43402087688446045,
            0.1349402368068695,
            0.2591303586959839,
            -0.4571070373058319,
            -0.5372403860092163,
            -0.6682034134864807,
            -1.0527310371398926,
            1.063003659248352,
            0.09285818040370941,
            0.21701040863990784,
            -0.05641031265258789,
            -0.11423778533935547,
            -0.13292062282562256,
            0.07381688803434372,
            0.050387684255838394,
            0.6016407608985901,
            0.00327716744504869,
            0.020471252501010895,
            -0.5078966617584229,
            -0.09422224014997482,
            -0.30219849944114685,
            -0.10157930105924606,
            0.4160196781158447,
            0.2700587213039398,
            0.14313453435897827,
            -0.5557501316070557,
            0.4806951880455017,
            -0.1846897006034851,
            -0.9156050086021423,
            0.13033758103847504,
            -0.31481197476387024,
            -0.0777924582362175,
            0.3911219835281372,
            3.1830971240997314,
            -0.1223028153181076,
            0.0,
            0.0,
            0.0,
            1.0,
            0.0,
            0.0,
            0.0
        ],