{
    "action": {
        "min": [
            0.0,
            0.0,
            0.0,
            0.0,
            0.0,
            0.0,
            0.0,
            0.0,
            -5.0,
            0.0,
            0.0,
            0.0
        ],
        "max": [
            0.0,
            0.0,
            0.0,
            0.0,
            0.0,
            0.0,
            0.0,
            0.0,
            5.0,
            0.0,
            0.0,
            0.0
        ],
        "mean": [
            0.0,
            0.0,
            0.0,
            0.0,
            0.0,
            0.0,
            0.0,
            0.0,
            -0.02500000037252903,
            0.0,
            0.0,
            0.0
        ],
        "std": [
            0.0,
            0.0,
            0.0,
            0.0,
            0.0,
            0.0,
            0.0,
            0.0,
            4.077300071716309,
            0.0,
            0.0,
            0.0
        ],
        "count": [
            200
        ],
        "q01": [
            3.9995784462121265e-16,
            3.9995784462121265e-16,
            3.9995784462121265e-16,
            3.9995784462121265e-16,
            3.9995784462121265e-16,
            3.9995784462121265e-16,
            3.9995784462121265e-16,
            3.9995784462121265e-16,
            -5.0,
            3.9995784462121265e-16,
            3.9995784462121265e-16,
            3.9995784462121265e-16
        ],
        "q10": [
            3.999578446212126e-15,
            3.999578446212126e-15,
            3.999578446212126e-15,
            3.999578446212126e-15,
            3.999578446212126e-15,
            3.999578446212126e-15,
            3.999578446212126e-15,
            3.999578446212126e-15,
            -5.0,
            3.999578446212126e-15,
            3.999578446212126e-15,
            3.999578446212126e-15
        ],
        "q50": [
            1.9997892231060632e-14,
            1.9997892231060632e-14,
            1.9997892231060632e-14,
            1.9997892231060632e-14,
            1.9997892231060632e-14,
            1.9997892231060632e-14,
            1.9997892231060632e-14,
            1.9997892231060632e-14,
            0.0009852380894902926,
            1.9997892231060632e-14,
            1.9997892231060632e-14,
            1.9997892231060632e-14
        ],
        "q90": [
            3.599620601590914e-14,
            3.599620601590914e-14,
            3.599620601590914e-14,
            3.599620601590914e-14,
            3.599620601590914e-14,
            3.599620601590914e-14,
            3.599620601590914e-14,
            3.599620601590914e-14,
            4.999393983320757,
            3.599620601590914e-14,
            3.599620601590914e-14,
            3.599620601590914e-14
        ],
        "q99": [
            3.959582661750005e-14,
            3.959582661750005e-14,
            3.959582661750005e-14,
            3.959582661750005e-14,
            3.959582661750005e-14,
            3.959582661750005e-14,
            3.959582661750005e-14,
            3.959582661750005e-14,
            4.999939398332075,
            3.959582661750005e-14,
            3.959582661750005e-14,
            3.959582661750005e-14
        ]
    },
    "observation.state": {
        "min": [
            -0.26245176792144775,
            -7.849311828613281,
            -0.10598290711641312,
            0.19462089240550995,
            -9.696208953857422,
            -0.8351648449897766,
            -0.9097557067871094,
            -32.78242111206055,
            0.5128205418586731,
            0.04087691754102707,
            -16.160348892211914,
            -0.21978022158145905,
            -0.14286570250988007,
            -4.897075176239014,
            0.0644688680768013,
            0.03296900540590286,
            -4.897075176239014,
            -0.010744811035692692,
            -0.2215212732553482,
            -9.696208953857422,
            -0.632478654384613,
            -0.39286255836486816,
            -9.696208953857422,
            -0.21978022158145905,
            -4.387692451477051,
            -76.18450164794922,
            -5.230769157409668,
            0.3481600284576416,
            -19.854141235351562,
            -1.3333333730697632,
            0.5714628100395203,
            -7.695404052734375,
            -0.4942612946033478,
            0.02197933755815029,
            -4.197493076324463,
            -0.048351649194955826,
            0.0,
            0.0,
            0.0,
            1.0,
            0.0,
            0.0,
            0.0
        ],
        "max": [
            -0.06463772803544998,
            8.772760391235352,
            0.4068376123905182,
            0.30451759696006775,
            9.696208953857422,
            -0.3174603283405304,
            -0.2723548710346222,
            25.394832611083984,
            1.5677655935287476,
            0.15077359974384308,
            18.007244110107422,
            0.16117216646671295,
            -0.12088635563850403,
            5.5966572761535645,
            0.11282051354646683,
            0.0549483448266983,
            5.5966572761535645,
            0.056410256773233414,
            0.24004481732845306,
            9.696208953857422,
            0.44102564454078674,
            -0.10713116079568863,
            9.696208953857422,
            0.8644688725471497,
            6.755831718444824,
            157.44796752929688,
            3.6776556968688965,
            0.6558707356452942,
            20.777589797973633,
            -0.6007326245307922,
            0.7802664637565613,
            6.995821475982666,
            -0.36532357335090637,
            0.09890701621770859,
            6.296239376068115,
            0.04297924414277077,
            0.0,
            0.0,
            0.0,
            1.0,
            0.0,
            0.0,
            0.0
        ],
        "mean": [
            -0.15892910957336426,
            -0.5125139951705933,
            0.14218801259994507,
            0.25209668278694153,
            -0.16622072458267212,
            -0.5261051654815674,
            -0.6588619947433472,
            -0.11543111503124237,
            1.0487909317016602,
            0.11582648009061813,
            0.14775171875953674,
            -0.09245425462722778,
            -0.12385359406471252,
            0.04197491332888603,
            0.0811098963022232,
            0.04242013767361641,
            0.7345610857009888,
            0.007964597083628178,
            0.004316413309425116,
            -0.4755759537220001,
            -0.059623945504426956,
            -0.25867894291877747,
            -0.43402084708213806,
            0.33211228251457214,
            0.24950797855854034,
            3.5875961780548096,
            -0.8640296459197998,
            0.500037431716919,
            0.05078971013426781,
            -0.9364109039306641,
            0.6760296821594238,
            -0.08394990116357803,
            -0.4267839789390564,
            0.061157580465078354,
            0.6785947680473328,
            -0.0028742370195686817,
            0.0,
            0.0,
            0.0,
            1.0,
            0.0,
            0.0,
            0.0
        ],