{
    "action": {
        "min": [
            0.0,
            0.0,
            0.0,
            0.0,
            0.0,
            0.0,
            -9.999210357666016,
            0.0,
            0.0,
            0.0,
            0.0,
            0.0
        ],
        "max": [
            0.0,
            0.0,
            0.0,
            0.0,
            0.0,
            0.0,
            9.999802589416504,
            0.0,
            0.0,
            0.0,
            0.0,
            0.0
        ],
        "mean": [
            0.0,
            0.0,
            0.0,
            0.0,
            0.0,
            0.0,
            0.3128361999988556,
            0.0,
            0.0,
            0.0,
            0.0,
            0.0
        ],
        "std": [
            0.0,
            0.0,
            0.0,
            0.0,
            0.0,
            0.0,
            7.091442584991455,
            0.0,
            0.0,
            0.0,
            0.0,
            0.0
        ],
        "count": [
            200
        ],
        "q01": [
            3.9995784462121265e-16,
            3.9995784462121265e-16,
            3.9995784462121265e-16,
            3.9995784462121265e-16,
            3.9995784462121265e-16,
            3.9995784462121265e-16,
            -9.9912109375,
            3.9995784462121265e-16,
            3.9995784462121265e-16,
            3.9995784462121265e-16,
            3.9995784462121265e-16,
            3.9995784462121265e-16
        ],
        "q10": [
            3.999578446212126e-15,
            3.999578446212126e-15,
            3.999578446212126e-15,
            3.999578446212126e-15,
            3.999578446212126e-15,
            3.999578446212126e-15,
            -9.563231468200684,
            3.999578446212126e-15,
            3.999578446212126e-15,
            3.999578446212126e-15,
            3.999578446212126e-15,
            3.999578446212126e-15
        ],
        "q50": [
            1.9997892231060632e-14,
            1.9997892231060632e-14,
            1.9997892231060632e-14,
            1.9997892231060632e-14,
            1.9997892231060632e-14,
            1.9997892231060632e-14,
            0.6922607421875,
            1.9997892231060632e-14,
            1.9997892231060632e-14,
            1.9997892231060632e-14,
            1.9997892231060632e-14,
            1.9997892231060632e-14
        ],
        "q90": [
            3.599620601590914e-14,
            3.599620601590914e-14,
            3.599620601590914e-14,
            3.599620601590914e-14,
            3.599620601590914e-14,
            3.599620601590914e-14,
            9.531824111938477,
            3.599620601590914e-14,
            3.599620601590914e-14,
            3.599620601590914e-14,
            3.599620601590914e-14,
            3.599620601590914e-14
        ],
        "q99": [
            3.959582661750005e-14,
            3.959582661750005e-14,
            3.959582661750005e-14,
            3.959582661750005e-14,
            3.959582661750005e-14,
            3.959582661750005e-14,
            9.997135480244955,
            3.959582661750005e-14,
            3.959582661750005e-14,
            3.959582661750005e-14,
            3.959582661750005e-14,
            3.959582661750005e-14
        ]
    },
    "observation.state": {
        "min": [
            -0.19651375710964203,
            -6.925863265991211,
            0.03076923079788685,
            0.23857957124710083,
            -9.696208953857422,
            -0.6788766980171204,
            -0.6899623274803162,
            -18.007244110107422,
            0.8644688725471497,
            0.06285625696182251,
            -20.777589797973633,
            -0.16117216646671295,
            -0.1098966896533966,
            -4.897075176239014,
            0.03760683909058571,
            -0.14286570250988007,
            -3.497910737991333,
            0.08595848828554153,
            -8.947318077087402,
            -110.35208892822266,
            -0.7350427508354187,
            -0.37088319659233093,
            -8.772760391235352,
            0.1318681389093399,
            0.11807190626859665,
            -18.007244110107422,
            -0.7179487347602844,
            0.48003605008125305,
            -17.083797454833984,
            -1.0109890699386597,
            0.6374008059501648,
            -4.897075176239014,
            -0.4485958516597748,
            0.04395867511630058,
            -4.897075176239014,
            -0.03223443403840065,
            0.0,
            0.0,
            0.0,
            1.0,
            0.0,
            0.0,
            0.0
        ],
        "max": [
            -0.1305757462978363,
            6.002415180206299,
            0.24957264959812164,
            0.2605589032173157,
            10.619657516479492,
            -0.3272283375263214,
            -0.6460036039352417,
            16.160348892211914,
            1.186813235282898,
            0.08483558893203735,
            18.930692672729492,
            0.07326007634401321,
            -0.08791735023260117,
            4.897075176239014,
            0.11282051354646683,
            -0.12088635563850403,
            5.5966572761535645,
            0.16923077404499054,
            8.790007591247559,
            111.27554321289062,
            0.9538461565971375,
            -0.23900718986988068,
            8.772760391235352,
            0.6788766980171204,
            0.3598446249961853,
            14.313450813293457,
            -0.3076923191547394,
            0.5020154118537903,
            17.083797454833984,
            -0.8351648449897766,
            0.6593801379203796,
            4.897075176239014,
            -0.3680097758769989,
            0.06593801081180573,
            5.5966572761535645,
            0.02954822964966297,
            0.0,
            0.0,
            0.0,
            1.0,
            0.0,
            0.0,
            0.0
        ],
        "mean": [
            -0.1649734377861023,
            -0.327824205160141,
            0.14724783599376678,
            0.24792058765888214,
            -0.817251980304718,
            -0.5119903087615967,
            -0.6645764708518982,
            0.4294036030769348,
            1.0578759908676147,
            0.0819784477353096,
            0.7479932904243469,
            -0.031501878052949905,
            -0.10236899554729462,
            -0.19588302075862885,
            0.0670744925737381,
            -0.1351180523633957,
            0.8255067467689514,
            0.12147004157304764,
            0.4950051009654999,
            -3.7722854614257812,
            0.07623932510614395,
            -0.30736300349235535,
            -0.5263656377792358,
            0.41499388217926025,
            0.2514866888523102,
            -0.4386378824710846,
            -0.5290839672088623,
            0.4914647340774536,
            -0.5356001257896423,
            -0.923663318157196,
            0.6489949226379395,
            0.13292060792446136,
            -0.4100756347179413,
            0.057860665023326874,
            0.5596657395362854,
            -0.0013162392424419522,
            0.0,
            0.0,
            0.0,
            1.0,
            0.0,
            0.0,
            0.0
        ],