{
    "action": {
        "min": [
            0.0,
            0.0,
            0.0,
            0.0,
            0.0,
            0.0,
            0.0,
            -10.0,
            0.0,
            0.0,
            0.0,
            0.0
        ],
        "max": [
            0.0,
            0.0,
            0.0,
            0.0,
            0.0,
            0.0,
            0.0,
            10.0,
            0.0,
            0.0,
            0.0,
            0.0
        ],
        "mean": [
            0.0,
            0.0,
            0.0,
            0.0,
            0.0,
            0.0,
            0.0,
            -1.633167272530045e-07,
            0.0,
            0.0,
            0.0,
            0.0
        ],
        "std": [
            0.0,
            0.0,
            0.0,
            0.0,
            0.0,
            0.0,
            0.0,
            7.071068286895752,
            0.0,
            0.0,
            0.0,
            0.0
        ],
        "count": [
            200
        ],
        "q01": [
            3.9995784462121265e-16,
            3.9995784462121265e-16,
            3.9995784462121265e-16,
            3.9995784462121265e-16,
            3.9995784462121265e-16,
            3.9995784462121265e-16,
            3.9995784462121265e-16,
            -10.0,
            3.9995784462121265e-16,
            3.9995784462121265e-16,
            3.9995784462121265e-16,
            3.9995784462121265e-16
        ],
        "q10": [
            3.999578446212126e-15,
            3.999578446212126e-15,
            3.999578446212126e-15,
            3.999578446212126e-15,
            3.999578446212126e-15,
            3.999578446212126e-15,
            3.999578446212126e-15,
            -9.510000228881836,
            3.999578446212126e-15,
            3.999578446212126e-15,
            3.999578446212126e-15,
            3.999578446212126e-15
        ],
        "q50": [
            1.9997892231060632e-14,
            1.9997892231060632e-14,
            1.9997892231060632e-14,
            1.9997892231060632e-14,
            1.9997892231060632e-14,
            1.9997892231060632e-14,
            1.9997892231060632e-14,
            0.0013335545857747395,
            1.9997892231060632e-14,
            1.9997892231060632e-14,
            1.9997892231060632e-14,
            1.9997892231060632e-14
        ],
        "q90": [
            3.599620601590914e-14,
            3.599620601590914e-14,
            3.599620601590914e-14,
            3.599620601590914e-14,
            3.599620601590914e-14,
            3.599620601590914e-14,
            3.599620601590914e-14,
            9.510001182556152,
            3.599620601590914e-14,
            3.599620601590914e-14,
            3.599620601590914e-14,
            3.599620601590914e-14
        ],
        "q99": [
            3.959582661750005e-14,
            3.959582661750005e-14,
            3.959582661750005e-14,
            3.959582661750005e-14,
            3.959582661750005e-14,
            3.959582661750005e-14,
            3.959582661750005e-14,
            9.984001159667969,
            3.959582661750005e-14,
            3.959582661750005e-14,
            3.959582661750005e-14,
            3.959582661750005e-14
        ]
    },
    "observation.state": {
        "min": [
            -0.26245176792144775,
            -9.696208953857422,
            -0.04444444552063942,
            0.1726415604352951,
            -9.696208953857422,
            -0.8644688725471497,
            -0.7339209914207458,
            -14.313450813293457,
            0.8351648449897766,
            0.06285625696182251,
            -16.160348892211914,
            -0.1318681389093399,
            -0.09890701621770859,
            -6.296239376068115,
            0.024175824597477913,
            -0.1538553684949875,
            -4.197493076324463,
            0.09670329838991165,
            -0.331417977809906,
            -18.007244110107422,
            -0.7623931765556335,
            -7.73396110534668,
            -121.4334716796875,
            -0.9230769276618958,
            0.008175218477845192,
            -25.394832611083984,
            -1.1282051801681519,
            0.4580567181110382,
            -17.083797454833984,
            -1.0402930974960327,
            0.6483904719352722,
            -5.5966572761535645,
            -0.4620268642902374,
            0.04395867511630058,
            -6.296239376068115,
            -0.06178266182541847,
            0.0,
            0.0,
            0.0,
            1.0,
            0.0,
            0.0,
            0.0
        ],
        "max": [
            -0.08661706745624542,
            7.849311828613281,
            0.4136752188205719,
            0.34847626090049744,
            8.772760391235352,
            -0.27838829159736633,
            -0.602044939994812,
            16.160348892211914,
            1.216117262840271,
            0.08483558893203735,
            21.701038360595703,
            0.10256410390138626,
            -0.07692768424749374,
            4.197493076324463,
            0.10476190596818924,
            -0.13187602162361145,
            6.296239376068115,
            0.18534798920154572,
            0.3059828281402588,
            12.466554641723633,
            0.8034188151359558,
            7.5196990966796875,
            113.1224365234375,
            1.3137973546981812,
            0.645576000213623,
            21.701038360595703,
            -0.16117216646671295,
            0.5239947438240051,
            19.854141235351562,
            -0.8058608174324036,
            0.7033388018608093,
            4.897075176239014,
            -0.378754585981369,
            0.14286570250988007,
            6.296239376068115,
            0.03492063656449318,
            0.0,
            0.0,
            0.0,
            1.0,
            0.0,
            0.0,
            0.0
        ],
        "mean": [
            -0.16772079467773438,
            -0.3324414789676666,
            0.15223929286003113,
            0.2512173652648926,
            -0.60947585105896,
            -0.5241024494171143,
            -0.6635872721672058,
            -0.5817726254463196,
            1.055677890777588,
            0.08076958358287811,
            0.31397244334220886,
            -0.025934094563126564,
            -0.08615902811288834,
            -0.18888719379901886,
            0.053576331585645676,
            -0.1413273960351944,
            0.7695403099060059,
            0.1270439177751541,
            0.017833702266216278,
            -0.8495726585388184,
            -0.07747005671262741,
            0.061450254172086716,
            -2.931947946548462,
            0.1754334419965744,
            0.28544458746910095,
            -1.4174928665161133,
            -0.5991208553314209,
            0.4960804879665375,
            -0.13851730525493622,
            -0.93304044008255,
            0.6731722354888916,
            -0.18538938462734222,
            -0.42587053775787354,
            0.07973014563322067,
            0.8080174326896667,
            -0.015311365947127342,
            0.0,
            0.0,
            0.0,
            1.0,
            0.0,
            0.0,
            0.0
        ],