{
    "action": {
        "min": [
            0.0,
            0.0,
            -9.999802589416504,
            0.0,
            0.0,
            0.0,
            0.0,
            0.0,
            0.0,
            0.0,
            0.0,
            0.0
        ],
        "max": [
            0.0,
            0.0,
            9.998223304748535,
            0.0,
            0.0,
            0.0,
            0.0,
            0.0,
            0.0,
            0.0,
            0.0,
            0.0
        ],
        "mean": [
            0.0,
            0.0,
            0.4759037494659424,
            0.0,
            0.0,
            0.0,
            0.0,
            0.0,
            0.0,
            0.0,
            0.0,
            0.0
        ],
        "std": [
            0.0,
            0.0,
            6.963190078735352,
            0.0,
            0.0,
            0.0,
            0.0,
            0.0,
            0.0,
            0.0,
            0.0,
            0.0
        ],
        "count": [
            200
        ],
        "q01": [
            3.9995784462121265e-16,
            3.9995784462121265e-16,
            -9.999802589416504,
            3.9995784462121265e-16,
            3.9995784462121265e-16,
            3.9995784462121265e-16,
            3.9995784462121265e-16,
            3.9995784462121265e-16,
            3.9995784462121265e-16,
            3.9995784462121265e-16,
            3.9995784462121265e-16,
            3.9995784462121265e-16
        ],
        "q10": [
            3.999578446212126e-15,
            3.999578446212126e-15,
            -9.42785930633545,
            3.999578446212126e-15,
            3.999578446212126e-15,
            3.999578446212126e-15,
            3.999578446212126e-15,
            3.999578446212126e-15,
            3.999578446212126e-15,
            3.999578446212126e-15,
            3.999578446212126e-15,
            3.999578446212126e-15
        ],
        "q50": [
            1.9997892231060632e-14,
            1.9997892231060632e-14,
            1.0071115493774414,
            1.9997892231060632e-14,
            1.9997892231060632e-14,
            1.9997892231060632e-14,
            1.9997892231060632e-14,
            1.9997892231060632e-14,
            1.9997892231060632e-14,
            1.9997892231060632e-14,
            1.9997892231060632e-14,
            1.9997892231060632e-14
        ],
        "q90": [
            3.599620601590914e-14,
            3.599620601590914e-14,
            9.346287727355957,
            3.599620601590914e-14,
            3.599620601590914e-14,
            3.599620601590914e-14,
            3.599620601590914e-14,
            3.599620601590914e-14,
            3.599620601590914e-14,
            3.599620601590914e-14,
            3.599620601590914e-14,
            3.599620601590914e-14
        ],
        "q99": [
            3.959582661750005e-14,
            3.959582661750005e-14,
            9.994223594665527,
            3.959582661750005e-14,
            3.959582661750005e-14,
            3.959582661750005e-14,
            3.959582661750005e-14,
            3.959582661750005e-14,
            3.959582661750005e-14,
            3.959582661750005e-14,
            3.959582661750005e-14,
            3.959582661750005e-14
        ]
    },
    "observation.state": {
        "min": [
            -0.26245176792144775,
            -6.002415180206299,
            -0.11965811997652054,
            0.216600239276886,
            -9.696208953857422,
            -0.7472527623176575,
            -10.58066463470459,
            -142.67279052734375,
            -1.831501841545105,
            -0.0030817596707493067,
            -18.007244110107422,
            -0.21978022158145905,
            -0.0549483448266983,
            -5.5966572761535645,
            0.008058608509600163,
            -0.09890701621770859,
            -4.197493076324463,
            0.06984127312898636,
            0.020251436159014702,
            -6.002415180206299,
            -0.20170940458774567,
            -0.32692453265190125,
            -8.772760391235352,
            0.20024420320987701,
            0.2499479353427887,
            -18.930692672729492,
            -0.6593406796455383,
            0.48003605008125305,
            -18.930692672729492,
            -1.0402930974960327,
            0.5384937524795532,
            -6.296239376068115,
            -0.39218559861183167,
            -0.07692768424749374,
            -4.897075176239014,
            0.03492063656449318,
            0.0,
            0.0,
            0.0,
            1.0,
            0.0,
            0.0,
            0.0
        ],
        "max": [
            -0.02067905105650425,
            6.925863265991211,
            0.39316239953041077,
            0.3264969289302826,
            7.849311828613281,
            -0.27838829159736633,
            9.596367835998535,
            131.59140014648438,
            4.820512771606445,
            0.12879426777362823,
            19.854141235351562,
            0.16117216646671295,
            -0.03296900540590286,
            4.897075176239014,
            0.051037851721048355,
            -0.06593801081180573,
            6.296239376068115,
            0.10744810849428177,
            0.04223077371716499,
            5.0789666175842285,
            -0.04444444552063942,
            -0.3049452006816864,
            7.849311828613281,
            0.5811966061592102,
            0.2939065992832184,
            18.930692672729492,
            -0.42490842938423157,
            0.5239947438240051,
            18.007244110107422,
            -0.8351648449897766,
            0.5714628100395203,
            4.897075176239014,
            -0.3035409152507782,
            -0.0549483448266983,
            4.897075176239014,
            0.11282051354646683,
            0.0,
            0.0,
            0.0,
            1.0,
            0.0,
            0.0,
            0.0
        ],
        "mean": [
            -0.15596197545528412,
            -0.3139724135398865,
            0.13500858843326569,
            0.2590203583240509,
            -0.5956242680549622,
            -0.5366054773330688,
            -0.504896342754364,
            5.069730758666992,
            1.1575095653533936,
            0.06988980621099472,
            0.023086128756403923,
            -0.013626372441649437,
            -0.043464139103889465,
            0.01748955063521862,
            0.0277753546833992,
            -0.08093905448913574,
            0.7030799984931946,
            0.0887521281838417,
            0.035966601222753525,
            -0.40170010924339294,
            -0.10369233787059784,
            -0.316264808177948,
            -0.4801933765411377,
            0.43233203887939453,
            0.27016857266426086,
            -0.4801931381225586,
            -0.5629295110702515,
            0.5019047260284424,
            -0.9511519074440002,
            -0.9481317400932312,
            0.5588789582252502,
            0.08744771033525467,
            -0.3512479066848755,
            -0.06654244661331177,
            0.8499922752380371,
            0.07596582174301147,
            0.0,
            0.0,
            0.0,
            1.0,
            0.0,
            0.0,
            0.0
        ],