{
    "action": {
        "min": [
            0.0,
            0.0,
            -10.0,
            0.0,
            0.0,
            0.0,
            0.0,
            0.0,
            0.0,
            0.0,
            0.0,
            0.0
        ],
        "max": [
            0.0,
            0.0,
            10.0,
            0.0,
            0.0,
            0.0,
            0.0,
            0.0,
            0.0,
            0.0,
            0.0,
            0.0
        ],
        "mean": [
            0.0,
            0.0,
            3.248453239734772e-08,
            0.0,
            0.0,
            0.0,
            0.0,
            0.0,
            0.0,
            0.0,
            0.0,
            0.0
        ],
        "std": [
            0.0,
            0.0,
            7.071067810058594,
            0.0,
            0.0,
            0.0,
            0.0,
            0.0,
            0.0,
            0.0,
            0.0,
            0.0
        ],
        "count": [
            200
        ],
        "q01": [
            3.9995784462121265e-16,
            3.9995784462121265e-16,
            -9.99399995803833,
            3.9995784462121265e-16,
            3.9995784462121265e-16,
            3.9995784462121265e-16,
            3.9995784462121265e-16,
            3.9995784462121265e-16,
            3.9995784462121265e-16,
            3.9995784462121265e-16,
            3.9995784462121265e-16,
            3.9995784462121265e-16
        ],
        "q10": [
            3.999578446212126e-15,
            3.999578446212126e-15,
            -9.510000228881836,
            3.999578446212126e-15,
            3.999578446212126e-15,
            3.999578446212126e-15,
            3.999578446212126e-15,
            3.999578446212126e-15,
            3.999578446212126e-15,
            3.999578446212126e-15,
            3.999578446212126e-15,
            3.999578446212126e-15
        ],
        "q50": [
            1.9997892231060632e-14,
            1.9997892231060632e-14,
            0.0020003318786621094,
            1.9997892231060632e-14,
            1.9997892231060632e-14,
            1.9997892231060632e-14,
            1.9997892231060632e-14,
            1.9997892231060632e-14,
            1.9997892231060632e-14,
            1.9997892231060632e-14,
            1.9997892231060632e-14,
            1.9997892231060632e-14
        ],
        "q90": [
            3.599620601590914e-14,
            3.599620601590914e-14,
            9.510001182556152,
            3.599620601590914e-14,
            3.599620601590914e-14,
            3.599620601590914e-14,
            3.599620601590914e-14,
            3.599620601590914e-14,
            3.599620601590914e-14,
            3.599620601590914e-14,
            3.599620601590914e-14,
            3.599620601590914e-14
        ],
        "q99": [
            3.959582661750005e-14,
            3.959582661750005e-14,
            9.994000434875488,
            3.959582661750005e-14,
            3.959582661750005e-14,
            3.959582661750005e-14,
            3.959582661750005e-14,
            3.959582661750005e-14,
            3.959582661750005e-14,
            3.959582661750005e-14,
            3.959582661750005e-14,
            3.959582661750005e-14
        ]
    },
    "observation.state": {
        "min": [
            -0.21849308907985687,
            -7.849311828613281,
            0.003418803447857499,
            0.1726415604352951,
            -10.619657516479492,
            -0.6300366520881653,
            -10.097118377685547,
            -73.41415405273438,
            -0.9523809552192688,
            0.04087691754102707,
            -17.083797454833984,
            -0.16117216646671295,
            -0.0549483448266983,
            -4.897075176239014,
            0.005372405517846346,
            -0.07692768424749374,
            -3.497910737991333,
            0.045665446668863297,
            -0.02370723895728588,
            -5.0789666175842285,
            -0.14017094671726227,
            -0.32692453265190125,
            -8.772760391235352,
            0.15140415728092194,
            0.22796858847141266,
            -17.083797454833984,
            -0.6886447072029114,
            0.48003605008125305,
            -20.777589797973633,
            -1.0695971250534058,
            0.3736487329006195,
            -3.497910737991333,
            -0.27936509251594543,
            -0.02197933755815029,
            -4.897075176239014,
            0.013431013561785221,
            0.0,
            0.0,
            0.0,
            1.0,
            0.0,
            0.0,
            0.0
        ],
        "max": [
            -0.10859639942646027,
            7.849311828613281,
            0.25641027092933655,
            0.23857957124710083,
            10.619657516479492,
            -0.2490842491388321,
            8.16771125793457,
            70.64380645751953,
            3.32600736618042,
            0.1068149283528328,
            13.390002250671387,
            0.10256410390138626,
            -0.03296900540590286,
            4.197493076324463,
            0.083272285759449,
            -0.04395867511630058,
            7.695404052734375,
            0.1289377361536026,
            0.020251436159014702,
            6.002415180206299,
            0.05128205195069313,
            -0.3049452006816864,
            7.849311828613281,
            0.6202686429023743,
            0.2939065992832184,
            21.701038360595703,
            -0.4542124569416046,
            0.5020154118537903,
            17.083797454833984,
            -0.8351648449897766,
            0.40661776065826416,
            4.897075176239014,
            -0.2202686220407486,
            0.0,
            5.5966572761535645,
            0.06984127312898636,
            0.0,
            0.0,
            0.0,
            1.0,
            0.0,
            0.0,
            0.0
        ],
        "mean": [
            -0.15980827808380127,
            -0.3878483176231384,
            0.141606867313385,
            0.21231399476528168,
            -0.6417964100837708,
            -0.4540659189224243,
            -0.6717190742492676,
            -3.024293899536133,
            1.174798846244812,
            0.0659334808588028,
            -0.14775170385837555,
            -0.014065934345126152,
            -0.04340919107198715,
            -0.006995814852416515,
            0.028809545561671257,
            -0.056267209351062775,
            0.8115158081054688,
            0.07321251183748245,
            -0.0021674903109669685,
            -0.3509102761745453,
            -0.050837624818086624,
            -0.3060448169708252,
            -0.6602655649185181,
            0.4133823812007904,
            0.2688498795032501,
            -0.544834554195404,
            -0.5579478740692139,
            0.49355271458625793,
            -0.7110550403594971,
            -0.9304032325744629,
            0.39238694310188293,
            0.006995790172368288,
            -0.24917219579219818,
            -0.012583169154822826,
            0.48970767855644226,
            0.04421493038535118,
            0.0,
            0.0,
            0.0,
            1.0,
            0.0,
            0.0,
            0.0
        ],