{
    "action": {
        "min": [
            0.0,
            0.0,
            0.0,
            0.0,
            0.0,
            0.0,
            0.0,
            0.0,
            -10.0,
            0.0,
            0.0,
            0.0
        ],
        "max": [
            0.0,
            0.0,
            0.0,
            0.0,
            0.0,
            0.0,
            0.0,
            0.0,
            10.0,
            0.0,
            0.0,
            0.0
        ],
        "mean": [
            0.0,
            0.0,
            0.0,
            0.0,
            0.0,
            0.0,
            0.0,
            0.0,
            -1.633167272530045e-07,
            0.0,
            0.0,
            0.0
        ],
        "std": [
            0.0,
            0.0,
            0.0,
            0.0,
            0.0,
            0.0,
            0.0,
            0.0,
            7.071068286895752,
            0.0,
            0.0,
            0.0
        ],
        "count": [
            200
        ],
        "q01": [
            3.9995784462121265e-16,
            3.9995784462121265e-16,
            3.9995784462121265e-16,
            3.9995784462121265e-16,
            3.9995784462121265e-16,
            3.9995784462121265e-16,
            3.9995784462121265e-16,
            3.9995784462121265e-16,
            -10.0,
            3.9995784462121265e-16,
            3.9995784462121265e-16,
            3.9995784462121265e-16
        ],
        "q10": [
            3.999578446212126e-15,
            3.999578446212126e-15,
            3.999578446212126e-15,
            3.999578446212126e-15,
            3.999578446212126e-15,
            3.999578446212126e-15,
            3.999578446212126e-15,
            3.999578446212126e-15,
            -9.510000228881836,
            3.999578446212126e-15,
            3.999578446212126e-15,
            3.999578446212126e-15
        ],
        "q50": [
            1.9997892231060632e-14,
            1.9997892231060632e-14,
            1.9997892231060632e-14,
            1.9997892231060632e-14,
            1.9997892231060632e-14,
            1.9997892231060632e-14,
            1.9997892231060632e-14,
            1.9997892231060632e-14,
            0.0013335545857747395,
            1.9997892231060632e-14,
            1.9997892231060632e-14,
            1.9997892231060632e-14
        ],
        "q90": [
            3.599620601590914e-14,
            3.599620601590914e-14,
            3.599620601590914e-14,
            3.599620601590914e-14,
            3.599620601590914e-14,
            3.599620601590914e-14,
            3.599620601590914e-14,
            3.599620601590914e-14,
            9.510001182556152,
            3.599620601590914e-14,
            3.599620601590914e-14,
            3.599620601590914e-14
        ],
        "q99": [
            3.959582661750005e-14,
            3.959582661750005e-14,
            3.959582661750005e-14,
            3.959582661750005e-14,
            3.959582661750005e-14,
            3.959582661750005e-14,
            3.959582661750005e-14,
            3.959582661750005e-14,
            9.984001159667969,
            3.959582661750005e-14,
            3.959582661750005e-14,
            3.959582661750005e-14
        ]
    },
    "observation.state": {
        "min": [
            -0.5481831431388855,
            -19.854141235351562,
            -0.8991453051567078,
            -0.025172483175992966,
            -11.543106079101562,
            -1.3724054098129272,
            -3.96488356590271,
            -97.42381286621094,
            -6.490842342376709,
            -0.20089580118656158,
            -19.854141235351562,
            -0.7765567898750305,
            -0.1648450344800949,
            -11.193314552307129,
            0.026862027123570442,
            -0.1648450344800949,
            -6.995821475982666,
            0.06715507060289383,
            -0.7270460724830627,
            -18.930692672729492,
            -1.008547067642212,
            -0.6126559376716614,
            -12.466554641723633,
            -0.47374847531318665,
            -7.310944080352783,
            -242.4052276611328,
            -11.413919448852539,
            0.238263338804245,
            -21.701038360595703,
            -1.890109896659851,
            0.428597092628479,
            -12.59247875213623,
            -0.6231990456581116,
            -0.0549483448266983,
            -5.5966572761535645,
            -0.06178266182541847,
            0.0,
            0.0,
            0.0,
            1.0,
            0.0,
            0.0,
            0.0
        ],
        "max": [
            0.3969283699989319,
            14.313450813293457,
            1.0427350997924805,
            0.5902490019798279,
            9.696208953857422,
            0.27838829159736633,
            2.5190210342407227,
            143.5962371826172,
            7.897435665130615,
            0.3705669939517975,
            43.863800048828125,
            0.48351648449897766,
            -0.04395867511630058,
            9.094568252563477,
            0.14236874878406525,
            -0.09890701621770859,
            7.695404052734375,
            0.19609279930591583,
            0.4158795177936554,
            21.701038360595703,
            1.432478666305542,
            -0.019213806837797165,
            11.543106079101562,
            1.225885272026062,
            7.854798793792725,
            286.7307434082031,
            8.219779968261719,
            0.8097261190414429,
            32.78242111206055,
            -0.3076923191547394,
            0.9780805110931396,
            18.888717651367188,
            -0.26056167483329773,
            0.14286570250988007,
            8.394986152648926,
            0.06715507060289383,
            0.0,
            0.0,
            0.0,
            1.0,
            0.0,
            0.0,
            0.0
        ],
        "mean": [
            -0.18156780302524567,
            -0.3509104251861572,
            0.1748034507036209,
            0.25506389141082764,
            -0.36476215720176697,
            -0.5240540504455566,
            -0.5611633062362671,
            -0.28165167570114136,
            0.8930404782295227,
            0.09967173635959625,
            0.480193167924881,
            -0.06754579395055771,
            -0.0941816046833992,
            3.278255533700758e-08,
            0.06077536195516586,
            -0.12572196125984192,
            0.832502543926239,
            0.11632601916790009,
            -0.07832592725753784,
            -0.6879692673683167,
            0.06400000303983688,
            -0.30758291482925415,
            -0.6556484699249268,
            0.4128449261188507,
            0.7548136115074158,
            -5.097436428070068,
            -1.1008057594299316,
            0.5052024126052856,
            0.39708277583122253,
            -0.9516482353210449,
            0.6983386278152466,
            0.2238663136959076,
            -0.43962395191192627,
            0.04720064252614975,
            0.6576074957847595,
            0.004378508776426315,
            0.0,
            0.0,
            0.0,
            1.0,
            0.0,
            0.0,
            0.0
        ],