{
    "action": {
        "min": [
            0.0,
            0.0,
            0.0,
            0.0,
            0.0,
            0.0,
            0.0,
            0.0,
            0.0,
            0.0,
            -10.0,
            0.0
        ],
        "max": [
            0.0,
            0.0,
            0.0,
            0.0,
            0.0,
            0.0,
            0.0,
            0.0,
            0.0,
            0.0,
            10.0,
            0.0
        ],
        "mean": [
            0.0,
            0.0,
            0.0,
            0.0,
            0.0,
            0.0,
            0.0,
            0.0,
            0.0,
            0.0,
            -2.1755695911451767e-08,
            0.0
        ],
        "std": [
            0.0,
            0.0,
            0.0,
            0.0,
            0.0,
            0.0,
            0.0,
            0.0,
            0.0,
            0.0,
            7.071067810058594,
            0.0
        ],
        "count": [
            200
        ],
        "q01": [
            3.9995784462121265e-16,
            3.9995784462121265e-16,
            3.9995784462121265e-16,
            3.9995784462121265e-16,
            3.9995784462121265e-16,
            3.9995784462121265e-16,
            3.9995784462121265e-16,
            3.9995784462121265e-16,
            3.9995784462121265e-16,
            3.9995784462121265e-16,
            -10.0,
            3.9995784462121265e-16
        ],
        "q10": [
            3.999578446212126e-15,
            3.999578446212126e-15,
            3.999578446212126e-15,
            3.999578446212126e-15,
            3.999578446212126e-15,
            3.999578446212126e-15,
            3.999578446212126e-15,
            3.999578446212126e-15,
            3.999578446212126e-15,
            3.999578446212126e-15,
            -9.510000228881836,
            3.999578446212126e-15
        ],
        "q50": [
            1.9997892231060632e-14,
            1.9997892231060632e-14,
            1.9997892231060632e-14,
            1.9997892231060632e-14,
            1.9997892231060632e-14,
            1.9997892231060632e-14,
            1.9997892231060632e-14,
            1.9997892231060632e-14,
            1.9997892231060632e-14,
            1.9997892231060632e-14,
            0.0013335545857747395,
            1.9997892231060632e-14
        ],
        "q90": [
            3.599620601590914e-14,
            3.599620601590914e-14,
            3.599620601590914e-14,
            3.599620601590914e-14,
            3.599620601590914e-14,
            3.599620601590914e-14,
            3.599620601590914e-14,
            3.599620601590914e-14,
            3.599620601590914e-14,
            3.599620601590914e-14,
            9.510001182556152,
            3.599620601590914e-14
        ],
        "q99": [
            3.959582661750005e-14,
            3.959582661750005e-14,
            3.959582661750005e-14,
            3.959582661750005e-14,
            3.959582661750005e-14,
            3.959582661750005e-14,
            3.959582661750005e-14,
            3.959582661750005e-14,
            3.959582661750005e-14,
            3.959582661750005e-14,
            9.984001159667969,
            3.959582661750005e-14
        ]
    },
    "observation.state": {
        "min": [
            -0.174534410238266,
            -6.002415180206299,
            0.07863248139619827,
            0.216600239276886,
            -8.772760391235352,
            -0.7081807255744934,
            -0.6679829359054565,
            -14.313450813293457,
            0.8644688725471497,
            0.04087691754102707,
            -18.007244110107422,
            -0.07326007634401321,
            -0.0549483448266983,
            -5.5966572761535645,
            0.002686202758923173,
            -0.1648450344800949,
            -4.197493076324463,
            0.10207570344209671,
            -0.0017279012827202678,
            -6.002415180206299,
            -0.14700855314731598,
            -0.32692453265190125,
            -9.696208953857422,
            0.28815630078315735,
            0.2499479353427887,
            -19.854141235351562,
            -0.6593406796455383,
            0.48003605008125305,
            -15.236899375915527,
            -1.0109890699386597,
            -9.308249473571777,
            -93.04442596435547,
            -0.5990232229232788,
            -0.06593801081180573,
            -7.695404052734375,
            -0.05909645929932594,
            0.0,
            0.0,
            0.0,
            1.0,
            0.0,
            0.0,
            0.0
        ],
        "max": [
            -0.15255507826805115,
            6.002415180206299,
            0.2153846174478531,
            0.23857957124710083,
            7.849311828613281,
            -0.3272283375263214,
            -0.6679829359054565,
            19.854141235351562,
            1.216117262840271,
            0.06285625696182251,
            17.083797454833984,
            0.1318681389093399,
            -0.03296900540590286,
            4.197493076324463,
            0.08864469081163406,
            -0.13187602162361145,
            5.5966572761535645,
            0.17728938162326813,
            0.020251436159014702,
            6.002415180206299,
            0.003418803447857499,
            -0.3049452006816864,
            8.772760391235352,
            0.6105006337165833,
            0.27192726731300354,
            17.083797454833984,
            -0.4542124569416046,
            0.5020154118537903,
            15.236899375915527,
            -0.7765567898750305,
            10.297319412231445,
            95.84275817871094,
            0.4432234466075897,
            0.14286570250988007,
            7.695404052734375,
            0.09670329838991165,
            0.0,
            0.0,
            0.0,
            1.0,
            0.0,
            0.0,
            0.0
        ],
        "mean": [
            -0.1651930958032608,
            -0.17083799839019775,
            0.14550429582595825,
            0.23824942111968994,
            -0.17083805799484253,
            -0.5003662109375,
            -0.6679836511611938,
            0.133899986743927,
            1.0630043745040894,
            0.04461340978741646,
            0.023086154833436012,
            0.02593408338725567,
            -0.047365494072437286,
            -0.09094568341970444,
            0.030246660113334656,
            -0.14869052171707153,
            0.5176910161972046,
            0.13025400042533875,
            0.0188228040933609,
            -0.3970829248428345,
            -0.07377778738737106,
            -0.3264845907688141,
            -0.5633034706115723,
            0.4511356055736542,
            0.2639043927192688,
            -0.7895485162734985,
            -0.5564826726913452,
            0.4842117428779602,
            -0.24471382796764374,
            -0.9227840900421143,
            0.32644835114479065,
            -2.637424945831299,
            -0.14645175635814667,
            0.04511260986328125,
            0.9024611711502075,
            0.006554333958774805,
            0.0,
            0.0,
            0.0,
            1.0,
            0.0,
            0.0,
            0.0
        ],