{
    "action": {
        "min": [
            0.0,
            0.0,
            0.0,
            0.0,
            -9.999802589416504,
            0.0,
            0.0,
            0.0,
            0.0,
            0.0,
            0.0,
            0.0
        ],
        "max": [
            0.0,
            0.0,
            0.0,
            0.0,
            9.998223304748535,
            0.0,
            0.0,
            0.0,
            0.0,
            0.0,
            0.0,
            0.0
        ],
        "mean": [
            0.0,
            0.0,
            0.0,
            0.0,
            0.6395046710968018,
            0.0,
            0.0,
            0.0,
            0.0,
            0.0,
            0.0,
            0.0
        ],
        "std": [
            0.0,
            0.0,
            0.0,
            0.0,
            6.977660179138184,
            0.0,
            0.0,
            0.0,
            0.0,
            0.0,
            0.0,
            0.0
        ],
        "count": [
            200
        ],
        "q01": [
            3.9995784462121265e-16,
            3.9995784462121265e-16,
            3.9995784462121265e-16,
            3.9995784462121265e-16,
            -9.999802589416504,
            3.9995784462121265e-16,
            3.9995784462121265e-16,
            3.9995784462121265e-16,
            3.9995784462121265e-16,
            3.9995784462121265e-16,
            3.9995784462121265e-16,
            3.9995784462121265e-16
        ],
        "q10": [
            3.999578446212126e-15,
            3.999578446212126e-15,
            3.999578446212126e-15,
            3.999578446212126e-15,
            -9.38386344909668,
            3.999578446212126e-15,
            3.999578446212126e-15,
            3.999578446212126e-15,
            3.999578446212126e-15,
            3.999578446212126e-15,
            3.999578446212126e-15,
            3.999578446212126e-15
        ],
        "q50": [
            1.9997892231060632e-14,
            1.9997892231060632e-14,
            1.9997892231060632e-14,
            1.9997892231060632e-14,
            1.0671052932739258,
            1.9997892231060632e-14,
            1.9997892231060632e-14,
            1.9997892231060632e-14,
            1.9997892231060632e-14,
            1.9997892231060632e-14,
            1.9997892231060632e-14,
            1.9997892231060632e-14
        ],
        "q90": [
            3.599620601590914e-14,
            3.599620601590914e-14,
            3.599620601590914e-14,
            3.599620601590914e-14,
            9.53027057647705,
            3.599620601590914e-14,
            3.599620601590914e-14,
            3.599620601590914e-14,
            3.599620601590914e-14,
            3.599620601590914e-14,
            3.599620601590914e-14,
            3.599620601590914e-14
        ],
        "q99": [
            3.959582661750005e-14,
            3.959582661750005e-14,
            3.959582661750005e-14,
            3.959582661750005e-14,
            9.995556831359863,
            3.959582661750005e-14,
            3.959582661750005e-14,
            3.959582661750005e-14,
            3.959582661750005e-14,
            3.959582661750005e-14,
            3.959582661750005e-14,
            3.959582661750005e-14
        ]
    },
    "observation.state": {
        "min": [
            -0.174534410238266,
            -8.772760391235352,
            0.07863248139619827,
            0.23857957124710083,
            -12.466554641723633,
            -0.6788766980171204,
            -0.6899623274803162,
            -18.007244110107422,
            0.8644688725471497,
            0.08483558893203735,
            -16.160348892211914,
            -0.16117216646671295,
            -9.473094940185547,
            -157.40599060058594,
            -0.41904762387275696,
            -0.6483904719352722,
            -25.18495750427246,
            -0.31697192788124084,
            0.020251436159014702,
            -5.0789666175842285,
            -0.18803419172763824,
            -0.32692453265190125,
            -8.772760391235352,
            0.18070818483829498,
            0.2499479353427887,
            -17.083797454833984,
            -0.6300366520881653,
            0.48003605008125305,
            -21.701038360595703,
            -1.0109890699386597,
            0.6593801379203796,
            -5.5966572761535645,
            -0.4620268642902374,
            0.010989668779075146,
            -4.897075176239014,
            -0.021489622071385384,
            0.0,
            0.0,
            0.0,
            1.0,
            0.0,
            0.0,
            0.0
        ],
        "max": [
            -0.15255507826805115,
            6.002415180206299,
            0.20854701101779938,
            0.2605589032173157,
            10.619657516479492,
            -0.29792430996894836,
            -0.6460036039352417,
            18.930692672729492,
            1.216117262840271,
            0.1068149283528328,
            18.007244110107422,
            0.07326007634401321,
            9.220332145690918,
            153.9080810546875,
            0.5372405648231506,
            0.4176074266433716,
            16.78997230529785,
            0.31697192788124084,
            0.06421010941267014,
            6.002415180206299,
            -0.04444444552063942,
            -0.3049452006816864,
            8.772760391235352,
            0.5616605877876282,
            0.27192726731300354,
            14.313450813293457,
            -0.4542124569416046,
            0.5020154118537903,
            15.236899375915527,
            -0.8058608174324036,
            0.6813594698905945,
            4.897075176239014,
            -0.39218559861183167,
            0.04395867511630058,
            4.897075176239014,
            0.051037851721048355,
            0.0,
            0.0,
            0.0,
            1.0,
            0.0,
            0.0,
            0.0
        ],
        "mean": [
            -0.1568412333726883,
            -0.5402171611785889,
            0.1385982483625412,
            0.24671167135238647,
            -0.8865106105804443,
            -0.509303867816925,
            -0.6689726114273071,
            -0.8634243011474609,
            1.0738469362258911,
            0.086923748254776,
            1.5837136507034302,
            -0.04981692135334015,
            0.5072832107543945,
            1.7279675006866455,
            0.10132356733083725,
            -0.01670430414378643,
            0.6366199851036072,
            0.04096458852291107,
            0.0421207994222641,
            -0.20777595043182373,
            -0.11288890242576599,
            -0.31439658999443054,
            -0.4109346270561218,
            0.42808306217193604,
            0.2668716609477997,
            -0.3139725625514984,
            -0.5516475439071655,
            0.4811348021030426,
            0.26780006289482117,
            -0.9081322550773621,
            0.671469509601593,
            0.06296239793300629,
            -0.4239231050014496,
            0.02263871394097805,
            0.7625448107719421,
            0.018091591075062752,
            0.0,
            0.0,
            0.0,
            1.0,
            0.0,
            0.0,
            0.0
        ],