{
    "action": {
        "min": [
            0.0,
            0.0,
            0.0,
            0.0,
            0.0,
            -9.996841430664062,
            0.0,
            0.0,
            0.0,
            0.0,
            0.0,
            0.0
        ],
        "max": [
            0.0,
            0.0,
            0.0,
            0.0,
            0.0,
            10.0,
            0.0,
            0.0,
            0.0,
            0.0,
            0.0,
            0.0
        ],
        "mean": [
            0.0,
            0.0,
            0.0,
            0.0,
            0.0,
            0.8136031627655029,
            0.0,
            0.0,
            0.0,
            0.0,
            0.0,
            0.0
        ],
        "std": [
            0.0,
            0.0,
            0.0,
            0.0,
            0.0,
            6.9429826736450195,
            0.0,
            0.0,
            0.0,
            0.0,
            0.0,
            0.0
        ],
        "count": [
            200
        ],
        "q01": [
            3.9995784462121265e-16,
            3.9995784462121265e-16,
            3.9995784462121265e-16,
            3.9995784462121265e-16,
            3.9995784462121265e-16,
            -9.996841430664062,
            3.9995784462121265e-16,
            3.9995784462121265e-16,
            3.9995784462121265e-16,
            3.9995784462121265e-16,
            3.9995784462121265e-16,
            3.9995784462121265e-16
        ],
        "q10": [
            3.999578446212126e-15,
            3.999578446212126e-15,
            3.999578446212126e-15,
            3.999578446212126e-15,
            3.999578446212126e-15,
            -9.34094524383545,
            3.999578446212126e-15,
            3.999578446212126e-15,
            3.999578446212126e-15,
            3.999578446212126e-15,
            3.999578446212126e-15,
            3.999578446212126e-15
        ],
        "q50": [
            1.9997892231060632e-14,
            1.9997892231060632e-14,
            1.9997892231060632e-14,
            1.9997892231060632e-14,
            1.9997892231060632e-14,
            1.5053415298461914,
            1.9997892231060632e-14,
            1.9997892231060632e-14,
            1.9997892231060632e-14,
            1.9997892231060632e-14,
            1.9997892231060632e-14,
            1.9997892231060632e-14
        ],
        "q90": [
            3.599620601590914e-14,
            3.599620601590914e-14,
            3.599620601590914e-14,
            3.599620601590914e-14,
            3.599620601590914e-14,
            9.588064193725586,
            3.599620601590914e-14,
            3.599620601590914e-14,
            3.599620601590914e-14,
            3.599620601590914e-14,
            3.599620601590914e-14,
            3.599620601590914e-14
        ],
        "q99": [
            3.959582661750005e-14,
            3.959582661750005e-14,
            3.959582661750005e-14,
            3.959582661750005e-14,
            3.959582661750005e-14,
            9.98800277709961,
            3.959582661750005e-14,
            3.959582661750005e-14,
            3.959582661750005e-14,
            3.959582661750005e-14,
            3.959582661750005e-14,
            3.959582661750005e-14
        ]
    },
    "observation.state": {
        "min": [
            -0.174534410238266,
            -9.696208953857422,
            0.07179487496614456,
            0.23857957124710083,
            -11.543106079101562,
            -0.6886447072029114,
            -0.6899623274803162,
            -17.083797454833984,
            0.8644688725471497,
            0.08483558893203735,
            -19.854141235351562,
            -0.16117216646671295,
            -0.505524754524231,
            -17.489553451538086,
            -0.28205129504203796,
            -6.40697717666626,
            -116.8302230834961,
            -1.7702075242996216,
            -0.0017279012827202678,
            -6.002415180206299,
            -0.1675213724374771,
            -0.32692453265190125,
            -10.619657516479492,
            0.20024420320987701,
            0.2499479353427887,
            -16.160348892211914,
            -0.6593406796455383,
            0.48003605008125305,
            -17.083797454833984,
            -1.0402930974960327,
            0.6703698039054871,
            -6.296239376068115,
            -0.470085471868515,
            0.08791735023260117,
            -4.897075176239014,
            -0.0644688680768013,
            0.0,
            0.0,
            0.0,
            1.0,
            0.0,
            0.0,
            0.0
        ],
        "max": [
            -0.15255507826805115,
            5.0789666175842285,
            0.2290598303079605,
            0.2605589032173157,
            7.849311828613281,
            -0.3076923191547394,
            -0.6460036039352417,
            18.007244110107422,
            1.245421290397644,
            0.1068149283528328,
            18.930692672729492,
            0.07326007634401321,
            0.1648450344800949,
            22.386629104614258,
            0.3492063581943512,
            9.022518157958984,
            142.7147674560547,
            0.6017094254493713,
            0.020251436159014702,
            5.0789666175842285,
            0.023931624367833138,
            -0.28296586871147156,
            8.772760391235352,
            0.5421245694160461,
            0.27192726731300354,
            14.313450813293457,
            -0.4542124569416046,
            0.5020154118537903,
            18.007244110107422,
            -0.8351648449897766,
            0.7033388018608093,
            6.296239376068115,
            -0.3868131935596466,
            0.1098966896533966,
            6.995821475982666,
            0.010744811035692692,
            0.0,
            0.0,
            0.0,
            1.0,
            0.0,
            0.0,
            0.0
        ],
        "mean": [
            -0.16068756580352783,
            -0.41555196046829224,
            0.14218798279762268,
            0.24847008287906647,
            -1.1312243938446045,
            -0.5183882713317871,
            -0.6682033538818359,
            -0.15698622167110443,
            1.060806155204773,
            0.08505552262067795,
            0.31397250294685364,
            -0.039560507982969284,
            -0.23946501314640045,
            -0.16440172493457794,
            0.14470578730106354,
            1.3348056077957153,
            1.5355812311172485,
            -0.25723084807395935,
            0.006294555496424437,
            -0.5171311497688293,
            -0.06779489666223526,
            -0.30549538135528564,
            -0.6371792554855347,
            0.4134797751903534,
            0.271707147359848,
            -0.8449559807777405,
            -0.5595595836639404,
            0.5019047260284424,
            -0.8495727777481079,
            -0.9410988092422485,
            0.6837773323059082,
            0.11892897635698318,
            -0.43348607420921326,
            0.09934685379266739,
            0.5806533694267273,
            -0.0286483783274889,
            0.0,
            0.0,
            0.0,
            1.0,
            0.0,
            0.0,
            0.0
        ],