{
    "action": {
        "min": [
            -10.0,
            0.0,
            0.0,
            0.0,
            0.0,
            0.0,
            0.0,
            0.0,
            0.0,
            0.0,
            0.0,
            0.0
        ],
        "max": [
            10.0,
            0.0,
            0.0,
            0.0,
            0.0,
            0.0,
            0.0,
            0.0,
            0.0,
            0.0,
            0.0,
            0.0
        ],
        "mean": [
            3.248453239734772e-08,
            0.0,
            0.0,
            0.0,
            0.0,
            0.0,
            0.0,
            0.0,
            0.0,
            0.0,
            0.0,
            0.0
        ],
        "std": [
            7.071067810058594,
            0.0,
            0.0,
            0.0,
            0.0,
            0.0,
            0.0,
            0.0,
            0.0,
            0.0,
            0.0,
            0.0
        ],
        "count": [
            200
        ],
        "q01": [
            -9.99399995803833,
            3.9995784462121265e-16,
            3.9995784462121265e-16,
            3.9995784462121265e-16,
            3.9995784462121265e-16,
            3.9995784462121265e-16,
            3.9995784462121265e-16,
            3.9995784462121265e-16,
            3.9995784462121265e-16,
            3.9995784462121265e-16,
            3.9995784462121265e-16,
            3.9995784462121265e-16
        ],
        "q10": [
            -9.510000228881836,
            3.999578446212126e-15,
            3.999578446212126e-15,
            3.999578446212126e-15,
            3.999578446212126e-15,
            3.999578446212126e-15,
            3.999578446212126e-15,
            3.999578446212126e-15,
            3.999578446212126e-15,
            3.999578446212126e-15,
            3.999578446212126e-15,
            3.999578446212126e-15
        ],
        "q50": [
            0.0020003318786621094,
            1.9997892231060632e-14,
            1.9997892231060632e-14,
            1.9997892231060632e-14,
            1.9997892231060632e-14,
            1.9997892231060632e-14,
            1.9997892231060632e-14,
            1.9997892231060632e-14,
            1.9997892231060632e-14,
            1.9997892231060632e-14,
            1.9997892231060632e-14,
            1.9997892231060632e-14
        ],
        "q90": [
            9.510001182556152,
            3.599620601590914e-14,
            3.599620601590914e-14,
            3.599620601590914e-14,
            3.599620601590914e-14,
            3.599620601590914e-14,
            3.599620601590914e-14,
            3.599620601590914e-14,
            3.599620601590914e-14,
            3.599620601590914e-14,
            3.599620601590914e-14,
            3.599620601590914e-14
        ],
        "q99": [
            9.994000434875488,
            3.959582661750005e-14,
            3.959582661750005e-14,
            3.959582661750005e-14,
            3.959582661750005e-14,
            3.959582661750005e-14,
            3.959582661750005e-14,
            3.959582661750005e-14,
            3.959582661750005e-14,
            3.959582661750005e-14,
            3.959582661750005e-14,
            3.959582661750005e-14
        ]
    },
    "observation.state": {
        "min": [
            -9.88940143585205,
            -42.01690673828125,
            -0.7487179636955261,
            0.216600239276886,
            -10.619657516479492,
            -0.7472527623176575,
            -0.6899623274803162,
            -16.160348892211914,
            0.8351648449897766,
            0.04087691754102707,
            -14.313450813293457,
            -0.10256410390138626,
            -0.0549483448266983,
            -5.5966572761535645,
            0.008058608509600163,
            -0.07692768424749374,
            -4.197493076324463,
            0.04297924414277077,
            -0.0017279012827202678,
            -6.002415180206299,
            -0.1675213724374771,
            -0.32692453265190125,
            -8.772760391235352,
            0.23931623995304108,
            0.2499479353427887,
            -18.007244110107422,
            -0.6300366520881653,
            0.48003605008125305,
            -18.930692672729492,
            -1.0402930974960327,
            0.3736487329006195,
            -4.197493076324463,
            -0.2686202824115753,
            -0.02197933755815029,
            -4.197493076324463,
            0.013431013561785221,
            0.0,
            0.0,
            0.0,
            1.0,
            0.0,
            0.0,
            0.0
        ],
        "max": [
            9.89200210571289,
            37.399662017822266,
            0.6461538672447205,
            0.2825382351875305,
            8.772760391235352,
            -0.29792430996894836,
            -0.6460036039352417,
            17.083797454833984,
            1.186813235282898,
            0.06285625696182251,
            14.313450813293457,
            0.10256410390138626,
            -0.03296900540590286,
            4.897075176239014,
            0.0644688680768013,
            -0.0549483448266983,
            5.5966572761535645,
            0.10476190596818924,
            0.020251436159014702,
            6.002415180206299,
            0.017094017937779427,
            -0.28296586871147156,
            10.619657516479492,
            0.5811966061592102,
            0.27192726731300354,
            18.930692672729492,
            -0.48351648449897766,
            0.5020154118537903,
            15.236899375915527,
            -0.8058608174324036,
            0.39562806487083435,
            5.5966572761535645,
            -0.212210014462471,
            0.0,
            5.5966572761535645,
            0.07252747565507889,
            0.0,
            0.0,
            0.0,
            1.0,
            0.0,
            0.0,
            0.0
        ],
        "mean": [
            0.09031519293785095,
            -1.5929498672485352,
            -0.11685467511415482,
            0.2434147596359253,
            -0.34167590737342834,
            -0.5157508850097656,
            -0.6665550470352173,
            -0.8588072061538696,
            1.0550918579101562,
            0.06274648010730743,
            0.7202898263931274,
            -0.0008791208965703845,
            -0.04269485920667648,
            0.1748955100774765,
            0.0282185897231102,
            -0.05665186047554016,
            0.6646032929420471,
            0.07229919731616974,
            -0.0015081064775586128,
            -0.4386380910873413,
            -0.05825643241405487,
            -0.30593499541282654,
            -0.6279454231262207,
            0.4219779074192047,
            0.2708279490470886,
            -0.6787346005439758,
            -0.5642482042312622,
            0.49091529846191406,
            -0.44787245988845825,
            -0.9254213571548462,
            0.3808472156524658,
            0.07345616817474365,
            -0.24327600002288818,
            -0.016209758818149567,
            0.6471136212348938,
            0.04452381655573845,
            0.0,
            0.0,
            0.0,
            1.0,
            0.0,
            0.0,
            0.0
        ],