{
    "action": {
        "min": [
            0.0,
            0.0,
            0.0,
            0.0,
            -9.999802589416504,
            0.0,
            0.0,
            0.0,
            0.0,
            0.0,
            0.0,
            0.0
        ],
        "max": [
            0.0,
            0.0,
            0.0,
            0.0,
            9.998223304748535,
            0.0,
            0.0,
            0.0,
            0.0,
            0.0,
            0.0,
            0.0
        ],
        "mean": [
            0.0,
            0.0,
            0.0,
            0.0,
            0.831305980682373,
            0.0,
            0.0,
            0.0,
            0.0,
            0.0,
            0.0,
            0.0
        ],
        "std": [
            0.0,
            0.0,
            0.0,
            0.0,
            7.094456195831299,
            0.0,
            0.0,
            0.0,
            0.0,
            0.0,
            0.0,
            0.0
        ],
        "count": [
            200
        ],
        "q01": [
            3.9995784462121265e-16,
            3.9995784462121265e-16,
            3.9995784462121265e-16,
            3.9995784462121265e-16,
            -9.999802589416504,
            3.9995784462121265e-16,
            3.9995784462121265e-16,
            3.9995784462121265e-16,
            3.9995784462121265e-16,
            3.9995784462121265e-16,
            3.9995784462121265e-16,
            3.9995784462121265e-16
        ],
        "q10": [
            3.999578446212126e-15,
            3.999578446212126e-15,
            3.999578446212126e-15,
            3.999578446212126e-15,
            -9.447856903076172,
            3.999578446212126e-15,
            3.999578446212126e-15,
            3.999578446212126e-15,
            3.999578446212126e-15,
            3.999578446212126e-15,
            3.999578446212126e-15,
            3.999578446212126e-15
        ],
        "q50": [
            1.9997892231060632e-14,
            1.9997892231060632e-14,
            1.9997892231060632e-14,
            1.9997892231060632e-14,
            1.5030622482299805,
            1.9997892231060632e-14,
            1.9997892231060632e-14,
            1.9997892231060632e-14,
            1.9997892231060632e-14,
            1.9997892231060632e-14,
            1.9997892231060632e-14,
            1.9997892231060632e-14
        ],
        "q90": [
            3.599620601590914e-14,
            3.599620601590914e-14,
            3.599620601590914e-14,
            3.599620601590914e-14,
            9.638258934020996,
            3.599620601590914e-14,
            3.599620601590914e-14,
            3.599620601590914e-14,
            3.599620601590914e-14,
            3.599620601590914e-14,
            3.599620601590914e-14,
            3.599620601590914e-14
        ],
        "q99": [
            3.959582661750005e-14,
            3.959582661750005e-14,
            3.959582661750005e-14,
            3.959582661750005e-14,
            9.994223594665527,
            3.959582661750005e-14,
            3.959582661750005e-14,
            3.959582661750005e-14,
            3.959582661750005e-14,
            3.959582661750005e-14,
            3.959582661750005e-14,
            3.959582661750005e-14
        ]
    },
    "observation.state": {
        "min": [
            -0.174534410238266,
            -7.849311828613281,
            0.08547008782625198,
            0.23857957124710083,
            -6.925863265991211,
            -0.6691086888313293,
            -0.711941659450531,
            -15.236899375915527,
            0.8644688725471497,
            0.1068149283528328,
            -21.701038360595703,
            -0.190476194024086,
            -9.572001457214355,
            -132.2210235595703,
            -0.3760683834552765,
            -0.5275040864944458,
            -18.189136505126953,
            -0.2847374975681305,
            0.020251436159014702,
            -6.002415180206299,
            -0.1606837660074234,
            -0.32692453265190125,
            -7.849311828613281,
            0.2588522732257843,
            0.2499479353427887,
            -15.236899375915527,
            -0.6300366520881653,
            0.48003605008125305,
            -20.777589797973633,
            -1.0402930974960327,
            0.6264111399650574,
            -3.497910737991333,
            -0.43785104155540466,
            0.0549483448266983,
            -4.197493076324463,
            -0.03223443403840065,
            0.0,
            0.0,
            0.0,
            1.0,
            0.0,
            0.0,
            0.0
        ],
        "max": [
            -0.15255507826805115,
            6.002415180206299,
            0.2153846174478531,
            0.2605589032173157,
            8.772760391235352,
            -0.34676435589790344,
            -0.602044939994812,
            22.624486923217773,
            1.216117262840271,
            0.12879426777362823,
            18.930692672729492,
            0.014652014710009098,
            9.330228805541992,
            115.43106079101562,
            0.5345543622970581,
            0.2747417092323303,
            15.39080810546875,
            0.378754585981369,
            0.04223077371716499,
            6.002415180206299,
            -0.017094017937779427,
            -0.3049452006816864,
            6.925863265991211,
            0.6300366520881653,
            0.27192726731300354,
            17.083797454833984,
            -0.48351648449897766,
            0.5020154118537903,
            13.390002250671387,
            -0.8351648449897766,
            0.6483904719352722,
            4.897075176239014,
            -0.3680097758769989,
            0.07692768424749374,
            4.897075176239014,
            0.048351649194955826,
            0.0,
            0.0,
            0.0,
            1.0,
            0.0,
            0.0,
            0.0
        ],
        "mean": [
            -0.15673135221004486,
            -0.2724173069000244,
            0.1387692391872406,
            0.25715216994285583,
            -0.46172425150871277,
            -0.5269839763641357,
            -0.668752908706665,
            0.3739967346191406,
            1.0712090730667114,
            0.12209060043096542,
            0.2400968372821808,
            -0.09875466674566269,
            0.4089254140853882,
            4.498314380645752,
            0.11218925565481186,
            0.012638114392757416,
            0.8814736008644104,
            0.026230789721012115,
            0.03442804887890816,
            -0.5078967213630676,
            -0.10324784368276596,
            -0.3094514012336731,
            -0.5402173399925232,
            0.4302319288253784,
            0.26884981989860535,
            -0.6787346601486206,
            -0.5551639795303345,
            0.4886075258255005,
            -1.0896687507629395,
            -0.9263003468513489,
            0.6329496502876282,
            0.21337257325649261,
            -0.4002172350883484,
            0.061157550662755966,
            0.7590464949607849,
            -0.0030354091431945562,
            0.0,
            0.0,
            0.0,
            1.0,
            0.0,
            0.0,
            0.0
        ],