{
    "action": {
        "min": [
            0.0,
            0.0,
            0.0,
            0.0,
            0.0,
            0.0,
            0.0,
            0.0,
            -9.999802589416504,
            0.0,
            0.0,
            0.0
        ],
        "max": [
            0.0,
            0.0,
            0.0,
            0.0,
            0.0,
            0.0,
            0.0,
            0.0,
            9.998223304748535,
            0.0,
            0.0,
            0.0
        ],
        "mean": [
            0.0,
            0.0,
            0.0,
            0.0,
            0.0,
            0.0,
            0.0,
            0.0,
            0.4759037494659424,
            0.0,
            0.0,
            0.0
        ],
        "std": [
            0.0,
            0.0,
            0.0,
            0.0,
            0.0,
            0.0,
            0.0,
            0.0,
            6.963190078735352,
            0.0,
            0.0,
            0.0
        ],
        "count": [
            200
        ],
        "q01": [
            3.9995784462121265e-16,
            3.9995784462121265e-16,
            3.9995784462121265e-16,
            3.9995784462121265e-16,
            3.9995784462121265e-16,
            3.9995784462121265e-16,
            3.9995784462121265e-16,
            3.9995784462121265e-16,
            -9.999802589416504,
            3.9995784462121265e-16,
            3.9995784462121265e-16,
            3.9995784462121265e-16
        ],
        "q10": [
            3.999578446212126e-15,
            3.999578446212126e-15,
            3.999578446212126e-15,
            3.999578446212126e-15,
            3.999578446212126e-15,
            3.999578446212126e-15,
            3.999578446212126e-15,
            3.999578446212126e-15,
            -9.42785930633545,
            3.999578446212126e-15,
            3.999578446212126e-15,
            3.999578446212126e-15
        ],
        "q50": [
            1.9997892231060632e-14,
            1.9997892231060632e-14,
            1.9997892231060632e-14,
            1.9997892231060632e-14,
            1.9997892231060632e-14,
            1.9997892231060632e-14,
            1.9997892231060632e-14,
            1.9997892231060632e-14,
            1.0071115493774414,
            1.9997892231060632e-14,
            1.9997892231060632e-14,
            1.9997892231060632e-14
        ],
        "q90": [
            3.599620601590914e-14,
            3.599620601590914e-14,
            3.599620601590914e-14,
            3.599620601590914e-14,
            3.599620601590914e-14,
            3.599620601590914e-14,
            3.599620601590914e-14,
            3.599620601590914e-14,
            9.346287727355957,
            3.599620601590914e-14,
            3.599620601590914e-14,
            3.599620601590914e-14
        ],
        "q99": [
            3.959582661750005e-14,
            3.959582661750005e-14,
            3.959582661750005e-14,
            3.959582661750005e-14,
            3.959582661750005e-14,
            3.959582661750005e-14,
            3.959582661750005e-14,
            3.959582661750005e-14,
            9.994223594665527,
            3.959582661750005e-14,
            3.959582661750005e-14,
            3.959582661750005e-14
        ]
    },
    "observation.state": {
        "min": [
            -0.174534410238266,
            -6.925863265991211,
            0.05128205195069313,
            0.23857957124710083,
            -11.543106079101562,
            -0.6495726704597473,
            -0.6899623274803162,
            -18.930692672729492,
            0.8644688725471497,
            0.08483558893203735,
            -14.313450813293457,
            -0.190476194024086,
            -0.12088635563850403,
            -4.897075176239014,
            0.045665446668863297,
            0.0549483448266983,
            -4.197493076324463,
            -0.021489622071385384,
            -0.13360393047332764,
            -6.925863265991211,
            -0.25641027092933655,
            -0.3049452006816864,
            -10.619657516479492,
            0.0634920671582222,
            -9.398981094360352,
            -127.89761352539062,
            -3.5897436141967773,
            0.43607738614082336,
            -17.083797454833984,
            -1.1282051801681519,
            0.505524754524231,
            -4.897075176239014,
            -0.3841269910335541,
            0.06593801081180573,
            -4.197493076324463,
            -0.051037851721048355,
            0.0,
            0.0,
            0.0,
            1.0,
            0.0,
            0.0,
            0.0
        ],
        "max": [
            -0.1305757462978363,
            6.925863265991211,
            0.20854701101779938,
            0.2605589032173157,
            10.619657516479492,
            -0.3663003742694855,
            -0.6240242719650269,
            17.083797454833984,
            1.245421290397644,
            0.1068149283528328,
            19.854141235351562,
            0.07326007634401321,
            -0.09890701621770859,
            3.497910737991333,
            0.10744810849428177,
            0.07692768424749374,
            5.5966572761535645,
            0.02954822964966297,
            0.10816878825426102,
            6.002415180206299,
            0.17435897886753082,
            -0.1510898321866989,
            9.696208953857422,
            0.5909646153450012,
            10.712112426757812,
            130.66795349121094,
            2.4761905670166016,
            0.5679534077644348,
            18.930692672729492,
            -0.7472527623176575,
            0.5604730844497681,
            5.5966572761535645,
            -0.29816851019859314,
            0.1098966896533966,
            5.5966572761535645,
            0.013431013561785221,
            0.0,
            0.0,
            0.0,
            1.0,
            0.0,
            0.0,
            0.0
        ],
        "mean": [
            -0.15585219860076904,
            -0.4801931381225586,
            0.13558973371982574,
            0.25374525785446167,
            -0.7572277784347534,
            -0.5256165862083435,
            -0.6683131456375122,
            -0.1939241588115692,
            1.0712090730667114,
            0.10121036320924759,
            0.4201689064502716,
            -0.06710628420114517,
            -0.10923753678798676,
            0.0034979134798049927,
            0.06951894611120224,
            0.05659690871834755,
            0.7030801177024841,
            -0.002739926800131798,
            0.002338277641683817,
            -0.5633035898208618,
            -0.05914529785513878,
            -0.265162855386734,
            -0.8449553847312927,
            0.3578997850418091,
            0.6121668815612793,
            4.6218581199646,
            -0.8331136107444763,
            0.5021247267723083,
            -0.1292828619480133,
            -0.9431500434875488,
            0.5411307215690613,
            -0.14691229164600372,
            -0.34129542112350464,
            0.09000549465417862,
            0.6646033525466919,
            -0.022013453766703606,
            0.0,
            0.0,
            0.0,
            1.0,
            0.0,
            0.0,
            0.0
        ],