{
    "action": {
        "min": [
            0.0,
            0.0,
            0.0,
            0.0,
            0.0,
            0.0,
            0.0,
            0.0,
            0.0,
            -5.0,
            0.0,
            0.0
        ],
        "max": [
            0.0,
            0.0,
            0.0,
            0.0,
            0.0,
            0.0,
            0.0,
            0.0,
            0.0,
            5.0,
            0.0,
            0.0
        ],
        "mean": [
            0.0,
            0.0,
            0.0,
            0.0,
            0.0,
            0.0,
            0.0,
            0.0,
            0.0,
            -0.02500000037252903,
            0.0,
            0.0
        ],
        "std": [
            0.0,
            0.0,
            0.0,
            0.0,
            0.0,
            0.0,
            0.0,
            0.0,
            0.0,
            4.077300071716309,
            0.0,
            0.0
        ],
        "count": [
            200
        ],
        "q01": [
            3.9995784462121265e-16,
            3.9995784462121265e-16,
            3.9995784462121265e-16,
            3.9995784462121265e-16,
            3.9995784462121265e-16,
            3.9995784462121265e-16,
            3.9995784462121265e-16,
            3.9995784462121265e-16,
            3.9995784462121265e-16,
            -5.0,
            3.9995784462121265e-16,
            3.9995784462121265e-16
        ],
        "q10": [
            3.999578446212126e-15,
            3.999578446212126e-15,
            3.999578446212126e-15,
            3.999578446212126e-15,
            3.999578446212126e-15,
            3.999578446212126e-15,
            3.999578446212126e-15,
            3.999578446212126e-15,
            3.999578446212126e-15,
            -5.0,
            3.999578446212126e-15,
            3.999578446212126e-15
        ],
        "q50": [
            1.9997892231060632e-14,
            1.9997892231060632e-14,
            1.9997892231060632e-14,
            1.9997892231060632e-14,
            1.9997892231060632e-14,
            1.9997892231060632e-14,
            1.9997892231060632e-14,
            1.9997892231060632e-14,
            1.9997892231060632e-14,
            0.0009852380894902926,
            1.9997892231060632e-14,
            1.9997892231060632e-14
        ],
        "q90": [
            3.599620601590914e-14,
            3.599620601590914e-14,
            3.599620601590914e-14,
            3.599620601590914e-14,
            3.599620601590914e-14,
            3.599620601590914e-14,
            3.599620601590914e-14,
            3.599620601590914e-14,
            3.599620601590914e-14,
            4.999393983320757,
            3.599620601590914e-14,
            3.599620601590914e-14
        ],
        "q99": [
            3.959582661750005e-14,
            3.959582661750005e-14,
            3.959582661750005e-14,
            3.959582661750005e-14,
            3.959582661750005e-14,
            3.959582661750005e-14,
            3.959582661750005e-14,
            3.959582661750005e-14,
            3.959582661750005e-14,
            4.999939398332075,
            3.959582661750005e-14,
            3.959582661750005e-14
        ]
    },
    "observation.state": {
        "min": [
            -0.19651375710964203,
            -6.925863265991211,
            0.07863248139619827,
            0.23857957124710083,
            -8.772760391235352,
            -0.6788766980171204,
            -0.6899623274803162,
            -18.930692672729492,
            0.8644688725471497,
            0.08483558893203735,
            -18.930692672729492,
            -0.16117216646671295,
            -0.14286570250988007,
            -5.5966572761535645,
            0.06178266182541847,
            0.03296900540590286,
            -4.197493076324463,
            -0.016117217019200325,
            -0.04568657651543617,
            -7.849311828613281,
            -0.17435897886753082,
            -0.3489038646221161,
            -10.619657516479492,
            0.2490842491388321,
            0.07411323487758636,
            -20.777589797973633,
            -0.8058608174324036,
            -3.981769561767578,
            -126.97416687011719,
            -3.5897436141967773,
            0.6813594698905945,
            -4.897075176239014,
            -0.4888888895511627,
            0.04395867511630058,
            -4.197493076324463,
            -0.03760683909058571,
            0.0,
            0.0,
            0.0,
            1.0,
            0.0,
            0.0,
            0.0
        ],
        "max": [
            -0.15255507826805115,
            6.002415180206299,
            0.23589743673801422,
            0.2605589032173157,
            7.849311828613281,
            -0.3760683834552765,
            -0.6460036039352417,
            15.236899375915527,
            1.186813235282898,
            0.1068149283528328,
            15.236899375915527,
            0.07326007634401321,
            -0.1098966896533966,
            4.197493076324463,
            0.12356532365083694,
            0.0549483448266983,
            5.5966572761535645,
            0.056410256773233414,
            0.04223077371716499,
            5.0789666175842285,
            0.11965811997652054,
            -0.28296586871147156,
            9.696208953857422,
            0.5909646153450012,
            0.44776198267936707,
            17.083797454833984,
            -0.3369963467121124,
            4.985800266265869,
            235.01763916015625,
            2.710622787475586,
            0.7253181338310242,
            6.995821475982666,
            -0.40830281376838684,
            0.07692768424749374,
            5.5966572761535645,
            0.03223443403840065,
            0.0,
            0.0,
            0.0,
            1.0,
            0.0,
            0.0,
            0.0
        ],
        "mean": [
            -0.16398434340953827,
            -0.655648410320282,
            0.1427692174911499,
            0.24923935532569885,
            -0.687968909740448,
            -0.5252747535705566,
            -0.6702914237976074,
            -1.3251491785049438,
            1.0687181949615479,
            0.08516541123390198,
            -0.078493133187294,
            -0.0429304875433445,
            -0.12643611431121826,
            0.09444356709718704,
            0.08144572377204895,
            0.03906826674938202,
            0.6261261105537415,
            0.010153855197131634,
            0.012009194120764732,
            -0.7018210887908936,
            -0.071487195789814,
            -0.3065941333770752,
            -0.40170013904571533,
            0.41264966130256653,
            0.2666521668434143,
            -0.5863898396492004,
            -0.5557504296302795,
            0.2799140214920044,
            2.4563722610473633,
            -0.9613181948661804,
            0.7006467580795288,
            -0.17839348316192627,
            -0.44385477900505066,
            0.06071797013282776,
            0.9549294114112854,
            -0.003478632541373372,
            0.0,
            0.0,
            0.0,
            1.0,
            0.0,
            0.0,
            0.0
        ],