{
    "action": {
        "min": [
            0.0,
            -9.999802589416504,
            0.0,
            0.0,
            0.0,
            0.0,
            0.0,
            0.0,
            0.0,
            0.0,
            0.0,
            0.0
        ],
        "max": [
            0.0,
            9.998223304748535,
            0.0,
            0.0,
            0.0,
            0.0,
            0.0,
            0.0,
            0.0,
            0.0,
            0.0,
            0.0
        ],
        "mean": [
            0.0,
            0.6395046710968018,
            0.0,
            0.0,
            0.0,
            0.0,
            0.0,
            0.0,
            0.0,
            0.0,
            0.0,
            0.0
        ],
        "std": [
            0.0,
            6.977660179138184,
            0.0,
            0.0,
            0.0,
            0.0,
            0.0,
            0.0,
            0.0,
            0.0,
            0.0,
            0.0
        ],
        "count": [
            200
        ],
        "q01": [
            3.9995784462121265e-16,
            -9.999802589416504,
            3.9995784462121265e-16,
            3.9995784462121265e-16,
            3.9995784462121265e-16,
            3.9995784462121265e-16,
            3.9995784462121265e-16,
            3.9995784462121265e-16,
            3.9995784462121265e-16,
            3.9995784462121265e-16,
            3.9995784462121265e-16,
            3.9995784462121265e-16
        ],
        "q10": [
            3.999578446212126e-15,
            -9.38386344909668,
            3.999578446212126e-15,
            3.999578446212126e-15,
            3.999578446212126e-15,
            3.999578446212126e-15,
            3.999578446212126e-15,
            3.999578446212126e-15,
            3.999578446212126e-15,
            3.999578446212126e-15,
            3.999578446212126e-15,
            3.999578446212126e-15
        ],
        "q50": [
            1.9997892231060632e-14,
            1.0671052932739258,
            1.9997892231060632e-14,
            1.9997892231060632e-14,
            1.9997892231060632e-14,
            1.9997892231060632e-14,
            1.9997892231060632e-14,
            1.9997892231060632e-14,
            1.9997892231060632e-14,
            1.9997892231060632e-14,
            1.9997892231060632e-14,
            1.9997892231060632e-14
        ],
        "q90": [
            3.599620601590914e-14,
            9.53027057647705,
            3.599620601590914e-14,
            3.599620601590914e-14,
            3.599620601590914e-14,
            3.599620601590914e-14,
            3.599620601590914e-14,
            3.599620601590914e-14,
            3.599620601590914e-14,
            3.599620601590914e-14,
            3.599620601590914e-14,
            3.599620601590914e-14
        ],
        "q99": [
            3.959582661750005e-14,
            9.995556831359863,
            3.959582661750005e-14,
            3.959582661750005e-14,
            3.959582661750005e-14,
            3.959582661750005e-14,
            3.959582661750005e-14,
            3.959582661750005e-14,
            3.959582661750005e-14,
            3.959582661750005e-14,
            3.959582661750005e-14,
            3.959582661750005e-14
        ]
    },
    "observation.state": {
        "min": [
            -0.2844310998916626,
            -7.849311828613281,
            -0.19487179815769196,
            -8.311383247375488,
            -99.27070617675781,
            -1.2942613363265991,
            -0.7998589873313904,
            -21.701038360595703,
            0.8058608174324036,
            0.04087691754102707,
            -21.701038360595703,
            -0.10256410390138626,
            -0.13187602162361145,
            -4.897075176239014,
            0.056410256773233414,
            -0.02197933755815029,
            -4.197493076324463,
            0.024175824597477913,
            -0.0017279012827202678,
            -6.925863265991211,
            -0.23589743673801422,
            -0.37088319659233093,
            -8.772760391235352,
            0.22954823076725006,
            0.22796858847141266,
            -20.777589797973633,
            -0.6300366520881653,
            0.48003605008125305,
            -18.930692672729492,
            -1.0402930974960327,
            0.7033388018608093,
            -4.897075176239014,
            -0.4888888895511627,
            0.0,
            -4.197493076324463,
            -0.016117217019200325,
            0.0,
            0.0,
            0.0,
            1.0,
            0.0,
            0.0,
            0.0
        ],
        "max": [
            -0.04265838861465454,
            7.849311828613281,
            0.4000000059604645,
            8.436872482299805,
            99.27070617675781,
            1.1184371709823608,
            -0.5580862760543823,
            16.160348892211914,
            1.3040293455123901,
            0.08483558893203735,
            16.160348892211914,
            0.1318681389093399,
            -0.1098966896533966,
            5.5966572761535645,
            0.09670329838991165,
            0.0,
            4.897075176239014,
            0.06178266182541847,
            0.08618944883346558,
            6.002415180206299,
            0.03076923079788685,
            -0.28296586871147156,
            13.390002250671387,
            0.6398046612739563,
            0.2939065992832184,
            15.236899375915527,
            -0.48351648449897766,
            0.5020154118537903,
            15.236899375915527,
            -0.8351648449897766,
            0.7363077998161316,
            4.197493076324463,
            -0.4136752188205719,
            0.03296900540590286,
            5.5966572761535645,
            0.0644688680768013,
            0.0,
            0.0,
            0.0,
            1.0,
            0.0,
            0.0,
            0.0
        ],
        "mean": [
            -0.15299467742443085,
            -0.21701040863990784,
            0.12663249671459198,
            0.6839905381202698,
            0.5032788515090942,
            -0.14598292112350464,
            -0.6762248873710632,
            -0.4247862696647644,
            1.0773630142211914,
            0.06417515128850937,
            0.6556482911109924,
            -0.0042490847408771515,
            -0.12231499701738358,
            0.055966563522815704,
            0.07816851884126663,
            -0.0076927668415009975,
            0.62962406873703,
            0.041931647807359695,
            0.033329084515571594,
            -0.309355229139328,
            -0.10338462144136429,
            -0.32373732328414917,
            -0.8126346468925476,
            0.44849827885627747,
            0.2644540071487427,
            -0.30473792552948,
            -0.550035834312439,
            0.48640960454940796,
            -0.826486349105835,
            -0.9210257530212402,
            0.7147114276885986,
            -0.2378578931093216,
            -0.4516044855117798,
            0.022144179791212082,
            0.7485528588294983,
            0.020092813298106194,
            0.0,
            0.0,
            0.0,
            1.0,
            0.0,
            0.0,
            0.0
        ],