{
    "action": {
        "min": [
            0.0,
            0.0,
            -9.998223304748535,
            0.0,
            0.0,
            0.0,
            0.0,
            0.0,
            0.0,
            0.0,
            0.0,
            0.0
        ],
        "max": [
            0.0,
            0.0,
            9.999802589416504,
            0.0,
            0.0,
            0.0,
            0.0,
            0.0,
            0.0,
            0.0,
            0.0,
            0.0
        ],
        "mean": [
            0.0,
            0.0,
            0.6345770955085754,
            0.0,
            0.0,
            0.0,
            0.0,
            0.0,
            0.0,
            0.0,
            0.0,
            0.0
        ],
        "std": [
            0.0,
            0.0,
            7.118222713470459,
            0.0,
            0.0,
            0.0,
            0.0,
            0.0,
            0.0,
            0.0,
            0.0,
            0.0
        ],
        "count": [
            200
        ],
        "q01": [
            3.9995784462121265e-16,
            3.9995784462121265e-16,
            -9.998223304748535,
            3.9995784462121265e-16,
            3.9995784462121265e-16,
            3.9995784462121265e-16,
            3.9995784462121265e-16,
            3.9995784462121265e-16,
            3.9995784462121265e-16,
            3.9995784462121265e-16,
            3.9995784462121265e-16,
            3.9995784462121265e-16
        ],
        "q10": [
            3.999578446212126e-15,
            3.999578446212126e-15,
            -9.65025806427002,
            3.999578446212126e-15,
            3.999578446212126e-15,
            3.999578446212126e-15,
            3.999578446212126e-15,
            3.999578446212126e-15,
            3.999578446212126e-15,
            3.999578446212126e-15,
            3.999578446212126e-15,
            3.999578446212126e-15
        ],
        "q50": [
            1.9997892231060632e-14,
            1.9997892231060632e-14,
            1.5046415328979492,
            1.9997892231060632e-14,
            1.9997892231060632e-14,
            1.9997892231060632e-14,
            1.9997892231060632e-14,
            1.9997892231060632e-14,
            1.9997892231060632e-14,
            1.9997892231060632e-14,
            1.9997892231060632e-14,
            1.9997892231060632e-14
        ],
        "q90": [
            3.599620601590914e-14,
            3.599620601590914e-14,
            9.587843894958496,
            3.599620601590914e-14,
            3.599620601590914e-14,
            3.599620601590914e-14,
            3.599620601590914e-14,
            3.599620601590914e-14,
            3.599620601590914e-14,
            3.599620601590914e-14,
            3.599620601590914e-14,
            3.599620601590914e-14
        ],
        "q99": [
            3.959582661750005e-14,
            3.959582661750005e-14,
            9.991803169250488,
            3.959582661750005e-14,
            3.959582661750005e-14,
            3.959582661750005e-14,
            3.959582661750005e-14,
            3.959582661750005e-14,
            3.959582661750005e-14,
            3.959582661750005e-14,
            3.959582661750005e-14,
            3.959582661750005e-14
        ]
    },
    "observation.state": {
        "min": [
            -0.26245176792144775,
            -8.772760391235352,
            -0.0923076942563057,
            0.19462089240550995,
            -9.696208953857422,
            -0.7667887806892395,
            -10.185036659240723,
            -116.81623077392578,
            -1.6849817037582397,
            0.01889757812023163,
            -17.083797454833984,
            -0.190476194024086,
            -0.04395867511630058,
            -6.296239376068115,
            -0.0,
            -0.1098966896533966,
            -4.897075176239014,
            0.08058608323335648,
            -0.02370723895728588,
            -5.0789666175842285,
            -0.14700855314731598,
            -0.32692453265190125,
            -7.849311828613281,
            0.29792430996894836,
            0.2499479353427887,
            -17.083797454833984,
            -0.6593406796455383,
            0.48003605008125305,
            -18.930692672729492,
            -1.0695971250534058,
            0.5494834184646606,
            -5.5966572761535645,
            -0.38949939608573914,
            -0.07692768424749374,
            -5.5966572761535645,
            0.04297924414277077,
            0.0,
            0.0,
            0.0,
            1.0,
            0.0,
            0.0,
            0.0
        ],
        "max": [
            -0.06463772803544998,
            7.849311828613281,
            0.3452991545200348,
            0.2825382351875305,
            8.772760391235352,
            -0.27838829159736633,
            9.464491844177246,
            112.19898986816406,
            4.263736248016357,
            0.12879426777362823,
            19.854141235351562,
            0.1318681389093399,
            -0.02197933755815029,
            4.197493076324463,
            0.05909645929932594,
            -0.08791735023260117,
            6.995821475982666,
            0.1369963437318802,
            0.020251436159014702,
            5.0789666175842285,
            0.04444444552063942,
            -0.3049452006816864,
            7.849311828613281,
            0.6105006337165833,
            0.27192726731300354,
            16.160348892211914,
            -0.4542124569416046,
            0.5239947438240051,
            19.854141235351562,
            -0.8351648449897766,
            0.5824524760246277,
            5.5966572761535645,
            -0.3223443329334259,
            -0.04395867511630058,
            5.5966572761535645,
            0.09938950091600418,
            0.0,
            0.0,
            0.0,
            1.0,
            0.0,
            0.0,
            0.0
        ],
        "mean": [
            -0.14706027507781982,
            -0.6510313153266907,
            0.11856408417224884,
            0.2323150783777237,
            -0.1108139231801033,
            -0.4890843331813812,
            0.35086995363235474,
            -8.237163543701172,
            1.072234034538269,
            0.08747325837612152,
            0.5817726850509644,
            -0.04747258499264717,
            -0.035661470144987106,
            0.06296239048242569,
            0.02349085733294487,
            -0.10588568449020386,
            0.6785946488380432,
            0.10405004769563675,
            -0.0012883116723969579,
            -0.346293181180954,
            -0.050222232937812805,
            -0.32208889722824097,
            -1.0342622995376587,
            0.44293057918548584,
            0.2664320468902588,
            -1.131224274635315,
            -0.5542848110198975,
            0.5014652013778687,
            -0.7572276592254639,
            -0.9473989009857178,
            0.5579454898834229,
            0.19938091933727264,
            -0.35339710116386414,
            -0.06154222413897514,
            0.8220091462135315,
            0.07035168260335922,
            0.0,
            0.0,
            0.0,
            1.0,
            0.0,
            0.0,
            0.0
        ],