{
    "action": {
        "min": [
            0.0,
            0.0,
            0.0,
            0.0,
            0.0,
            0.0,
            -9.999802589416504,
            0.0,
            0.0,
            0.0,
            0.0,
            0.0
        ],
        "max": [
            0.0,
            0.0,
            0.0,
            0.0,
            0.0,
            0.0,
            9.998223304748535,
            0.0,
            0.0,
            0.0,
            0.0,
            0.0
        ],
        "mean": [
            0.0,
            0.0,
            0.0,
            0.0,
            0.0,
            0.0,
            0.831305980682373,
            0.0,
            0.0,
            0.0,
            0.0,
            0.0
        ],
        "std": [
            0.0,
            0.0,
            0.0,
            0.0,
            0.0,
            0.0,
            7.094456195831299,
            0.0,
            0.0,
            0.0,
            0.0,
            0.0
        ],
        "count": [
            200
        ],
        "q01": [
            3.9995784462121265e-16,
            3.9995784462121265e-16,
            3.9995784462121265e-16,
            3.9995784462121265e-16,
            3.9995784462121265e-16,
            3.9995784462121265e-16,
            -9.999802589416504,
            3.9995784462121265e-16,
            3.9995784462121265e-16,
            3.9995784462121265e-16,
            3.9995784462121265e-16,
            3.9995784462121265e-16
        ],
        "q10": [
            3.999578446212126e-15,
            3.999578446212126e-15,
            3.999578446212126e-15,
            3.999578446212126e-15,
            3.999578446212126e-15,
            3.999578446212126e-15,
            -9.447856903076172,
            3.999578446212126e-15,
            3.999578446212126e-15,
            3.999578446212126e-15,
            3.999578446212126e-15,
            3.999578446212126e-15
        ],
        "q50": [
            1.9997892231060632e-14,
            1.9997892231060632e-14,
            1.9997892231060632e-14,
            1.9997892231060632e-14,
            1.9997892231060632e-14,
            1.9997892231060632e-14,
            1.5030622482299805,
            1.9997892231060632e-14,
            1.9997892231060632e-14,
            1.9997892231060632e-14,
            1.9997892231060632e-14,
            1.9997892231060632e-14
        ],
        "q90": [
            3.599620601590914e-14,
            3.599620601590914e-14,
            3.599620601590914e-14,
            3.599620601590914e-14,
            3.599620601590914e-14,
            3.599620601590914e-14,
            9.638258934020996,
            3.599620601590914e-14,
            3.599620601590914e-14,
            3.599620601590914e-14,
            3.599620601590914e-14,
            3.599620601590914e-14
        ],
        "q99": [
            3.959582661750005e-14,
            3.959582661750005e-14,
            3.959582661750005e-14,
            3.959582661750005e-14,
            3.959582661750005e-14,
            3.959582661750005e-14,
            9.994223594665527,
            3.959582661750005e-14,
            3.959582661750005e-14,
            3.959582661750005e-14,
            3.959582661750005e-14,
            3.959582661750005e-14
        ]
    },
    "observation.state": {
        "min": [
            -0.174534410238266,
            -6.002415180206299,
            0.05811965838074684,
            0.23857957124710083,
            -10.619657516479492,
            -0.6788766980171204,
            -0.6899623274803162,
            -18.930692672729492,
            0.8644688725471497,
            0.1068149283528328,
            -19.854141235351562,
            -0.190476194024086,
            -0.12088635563850403,
            -4.897075176239014,
            0.056410256773233414,
            0.0549483448266983,
            -4.197493076324463,
            -0.021489622071385384,
            -9.21107006072998,
            -106.65829467773438,
            -0.6256410479545593,
            -0.37088319659233093,
            -9.696208953857422,
            0.16117216646671295,
            0.1400512456893921,
            -21.701038360595703,
            -0.7179487347602844,
            0.48003605008125305,
            -17.083797454833984,
            -1.0695971250534058,
            0.6264111399650574,
            -4.897075176239014,
            -0.4405372440814972,
            0.04395867511630058,
            -4.897075176239014,
            -0.03223443403840065,
            0.0,
            0.0,
            0.0,
            1.0,
            0.0,
            0.0,
            0.0
        ],
        "max": [
            -0.1305757462978363,
            6.002415180206299,
            0.20854701101779938,
            0.2605589032173157,
            10.619657516479492,
            -0.3272283375263214,
            -0.6679829359054565,
            14.313450813293457,
            1.216117262840271,
            0.12879426777362823,
            18.930692672729492,
            0.04395604506134987,
            -0.1098966896533966,
            5.5966572761535645,
            0.10207570344209671,
            0.07692768424749374,
            6.296239376068115,
            0.021489622071385384,
            9.009800910949707,
            101.11760711669922,
            0.8649572730064392,
            -0.2609865069389343,
            10.619657516479492,
            0.6398046612739563,
            0.3598446249961853,
            17.083797454833984,
            -0.3663003742694855,
            0.5020154118537903,
            14.313450813293457,
            -0.8351648449897766,
            0.6483904719352722,
            5.5966572761535645,
            -0.3680097758769989,
            0.07692768424749374,
            4.897075176239014,
            0.03223443403840065,
            0.0,
            0.0,
            0.0,
            1.0,
            0.0,
            0.0,
            0.0
        ],
        "mean": [
            -0.15695112943649292,
            -0.5586864948272705,
            0.13798291981220245,
            0.256163090467453,
            -0.27703461050987244,
            -0.5301100015640259,
            -0.6680935025215149,
            0.17545528709888458,
            1.0732604265213013,
            0.1194530799984932,
            0.25394830107688904,
            -0.10358983278274536,
            -0.11896320432424545,
            -0.21687051653862,
            0.0755091980099678,
            0.06412473320960999,
            0.5666618347167969,
            -0.0053724064491689205,
            0.3996151089668274,
            4.146281719207764,
            0.0995897501707077,
            -0.30670365691185,
            -0.6002414226531982,
            0.42104995250701904,
            0.2652234733104706,
            -0.11081382632255554,
            -0.5515010952949524,
            0.4913548529148102,
            -0.3786139190196991,
            -0.928205132484436,
            0.6375651955604553,
            -0.0559665784239769,
            -0.40440765023231506,
            0.058739855885505676,
            0.7065780758857727,
            -0.0027130646631121635,
            0.0,
            0.0,
            0.0,
            1.0,
            0.0,
            0.0,
            0.0
        ],