{
    "action": {
        "min": [
            0.0,
            0.0,
            0.0,
            0.0,
            -9.996841430664062,
            0.0,
            0.0,
            0.0,
            0.0,
            0.0,
            0.0,
            0.0
        ],
        "max": [
            0.0,
            0.0,
            0.0,
            0.0,
            9.999802589416504,
            0.0,
            0.0,
            0.0,
            0.0,
            0.0,
            0.0,
            0.0
        ],
        "mean": [
            0.0,
            0.0,
            0.0,
            0.0,
            1.1214410066604614,
            0.0,
            0.0,
            0.0,
            0.0,
            0.0,
            0.0,
            0.0
        ],
        "std": [
            0.0,
            0.0,
            0.0,
            0.0,
            6.87050199508667,
            0.0,
            0.0,
            0.0,
            0.0,
            0.0,
            0.0,
            0.0
        ],
        "count": [
            200
        ],
        "q01": [
            3.9995784462121265e-16,
            3.9995784462121265e-16,
            3.9995784462121265e-16,
            3.9995784462121265e-16,
            -9.996841430664062,
            3.9995784462121265e-16,
            3.9995784462121265e-16,
            3.9995784462121265e-16,
            3.9995784462121265e-16,
            3.9995784462121265e-16,
            3.9995784462121265e-16,
            3.9995784462121265e-16
        ],
        "q10": [
            3.999578446212126e-15,
            3.999578446212126e-15,
            3.999578446212126e-15,
            3.999578446212126e-15,
            -9.27296257019043,
            3.999578446212126e-15,
            3.999578446212126e-15,
            3.999578446212126e-15,
            3.999578446212126e-15,
            3.999578446212126e-15,
            3.999578446212126e-15,
            3.999578446212126e-15
        ],
        "q50": [
            1.9997892231060632e-14,
            1.9997892231060632e-14,
            1.9997892231060632e-14,
            1.9997892231060632e-14,
            1.9371557235717773,
            1.9997892231060632e-14,
            1.9997892231060632e-14,
            1.9997892231060632e-14,
            1.9997892231060632e-14,
            1.9997892231060632e-14,
            1.9997892231060632e-14,
            1.9997892231060632e-14
        ],
        "q90": [
            3.599620601590914e-14,
            3.599620601590914e-14,
            3.599620601590914e-14,
            3.599620601590914e-14,
            9.655858993530273,
            3.599620601590914e-14,
            3.599620601590914e-14,
            3.599620601590914e-14,
            3.599620601590914e-14,
            3.599620601590914e-14,
            3.599620601590914e-14,
            3.599620601590914e-14
        ],
        "q99": [
            3.959582661750005e-14,
            3.959582661750005e-14,
            3.959582661750005e-14,
            3.959582661750005e-14,
            9.997135480244955,
            3.959582661750005e-14,
            3.959582661750005e-14,
            3.959582661750005e-14,
            3.959582661750005e-14,
            3.959582661750005e-14,
            3.959582661750005e-14,
            3.959582661750005e-14
        ]
    },
    "observation.state": {
        "min": [
            -0.174534410238266,
            -6.002415180206299,
            0.0923076942563057,
            0.216600239276886,
            -10.619657516479492,
            -0.6984127163887024,
            -0.711941659450531,
            -17.083797454833984,
            0.8644688725471497,
            0.08483558893203735,
            -17.083797454833984,
            -0.16117216646671295,
            -9.561012268066406,
            -106.33648681640625,
            -0.3680097758769989,
            -0.49453508853912354,
            -14.691225051879883,
            -0.3304029405117035,
            0.04223077371716499,
            -6.925863265991211,
            -0.18119658529758453,
            -0.3489038646221161,
            -8.772760391235352,
            0.28815630078315735,
            0.2499479353427887,
            -17.083797454833984,
            -0.6300366520881653,
            0.48003605008125305,
            -23.547935485839844,
            -1.0402930974960327,
            0.6044318079948425,
            -4.897075176239014,
            -0.41636142134666443,
            0.0549483448266983,
            -3.497910737991333,
            -0.04029304161667824,
            0.0,
            0.0,
            0.0,
            1.0,
            0.0,
            0.0,
            0.0
        ],
        "max": [
            -0.15255507826805115,
            6.925863265991211,
            0.2153846174478531,
            0.2605589032173157,
            6.925863265991211,
            -0.34676435589790344,
            -0.6460036039352417,
            21.701038360595703,
            1.216117262840271,
            0.1068149283528328,
            21.701038360595703,
            0.07326007634401321,
            9.341218948364258,
            95.14317321777344,
            0.5372405648231506,
            0.28573140501976013,
            16.090389251708984,
            0.3196581304073334,
            0.06421010941267014,
            5.0789666175842285,
            -0.05128205195069313,
            -0.3049452006816864,
            11.543106079101562,
            0.5909646153450012,
            0.27192726731300354,
            16.160348892211914,
            -0.4542124569416046,
            0.5020154118537903,
            19.854141235351562,
            -0.8351648449897766,
            0.6264111399650574,
            5.5966572761535645,
            -0.3492063581943512,
            0.08791735023260117,
            5.5966572761535645,
            0.016117217019200325,
            0.0,
            0.0,
            0.0,
            1.0,
            0.0,
            0.0,
            0.0
        ],
        "mean": [
            -0.16827017068862915,
            -0.7341415882110596,
            0.14560683071613312,
            0.23824943602085114,
            -0.5910072326660156,
            -0.5116481184959412,
            -0.6700716614723206,
            -0.25394830107688904,
            1.0791211128234863,
            0.08494563400745392,
            0.544834554195404,
            -0.04967040196061134,
            1.0776467323303223,
            -0.5771538615226746,
            0.09388276934623718,
            -0.000879176426678896,
            0.5841510891914368,
            0.030971921980381012,
            0.04289007559418678,
            -0.37861397862434387,
            -0.11535041779279709,
            -0.32725387811660767,
            -0.20777592062950134,
            0.4514773488044739,
            0.2703883647918701,
            -1.0896693468093872,
            -0.5599991679191589,
            0.5015750527381897,
            -0.660265326499939,
            -0.9374357461929321,
            0.6169611215591431,
            0.19238512217998505,
            -0.38936495780944824,
            0.07385070621967316,
            0.5211888551712036,
            -0.011899889446794987,
            0.0,
            0.0,
            0.0,
            1.0,
            0.0,
            0.0,
            0.0
        ],