{
    "action": {
        "min": [
            0.0,
            0.0,
            0.0,
            0.0,
            0.0,
            -9.999802589416504,
            0.0,
            0.0,
            0.0,
            0.0,
            0.0,
            0.0
        ],
        "max": [
            0.0,
            0.0,
            0.0,
            0.0,
            0.0,
            9.999210357666016,
            0.0,
            0.0,
            0.0,
            0.0,
            0.0,
            0.0
        ],
        "mean": [
            0.0,
            0.0,
            0.0,
            0.0,
            0.0,
            2.041501998901367,
            0.0,
            0.0,
            0.0,
            0.0,
            0.0,
            0.0
        ],
        "std": [
            0.0,
            0.0,
            0.0,
            0.0,
            0.0,
            6.960394859313965,
            0.0,
            0.0,
            0.0,
            0.0,
            0.0,
            0.0
        ],
        "count": [
            200
        ],
        "q01": [
            3.9995784462121265e-16,
            3.9995784462121265e-16,
            3.9995784462121265e-16,
            3.9995784462121265e-16,
            3.9995784462121265e-16,
            -9.991803169250488,
            3.9995784462121265e-16,
            3.9995784462121265e-16,
            3.9995784462121265e-16,
            3.9995784462121265e-16,
            3.9995784462121265e-16,
            3.9995784462121265e-16
        ],
        "q10": [
            3.999578446212126e-15,
            3.999578446212126e-15,
            3.999578446212126e-15,
            3.999578446212126e-15,
            3.999578446212126e-15,
            -9.07184886932373,
            3.999578446212126e-15,
            3.999578446212126e-15,
            3.999578446212126e-15,
            3.999578446212126e-15,
            3.999578446212126e-15,
            3.999578446212126e-15
        ],
        "q50": [
            1.9997892231060632e-14,
            1.9997892231060632e-14,
            1.9997892231060632e-14,
            1.9997892231060632e-14,
            1.9997892231060632e-14,
            3.9155092239379883,
            1.9997892231060632e-14,
            1.9997892231060632e-14,
            1.9997892231060632e-14,
            1.9997892231060632e-14,
            1.9997892231060632e-14,
            1.9997892231060632e-14
        ],
        "q90": [
            3.599620601590914e-14,
            3.599620601590914e-14,
            3.599620601590914e-14,
            3.599620601590914e-14,
            3.599620601590914e-14,
            9.731221199035645,
            3.599620601590914e-14,
            3.599620601590914e-14,
            3.599620601590914e-14,
            3.599620601590914e-14,
            3.599620601590914e-14,
            3.599620601590914e-14
        ],
        "q99": [
            3.959582661750005e-14,
            3.959582661750005e-14,
            3.959582661750005e-14,
            3.959582661750005e-14,
            3.959582661750005e-14,
            9.996543248494467,
            3.959582661750005e-14,
            3.959582661750005e-14,
            3.959582661750005e-14,
            3.959582661750005e-14,
            3.959582661750005e-14,
            3.959582661750005e-14
        ]
    },
    "observation.state": {
        "min": [
            -0.174534410238266,
            -6.925863265991211,
            0.07179487496614456,
            0.23857957124710083,
            -9.696208953857422,
            -0.6691086888313293,
            -0.6679829359054565,
            -18.930692672729492,
            0.8058608174324036,
            0.1068149283528328,
            -21.701038360595703,
            -0.21978022158145905,
            -0.5165144205093384,
            -17.489553451538086,
            -0.2202686220407486,
            -6.4509358406066895,
            -69.95821380615234,
            -1.966300368309021,
            -0.02370723895728588,
            -6.002415180206299,
            -0.13333334028720856,
            -0.32692453265190125,
            -6.925863265991211,
            0.23931623995304108,
            0.2499479353427887,
            -15.236899375915527,
            -0.6300366520881653,
            0.48003605008125305,
            -18.007244110107422,
            -1.0109890699386597,
            0.4835454225540161,
            -4.897075176239014,
            -0.3518925607204437,
            0.12088635563850403,
            -4.197493076324463,
            -0.09670329838991165,
            0.0,
            0.0,
            0.0,
            1.0,
            0.0,
            0.0,
            0.0
        ],
        "max": [
            -0.1305757462978363,
            6.002415180206299,
            0.20854701101779938,
            0.2605589032173157,
            8.772760391235352,
            -0.3369963467121124,
            -0.6460036039352417,
            18.007244110107422,
            1.245421290397644,
            0.12879426777362823,
            18.007244110107422,
            0.04395604506134987,
            0.23078304529190063,
            18.189136505126953,
            0.3518925607204437,
            9.055486679077148,
            62.96239471435547,
            0.6231990456581116,
            -0.0017279012827202678,
            4.155518054962158,
            0.04444444552063942,
            -0.3049452006816864,
            6.925863265991211,
            0.5616605877876282,
            0.27192726731300354,
            18.007244110107422,
            -0.4542124569416046,
            0.5020154118537903,
            15.236899375915527,
            -0.8351648449897766,
            0.5165144205093384,
            5.5966572761535645,
            -0.27130648493766785,
            0.1538553684949875,
            6.995821475982666,
            -0.013431013561785221,
            0.0,
            0.0,
            0.0,
            1.0,
            0.0,
            0.0,
            0.0
        ],
        "mean": [
            -0.15332460403442383,
            -0.7249071002006531,
            0.13288885354995728,
            0.24451366066932678,
            -0.5402175188064575,
            -0.5166299343109131,
            -0.6676539778709412,
            -0.5817725658416748,
            1.0632973909378052,
            0.1183541938662529,
            -0.018469076603651047,
            -0.09670333564281464,
            -0.211441308259964,
            -0.20637676119804382,
            0.12408912926912308,
            2.1873831748962402,
            4.781642913818359,
            -0.17582538723945618,
            -0.010519646108150482,
            -0.637179434299469,
            -0.04232480376958847,
            -0.31560543179512024,
            -0.32320699095726013,
            0.43155062198638916,
            0.27104777097702026,
            -0.04155508056282997,
            -0.560731828212738,
            0.4855304956436157,
            -1.0204106569290161,
            -0.9286447167396545,
            0.49893122911453247,
            0.00349791650660336,
            -0.316421240568161,
            0.136821448802948,
            0.8360007405281067,
            -0.05123935639858246,
            0.0,
            0.0,
            0.0,
            1.0,
            0.0,
            0.0,
            0.0
        ],