{
    "action": {
        "min": [
            0.0,
            0.0,
            0.0,
            0.0,
            0.0,
            0.0,
            0.0,
            -9.999802589416504,
            0.0,
            0.0,
            0.0,
            0.0
        ],
        "max": [
            0.0,
            0.0,
            0.0,
            0.0,
            0.0,
            0.0,
            0.0,
            9.999210357666016,
            0.0,
            0.0,
            0.0,
            0.0
        ],
        "mean": [
            0.0,
            0.0,
            0.0,
            0.0,
            0.0,
            0.0,
            0.0,
            2.041501998901367,
            0.0,
            0.0,
            0.0,
            0.0
        ],
        "std": [
            0.0,
            0.0,
            0.0,
            0.0,
            0.0,
            0.0,
            0.0,
            6.960394859313965,
            0.0,
            0.0,
            0.0,
            0.0
        ],
        "count": [
            200
        ],
        "q01": [
            3.9995784462121265e-16,
            3.9995784462121265e-16,
            3.9995784462121265e-16,
            3.9995784462121265e-16,
            3.9995784462121265e-16,
            3.9995784462121265e-16,
            3.9995784462121265e-16,
            -9.991803169250488,
            3.9995784462121265e-16,
            3.9995784462121265e-16,
            3.9995784462121265e-16,
            3.9995784462121265e-16
        ],
        "q10": [
            3.999578446212126e-15,
            3.999578446212126e-15,
            3.999578446212126e-15,
            3.999578446212126e-15,
            3.999578446212126e-15,
            3.999578446212126e-15,
            3.999578446212126e-15,
            -9.07184886932373,
            3.999578446212126e-15,
            3.999578446212126e-15,
            3.999578446212126e-15,
            3.999578446212126e-15
        ],
        "q50": [
            1.9997892231060632e-14,
            1.9997892231060632e-14,
            1.9997892231060632e-14,
            1.9997892231060632e-14,
            1.9997892231060632e-14,
            1.9997892231060632e-14,
            1.9997892231060632e-14,
            3.9155092239379883,
            1.9997892231060632e-14,
            1.9997892231060632e-14,
            1.9997892231060632e-14,
            1.9997892231060632e-14
        ],
        "q90": [
            3.599620601590914e-14,
            3.599620601590914e-14,
            3.599620601590914e-14,
            3.599620601590914e-14,
            3.599620601590914e-14,
            3.599620601590914e-14,
            3.599620601590914e-14,
            9.731221199035645,
            3.599620601590914e-14,
            3.599620601590914e-14,
            3.599620601590914e-14,
            3.599620601590914e-14
        ],
        "q99": [
            3.959582661750005e-14,
            3.959582661750005e-14,
            3.959582661750005e-14,
            3.959582661750005e-14,
            3.959582661750005e-14,
            3.959582661750005e-14,
            3.959582661750005e-14,
            9.996543248494467,
            3.959582661750005e-14,
            3.959582661750005e-14,
            3.959582661750005e-14,
            3.959582661750005e-14
        ]
    },
    "observation.state": {
        "min": [
            -0.174534410238266,
            -6.002415180206299,
            0.07179487496614456,
            0.23857957124710083,
            -9.696208953857422,
            -0.7081807255744934,
            -0.6679829359054565,
            -18.007244110107422,
            0.8644688725471497,
            0.1068149283528328,
            -17.083797454833984,
            -0.21978022158145905,
            -0.13187602162361145,
            -4.897075176239014,
            0.053724054247140884,
            0.0549483448266983,
            -4.197493076324463,
            -0.03223443403840065,
            -0.0017279012827202678,
            -6.925863265991211,
            -0.25641027092933655,
            -9.88793659210205,
            -35.552764892578125,
            -0.35653236508369446,
            0.22796858847141266,
            -16.160348892211914,
            -0.6300366520881653,
            0.48003605008125305,
            -14.313450813293457,
            -1.0402930974960327,
            0.49453508853912354,
            -6.296239376068115,
            -0.36532357335090637,
            0.06593801081180573,
            -4.197493076324463,
            -0.0644688680768013,
            0.0,
            0.0,
            0.0,
            1.0,
            0.0,
            0.0,
            0.0
        ],
        "max": [
            -0.15255507826805115,
            6.925863265991211,
            0.20854701101779938,
            0.2605589032173157,
            10.619657516479492,
            -0.35653236508369446,
            -0.6460036039352417,
            16.160348892211914,
            1.186813235282898,
            0.12879426777362823,
            18.007244110107422,
            0.04395604506134987,
            -0.09890701621770859,
            4.897075176239014,
            0.09938950091600418,
            0.07692768424749374,
            5.5966572761535645,
            0.018803419545292854,
            0.04223077371716499,
            5.0789666175842285,
            -0.017094017937779427,
            9.475859642028809,
            36.47621536254883,
            0.7863247990608215,
            0.2939065992832184,
            18.930692672729492,
            -0.48351648449897766,
            0.5020154118537903,
            15.236899375915527,
            -0.8351648449897766,
            0.5165144205093384,
            6.296239376068115,
            -0.2659340798854828,
            0.09890701621770859,
            4.897075176239014,
            0.026862027123570442,
            0.0,
            0.0,
            0.0,
            1.0,
            0.0,
            0.0,
            0.0
        ],
        "mean": [
            -0.15761053562164307,
            -0.49404507875442505,
            0.1385299116373062,
            0.2450631707906723,
            -0.3370587229728699,
            -0.517362654209137,
            -0.6675440073013306,
            -0.8080172538757324,
            1.064469337463379,
            0.11648594588041306,
            0.3278242349624634,
            -0.10051289200782776,
            -0.11819393187761307,
            0.017489559948444366,
            0.07383032888174057,
            0.06830082833766937,
            0.8150135278701782,
            -0.009737495332956314,
            0.026735320687294006,
            -0.2724173665046692,
            -0.0993162989616394,
            1.5819811820983887,
            2.8811583518981934,
            0.19750919938087463,
            0.2658826410770416,
            -0.9003623723983765,
            -0.555164098739624,
            0.4912448823451996,
            -0.04155520349740982,
            -0.9317216277122498,
            0.5063486695289612,
            -0.010493743233382702,
            -0.32137730717658997,
            0.08027971535921097,
            0.8779757022857666,
            -0.016036640852689743,
            0.0,
            0.0,
            0.0,
            1.0,
            0.0,
            0.0,
            0.0
        ],