{
    "action": {
        "min": [
            0.0,
            0.0,
            -9.996841430664062,
            0.0,
            0.0,
            0.0,
            0.0,
            0.0,
            0.0,
            0.0,
            0.0,
            0.0
        ],
        "max": [
            0.0,
            0.0,
            9.999802589416504,
            0.0,
            0.0,
            0.0,
            0.0,
            0.0,
            0.0,
            0.0,
            0.0,
            0.0
        ],
        "mean": [
            0.0,
            0.0,
            1.1214410066604614,
            0.0,
            0.0,
            0.0,
            0.0,
            0.0,
            0.0,
            0.0,
            0.0,
            0.0
        ],
        "std": [
            0.0,
            0.0,
            6.87050199508667,
            0.0,
            0.0,
            0.0,
            0.0,
            0.0,
            0.0,
            0.0,
            0.0,
            0.0
        ],
        "count": [
            200
        ],
        "q01": [
            3.9995784462121265e-16,
            3.9995784462121265e-16,
            -9.996841430664062,
            3.9995784462121265e-16,
            3.9995784462121265e-16,
            3.9995784462121265e-16,
            3.9995784462121265e-16,
            3.9995784462121265e-16,
            3.9995784462121265e-16,
            3.9995784462121265e-16,
            3.9995784462121265e-16,
            3.9995784462121265e-16
        ],
        "q10": [
            3.999578446212126e-15,
            3.999578446212126e-15,
            -9.27296257019043,
            3.999578446212126e-15,
            3.999578446212126e-15,
            3.999578446212126e-15,
            3.999578446212126e-15,
            3.999578446212126e-15,
            3.999578446212126e-15,
            3.999578446212126e-15,
            3.999578446212126e-15,
            3.999578446212126e-15
        ],
        "q50": [
            1.9997892231060632e-14,
            1.9997892231060632e-14,
            1.9371557235717773,
            1.9997892231060632e-14,
            1.9997892231060632e-14,
            1.9997892231060632e-14,
            1.9997892231060632e-14,
            1.9997892231060632e-14,
            1.9997892231060632e-14,
            1.9997892231060632e-14,
            1.9997892231060632e-14,
            1.9997892231060632e-14
        ],
        "q90": [
            3.599620601590914e-14,
            3.599620601590914e-14,
            9.655858993530273,
            3.599620601590914e-14,
            3.599620601590914e-14,
            3.599620601590914e-14,
            3.599620601590914e-14,
            3.599620601590914e-14,
            3.599620601590914e-14,
            3.599620601590914e-14,
            3.599620601590914e-14,
            3.599620601590914e-14
        ],
        "q99": [
            3.959582661750005e-14,
            3.959582661750005e-14,
            9.997135480244955,
            3.959582661750005e-14,
            3.959582661750005e-14,
            3.959582661750005e-14,
            3.959582661750005e-14,
            3.959582661750005e-14,
            3.959582661750005e-14,
            3.959582661750005e-14,
            3.959582661750005e-14,
            3.959582661750005e-14
        ]
    },
    "observation.state": {
        "min": [
            -0.3503691256046295,
            -6.925863265991211,
            -0.11282051354646683,
            0.12868288159370422,
            -9.696208953857422,
            -0.6886447072029114,
            -10.778478622436523,
            -162.06520080566406,
            -2.9450550079345703,
            -0.0030817596707493067,
            -17.083797454833984,
            -0.21978022158145905,
            -0.12088635563850403,
            -5.5966572761535645,
            0.048351649194955826,
            0.010989668779075146,
            -4.897075176239014,
            0.0,
            -0.0017279012827202678,
            -6.002415180206299,
            -0.2153846174478531,
            -0.3489038646221161,
            -7.849311828613281,
            0.27838829159736633,
            0.22796858847141266,
            -15.236899375915527,
            -0.6593406796455383,
            0.48003605008125305,
            -18.007244110107422,
            -1.0402930974960327,
            0.6044318079948425,
            -4.897075176239014,
            -0.42710623145103455,
            0.06593801081180573,
            -4.197493076324463,
            -0.04297924414277077,
            0.0,
            0.0,
            0.0,
            1.0,
            0.0,
            0.0,
            0.0
        ],
        "max": [
            -0.02067905105650425,
            5.0789666175842285,
            0.4888888895511627,
            0.30451759696006775,
            9.696208953857422,
            -0.21001221239566803,
            9.640326499938965,
            157.44796752929688,
            5.05494499206543,
            0.17275294661521912,
            17.083797454833984,
            0.1318681389093399,
            -0.08791735023260117,
            4.897075176239014,
            0.08864469081163406,
            0.04395867511630058,
            4.897075176239014,
            0.03492063656449318,
            0.06421010941267014,
            6.002415180206299,
            0.023931624367833138,
            -0.3049452006816864,
            7.849311828613281,
            0.6495726704597473,
            0.3158859610557556,
            18.930692672729492,
            -0.4542124569416046,
            0.5020154118537903,
            18.007244110107422,
            -0.8351648449897766,
            0.6264111399650574,
            4.897075176239014,
            -0.34652015566825867,
            0.07692768424749374,
            4.897075176239014,
            0.021489622071385384,
            0.0,
            0.0,
            0.0,
            1.0,
            0.0,
            0.0,
            0.0
        ],
        "mean": [
            -0.16805054247379303,
            -0.5263656973838806,
            0.1491624116897583,
            0.2247323840856552,
            -0.07849310338497162,
            -0.4762391746044159,
            0.49670231342315674,
            -0.13851745426654816,
            1.040439486503601,
            0.07978053390979767,
            1.3574687242507935,
            -0.03223445639014244,
            -0.10791876912117004,
            0.03148119896650314,
            0.0689951628446579,
            0.030661171302199364,
            0.43723881244659424,
            0.016829079017043114,
            0.03849421814084053,
            -0.16160346567630768,
            -0.11039318889379501,
            -0.3287924826145172,
            -0.33244144916534424,
            0.4612942039966583,
            0.2695092260837555,
            0.009234439581632614,
            -0.5638087391853333,
            0.5008057951927185,
            -0.2631828486919403,
            -0.9415384531021118,
            0.6199826598167419,
            -0.09794151037931442,
            -0.39274975657463074,
            0.07192741334438324,
            0.664603054523468,
            -0.009670337662100792,
            0.0,
            0.0,
            0.0,
            1.0,
            0.0,
            0.0,
            0.0
        ],