{
    "action": {
        "min": [
            0.0,
            0.0,
            0.0,
            0.0,
            0.0,
            0.0,
            0.0,
            0.0,
            -9.999210357666016,
            0.0,
            0.0,
            0.0
        ],
        "max": [
            0.0,
            0.0,
            0.0,
            0.0,
            0.0,
            0.0,
            0.0,
            0.0,
            9.999210357666016,
            0.0,
            0.0,
            0.0
        ],
        "mean": [
            0.0,
            0.0,
            0.0,
            0.0,
            0.0,
            0.0,
            0.0,
            0.0,
            0.2524532377719879,
            0.0,
            0.0,
            0.0
        ],
        "std": [
            0.0,
            0.0,
            0.0,
            0.0,
            0.0,
            0.0,
            0.0,
            0.0,
            7.084749221801758,
            0.0,
            0.0,
            0.0
        ],
        "count": [
            200
        ],
        "q01": [
            3.9995784462121265e-16,
            3.9995784462121265e-16,
            3.9995784462121265e-16,
            3.9995784462121265e-16,
            3.9995784462121265e-16,
            3.9995784462121265e-16,
            3.9995784462121265e-16,
            3.9995784462121265e-16,
            -9.999210357666016,
            3.9995784462121265e-16,
            3.9995784462121265e-16,
            3.9995784462121265e-16
        ],
        "q10": [
            3.999578446212126e-15,
            3.999578446212126e-15,
            3.999578446212126e-15,
            3.999578446212126e-15,
            3.999578446212126e-15,
            3.999578446212126e-15,
            3.999578446212126e-15,
            3.999578446212126e-15,
            -9.583243370056152,
            3.999578446212126e-15,
            3.999578446212126e-15,
            3.999578446212126e-15
        ],
        "q50": [
            1.9997892231060632e-14,
            1.9997892231060632e-14,
            1.9997892231060632e-14,
            1.9997892231060632e-14,
            1.9997892231060632e-14,
            1.9997892231060632e-14,
            1.9997892231060632e-14,
            1.9997892231060632e-14,
            0.5039596557617188,
            1.9997892231060632e-14,
            1.9997892231060632e-14,
            1.9997892231060632e-14
        ],
        "q90": [
            3.599620601590914e-14,
            3.599620601590914e-14,
            3.599620601590914e-14,
            3.599620601590914e-14,
            3.599620601590914e-14,
            3.599620601590914e-14,
            3.599620601590914e-14,
            3.599620601590914e-14,
            9.511247634887695,
            3.599620601590914e-14,
            3.599620601590914e-14,
            3.599620601590914e-14
        ],
        "q99": [
            3.959582661750005e-14,
            3.959582661750005e-14,
            3.959582661750005e-14,
            3.959582661750005e-14,
            3.959582661750005e-14,
            3.959582661750005e-14,
            3.959582661750005e-14,
            3.959582661750005e-14,
            9.995210647583008,
            3.959582661750005e-14,
            3.959582661750005e-14,
            3.959582661750005e-14
        ]
    },
    "observation.state": {
        "min": [
            -0.5042244791984558,
            -24.471384048461914,
            -0.7555555701255798,
            -0.025172483175992966,
            -14.313450813293457,
            -1.3235653638839722,
            -3.107689380645752,
            -77.10794830322266,
            -4.9377288818359375,
            -0.11297845095396042,
            -23.547935485839844,
            -1.0989011526107788,
            -0.2088037133216858,
            -11.193314552307129,
            0.02954822964966297,
            -0.17583470046520233,
            -6.296239376068115,
            0.07252747565507889,
            -0.46329399943351746,
            -22.624486923217773,
            -1.4119658470153809,
            -0.5686972737312317,
            -15.236899375915527,
            -0.3663003742694855,
            -8.146159172058105,
            -244.2521209716797,
            -10.124542236328125,
            0.15034599602222443,
            -31.858972549438477,
            -1.860805869102478,
            0.46156609058380127,
            -13.991642951965332,
            -0.5533577799797058,
            -0.09890701621770859,
            -7.695404052734375,
            -0.07252747565507889,
            0.0,
            0.0,
            0.0,
            1.0,
            0.0,
            0.0,
            0.0
        ],
        "max": [
            0.33099034428596497,
            12.466554641723633,
            0.8307692408561707,
            0.41441425681114197,
            13.390002250671387,
            0.2588522732257843,
            1.8376615047454834,
            100.19416046142578,
            5.934065818786621,
            0.2826496362686157,
            35.552764892578125,
            0.48351648449897766,
            -0.0549483448266983,
            15.39080810546875,
            0.13162393867969513,
            -0.07692768424749374,
            11.89289665222168,
            0.17191697657108307,
            0.5697348713874817,
            21.701038360595703,
            1.2068376541137695,
            0.00276553095318377,
            10.619657516479492,
            1.245421290397644,
            8.88782787322998,
            232.24728393554688,
            6.578754425048828,
            0.7657674551010132,
            31.858972549438477,
            0.1318681389093399,
            0.8681838512420654,
            9.094568252563477,
            -0.30085471272468567,
            0.13187602162361145,
            9.094568252563477,
            0.11550671607255936,
            0.0,
            0.0,
            0.0,
            1.0,
            0.0,
            0.0,
            0.0
        ],
        "mean": [
            -0.18365588784217834,
            -0.646414041519165,
            0.17712819576263428,
            0.23616164922714233,
            -0.8311035633087158,
            -0.49924302101135254,
            -0.569405734539032,
            -0.9280649423599243,
            0.9024178981781006,
            0.08736337721347809,
            0.5171310901641846,
            -0.04571431130170822,
            -0.10473168641328812,
            0.017489561811089516,
            0.06668500602245331,
            -0.1142926886677742,
            0.703080415725708,
            0.10888522118330002,
            -0.005684198345988989,
            -0.8772759437561035,
            -0.0387350469827652,
            -0.3018682897090912,
            -0.2724173963069916,
            0.4074724614620209,
            1.0527435541152954,
            -3.199747323989868,
            -1.0089374780654907,
            0.5053126811981201,
            0.5125139951705933,
            -0.954871654510498,
            0.6989430785179138,
            0.18189138174057007,
            -0.44018828868865967,
            0.048244692385196686,
            0.6576073169708252,
            0.004754578694701195,
            0.0,
            0.0,
            0.0,
            1.0,
            0.0,
            0.0,
            0.0
        ],