{
    "action": {
        "min": [
            0.0,
            0.0,
            0.0,
            0.0,
            0.0,
            0.0,
            0.0,
            0.0,
            0.0,
            0.0,
            0.0,
            -9.980267524719238
        ],
        "max": [
            0.0,
            0.0,
            0.0,
            0.0,
            0.0,
            0.0,
            0.0,
            0.0,
            0.0,
            0.0,
            0.0,
            9.980267524719238
        ],
        "mean": [
            0.0,
            0.0,
            0.0,
            0.0,
            0.0,
            0.0,
            0.0,
            0.0,
            0.0,
            0.0,
            0.0,
            3.4809113458322827e-07
        ],
        "std": [
            0.0,
            0.0,
            0.0,
            0.0,
            0.0,
            0.0,
            0.0,
            0.0,
            0.0,
            0.0,
            0.0,
            7.07106876373291
        ],
        "count": [
            200
        ],
        "q01": [
            3.9995784462121265e-16,
            3.9995784462121265e-16,
            3.9995784462121265e-16,
            3.9995784462121265e-16,
            3.9995784462121265e-16,
            3.9995784462121265e-16,
            3.9995784462121265e-16,
            3.9995784462121265e-16,
            3.9995784462121265e-16,
            3.9995784462121265e-16,
            3.9995784462121265e-16,
            -9.980267524719238
        ],
        "q10": [
            3.999578446212126e-15,
            3.999578446212126e-15,
            3.999578446212126e-15,
            3.999578446212126e-15,
            3.999578446212126e-15,
            3.999578446212126e-15,
            3.999578446212126e-15,
            3.999578446212126e-15,
            3.999578446212126e-15,
            3.999578446212126e-15,
            3.999578446212126e-15,
            -9.511195182800293
        ],
        "q50": [
            1.9997892231060632e-14,
            1.9997892231060632e-14,
            1.9997892231060632e-14,
            1.9997892231060632e-14,
            1.9997892231060632e-14,
            1.9997892231060632e-14,
            1.9997892231060632e-14,
            1.9997892231060632e-14,
            1.9997892231060632e-14,
            1.9997892231060632e-14,
            1.9997892231060632e-14,
            -0.001995086669921875
        ],
        "q90": [
            3.599620601590914e-14,
            3.599620601590914e-14,
            3.599620601590914e-14,
            3.599620601590914e-14,
            3.599620601590914e-14,
            3.599620601590914e-14,
            3.599620601590914e-14,
            3.599620601590914e-14,
            3.599620601590914e-14,
            3.599620601590914e-14,
            3.599620601590914e-14,
            9.51119613647461
        ],
        "q99": [
            3.959582661750005e-14,
            3.959582661750005e-14,
            3.959582661750005e-14,
            3.959582661750005e-14,
            3.959582661750005e-14,
            3.959582661750005e-14,
            3.959582661750005e-14,
            3.959582661750005e-14,
            3.959582661750005e-14,
            3.959582661750005e-14,
            3.959582661750005e-14,
            9.979269981384277
        ]
    },
    "observation.state": {
        "min": [
            -0.174534410238266,
            -6.925863265991211,
            0.07179487496614456,
            0.23857957124710083,
            -12.466554641723633,
            -0.6886447072029114,
            -0.6899623274803162,
            -19.854141235351562,
            0.8937729001045227,
            0.06285625696182251,
            -19.854141235351562,
            -0.10256410390138626,
            -0.06593801081180573,
            -4.897075176239014,
            0.016117217019200325,
            -0.1098966896533966,
            -5.5966572761535645,
            0.07789988070726395,
            -0.0017279012827202678,
            -7.849311828613281,
            -0.1538461595773697,
            -0.32692453265190125,
            -11.543106079101562,
            0.190476194024086,
            0.2499479353427887,
            -20.777589797973633,
            -0.6300366520881653,
            0.48003605008125305,
            -22.624486923217773,
            -1.0402930974960327,
            -0.04395867511630058,
            -26.584121704101562,
            -0.42710623145103455,
            -7.0004191398620605,
            -142.0151824951172,
            -1.3672771453857422,
            0.0,
            0.0,
            0.0,
            1.0,
            0.0,
            0.0,
            0.0
        ],
        "max": [
            -0.15255507826805115,
            6.002415180206299,
            0.20854701101779938,
            0.2605589032173157,
            10.619657516479492,
            -0.3369963467121124,
            -0.6679829359054565,
            17.083797454833984,
            1.186813235282898,
            0.08483558893203735,
            18.007244110107422,
            0.07326007634401321,
            -0.04395867511630058,
            4.197493076324463,
            0.056410256773233414,
            -0.08791735023260117,
            5.5966572761535645,
            0.11550671607255936,
            0.04223077371716499,
            5.0789666175842285,
            -0.017094017937779427,
            -0.28296586871147156,
            9.696208953857422,
            0.6105006337165833,
            0.27192726731300354,
            18.007244110107422,
            -0.4542124569416046,
            0.5020154118537903,
            15.236899375915527,
            -0.8351648449897766,
            0.7912561297416687,
            27.28370475769043,
            0.166544571518898,
            8.440065383911133,
            149.71058654785156,
            0.7655677795410156,
            0.0,
            0.0,
            0.0,
            1.0,
            0.0,
            0.0,
            0.0
        ],
        "mean": [
            -0.1669514775276184,
            -0.6741174459457397,
            0.14680343866348267,
            0.24627213180065155,
            -0.9788556098937988,
            -0.5262027382850647,
            -0.6682034134864807,
            -0.3555276393890381,
            1.0690112113952637,
            0.06582359969615936,
            0.5309828519821167,
            -0.0225641131401062,
            -0.059124503284692764,
            -0.006995824631303549,
            0.03724421188235283,
            -0.09341228753328323,
            0.5036991238594055,
            0.09644811600446701,
            0.020471252501010895,
            -0.45248961448669434,
            -0.08953846991062164,
            -0.3047260642051697,
            -0.4063173234462738,
            0.4144566059112549,
            0.26632222533226013,
            -0.692586362361908,
            -0.5513544678688049,
            0.4813544452190399,
            -1.1035209894180298,
            -0.9202932715415955,
            0.12456797808408737,
            7.331371421059885e-08,
            -0.07200365513563156,
            0.40941983461380005,
            -2.2876322269439697,
            -0.1324969232082367,
            0.0,
            0.0,
            0.0,
            1.0,
            0.0,
            0.0,
            0.0
        ],