{
    "action": {
        "min": [
            0.0,
            0.0,
            0.0,
            0.0,
            0.0,
            0.0,
            0.0,
            0.0,
            0.0,
            -10.0,
            0.0,
            0.0
        ],
        "max": [
            0.0,
            0.0,
            0.0,
            0.0,
            0.0,
            0.0,
            0.0,
            0.0,
            0.0,
            9.999210357666016,
            0.0,
            0.0
        ],
        "mean": [
            0.0,
            0.0,
            0.0,
            0.0,
            0.0,
            0.0,
            0.0,
            0.0,
            0.0,
            0.8925601243972778,
            0.0,
            0.0
        ],
        "std": [
            0.0,
            0.0,
            0.0,
            0.0,
            0.0,
            0.0,
            0.0,
            0.0,
            0.0,
            6.857784748077393,
            0.0,
            0.0
        ],
        "count": [
            200
        ],
        "q01": [
            3.9995784462121265e-16,
            3.9995784462121265e-16,
            3.9995784462121265e-16,
            3.9995784462121265e-16,
            3.9995784462121265e-16,
            3.9995784462121265e-16,
            3.9995784462121265e-16,
            3.9995784462121265e-16,
            3.9995784462121265e-16,
            -9.994000434875488,
            3.9995784462121265e-16,
            3.9995784462121265e-16
        ],
        "q10": [
            3.999578446212126e-15,
            3.999578446212126e-15,
            3.999578446212126e-15,
            3.999578446212126e-15,
            3.999578446212126e-15,
            3.999578446212126e-15,
            3.999578446212126e-15,
            3.999578446212126e-15,
            3.999578446212126e-15,
            -9.298027992248535,
            3.999578446212126e-15,
            3.999578446212126e-15
        ],
        "q50": [
            1.9997892231060632e-14,
            1.9997892231060632e-14,
            1.9997892231060632e-14,
            1.9997892231060632e-14,
            1.9997892231060632e-14,
            1.9997892231060632e-14,
            1.9997892231060632e-14,
            1.9997892231060632e-14,
            1.9997892231060632e-14,
            1.997525691986084,
            1.9997892231060632e-14,
            1.9997892231060632e-14
        ],
        "q90": [
            3.599620601590914e-14,
            3.599620601590914e-14,
            3.599620601590914e-14,
            3.599620601590914e-14,
            3.599620601590914e-14,
            3.599620601590914e-14,
            3.599620601590914e-14,
            3.599620601590914e-14,
            3.599620601590914e-14,
            9.347234725952148,
            3.599620601590914e-14,
            3.599620601590914e-14
        ],
        "q99": [
            3.959582661750005e-14,
            3.959582661750005e-14,
            3.959582661750005e-14,
            3.959582661750005e-14,
            3.959582661750005e-14,
            3.959582661750005e-14,
            3.959582661750005e-14,
            3.959582661750005e-14,
            3.959582661750005e-14,
            9.991209030151367,
            3.959582661750005e-14,
            3.959582661750005e-14
        ]
    },
    "observation.state": {
        "min": [
            -0.26245176792144775,
            -7.849311828613281,
            -0.04444444552063942,
            0.216600239276886,
            -9.696208953857422,
            -0.6788766980171204,
            -0.8438176512718201,
            -18.007244110107422,
            0.7179487347602844,
            0.06285625696182251,
            -18.930692672729492,
            -0.190476194024086,
            -0.1098966896533966,
            -4.197493076324463,
            0.051037851721048355,
            0.06593801081180573,
            -4.197493076324463,
            -0.024175824597477913,
            -0.1116245910525322,
            -7.849311828613281,
            -0.19487179815769196,
            -0.3489038646221161,
            -11.543106079101562,
            0.22954823076725006,
            -0.0138041190803051,
            -25.394832611083984,
            -1.1282051801681519,
            -9.520562171936035,
            -82.64863586425781,
            -2.124542236328125,
            0.4725557565689087,
            -4.897075176239014,
            -0.3384615480899811,
            0.07692768424749374,
            -4.897075176239014,
            -0.048351649194955826,
            0.0,
            0.0,
            0.0,
            1.0,
            0.0,
            0.0,
            0.0
        ],
        "max": [
            -0.06463772803544998,
            5.0789666175842285,
            0.3589743673801422,
            0.2605589032173157,
            9.696208953857422,
            -0.3369963467121124,
            -0.36027222871780396,
            18.930692672729492,
            1.3626374006271362,
            0.12879426777362823,
            22.624486923217773,
            0.07326007634401321,
            -0.08791735023260117,
            4.197493076324463,
            0.083272285759449,
            0.08791735023260117,
            4.897075176239014,
            0.002686202758923173,
            0.04223077371716499,
            6.002415180206299,
            0.14700855314731598,
            -0.28296586871147156,
            6.925863265991211,
            0.6593406796455383,
            0.645576000213623,
            18.930692672729492,
            -0.21978022158145905,
            9.403647422790527,
            75.26104736328125,
            1.1282051801681519,
            0.49453508853912354,
            4.897075176239014,
            -0.2739926874637604,
            0.09890701621770859,
            4.897075176239014,
            0.010744811035692692,
            0.0,
            0.0,
            0.0,
            1.0,
            0.0,
            0.0,
            0.0
        ],
        "mean": [
            -0.15750062465667725,
            -0.4155517816543579,
            0.13593167066574097,
            0.2397879958152771,
            -0.27241721749305725,
            -0.512527346611023,
            -0.6660053133964539,
            -0.6048584580421448,
            1.0589015483856201,
            0.08868210762739182,
            1.8191936016082764,
            -0.052014708518981934,
            -0.10242394357919693,
            0.07345616072416306,
            0.06536877900362015,
            0.07022404670715332,
            0.5561679005622864,
            -0.012181943282485008,
            -0.03590582311153412,
            -0.5309828519821167,
            -0.006290598306804895,
            -0.3116492033004761,
            -0.6140930652618408,
            0.4286692142486572,
            0.2736852765083313,
            -0.15236897766590118,
            -0.5689367651939392,
            0.7477443814277649,
            6.108612537384033,
            -0.37890103459358215,
            0.487666517496109,
            0.2763350009918213,
            -0.30906108021736145,
            0.08786246925592422,
            0.6051384210586548,
            -0.02024056203663349,
            0.0,
            0.0,
            0.0,
            1.0,
            0.0,
            0.0,
            0.0
        ],