{
    "action": {
        "min": [
            0.0,
            0.0,
            0.0,
            -10.0,
            0.0,
            0.0,
            0.0,
            0.0,
            0.0,
            0.0,
            0.0,
            0.0
        ],
        "max": [
            0.0,
            0.0,
            0.0,
            10.0,
            0.0,
            0.0,
            0.0,
            0.0,
            0.0,
            0.0,
            0.0,
            0.0
        ],
        "mean": [
            0.0,
            0.0,
            0.0,
            2.5033950024067053e-08,
            0.0,
            0.0,
            0.0,
            0.0,
            0.0,
            0.0,
            0.0,
            0.0
        ],
        "std": [
            0.0,
            0.0,
            0.0,
            7.07106876373291,
            0.0,
            0.0,
            0.0,
            0.0,
            0.0,
            0.0,
            0.0,
            0.0
        ],
        "count": [
            200
        ],
        "q01": [
            3.9995784462121265e-16,
            3.9995784462121265e-16,
            3.9995784462121265e-16,
            -9.99399995803833,
            3.9995784462121265e-16,
            3.9995784462121265e-16,
            3.9995784462121265e-16,
            3.9995784462121265e-16,
            3.9995784462121265e-16,
            3.9995784462121265e-16,
            3.9995784462121265e-16,
            3.9995784462121265e-16
        ],
        "q10": [
            3.999578446212126e-15,
            3.999578446212126e-15,
            3.999578446212126e-15,
            -9.510000228881836,
            3.999578446212126e-15,
            3.999578446212126e-15,
            3.999578446212126e-15,
            3.999578446212126e-15,
            3.999578446212126e-15,
            3.999578446212126e-15,
            3.999578446212126e-15,
            3.999578446212126e-15
        ],
        "q50": [
            1.9997892231060632e-14,
            1.9997892231060632e-14,
            1.9997892231060632e-14,
            0.0020003318786621094,
            1.9997892231060632e-14,
            1.9997892231060632e-14,
            1.9997892231060632e-14,
            1.9997892231060632e-14,
            1.9997892231060632e-14,
            1.9997892231060632e-14,
            1.9997892231060632e-14,
            1.9997892231060632e-14
        ],
        "q90": [
            3.599620601590914e-14,
            3.599620601590914e-14,
            3.599620601590914e-14,
            9.510001182556152,
            3.599620601590914e-14,
            3.599620601590914e-14,
            3.599620601590914e-14,
            3.599620601590914e-14,
            3.599620601590914e-14,
            3.599620601590914e-14,
            3.599620601590914e-14,
            3.599620601590914e-14
        ],
        "q99": [
            3.959582661750005e-14,
            3.959582661750005e-14,
            3.959582661750005e-14,
            9.994000434875488,
            3.959582661750005e-14,
            3.959582661750005e-14,
            3.959582661750005e-14,
            3.959582661750005e-14,
            3.959582661750005e-14,
            3.959582661750005e-14,
            3.959582661750005e-14,
            3.959582661750005e-14
        ]
    },
    "observation.state": {
        "min": [
            -0.41630712151527405,
            -10.619657516479492,
            -0.32478633522987366,
            0.10670354217290878,
            -13.390002250671387,
            -1.1282051801681519,
            -1.810908555984497,
            -74.33760070800781,
            -2.4761905670166016,
            -7.432097911834717,
            -288.57763671875,
            -3.238095283508301,
            -0.12088635563850403,
            -4.897075176239014,
            0.045665446668863297,
            -0.0549483448266983,
            -3.497910737991333,
            0.03223443403840065,
            -0.17756260931491852,
            -10.619657516479492,
            -0.4205128252506256,
            -0.39286255836486816,
            -9.696208953857422,
            -0.15140415728092194,
            -0.2775561809539795,
            -42.94035339355469,
            -2.710622787475586,
            0.4140980541706085,
            -20.777589797973633,
            -1.1282051801681519,
            0.6374008059501648,
            -5.5966572761535645,
            -0.4862026870250702,
            0.0549483448266983,
            -6.296239376068115,
            -0.045665446668863297,
            0.0,
            0.0,
            0.0,
            1.0,
            0.0,
            0.0,
            0.0
        ],
        "max": [
            0.0013002868508920074,
            10.619657516479492,
            0.6598290801048279,
            0.3924349248409271,
            10.619657516479492,
            0.04395604506134987,
            0.8485913276672363,
            65.10311889648438,
            4.0,
            8.151252746582031,
            290.4245300292969,
            2.3003664016723633,
            -0.08791735023260117,
            7.695404052734375,
            0.1101343110203743,
            -0.02197933755815029,
            6.995821475982666,
            0.09401709586381912,
            0.17410680651664734,
            6.002415180206299,
            0.3384615480899811,
            -0.12911050021648407,
            7.849311828613281,
            0.9230769276618958,
            1.1291214227676392,
            44.78725051879883,
            0.6007326245307922,
            0.5899327397346497,
            18.930692672729492,
            -0.6886447072029114,
            0.747297465801239,
            5.5966572761535645,
            -0.3975580036640167,
            0.09890701621770859,
            6.296239376068115,
            0.03760683909058571,
            0.0,
            0.0,
            0.0,
            1.0,
            0.0,
            0.0,
            0.0
        ],
        "mean": [
            -0.21222898364067078,
            -0.7572277784347534,
            0.21439318358898163,
            0.25209665298461914,
            -0.549452006816864,
            -0.5163370966911316,
            -0.5447887778282166,
            -0.7479936480522156,
            0.848205029964447,
            0.6477266550064087,
            -5.397557258605957,
            -0.5663002133369446,
            -0.1068747341632843,
            -0.059464484453201294,
            0.06801467388868332,
            -0.03621095046401024,
            0.5351803302764893,
            0.058612972497940063,
            -0.013486835174262524,
            -0.7618453502655029,
            -0.03958975523710251,
            -0.3132975101470947,
            -0.7572278380393982,
            0.43194127082824707,
            0.3343486487865448,
            -0.49404487013816833,
            -0.6760439276695251,
            0.49805891513824463,
            0.28165164589881897,
            -0.9343593120574951,
            0.7002618312835693,
            -0.09444356709718704,
            -0.44146403670310974,
            0.07461994141340256,
            0.8080174922943115,
            -0.012584873475134373,
            0.0,
            0.0,
            0.0,
            1.0,
            0.0,
            0.0,
            0.0
        ],