{
    "action": {
        "min": [
            0.0,
            0.0,
            0.0,
            0.0,
            -9.999210357666016,
            0.0,
            0.0,
            0.0,
            0.0,
            0.0,
            0.0,
            0.0
        ],
        "max": [
            0.0,
            0.0,
            0.0,
            0.0,
            9.999210357666016,
            0.0,
            0.0,
            0.0,
            0.0,
            0.0,
            0.0,
            0.0
        ],
        "mean": [
            0.0,
            0.0,
            0.0,
            0.0,
            0.31960082054138184,
            0.0,
            0.0,
            0.0,
            0.0,
            0.0,
            0.0,
            0.0
        ],
        "std": [
            0.0,
            0.0,
            0.0,
            0.0,
            6.9959516525268555,
            0.0,
            0.0,
            0.0,
            0.0,
            0.0,
            0.0,
            0.0
        ],
        "count": [
            200
        ],
        "q01": [
            3.9995784462121265e-16,
            3.9995784462121265e-16,
            3.9995784462121265e-16,
            3.9995784462121265e-16,
            -9.999210357666016,
            3.9995784462121265e-16,
            3.9995784462121265e-16,
            3.9995784462121265e-16,
            3.9995784462121265e-16,
            3.9995784462121265e-16,
            3.9995784462121265e-16,
            3.9995784462121265e-16
        ],
        "q10": [
            3.999578446212126e-15,
            3.999578446212126e-15,
            3.999578446212126e-15,
            3.999578446212126e-15,
            -9.507248878479004,
            3.999578446212126e-15,
            3.999578446212126e-15,
            3.999578446212126e-15,
            3.999578446212126e-15,
            3.999578446212126e-15,
            3.999578446212126e-15,
            3.999578446212126e-15
        ],
        "q50": [
            1.9997892231060632e-14,
            1.9997892231060632e-14,
            1.9997892231060632e-14,
            1.9997892231060632e-14,
            0.7559394836425781,
            1.9997892231060632e-14,
            1.9997892231060632e-14,
            1.9997892231060632e-14,
            1.9997892231060632e-14,
            1.9997892231060632e-14,
            1.9997892231060632e-14,
            1.9997892231060632e-14
        ],
        "q90": [
            3.599620601590914e-14,
            3.599620601590914e-14,
            3.599620601590914e-14,
            3.599620601590914e-14,
            9.429255485534668,
            3.599620601590914e-14,
            3.599620601590914e-14,
            3.599620601590914e-14,
            3.599620601590914e-14,
            3.599620601590914e-14,
            3.599620601590914e-14,
            3.599620601590914e-14
        ],
        "q99": [
            3.959582661750005e-14,
            3.959582661750005e-14,
            3.959582661750005e-14,
            3.959582661750005e-14,
            9.993210792541504,
            3.959582661750005e-14,
            3.959582661750005e-14,
            3.959582661750005e-14,
            3.959582661750005e-14,
            3.959582661750005e-14,
            3.959582661750005e-14,
            3.959582661750005e-14
        ]
    },
    "observation.state": {
        "min": [
            -0.174534410238266,
            -6.925863265991211,
            0.03760683909058571,
            0.23857957124710083,
            -8.772760391235352,
            -0.7277167439460754,
            -0.7559003233909607,
            -17.083797454833984,
            0.8351648449897766,
            0.08483558893203735,
            -16.160348892211914,
            -0.16117216646671295,
            -9.572001457214355,
            -117.52980041503906,
            -0.39218559861183167,
            -0.5275040864944458,
            -17.489553451538086,
            -0.25250306725502014,
            -0.0017279012827202678,
            -6.002415180206299,
            -0.12649573385715485,
            -0.32692453265190125,
            -7.849311828613281,
            0.29792430996894836,
            0.2499479353427887,
            -17.083797454833984,
            -0.6886447072029114,
            0.48003605008125305,
            -18.930692672729492,
            -1.0695971250534058,
            0.6374008059501648,
            -5.5966572761535645,
            -0.4405372440814972,
            -0.02197933755815029,
            -4.197493076324463,
            0.0,
            0.0,
            0.0,
            0.0,
            1.0,
            0.0,
            0.0,
            0.0
        ],
        "max": [
            -0.1305757462978363,
            7.849311828613281,
            0.2153846174478531,
            0.2825382351875305,
            7.849311828613281,
            -0.34676435589790344,
            -0.5361069440841675,
            23.547935485839844,
            1.216117262840271,
            0.1068149283528328,
            18.930692672729492,
            0.04395604506134987,
            9.341218948364258,
            110.53398132324219,
            0.5479853749275208,
            0.28573140501976013,
            13.991642951965332,
            0.3115995228290558,
            0.020251436159014702,
            6.002415180206299,
            0.017094017937779427,
            -0.3049452006816864,
            7.849311828613281,
            0.5811966061592102,
            0.2939065992832184,
            14.313450813293457,
            -0.48351648449897766,
            0.5020154118537903,
            19.854141235351562,
            -0.8351648449897766,
            0.6593801379203796,
            5.5966572761535645,
            -0.3680097758769989,
            0.0,
            6.296239376068115,
            0.09133089333772659,
            0.0,
            0.0,
            0.0,
            1.0,
            0.0,
            0.0,
            0.0
        ],
        "mean": [
            -0.15574230253696442,
            -0.36937928199768066,
            0.1383248269557953,
            0.2596798539161682,
            -0.6233277916908264,
            -0.5315260887145996,
            -0.6660053730010986,
            -0.34167584776878357,
            1.0583152770996094,
            0.08934146910905838,
            0.5817725658416748,
            -0.053919464349746704,
            -0.03544211760163307,
            2.5814571380615234,
            0.10243839025497437,
            0.004340915009379387,
            0.5806529521942139,
            0.03316117823123932,
            0.015635790303349495,
            -0.49404487013816833,
            -0.07418802380561829,
            -0.31109991669654846,
            -0.39708274602890015,
            0.4319414496421814,
            0.2729160487651825,
            -0.7479931116104126,
            -0.5742117166519165,
            0.5013552904129028,
            0.13851721584796906,
            -0.9410991072654724,
            0.6483363509178162,
            0.020987458527088165,
            -0.4089072048664093,
            -0.02016603946685791,
            0.7485527992248535,
            0.04409405216574669,
            0.0,
            0.0,
            0.0,
            1.0,
            0.0,
            0.0,
            0.0
        ],