{
    "action": {
        "min": [
            0.0,
            0.0,
            0.0,
            0.0,
            0.0,
            0.0,
            -9.998223304748535,
            0.0,
            0.0,
            0.0,
            0.0,
            0.0
        ],
        "max": [
            0.0,
            0.0,
            0.0,
            0.0,
            0.0,
            0.0,
            9.999802589416504,
            0.0,
            0.0,
            0.0,
            0.0,
            0.0
        ],
        "mean": [
            0.0,
            0.0,
            0.0,
            0.0,
            0.0,
            0.0,
            0.6345770955085754,
            0.0,
            0.0,
            0.0,
            0.0,
            0.0
        ],
        "std": [
            0.0,
            0.0,
            0.0,
            0.0,
            0.0,
            0.0,
            7.118222713470459,
            0.0,
            0.0,
            0.0,
            0.0,
            0.0
        ],
        "count": [
            200
        ],
        "q01": [
            3.9995784462121265e-16,
            3.9995784462121265e-16,
            3.9995784462121265e-16,
            3.9995784462121265e-16,
            3.9995784462121265e-16,
            3.9995784462121265e-16,
            -9.998223304748535,
            3.9995784462121265e-16,
            3.9995784462121265e-16,
            3.9995784462121265e-16,
            3.9995784462121265e-16,
            3.9995784462121265e-16
        ],
        "q10": [
            3.999578446212126e-15,
            3.999578446212126e-15,
            3.999578446212126e-15,
            3.999578446212126e-15,
            3.999578446212126e-15,
            3.999578446212126e-15,
            -9.65025806427002,
            3.999578446212126e-15,
            3.999578446212126e-15,
            3.999578446212126e-15,
            3.999578446212126e-15,
            3.999578446212126e-15
        ],
        "q50": [
            1.9997892231060632e-14,
            1.9997892231060632e-14,
            1.9997892231060632e-14,
            1.9997892231060632e-14,
            1.9997892231060632e-14,
            1.9997892231060632e-14,
            1.5046415328979492,
            1.9997892231060632e-14,
            1.9997892231060632e-14,
            1.9997892231060632e-14,
            1.9997892231060632e-14,
            1.9997892231060632e-14
        ],
        "q90": [
            3.599620601590914e-14,
            3.599620601590914e-14,
            3.599620601590914e-14,
            3.599620601590914e-14,
            3.599620601590914e-14,
            3.599620601590914e-14,
            9.587843894958496,
            3.599620601590914e-14,
            3.599620601590914e-14,
            3.599620601590914e-14,
            3.599620601590914e-14,
            3.599620601590914e-14
        ],
        "q99": [
            3.959582661750005e-14,
            3.959582661750005e-14,
            3.959582661750005e-14,
            3.959582661750005e-14,
            3.959582661750005e-14,
            3.959582661750005e-14,
            9.991803169250488,
            3.959582661750005e-14,
            3.959582661750005e-14,
            3.959582661750005e-14,
            3.959582661750005e-14,
            3.959582661750005e-14
        ]
    },
    "observation.state": {
        "min": [
            -0.174534410238266,
            -6.925863265991211,
            0.06495726853609085,
            0.23857957124710083,
            -9.696208953857422,
            -0.6886447072029114,
            -0.6679829359054565,
            -18.007244110107422,
            0.8937729001045227,
            0.08483558893203735,
            -17.083797454833984,
            -0.21978022158145905,
            -0.09890701621770859,
            -6.296239376068115,
            0.026862027123570442,
            -0.14286570250988007,
            -4.897075176239014,
            0.09670329838991165,
            -9.672636032104492,
            -55.86863327026367,
            -0.24273504316806793,
            -0.3489038646221161,
            -12.466554641723633,
            0.2686202824115753,
            0.22796858847141266,
            -17.083797454833984,
            -0.6593406796455383,
            0.5020154118537903,
            -18.930692672729492,
            -1.0695971250534058,
            0.5494834184646606,
            -4.197493076324463,
            -0.3841269910335541,
            -0.07692768424749374,
            -4.197493076324463,
            0.04297924414277077,
            0.0,
            0.0,
            0.0,
            1.0,
            0.0,
            0.0,
            0.0
        ],
        "max": [
            -0.1305757462978363,
            6.002415180206299,
            0.19487179815769196,
            0.2605589032173157,
            9.696208953857422,
            -0.3076923191547394,
            -0.6460036039352417,
            18.930692672729492,
            1.186813235282898,
            0.1068149283528328,
            23.547935485839844,
            0.07326007634401321,
            -0.07692768424749374,
            5.5966572761535645,
            0.083272285759449,
            -0.12088635563850403,
            6.296239376068115,
            0.14505495131015778,
            9.427408218383789,
            54.02173614501953,
            0.5299145579338074,
            -0.3049452006816864,
            8.772760391235352,
            0.5909646153450012,
            0.2939065992832184,
            16.160348892211914,
            -0.4542124569416046,
            0.5239947438240051,
            16.160348892211914,
            -0.8351648449897766,
            0.5824524760246277,
            5.5966572761535645,
            -0.3196581304073334,
            -0.0549483448266983,
            6.296239376068115,
            0.10744810849428177,
            0.0,
            0.0,
            0.0,
            1.0,
            0.0,
            0.0,
            0.0
        ],
        "mean": [
            -0.15266522765159607,
            -0.1246655210852623,
            0.13641025125980377,
            0.24011769890785217,
            -0.32320693135261536,
            -0.5126251578330994,
            -0.6676539778709412,
            -0.9511520266532898,
            1.0678391456604004,
            0.08505552262067795,
            1.1912486553192139,
            -0.046446964144706726,
            -0.08176327496767044,
            0.04897075146436691,
            0.053200267255306244,
            -0.1300077736377716,
            0.7555488348007202,
            0.11909280717372894,
            0.9106346964836121,
            -5.023557186126709,
            0.08276922255754471,
            -0.32340767979621887,
            -0.2631828784942627,
            0.4502074718475342,
            0.26423418521881104,
            -0.2031586617231369,
            -0.5528196692466736,
            0.5033334493637085,
            -0.6417965888977051,
            -0.9558969140052795,
            0.5610769987106323,
            -0.1678997427225113,
            -0.3554519712924957,
            -0.06412473320960999,
            0.7975233197212219,
            0.07383030652999878,
            0.0,
            0.0,
            0.0,
            1.0,
            0.0,
            0.0,
            0.0
        ],