{
    "action": {
        "min": [
            0.0,
            0.0,
            0.0,
            0.0,
            0.0,
            -9.999802589416504,
            0.0,
            0.0,
            0.0,
            0.0,
            0.0,
            0.0
        ],
        "max": [
            0.0,
            0.0,
            0.0,
            0.0,
            0.0,
            9.998223304748535,
            0.0,
            0.0,
            0.0,
            0.0,
            0.0,
            0.0
        ],
        "mean": [
            0.0,
            0.0,
            0.0,
            0.0,
            0.0,
            0.831305980682373,
            0.0,
            0.0,
            0.0,
            0.0,
            0.0,
            0.0
        ],
        "std": [
            0.0,
            0.0,
            0.0,
            0.0,
            0.0,
            7.094456195831299,
            0.0,
            0.0,
            0.0,
            0.0,
            0.0,
            0.0
        ],
        "count": [
            200
        ],
        "q01": [
            3.9995784462121265e-16,
            3.9995784462121265e-16,
            3.9995784462121265e-16,
            3.9995784462121265e-16,
            3.9995784462121265e-16,
            -9.999802589416504,
            3.9995784462121265e-16,
            3.9995784462121265e-16,
            3.9995784462121265e-16,
            3.9995784462121265e-16,
            3.9995784462121265e-16,
            3.9995784462121265e-16
        ],
        "q10": [
            3.999578446212126e-15,
            3.999578446212126e-15,
            3.999578446212126e-15,
            3.999578446212126e-15,
            3.999578446212126e-15,
            -9.447856903076172,
            3.999578446212126e-15,
            3.999578446212126e-15,
            3.999578446212126e-15,
            3.999578446212126e-15,
            3.999578446212126e-15,
            3.999578446212126e-15
        ],
        "q50": [
            1.9997892231060632e-14,
            1.9997892231060632e-14,
            1.9997892231060632e-14,
            1.9997892231060632e-14,
            1.9997892231060632e-14,
            1.5030622482299805,
            1.9997892231060632e-14,
            1.9997892231060632e-14,
            1.9997892231060632e-14,
            1.9997892231060632e-14,
            1.9997892231060632e-14,
            1.9997892231060632e-14
        ],
        "q90": [
            3.599620601590914e-14,
            3.599620601590914e-14,
            3.599620601590914e-14,
            3.599620601590914e-14,
            3.599620601590914e-14,
            9.638258934020996,
            3.599620601590914e-14,
            3.599620601590914e-14,
            3.599620601590914e-14,
            3.599620601590914e-14,
            3.599620601590914e-14,
            3.599620601590914e-14
        ],
        "q99": [
            3.959582661750005e-14,
            3.959582661750005e-14,
            3.959582661750005e-14,
            3.959582661750005e-14,
            3.959582661750005e-14,
            9.994223594665527,
            3.959582661750005e-14,
            3.959582661750005e-14,
            3.959582661750005e-14,
            3.959582661750005e-14,
            3.959582661750005e-14,
            3.959582661750005e-14
        ]
    },
    "observation.state": {
        "min": [
            -0.174534410238266,
            -6.925863265991211,
            0.06495726853609085,
            0.23857957124710083,
            -8.772760391235352,
            -0.6788766980171204,
            -0.6899623274803162,
            -20.777589797973633,
            0.8644688725471497,
            0.1068149283528328,
            -16.160348892211914,
            -0.21978022158145905,
            -0.4835454225540161,
            -16.090389251708984,
            -0.2310134321451187,
            -6.40697717666626,
            -125.92478942871094,
            -1.7916971445083618,
            0.020251436159014702,
            -6.002415180206299,
            -0.1606837660074234,
            -0.32692453265190125,
            -8.772760391235352,
            0.22954823076725006,
            0.2499479353427887,
            -16.160348892211914,
            -0.6886447072029114,
            0.48003605008125305,
            -21.701038360595703,
            -1.0109890699386597,
            0.61542147397995,
            -6.296239376068115,
            -0.43516483902931213,
            0.04395867511630058,
            -4.197493076324463,
            -0.03223443403840065,
            0.0,
            0.0,
            0.0,
            1.0,
            0.0,
            0.0,
            0.0
        ],
        "max": [
            -0.15255507826805115,
            5.0789666175842285,
            0.25641027092933655,
            0.2605589032173157,
            7.849311828613281,
            -0.3174603283405304,
            -0.6679829359054565,
            18.930692672729492,
            1.216117262840271,
            0.12879426777362823,
            18.930692672729492,
            -0.014652014710009098,
            0.2527623772621155,
            18.189136505126953,
            0.3518925607204437,
            9.033507347106934,
            128.72311401367188,
            0.5426129698753357,
            0.04223077371716499,
            6.002415180206299,
            -0.03076923079788685,
            -0.3049452006816864,
            11.543106079101562,
            0.6007326245307922,
            0.27192726731300354,
            18.007244110107422,
            -0.4542124569416046,
            0.5020154118537903,
            16.160348892211914,
            -0.8351648449897766,
            0.6374008059501648,
            4.197493076324463,
            -0.3680097758769989,
            0.06593801081180573,
            5.5966572761535645,
            0.03492063656449318,
            0.0,
            0.0,
            0.0,
            1.0,
            0.0,
            0.0,
            0.0
        ],
        "mean": [
            -0.1568412035703659,
            -0.4940448999404907,
            0.13661536574363708,
            0.25715216994285583,
            -0.4755760133266449,
            -0.5305494666099548,
            -0.6684232354164124,
            -0.06002407893538475,
            1.0766303539276123,
            0.11879372596740723,
            0.3416757881641388,
            -0.10505498200654984,
            -0.22067266702651978,
            -0.43024304509162903,
            0.131153866648674,
            1.1172099113464355,
            5.201392650604248,
            -0.2640402913093567,
            0.033878572285175323,
            -0.6233279705047607,
            -0.10153845697641373,
            -0.3086821138858795,
            -0.7941657304763794,
            0.42959699034690857,
            0.2700587213039398,
            0.4340206980705261,
            -0.5585338473320007,
            0.48761844635009766,
            -1.0388795137405396,
            -0.9232234954833984,
            0.6258074045181274,
            -0.013991639949381351,
            -0.3967519998550415,
            0.0630258098244667,
            0.6366198062896729,
            -0.0029010986909270287,
            0.0,
            0.0,
            0.0,
            1.0,
            0.0,
            0.0,
            0.0
        ],