{
    "action": {
        "min": [
            0.0,
            0.0,
            0.0,
            0.0,
            0.0,
            0.0,
            -5.0,
            0.0,
            0.0,
            0.0,
            0.0,
            0.0
        ],
        "max": [
            0.0,
            0.0,
            0.0,
            0.0,
            0.0,
            0.0,
            5.0,
            0.0,
            0.0,
            0.0,
            0.0,
            0.0
        ],
        "mean": [
            0.0,
            0.0,
            0.0,
            0.0,
            0.0,
            0.0,
            -0.02500000037252903,
            0.0,
            0.0,
            0.0,
            0.0,
            0.0
        ],
        "std": [
            0.0,
            0.0,
            0.0,
            0.0,
            0.0,
            0.0,
            4.077300071716309,
            0.0,
            0.0,
            0.0,
            0.0,
            0.0
        ],
        "count": [
            200
        ],
        "q01": [
            3.9995784462121265e-16,
            3.9995784462121265e-16,
            3.9995784462121265e-16,
            3.9995784462121265e-16,
            3.9995784462121265e-16,
            3.9995784462121265e-16,
            -5.0,
            3.9995784462121265e-16,
            3.9995784462121265e-16,
            3.9995784462121265e-16,
            3.9995784462121265e-16,
            3.9995784462121265e-16
        ],
        "q10": [
            3.999578446212126e-15,
            3.999578446212126e-15,
            3.999578446212126e-15,
            3.999578446212126e-15,
            3.999578446212126e-15,
            3.999578446212126e-15,
            -5.0,
            3.999578446212126e-15,
            3.999578446212126e-15,
            3.999578446212126e-15,
            3.999578446212126e-15,
            3.999578446212126e-15
        ],
        "q50": [
            1.9997892231060632e-14,
            1.9997892231060632e-14,
            1.9997892231060632e-14,
            1.9997892231060632e-14,
            1.9997892231060632e-14,
            1.9997892231060632e-14,
            0.0009852380894902926,
            1.9997892231060632e-14,
            1.9997892231060632e-14,
            1.9997892231060632e-14,
            1.9997892231060632e-14,
            1.9997892231060632e-14
        ],
        "q90": [
            3.599620601590914e-14,
            3.599620601590914e-14,
            3.599620601590914e-14,
            3.599620601590914e-14,
            3.599620601590914e-14,
            3.599620601590914e-14,
            4.999393983320757,
            3.599620601590914e-14,
            3.599620601590914e-14,
            3.599620601590914e-14,
            3.599620601590914e-14,
            3.599620601590914e-14
        ],
        "q99": [
            3.959582661750005e-14,
            3.959582661750005e-14,
            3.959582661750005e-14,
            3.959582661750005e-14,
            3.959582661750005e-14,
            3.959582661750005e-14,
            4.999939398332075,
            3.959582661750005e-14,
            3.959582661750005e-14,
            3.959582661750005e-14,
            3.959582661750005e-14,
            3.959582661750005e-14
        ]
    },
    "observation.state": {
        "min": [
            -0.19651375710964203,
            -7.849311828613281,
            0.023931624367833138,
            0.216600239276886,
            -8.772760391235352,
            -0.6788766980171204,
            -0.6899623274803162,
            -18.007244110107422,
            0.8351648449897766,
            0.12879426777362823,
            -16.160348892211914,
            -0.21978022158145905,
            -0.14286570250988007,
            -6.296239376068115,
            0.05909645929932594,
            0.03296900540590286,
            -4.897075176239014,
            -0.013431013561785221,
            -4.991037368774414,
            -65.10311889648438,
            -0.892307698726654,
            -0.6126559376716614,
            -15.236899375915527,
            -0.7472527623176575,
            0.07411323487758636,
            -23.547935485839844,
            -0.7765567898750305,
            0.48003605008125305,
            -18.930692672729492,
            -1.0402930974960327,
            0.6703698039054871,
            -4.197493076324463,
            -0.48351648449897766,
            -0.010989668779075146,
            -6.296239376068115,
            -0.06715507060289383,
            0.0,
            0.0,
            0.0,
            1.0,
            0.0,
            0.0,
            0.0
        ],
        "max": [
            -0.1305757462978363,
            6.925863265991211,
            0.24273504316806793,
            0.2825382351875305,
            8.772760391235352,
            -0.3076923191547394,
            -0.6460036039352417,
            17.083797454833984,
            1.216117262840271,
            0.15077359974384308,
            20.777589797973633,
            -0.014652014710009098,
            -0.12088635563850403,
            5.5966572761535645,
            0.10744810849428177,
            0.0549483448266983,
            6.296239376068115,
            0.02954822964966297,
            4.899664402008057,
            142.67279052734375,
            2.287179470062256,
            -0.08515182137489319,
            16.160348892211914,
            1.6361416578292847,
            0.44776198267936707,
            18.007244110107422,
            -0.3076923191547394,
            0.5239947438240051,
            16.160348892211914,
            -0.8351648449897766,
            0.7363077998161316,
            5.5966572761535645,
            -0.39218559861183167,
            0.17583470046520233,
            9.794150352478027,
            0.048351649194955826,
            0.0,
            0.0,
            0.0,
            1.0,
            0.0,
            0.0,
            0.0
        ],
        "mean": [
            -0.16552285850048065,
            -0.6925866007804871,
            0.14369232952594757,
            0.2498987317085266,
            -0.290886253118515,
            -0.5223443508148193,
            -0.670950710773468,
            0.04617246612906456,
            1.0764840841293335,
            0.1309921145439148,
            0.651030957698822,
            -0.12893778085708618,
            -0.1274251788854599,
            -0.03497910127043724,
            0.08019661158323288,
            0.04709075391292572,
            0.7905277013778687,
            0.0038278389256447554,
            -0.2470162957906723,
            1.8422801494598389,
            -0.011418808251619339,
            -0.31175875663757324,
            -0.13390006124973297,
            0.4169963002204895,
            0.25917917490005493,
            -0.8449555039405823,
            -0.5453475713729858,
            0.5024542212486267,
            -0.8957449197769165,
            -0.9497432112693787,
            0.6901515126228333,
            -0.010493714362382889,
            -0.43496331572532654,
            0.056267138570547104,
            0.7450552582740784,
            -0.0020280813332647085,
            0.0,
            0.0,
            0.0,
            1.0,
            0.0,
            0.0,
            0.0
        ],