{
    "action": {
        "min": [
            0.0,
            0.0,
            0.0,
            0.0,
            0.0,
            0.0,
            0.0,
            0.0,
            0.0,
            0.0,
            -10.0,
            0.0
        ],
        "max": [
            0.0,
            0.0,
            0.0,
            0.0,
            0.0,
            0.0,
            0.0,
            0.0,
            0.0,
            0.0,
            9.999210357666016,
            0.0
        ],
        "mean": [
            0.0,
            0.0,
            0.0,
            0.0,
            0.0,
            0.0,
            0.0,
            0.0,
            0.0,
            0.0,
            0.4162852466106415,
            0.0
        ],
        "std": [
            0.0,
            0.0,
            0.0,
            0.0,
            0.0,
            0.0,
            0.0,
            0.0,
            0.0,
            0.0,
            7.1016669273376465,
            0.0
        ],
        "count": [
            200
        ],
        "q01": [
            3.9995784462121265e-16,
            3.9995784462121265e-16,
            3.9995784462121265e-16,
            3.9995784462121265e-16,
            3.9995784462121265e-16,
            3.9995784462121265e-16,
            3.9995784462121265e-16,
            3.9995784462121265e-16,
            3.9995784462121265e-16,
            3.9995784462121265e-16,
            -9.994000434875488,
            3.9995784462121265e-16
        ],
        "q10": [
            3.999578446212126e-15,
            3.999578446212126e-15,
            3.999578446212126e-15,
            3.999578446212126e-15,
            3.999578446212126e-15,
            3.999578446212126e-15,
            3.999578446212126e-15,
            3.999578446212126e-15,
            3.999578446212126e-15,
            3.999578446212126e-15,
            -9.550017833709717,
            3.999578446212126e-15
        ],
        "q50": [
            1.9997892231060632e-14,
            1.9997892231060632e-14,
            1.9997892231060632e-14,
            1.9997892231060632e-14,
            1.9997892231060632e-14,
            1.9997892231060632e-14,
            1.9997892231060632e-14,
            1.9997892231060632e-14,
            1.9997892231060632e-14,
            1.9997892231060632e-14,
            1.0055646896362305,
            1.9997892231060632e-14
        ],
        "q90": [
            3.599620601590914e-14,
            3.599620601590914e-14,
            3.599620601590914e-14,
            3.599620601590914e-14,
            3.599620601590914e-14,
            3.599620601590914e-14,
            3.599620601590914e-14,
            3.599620601590914e-14,
            3.599620601590914e-14,
            3.599620601590914e-14,
            9.585225105285645,
            3.599620601590914e-14
        ],
        "q99": [
            3.959582661750005e-14,
            3.959582661750005e-14,
            3.959582661750005e-14,
            3.959582661750005e-14,
            3.959582661750005e-14,
            3.959582661750005e-14,
            3.959582661750005e-14,
            3.959582661750005e-14,
            3.959582661750005e-14,
            3.959582661750005e-14,
            9.996542612711588,
            3.959582661750005e-14
        ]
    },
    "observation.state": {
        "min": [
            -0.174534410238266,
            -6.002415180206299,
            0.08547008782625198,
            0.23857957124710083,
            -10.619657516479492,
            -0.6398046612739563,
            -0.6899623274803162,
            -17.083797454833984,
            0.8937729001045227,
            0.06285625696182251,
            -15.236899375915527,
            -0.16117216646671295,
            -0.09890701621770859,
            -5.5966572761535645,
            0.026862027123570442,
            -0.14286570250988007,
            -4.197493076324463,
            0.09401709586381912,
            -0.0017279012827202678,
            -6.925863265991211,
            -0.1606837660074234,
            -0.32692453265190125,
            -7.849311828613281,
            0.2490842491388321,
            0.20598925650119781,
            -18.930692672729492,
            -0.6886447072029114,
            0.48003605008125305,
            -18.007244110107422,
            -1.0402930974960327,
            -9.220332145690918,
            -109.13481903076172,
            -0.5452991724014282,
            -0.08791735023260117,
            -7.695404052734375,
            -0.1101343110203743,
            0.0,
            0.0,
            0.0,
            1.0,
            0.0,
            0.0,
            0.0
        ],
        "max": [
            -0.15255507826805115,
            5.0789666175842285,
            0.2153846174478531,
            0.2605589032173157,
            7.849311828613281,
            -0.34676435589790344,
            -0.6679829359054565,
            14.313450813293457,
            1.216117262840271,
            0.1068149283528328,
            17.083797454833984,
            0.10256410390138626,
            -0.07692768424749374,
            4.897075176239014,
            0.07789988070726395,
            -0.12088635563850403,
            5.5966572761535645,
            0.13968254625797272,
            0.020251436159014702,
            3.232069730758667,
            0.003418803447857499,
            -0.3049452006816864,
            9.696208953857422,
            0.6300366520881653,
            0.3598446249961853,
            18.930692672729492,
            -0.48351648449897766,
            0.5020154118537903,
            18.930692672729492,
            -0.8351648449897766,
            9.72585678100586,
            130.12228393554688,
            0.48083028197288513,
            0.1648450344800949,
            8.394986152648926,
            0.10744810849428177,
            0.0,
            0.0,
            0.0,
            1.0,
            0.0,
            0.0,
            0.0
        ],
        "mean": [
            -0.15783026814460754,
            -0.7156723737716675,
            0.14314527809619904,
            0.24605226516723633,
            -0.7249071598052979,
            -0.5199999809265137,
            -0.6775444746017456,
            -0.6140934824943542,
            1.0870332717895508,
            0.08472583442926407,
            1.2097172737121582,
            -0.03560446575284004,
            -0.08709315210580826,
            -0.1644018143415451,
            0.05556411296129227,
            -0.12346890568733215,
            0.6681010723114014,
            0.1162990853190422,
            0.0004700325080193579,
            -0.752610445022583,
            -0.0632820576429367,
            -0.31956130266189575,
            -0.4986621141433716,
            0.4387300908565521,
            0.271597295999527,
            -0.2770344614982605,
            -0.5608782768249512,
            0.5006959438323975,
            -0.46634167432785034,
            -0.935970664024353,
            0.8863716721534729,
            -4.012105464935303,
            -0.13060316443443298,
            0.0423651747405529,
            0.7590469121932983,
            0.007091577164828777,
            0.0,
            0.0,
            0.0,
            1.0,
            0.0,
            0.0,
            0.0
        ],