{
    "action": {
        "min": [
            0.0,
            0.0,
            0.0,
            0.0,
            0.0,
            0.0,
            0.0,
            0.0,
            0.0,
            0.0,
            -10.0,
            0.0
        ],
        "max": [
            0.0,
            0.0,
            0.0,
            0.0,
            0.0,
            0.0,
            0.0,
            0.0,
            0.0,
            0.0,
            9.999210357666016,
            0.0
        ],
        "mean": [
            0.0,
            0.0,
            0.0,
            0.0,
            0.0,
            0.0,
            0.0,
            0.0,
            0.0,
            0.0,
            0.8925601243972778,
            0.0
        ],
        "std": [
            0.0,
            0.0,
            0.0,
            0.0,
            0.0,
            0.0,
            0.0,
            0.0,
            0.0,
            0.0,
            6.857784748077393,
            0.0
        ],
        "count": [
            200
        ],
        "q01": [
            3.9995784462121265e-16,
            3.9995784462121265e-16,
            3.9995784462121265e-16,
            3.9995784462121265e-16,
            3.9995784462121265e-16,
            3.9995784462121265e-16,
            3.9995784462121265e-16,
            3.9995784462121265e-16,
            3.9995784462121265e-16,
            3.9995784462121265e-16,
            -9.994000434875488,
            3.9995784462121265e-16
        ],
        "q10": [
            3.999578446212126e-15,
            3.999578446212126e-15,
            3.999578446212126e-15,
            3.999578446212126e-15,
            3.999578446212126e-15,
            3.999578446212126e-15,
            3.999578446212126e-15,
            3.999578446212126e-15,
            3.999578446212126e-15,
            3.999578446212126e-15,
            -9.298027992248535,
            3.999578446212126e-15
        ],
        "q50": [
            1.9997892231060632e-14,
            1.9997892231060632e-14,
            1.9997892231060632e-14,
            1.9997892231060632e-14,
            1.9997892231060632e-14,
            1.9997892231060632e-14,
            1.9997892231060632e-14,
            1.9997892231060632e-14,
            1.9997892231060632e-14,
            1.9997892231060632e-14,
            1.997525691986084,
            1.9997892231060632e-14
        ],
        "q90": [
            3.599620601590914e-14,
            3.599620601590914e-14,
            3.599620601590914e-14,
            3.599620601590914e-14,
            3.599620601590914e-14,
            3.599620601590914e-14,
            3.599620601590914e-14,
            3.599620601590914e-14,
            3.599620601590914e-14,
            3.599620601590914e-14,
            9.347234725952148,
            3.599620601590914e-14
        ],
        "q99": [
            3.959582661750005e-14,
            3.959582661750005e-14,
            3.959582661750005e-14,
            3.959582661750005e-14,
            3.959582661750005e-14,
            3.959582661750005e-14,
            3.959582661750005e-14,
            3.959582661750005e-14,
            3.959582661750005e-14,
            3.959582661750005e-14,
            9.991209030151367,
            3.959582661750005e-14
        ]
    },
    "observation.state": {
        "min": [
            -0.174534410238266,
            -6.002415180206299,
            0.06495726853609085,
            0.23857957124710083,
            -9.696208953857422,
            -0.6788766980171204,
            -0.6899623274803162,
            -18.007244110107422,
            0.8351648449897766,
            0.08483558893203735,
            -17.083797454833984,
            -0.16117216646671295,
            -0.1098966896533966,
            -5.5966572761535645,
            0.051037851721048355,
            0.06593801081180573,
            -4.197493076324463,
            -0.026862027123570442,
            -0.04568657651543617,
            -6.002415180206299,
            -0.12649573385715485,
            -0.32692453265190125,
            -8.772760391235352,
            0.2588522732257843,
            0.18400992453098297,
            -19.854141235351562,
            -0.6300366520881653,
            0.48003605008125305,
            -18.007244110107422,
            -1.0109890699386597,
            -9.484084129333496,
            -68.55905151367188,
            -0.523809552192688,
            -0.0549483448266983,
            -11.193314552307129,
            -0.0644688680768013,
            0.0,
            0.0,
            0.0,
            1.0,
            0.0,
            0.0,
            0.0
        ],
        "max": [
            -0.15255507826805115,
            6.002415180206299,
            0.20170940458774567,
            0.2605589032173157,
            7.849311828613281,
            -0.3174603283405304,
            -0.6460036039352417,
            18.007244110107422,
            1.216117262840271,
            0.1068149283528328,
            22.624486923217773,
            0.07326007634401321,
            -0.08791735023260117,
            4.197493076324463,
            0.08595848828554153,
            0.08791735023260117,
            4.897075176239014,
            0.008058608509600163,
            -0.0017279012827202678,
            5.0789666175842285,
            0.04444444552063942,
            -0.3049452006816864,
            8.772760391235352,
            0.5811966061592102,
            0.33786529302597046,
            15.236899375915527,
            -0.4542124569416046,
            0.5020154118537903,
            14.313450813293457,
            -0.8351648449897766,
            10.48414421081543,
            73.45613098144531,
            0.41098901629447937,
            0.12088635563850403,
            9.094568252563477,
            0.08058608323335648,
            0.0,
            0.0,
            0.0,
            1.0,
            0.0,
            0.0,
            0.0
        ],
        "mean": [
            -0.15464331209659576,
            -0.18007239699363708,
            0.13576069474220276,
            0.23923848569393158,
            -0.14775173366069794,
            -0.49768009781837463,
            -0.6684232354164124,
            -0.8403380513191223,
            1.064469337463379,
            0.08956126123666763,
            0.5586860775947571,
            -0.05216125026345253,
            -0.10198435932397842,
            -0.09444360435009003,
            0.06501958519220352,
            0.069674551486969,
            0.6611053347587585,
            -0.011644705198705196,
            -0.019531125202775,
            -0.6002414226531982,
            -0.03733335807919502,
            -0.3106602132320404,
            -0.230862095952034,
            0.4394627511501312,
            0.2691795527935028,
            -0.25856533646583557,
            -0.5580943822860718,
            0.4811348021030426,
            -0.5679208636283875,
            -0.9150187969207764,
            0.8423579335212708,
            3.515399694442749,
            -0.12153720110654831,
            0.053299933671951294,
            0.7730382680892944,
            0.0007387056830339134,
            0.0,
            0.0,
            0.0,
            1.0,
            0.0,
            0.0,
            0.0
        ],