{
    "action": {
        "min": [
            0.0,
            0.0,
            -10.0,
            0.0,
            0.0,
            0.0,
            0.0,
            0.0,
            0.0,
            0.0,
            0.0,
            0.0
        ],
        "max": [
            0.0,
            0.0,
            10.0,
            0.0,
            0.0,
            0.0,
            0.0,
            0.0,
            0.0,
            0.0,
            0.0,
            0.0
        ],
        "mean": [
            0.0,
            0.0,
            2.5033950024067053e-08,
            0.0,
            0.0,
            0.0,
            0.0,
            0.0,
            0.0,
            0.0,
            0.0,
            0.0
        ],
        "std": [
            0.0,
            0.0,
            7.07106876373291,
            0.0,
            0.0,
            0.0,
            0.0,
            0.0,
            0.0,
            0.0,
            0.0,
            0.0
        ],
        "count": [
            200
        ],
        "q01": [
            3.9995784462121265e-16,
            3.9995784462121265e-16,
            -9.99399995803833,
            3.9995784462121265e-16,
            3.9995784462121265e-16,
            3.9995784462121265e-16,
            3.9995784462121265e-16,
            3.9995784462121265e-16,
            3.9995784462121265e-16,
            3.9995784462121265e-16,
            3.9995784462121265e-16,
            3.9995784462121265e-16
        ],
        "q10": [
            3.999578446212126e-15,
            3.999578446212126e-15,
            -9.510000228881836,
            3.999578446212126e-15,
            3.999578446212126e-15,
            3.999578446212126e-15,
            3.999578446212126e-15,
            3.999578446212126e-15,
            3.999578446212126e-15,
            3.999578446212126e-15,
            3.999578446212126e-15,
            3.999578446212126e-15
        ],
        "q50": [
            1.9997892231060632e-14,
            1.9997892231060632e-14,
            0.0020003318786621094,
            1.9997892231060632e-14,
            1.9997892231060632e-14,
            1.9997892231060632e-14,
            1.9997892231060632e-14,
            1.9997892231060632e-14,
            1.9997892231060632e-14,
            1.9997892231060632e-14,
            1.9997892231060632e-14,
            1.9997892231060632e-14
        ],
        "q90": [
            3.599620601590914e-14,
            3.599620601590914e-14,
            9.510001182556152,
            3.599620601590914e-14,
            3.599620601590914e-14,
            3.599620601590914e-14,
            3.599620601590914e-14,
            3.599620601590914e-14,
            3.599620601590914e-14,
            3.599620601590914e-14,
            3.599620601590914e-14,
            3.599620601590914e-14
        ],
        "q99": [
            3.959582661750005e-14,
            3.959582661750005e-14,
            9.994000434875488,
            3.959582661750005e-14,
            3.959582661750005e-14,
            3.959582661750005e-14,
            3.959582661750005e-14,
            3.959582661750005e-14,
            3.959582661750005e-14,
            3.959582661750005e-14,
            3.959582661750005e-14,
            3.959582661750005e-14
        ]
    },
    "observation.state": {
        "min": [
            -0.7679765224456787,
            -32.78242111206055,
            -1.384615421295166,
            -0.11308983713388443,
            -15.236899375915527,
            -2.5347986221313477,
            -6.42656946182251,
            -251.63970947265625,
            -10.94505500793457,
            -0.4206891655921936,
            -35.552764892578125,
            -1.3919414281845093,
            -0.19781403243541718,
            -9.094568252563477,
            0.016117217019200325,
            -0.06593801081180573,
            -6.995821475982666,
            0.024175824597477913,
            -0.7710047364234924,
            -21.701038360595703,
            -1.2547008991241455,
            -0.6126559376716614,
            -19.854141235351562,
            -0.9719169735908508,
            -2.4095518589019775,
            -145.44313049316406,
            -10.300366401672363,
            0.15034599602222443,
            -33.705867767333984,
            -1.5384615659713745,
            0.49453508853912354,
            -16.090389251708984,
            -0.6285714507102966,
            -0.1098966896533966,
            -6.296239376068115,
            -0.07789988070726395,
            0.0,
            0.0,
            0.0,
            1.0,
            0.0,
            0.0,
            0.0
        ],
        "max": [
            0.5288044214248657,
            24.471384048461914,
            1.3094017505645752,
            0.8100423216819763,
            18.930692672729492,
            0.6691086888313293,
            5.640087127685547,
            210.0845184326172,
            13.523809432983398,
            0.6123396754264832,
            31.858972549438477,
            1.157509207725525,
            0.0,
            11.89289665222168,
            0.17997558414936066,
            0.0,
            13.292060852050781,
            0.13968254625797272,
            0.4598381817340851,
            17.083797454833984,
            1.3641026020050049,
            0.04672420769929886,
            11.543106079101562,
            1.3919414281845093,
            4.250187397003174,
            131.59140014648438,
            7.487179279327393,
            0.787746787071228,
            36.47621536254883,
            0.04395604506134987,
            0.9670908451080322,
            10.493732452392578,
            -0.32503053545951843,
            0.1648450344800949,
            11.193314552307129,
            0.09670329838991165,
            0.0,
            0.0,
            0.0,
            1.0,
            0.0,
            0.0,
            0.0
        ],
        "mean": [
            -0.22409778833389282,
            -0.5910069346427917,
            0.23582907021045685,
            0.26165762543678284,
            -0.39246559143066406,
            -0.5281565189361572,
            -0.4178580343723297,
            -5.120522975921631,
            0.9265940189361572,
            0.11154049634933472,
            -0.07849328219890594,
            -0.08512820303440094,
            -0.10456684231758118,
            0.23785795271396637,
            0.07001589983701706,
            -0.03247446566820145,
            0.7065778970718384,
            0.056504298001527786,
            -0.008981081657111645,
            -0.7249069809913635,
            -0.03931622579693794,
            -0.3026375472545624,
            -0.4709586203098297,
            0.4163614511489868,
            0.4993037283420563,
            0.7249063849449158,
            -0.966153621673584,
            0.504433274269104,
            -0.2678000032901764,
            -0.9523807764053345,
            0.7276811003684998,
            0.09794148802757263,
            -0.45719173550605774,
            0.03412291407585144,
            0.5806532502174377,
            0.014102569781243801,
            0.0,
            0.0,
            0.0,
            1.0,
            0.0,
            0.0,
            0.0
        ],