{
    "action": {
        "min": [
            0.0,
            0.0,
            0.0,
            0.0,
            0.0,
            0.0,
            0.0,
            -10.0,
            0.0,
            0.0,
            0.0,
            0.0
        ],
        "max": [
            0.0,
            0.0,
            0.0,
            0.0,
            0.0,
            0.0,
            0.0,
            10.0,
            0.0,
            0.0,
            0.0,
            0.0
        ],
        "mean": [
            0.0,
            0.0,
            0.0,
            0.0,
            0.0,
            0.0,
            0.0,
            2.5033950024067053e-08,
            0.0,
            0.0,
            0.0,
            0.0
        ],
        "std": [
            0.0,
            0.0,
            0.0,
            0.0,
            0.0,
            0.0,
            0.0,
            7.07106876373291,
            0.0,
            0.0,
            0.0,
            0.0
        ],
        "count": [
            200
        ],
        "q01": [
            3.9995784462121265e-16,
            3.9995784462121265e-16,
            3.9995784462121265e-16,
            3.9995784462121265e-16,
            3.9995784462121265e-16,
            3.9995784462121265e-16,
            3.9995784462121265e-16,
            -9.99399995803833,
            3.9995784462121265e-16,
            3.9995784462121265e-16,
            3.9995784462121265e-16,
            3.9995784462121265e-16
        ],
        "q10": [
            3.999578446212126e-15,
            3.999578446212126e-15,
            3.999578446212126e-15,
            3.999578446212126e-15,
            3.999578446212126e-15,
            3.999578446212126e-15,
            3.999578446212126e-15,
            -9.510000228881836,
            3.999578446212126e-15,
            3.999578446212126e-15,
            3.999578446212126e-15,
            3.999578446212126e-15
        ],
        "q50": [
            1.9997892231060632e-14,
            1.9997892231060632e-14,
            1.9997892231060632e-14,
            1.9997892231060632e-14,
            1.9997892231060632e-14,
            1.9997892231060632e-14,
            1.9997892231060632e-14,
            0.0020003318786621094,
            1.9997892231060632e-14,
            1.9997892231060632e-14,
            1.9997892231060632e-14,
            1.9997892231060632e-14
        ],
        "q90": [
            3.599620601590914e-14,
            3.599620601590914e-14,
            3.599620601590914e-14,
            3.599620601590914e-14,
            3.599620601590914e-14,
            3.599620601590914e-14,
            3.599620601590914e-14,
            9.510001182556152,
            3.599620601590914e-14,
            3.599620601590914e-14,
            3.599620601590914e-14,
            3.599620601590914e-14
        ],
        "q99": [
            3.959582661750005e-14,
            3.959582661750005e-14,
            3.959582661750005e-14,
            3.959582661750005e-14,
            3.959582661750005e-14,
            3.959582661750005e-14,
            3.959582661750005e-14,
            9.994000434875488,
            3.959582661750005e-14,
            3.959582661750005e-14,
            3.959582661750005e-14,
            3.959582661750005e-14
        ]
    },
    "observation.state": {
        "min": [
            -0.2844310998916626,
            -8.772760391235352,
            -0.37264958024024963,
            0.1726415604352951,
            -11.543106079101562,
            -0.7179487347602844,
            -0.8218383193016052,
            -22.624486923217773,
            0.8058608174324036,
            0.01889757812023163,
            -18.930692672729492,
            -0.16117216646671295,
            -0.07692768424749374,
            -3.497910737991333,
            0.010744811035692692,
            -0.1648450344800949,
            -3.497910737991333,
            0.10476190596818924,
            -0.2654799520969391,
            -12.466554641723633,
            -0.7145299315452576,
            -7.162498474121094,
            -123.2803726196289,
            -1.0207570791244507,
            -0.12370080500841141,
            -34.62931823730469,
            -1.3626374006271362,
            0.4140980541706085,
            -22.624486923217773,
            -1.0695971250534058,
            0.6374008059501648,
            -6.296239376068115,
            -0.4862026870250702,
            -0.0549483448266983,
            -5.5966572761535645,
            -0.06715507060289383,
            0.0,
            0.0,
            0.0,
            1.0,
            0.0,
            0.0,
            0.0
        ],
        "max": [
            0.023279624059796333,
            15.236899375915527,
            0.37948718667030334,
            0.30451759696006775,
            6.925863265991211,
            -0.14163614809513092,
            -0.5361069440841675,
            17.083797454833984,
            1.3626374006271362,
            0.08483558893203735,
            17.083797454833984,
            0.16117216646671295,
            -0.0549483448266983,
            5.5966572761535645,
            0.08864469081163406,
            -0.13187602162361145,
            4.197493076324463,
            0.17191697657108307,
            0.28400349617004395,
            13.390002250671387,
            0.5572649836540222,
            7.299905776977539,
            120.51002502441406,
            1.4310134649276733,
            0.7334933876991272,
            28.165178298950195,
            -0.07326007634401321,
            0.54597407579422,
            20.777589797973633,
            -0.7179487347602844,
            0.7692767977714539,
            4.897075176239014,
            -0.38949939608573914,
            0.08791735023260117,
            7.695404052734375,
            0.07521367818117142,
            0.0,
            0.0,
            0.0,
            1.0,
            0.0,
            0.0,
            0.0
        ],
        "mean": [
            -0.160247802734375,
            -0.540217399597168,
            0.1445469856262207,
            0.23978835344314575,
            -0.6094760298728943,
            -0.5031013488769531,
            -0.6685318946838379,
            -0.4524897336959839,
            1.068425178527832,
            0.06450483947992325,
            0.4940449595451355,
            -0.009816849604249,
            -0.06571821868419647,
            -0.05596665292978287,
            0.039487190544605255,
            -0.14209666848182678,
            0.5806533098220825,
            0.12369963526725769,
            -0.0017278906889259815,
            -0.4986622631549835,
            -0.057982899248600006,
            0.09079284965991974,
            -3.541424512863159,
            0.2010255753993988,
            0.2848950922489166,
            -0.7803143858909607,
            -0.5967766046524048,
            0.4933333098888397,
            -0.9095970392227173,
            -0.9296702742576599,
            0.7037231922149658,
            -0.20637668669223785,
            -0.444217324256897,
            0.02225407585501671,
            0.7380594611167908,
            0.02036142535507679,
            0.0,
            0.0,
            0.0,
            1.0,
            0.0,
            0.0,
            0.0
        ],