{
    "action": {
        "min": [
            0.0,
            0.0,
            0.0,
            0.0,
            0.0,
            0.0,
            0.0,
            -9.999210357666016,
            0.0,
            0.0,
            0.0,
            0.0
        ],
        "max": [
            0.0,
            0.0,
            0.0,
            0.0,
            0.0,
            0.0,
            0.0,
            9.999210357666016,
            0.0,
            0.0,
            0.0,
            0.0
        ],
        "mean": [
            0.0,
            0.0,
            0.0,
            0.0,
            0.0,
            0.0,
            0.0,
            0.2524532377719879,
            0.0,
            0.0,
            0.0,
            0.0
        ],
        "std": [
            0.0,
            0.0,
            0.0,
            0.0,
            0.0,
            0.0,
            0.0,
            7.084749221801758,
            0.0,
            0.0,
            0.0,
            0.0
        ],
        "count": [
            200
        ],
        "q01": [
            3.9995784462121265e-16,
            3.9995784462121265e-16,
            3.9995784462121265e-16,
            3.9995784462121265e-16,
            3.9995784462121265e-16,
            3.9995784462121265e-16,
            3.9995784462121265e-16,
            -9.999210357666016,
            3.9995784462121265e-16,
            3.9995784462121265e-16,
            3.9995784462121265e-16,
            3.9995784462121265e-16
        ],
        "q10": [
            3.999578446212126e-15,
            3.999578446212126e-15,
            3.999578446212126e-15,
            3.999578446212126e-15,
            3.999578446212126e-15,
            3.999578446212126e-15,
            3.999578446212126e-15,
            -9.583243370056152,
            3.999578446212126e-15,
            3.999578446212126e-15,
            3.999578446212126e-15,
            3.999578446212126e-15
        ],
        "q50": [
            1.9997892231060632e-14,
            1.9997892231060632e-14,
            1.9997892231060632e-14,
            1.9997892231060632e-14,
            1.9997892231060632e-14,
            1.9997892231060632e-14,
            1.9997892231060632e-14,
            0.5039596557617188,
            1.9997892231060632e-14,
            1.9997892231060632e-14,
            1.9997892231060632e-14,
            1.9997892231060632e-14
        ],
        "q90": [
            3.599620601590914e-14,
            3.599620601590914e-14,
            3.599620601590914e-14,
            3.599620601590914e-14,
            3.599620601590914e-14,
            3.599620601590914e-14,
            3.599620601590914e-14,
            9.511247634887695,
            3.599620601590914e-14,
            3.599620601590914e-14,
            3.599620601590914e-14,
            3.599620601590914e-14
        ],
        "q99": [
            3.959582661750005e-14,
            3.959582661750005e-14,
            3.959582661750005e-14,
            3.959582661750005e-14,
            3.959582661750005e-14,
            3.959582661750005e-14,
            3.959582661750005e-14,
            9.995210647583008,
            3.959582661750005e-14,
            3.959582661750005e-14,
            3.959582661750005e-14,
            3.959582661750005e-14
        ]
    },
    "observation.state": {
        "min": [
            -0.19651375710964203,
            -6.925863265991211,
            0.003418803447857499,
            0.23857957124710083,
            -10.619657516479492,
            -0.7081807255744934,
            -0.711941659450531,
            -18.930692672729492,
            0.8937729001045227,
            0.04087691754102707,
            -15.236899375915527,
            -0.10256410390138626,
            -0.12088635563850403,
            -5.5966572761535645,
            0.04029304161667824,
            -0.14286570250988007,
            -4.897075176239014,
            0.07789988070726395,
            -0.13360393047332764,
            -9.696208953857422,
            -0.3042735159397125,
            -8.32740306854248,
            -99.27070617675781,
            -0.8156288266181946,
            0.1400512456893921,
            -18.930692672729492,
            -0.8351648449897766,
            0.48003605008125305,
            -18.930692672729492,
            -1.0402930974960327,
            0.6483904719352722,
            -4.197493076324463,
            -0.4593406617641449,
            0.0549483448266983,
            -4.897075176239014,
            -0.056410256773233414,
            0.0,
            0.0,
            0.0,
            1.0,
            0.0,
            0.0,
            0.0
        ],
        "max": [
            -0.10859639942646027,
            6.002415180206299,
            0.2222222238779068,
            0.2605589032173157,
            9.696208953857422,
            -0.3369963467121124,
            -0.6460036039352417,
            19.854141235351562,
            1.216117262840271,
            0.08483558893203735,
            16.160348892211914,
            0.10256410390138626,
            -0.09890701621770859,
            4.897075176239014,
            0.15848596394062042,
            -0.12088635563850403,
            5.5966572761535645,
            0.18266178667545319,
            0.13014812767505646,
            6.925863265991211,
            0.2837606966495514,
            8.288975715637207,
            102.9645004272461,
            1.3040293455123901,
            0.44776198267936707,
            17.083797454833984,
            -0.42490842938423157,
            0.5020154118537903,
            18.007244110107422,
            -0.8351648449897766,
            0.6813594698905945,
            6.995821475982666,
            -0.38144078850746155,
            0.1098966896533966,
            6.296239376068115,
            0.021489622071385384,
            0.0,
            0.0,
            0.0,
            1.0,
            0.0,
            0.0,
            0.0
        ],
        "mean": [
            -0.16145673394203186,
            -0.6695002913475037,
            0.14242735505104065,
            0.2508878707885742,
            -0.2955036461353302,
            -0.5199024677276611,
            -0.6691924929618835,
            -0.9650036692619324,
            1.072821021080017,
            0.06285637617111206,
            0.28165188431739807,
            -0.0054212454706430435,
            -0.11731475591659546,
            -0.20987462997436523,
            0.07392433285713196,
            -0.13094191253185272,
            0.8814735412597656,
            0.11757507920265198,
            -0.002387275453656912,
            -0.5356003642082214,
            -0.05586324632167816,
            0.35124796628952026,
            -2.4517552852630615,
            0.1193162351846695,
            0.28896135091781616,
            -0.5817724466323853,
            -0.5942850112915039,
            0.49761897325515747,
            0.17083802819252014,
            -0.9292311668395996,
            0.6667978167533875,
            0.1644018143415451,
            -0.42008164525032043,
            0.08214788138866425,
            0.7450551390647888,
            -0.016775354743003845,
            0.0,
            0.0,
            0.0,
            1.0,
            0.0,
            0.0,
            0.0
        ],