{
    "action": {
        "min": [
            -9.999802589416504,
            0.0,
            0.0,
            0.0,
            0.0,
            0.0,
            0.0,
            0.0,
            0.0,
            0.0,
            0.0,
            0.0
        ],
        "max": [
            9.998223304748535,
            0.0,
            0.0,
            0.0,
            0.0,
            0.0,
            0.0,
            0.0,
            0.0,
            0.0,
            0.0,
            0.0
        ],
        "mean": [
            0.6395046710968018,
            0.0,
            0.0,
            0.0,
            0.0,
            0.0,
            0.0,
            0.0,
            0.0,
            0.0,
            0.0,
            0.0
        ],
        "std": [
            6.977660179138184,
            0.0,
            0.0,
            0.0,
            0.0,
            0.0,
            0.0,
            0.0,
            0.0,
            0.0,
            0.0,
            0.0
        ],
        "count": [
            200
        ],
        "q01": [
            -9.999802589416504,
            3.9995784462121265e-16,
            3.9995784462121265e-16,
            3.9995784462121265e-16,
            3.9995784462121265e-16,
            3.9995784462121265e-16,
            3.9995784462121265e-16,
            3.9995784462121265e-16,
            3.9995784462121265e-16,
            3.9995784462121265e-16,
            3.9995784462121265e-16,
            3.9995784462121265e-16
        ],
        "q10": [
            -9.38386344909668,
            3.999578446212126e-15,
            3.999578446212126e-15,
            3.999578446212126e-15,
            3.999578446212126e-15,
            3.999578446212126e-15,
            3.999578446212126e-15,
            3.999578446212126e-15,
            3.999578446212126e-15,
            3.999578446212126e-15,
            3.999578446212126e-15,
            3.999578446212126e-15
        ],
        "q50": [
            1.0671052932739258,
            1.9997892231060632e-14,
            1.9997892231060632e-14,
            1.9997892231060632e-14,
            1.9997892231060632e-14,
            1.9997892231060632e-14,
            1.9997892231060632e-14,
            1.9997892231060632e-14,
            1.9997892231060632e-14,
            1.9997892231060632e-14,
            1.9997892231060632e-14,
            1.9997892231060632e-14
        ],
        "q90": [
            9.53027057647705,
            3.599620601590914e-14,
            3.599620601590914e-14,
            3.599620601590914e-14,
            3.599620601590914e-14,
            3.599620601590914e-14,
            3.599620601590914e-14,
            3.599620601590914e-14,
            3.599620601590914e-14,
            3.599620601590914e-14,
            3.599620601590914e-14,
            3.599620601590914e-14
        ],
        "q99": [
            9.995556831359863,
            3.959582661750005e-14,
            3.959582661750005e-14,
            3.959582661750005e-14,
            3.959582661750005e-14,
            3.959582661750005e-14,
            3.959582661750005e-14,
            3.959582661750005e-14,
            3.959582661750005e-14,
            3.959582661750005e-14,
            3.959582661750005e-14,
            3.959582661750005e-14
        ]
    },
    "observation.state": {
        "min": [
            -8.52668285369873,
            -134.36175537109375,
            -1.6512820720672607,
            0.04076553136110306,
            -10.619657516479492,
            -0.8937729001045227,
            -0.9097557067871094,
            -20.777589797973633,
            0.5714285969734192,
            -0.0030817596707493067,
            -19.854141235351562,
            -0.16117216646671295,
            -0.13187602162361145,
            -4.897075176239014,
            0.05909645929932594,
            -0.02197933755815029,
            -6.296239376068115,
            0.024175824597477913,
            -0.19954194128513336,
            -8.772760391235352,
            -0.5094017386436462,
            -0.37088319659233093,
            -8.772760391235352,
            0.11233211308717728,
            0.09609256684780121,
            -22.624486923217773,
            -0.7765567898750305,
            0.4580567181110382,
            -24.471384048461914,
            -1.0402930974960327,
            0.7033388018608093,
            -4.897075176239014,
            -0.4862026870250702,
            0.0,
            -5.5966572761535645,
            -0.010744811035692692,
            0.0,
            0.0,
            0.0,
            1.0,
            0.0,
            0.0,
            0.0
        ],
        "max": [
            8.441366195678711,
            139.90243530273438,
            1.4119658470153809,
            0.3704555928707123,
            7.849311828613281,
            0.1318681389093399,
            -0.3382928967475891,
            23.547935485839844,
            1.5384615659713745,
            0.1068149283528328,
            17.083797454833984,
            0.16117216646671295,
            -0.1098966896533966,
            6.296239376068115,
            0.10207570344209671,
            0.0,
            5.5966572761535645,
            0.06178266182541847,
            0.24004481732845306,
            8.772760391235352,
            0.3452991545200348,
            -0.21702784299850464,
            6.925863265991211,
            0.7570207715034485,
            0.42578262090682983,
            17.083797454833984,
            -0.3663003742694855,
            0.5239947438240051,
            12.466554641723633,
            -0.8058608174324036,
            0.7363077998161316,
            5.5966572761535645,
            -0.41636142134666443,
            0.04395867511630058,
            4.897075176239014,
            0.048351649194955826,
            0.0,
            0.0,
            0.0,
            1.0,
            0.0,
            0.0,
            0.0
        ],
        "mean": [
            0.618590235710144,
            1.2974456548690796,
            -0.0641709491610527,
            0.23506277799606323,
            -0.4432552754878998,
            -0.49748486280441284,
            -0.6407285332679749,
            -0.4478726089000702,
            1.0215383768081665,
            0.06901062279939651,
            0.6556484699249268,
            -0.013626374304294586,
            -0.12198536843061447,
            0.1084352433681488,
            0.07902810722589493,
            -0.005714626982808113,
            0.8010220527648926,
            0.04228084906935692,
            0.019701965153217316,
            -0.2400965839624405,
            -0.08557267487049103,
            -0.3250564634799957,
            -0.25394830107688904,
            0.4473749101161957,
            0.26808077096939087,
            0.0831105038523674,
            -0.5608790516853333,
            0.4923439919948578,
            -2.082376003265381,
            -0.9333332180976868,
            0.7207565903663635,
            -0.2938244938850403,
            -0.4538475275039673,
            0.026430148631334305,
            0.7905281186103821,
            0.01733946055173874,
            0.0,
            0.0,
            0.0,
            1.0,
            0.0,
            0.0,
            0.0
        ],