{
    "action": {
        "min": [
            0.0,
            0.0,
            0.0,
            0.0,
            0.0,
            0.0,
            0.0,
            -9.999802589416504,
            0.0,
            0.0,
            0.0,
            0.0
        ],
        "max": [
            0.0,
            0.0,
            0.0,
            0.0,
            0.0,
            0.0,
            0.0,
            9.998223304748535,
            0.0,
            0.0,
            0.0,
            0.0
        ],
        "mean": [
            0.0,
            0.0,
            0.0,
            0.0,
            0.0,
            0.0,
            0.0,
            0.831305980682373,
            0.0,
            0.0,
            0.0,
            0.0
        ],
        "std": [
            0.0,
            0.0,
            0.0,
            0.0,
            0.0,
            0.0,
            0.0,
            7.094456195831299,
            0.0,
            0.0,
            0.0,
            0.0
        ],
        "count": [
            200
        ],
        "q01": [
            3.9995784462121265e-16,
            3.9995784462121265e-16,
            3.9995784462121265e-16,
            3.9995784462121265e-16,
            3.9995784462121265e-16,
            3.9995784462121265e-16,
            3.9995784462121265e-16,
            -9.999802589416504,
            3.9995784462121265e-16,
            3.9995784462121265e-16,
            3.9995784462121265e-16,
            3.9995784462121265e-16
        ],
        "q10": [
            3.999578446212126e-15,
            3.999578446212126e-15,
            3.999578446212126e-15,
            3.999578446212126e-15,
            3.999578446212126e-15,
            3.999578446212126e-15,
            3.999578446212126e-15,
            -9.447856903076172,
            3.999578446212126e-15,
            3.999578446212126e-15,
            3.999578446212126e-15,
            3.999578446212126e-15
        ],
        "q50": [
            1.9997892231060632e-14,
            1.9997892231060632e-14,
            1.9997892231060632e-14,
            1.9997892231060632e-14,
            1.9997892231060632e-14,
            1.9997892231060632e-14,
            1.9997892231060632e-14,
            1.5030622482299805,
            1.9997892231060632e-14,
            1.9997892231060632e-14,
            1.9997892231060632e-14,
            1.9997892231060632e-14
        ],
        "q90": [
            3.599620601590914e-14,
            3.599620601590914e-14,
            3.599620601590914e-14,
            3.599620601590914e-14,
            3.599620601590914e-14,
            3.599620601590914e-14,
            3.599620601590914e-14,
            9.638258934020996,
            3.599620601590914e-14,
            3.599620601590914e-14,
            3.599620601590914e-14,
            3.599620601590914e-14
        ],
        "q99": [
            3.959582661750005e-14,
            3.959582661750005e-14,
            3.959582661750005e-14,
            3.959582661750005e-14,
            3.959582661750005e-14,
            3.959582661750005e-14,
            3.959582661750005e-14,
            9.994223594665527,
            3.959582661750005e-14,
            3.959582661750005e-14,
            3.959582661750005e-14,
            3.959582661750005e-14
        ]
    },
    "observation.state": {
        "min": [
            -0.174534410238266,
            -6.925863265991211,
            0.06495726853609085,
            0.23857957124710083,
            -8.772760391235352,
            -0.6788766980171204,
            -0.6899623274803162,
            -17.083797454833984,
            0.8351648449897766,
            0.1068149283528328,
            -18.007244110107422,
            -0.21978022158145905,
            -0.13187602162361145,
            -5.5966572761535645,
            0.053724054247140884,
            0.04395867511630058,
            -3.497910737991333,
            -0.018803419545292854,
            0.020251436159014702,
            -7.849311828613281,
            -0.4000000059604645,
            -8.964804649353027,
            -74.33760070800781,
            -0.47374847531318665,
            0.18400992453098297,
            -22.624486923217773,
            -0.6886447072029114,
            0.48003605008125305,
            -17.083797454833984,
            -1.0402930974960327,
            0.6044318079948425,
            -4.197493076324463,
            -0.424420028924942,
            0.010989668779075146,
            -4.197493076324463,
            -0.024175824597477913,
            0.0,
            0.0,
            0.0,
            1.0,
            0.0,
            0.0,
            0.0
        ],
        "max": [
            -0.1305757462978363,
            6.002415180206299,
            0.19487179815769196,
            0.2605589032173157,
            9.696208953857422,
            -0.3174603283405304,
            -0.6679829359054565,
            13.390002250671387,
            1.216117262840271,
            0.12879426777362823,
            16.160348892211914,
            0.014652014710009098,
            -0.1098966896533966,
            6.296239376068115,
            0.11819291859865189,
            0.06593801081180573,
            4.897075176239014,
            0.03760683909058571,
            0.1521274596452713,
            5.0789666175842285,
            -0.017094017937779427,
            8.882417678833008,
            82.64863586425781,
            1.1282051801681519,
            0.3598446249961853,
            17.083797454833984,
            -0.42490842938423157,
            0.5020154118537903,
            16.160348892211914,
            -0.8058608174324036,
            0.6374008059501648,
            4.897075176239014,
            -0.36532357335090637,
            0.0549483448266983,
            5.5966572761535645,
            0.045665446668863297,
            0.0,
            0.0,
            0.0,
            1.0,
            0.0,
            0.0,
            0.0
        ],
        "mean": [
            -0.15464337170124054,
            -0.29550349712371826,
            0.13360685110092163,
            0.25374525785446167,
            -0.31397244334220886,
            -0.5236630439758301,
            -0.6680935621261597,
            -0.009234513156116009,
            1.0747257471084595,
            0.11945309489965439,
            -0.5356000065803528,
            -0.1016850396990776,
            -0.12116113305091858,
            -0.055966559797525406,
            0.07818195968866348,
            0.053135089576244354,
            0.6995822787284851,
            0.0008192917448468506,
            0.060363613069057465,
            -0.664883017539978,
            -0.14358973503112793,
            0.3779527544975281,
            3.347500801086426,
            0.1360194981098175,
            0.2794002592563629,
            -0.1662207543849945,
            -0.5758233070373535,
            0.49443185329437256,
            -0.9927073121070862,
            -0.9305496215820312,
            0.6249827742576599,
            -0.0559665821492672,
            -0.395328551530838,
            0.04099145904183388,
            0.7345612049102783,
            0.00840782281011343,
            0.0,
            0.0,
            0.0,
            1.0,
            0.0,
            0.0,
            0.0
        ],