{
    "action": {
        "min": [
            0.0,
            0.0,
            0.0,
            0.0,
            -10.0,
            0.0,
            0.0,
            0.0,
            0.0,
            0.0,
            0.0,
            0.0
        ],
        "max": [
            0.0,
            0.0,
            0.0,
            0.0,
            9.996841430664062,
            0.0,
            0.0,
            0.0,
            0.0,
            0.0,
            0.0,
            0.0
        ],
        "mean": [
            0.0,
            0.0,
            0.0,
            0.0,
            0.6386131048202515,
            0.0,
            0.0,
            0.0,
            0.0,
            0.0,
            0.0,
            0.0
        ],
        "std": [
            0.0,
            0.0,
            0.0,
            0.0,
            7.09650182723999,
            0.0,
            0.0,
            0.0,
            0.0,
            0.0,
            0.0,
            0.0
        ],
        "count": [
            200
        ],
        "q01": [
            3.9995784462121265e-16,
            3.9995784462121265e-16,
            3.9995784462121265e-16,
            3.9995784462121265e-16,
            -10.0,
            3.9995784462121265e-16,
            3.9995784462121265e-16,
            3.9995784462121265e-16,
            3.9995784462121265e-16,
            3.9995784462121265e-16,
            3.9995784462121265e-16,
            3.9995784462121265e-16
        ],
        "q10": [
            3.999578446212126e-15,
            3.999578446212126e-15,
            3.999578446212126e-15,
            3.999578446212126e-15,
            -9.42809009552002,
            3.999578446212126e-15,
            3.999578446212126e-15,
            3.999578446212126e-15,
            3.999578446212126e-15,
            3.999578446212126e-15,
            3.999578446212126e-15,
            3.999578446212126e-15
        ],
        "q50": [
            1.9997892231060632e-14,
            1.9997892231060632e-14,
            1.9997892231060632e-14,
            1.9997892231060632e-14,
            1.3782024383544922,
            1.9997892231060632e-14,
            1.9997892231060632e-14,
            1.9997892231060632e-14,
            1.9997892231060632e-14,
            1.9997892231060632e-14,
            1.9997892231060632e-14,
            1.9997892231060632e-14
        ],
        "q90": [
            3.599620601590914e-14,
            3.599620601590914e-14,
            3.599620601590914e-14,
            3.599620601590914e-14,
            9.548912048339844,
            3.599620601590914e-14,
            3.599620601590914e-14,
            3.599620601590914e-14,
            3.599620601590914e-14,
            3.599620601590914e-14,
            3.599620601590914e-14,
            3.599620601590914e-14
        ],
        "q99": [
            3.959582661750005e-14,
            3.959582661750005e-14,
            3.959582661750005e-14,
            3.959582661750005e-14,
            9.994841575622559,
            3.959582661750005e-14,
            3.959582661750005e-14,
            3.959582661750005e-14,
            3.959582661750005e-14,
            3.959582661750005e-14,
            3.959582661750005e-14,
            3.959582661750005e-14
        ]
    },
    "observation.state": {
        "min": [
            -0.174534410238266,
            -7.849311828613281,
            0.03760683909058571,
            0.216600239276886,
            -10.619657516479492,
            -0.6691086888313293,
            -0.7339209914207458,
            -18.930692672729492,
            0.8058608174324036,
            0.08483558893203735,
            -21.701038360595703,
            -0.190476194024086,
            -9.473094940185547,
            -145.51309204101562,
            -0.378754585981369,
            -0.5934421420097351,
            -24.485376358032227,
            -0.3062271177768707,
            0.020251436159014702,
            -6.925863265991211,
            -0.1675213724374771,
            -0.32692453265190125,
            -10.619657516479492,
            0.2588522732257843,
            0.2499479353427887,
            -19.854141235351562,
            -0.6300366520881653,
            0.48003605008125305,
            -19.854141235351562,
            -1.0109890699386597,
            0.6264111399650574,
            -4.897075176239014,
            -0.43785104155540466,
            0.06593801081180573,
            -4.197493076324463,
            -0.05909645929932594,
            0.0,
            0.0,
            0.0,
            1.0,
            0.0,
            0.0,
            0.0
        ],
        "max": [
            -0.1305757462978363,
            6.002415180206299,
            0.20854701101779938,
            0.2605589032173157,
            7.849311828613281,
            -0.3369963467121124,
            -0.5580862760543823,
            16.160348892211914,
            1.186813235282898,
            0.1068149283528328,
            23.547935485839844,
            0.07326007634401321,
            9.242311477661133,
            144.81350708007812,
            0.5399267673492432,
            0.35166940093040466,
            18.189136505126953,
            0.31697192788124084,
            0.06421010941267014,
            6.002415180206299,
            -0.023931624367833138,
            -0.3049452006816864,
            7.849311828613281,
            0.5909646153450012,
            0.27192726731300354,
            19.854141235351562,
            -0.4542124569416046,
            0.5020154118537903,
            18.930692672729492,
            -0.8058608174324036,
            0.6593801379203796,
            4.197493076324463,
            -0.3680097758769989,
            0.09890701621770859,
            6.296239376068115,
            0.026862027123570442,
            0.0,
            0.0,
            0.0,
            1.0,
            0.0,
            0.0,
            0.0
        ],
        "mean": [
            -0.15508291125297546,
            -0.6879691481590271,
            0.13473506271839142,
            0.24978889524936676,
            -0.577155590057373,
            -0.5283517241477966,
            -0.6668846011161804,
            -0.7987828850746155,
            1.0578759908676147,
            0.10516669601202011,
            1.5098379850387573,
            -0.06798539310693741,
            0.23061828315258026,
            4.155519485473633,
            0.11165200918912888,
            0.006099260412156582,
            0.7835322022438049,
            0.029588529840111732,
            0.0400327667593956,
            -0.6002414226531982,
            -0.10858120769262314,
            -0.3138471245765686,
            -0.5586864948272705,
            0.4299876391887665,
            0.2593986690044403,
            -0.3232070803642273,
            -0.5441749095916748,
            0.48036545515060425,
            -1.029645562171936,
            -0.9132602214813232,
            0.6406978368759155,
            -0.17839349806308746,
            -0.4037228524684906,
            0.08165328949689865,
            0.9339423179626465,
            -0.01849452033638954,
            0.0,
            0.0,
            0.0,
            1.0,
            0.0,
            0.0,
            0.0
        ],