{
    "action": {
        "min": [
            0.0,
            0.0,
            0.0,
            0.0,
            0.0,
            0.0,
            0.0,
            0.0,
            0.0,
            0.0,
            0.0,
            -10.0
        ],
        "max": [
            0.0,
            0.0,
            0.0,
            0.0,
            0.0,
            0.0,
            0.0,
            0.0,
            0.0,
            0.0,
            0.0,
            9.999210357666016
        ],
        "mean": [
            0.0,
            0.0,
            0.0,
            0.0,
            0.0,
            0.0,
            0.0,
            0.0,
            0.0,
            0.0,
            0.0,
            0.4162852466106415
        ],
        "std": [
            0.0,
            0.0,
            0.0,
            0.0,
            0.0,
            0.0,
            0.0,
            0.0,
            0.0,
            0.0,
            0.0,
            7.1016669273376465
        ],
        "count": [
            200
        ],
        "q01": [
            3.9995784462121265e-16,
            3.9995784462121265e-16,
            3.9995784462121265e-16,
            3.9995784462121265e-16,
            3.9995784462121265e-16,
            3.9995784462121265e-16,
            3.9995784462121265e-16,
            3.9995784462121265e-16,
            3.9995784462121265e-16,
            3.9995784462121265e-16,
            3.9995784462121265e-16,
            -9.994000434875488
        ],
        "q10": [
            3.999578446212126e-15,
            3.999578446212126e-15,
            3.999578446212126e-15,
            3.999578446212126e-15,
            3.999578446212126e-15,
            3.999578446212126e-15,
            3.999578446212126e-15,
            3.999578446212126e-15,
            3.999578446212126e-15,
            3.999578446212126e-15,
            3.999578446212126e-15,
            -9.550017833709717
        ],
        "q50": [
            1.9997892231060632e-14,
            1.9997892231060632e-14,
            1.9997892231060632e-14,
            1.9997892231060632e-14,
            1.9997892231060632e-14,
            1.9997892231060632e-14,
            1.9997892231060632e-14,
            1.9997892231060632e-14,
            1.9997892231060632e-14,
            1.9997892231060632e-14,
            1.9997892231060632e-14,
            1.0055646896362305
        ],
        "q90": [
            3.599620601590914e-14,
            3.599620601590914e-14,
            3.599620601590914e-14,
            3.599620601590914e-14,
            3.599620601590914e-14,
            3.599620601590914e-14,
            3.599620601590914e-14,
            3.599620601590914e-14,
            3.599620601590914e-14,
            3.599620601590914e-14,
            3.599620601590914e-14,
            9.585225105285645
        ],
        "q99": [
            3.959582661750005e-14,
            3.959582661750005e-14,
            3.959582661750005e-14,
            3.959582661750005e-14,
            3.959582661750005e-14,
            3.959582661750005e-14,
            3.959582661750005e-14,
            3.959582661750005e-14,
            3.959582661750005e-14,
            3.959582661750005e-14,
            3.959582661750005e-14,
            9.996542612711588
        ]
    },
    "observation.state": {
        "min": [
            -0.174534410238266,
            -6.002415180206299,
            0.06495726853609085,
            0.23857957124710083,
            -8.772760391235352,
            -0.6691086888313293,
            -0.6899623274803162,
            -17.083797454833984,
            0.8351648449897766,
            0.06285625696182251,
            -13.390002250671387,
            -0.1318681389093399,
            -0.09890701621770859,
            -6.296239376068115,
            0.03223443403840065,
            -0.13187602162361145,
            -4.197493076324463,
            0.09133089333772659,
            -0.0017279012827202678,
            -7.849311828613281,
            -0.14017094671726227,
            -0.3489038646221161,
            -8.772760391235352,
            0.2490842491388321,
            0.2499479353427887,
            -18.007244110107422,
            -0.6593406796455383,
            0.48003605008125305,
            -18.930692672729492,
            -1.0402930974960327,
            -0.12088635563850403,
            -37.07785415649414,
            -0.31697192788124084,
            -7.04437780380249,
            -100.04025268554688,
            -1.509645938873291,
            0.0,
            0.0,
            0.0,
            1.0,
            0.0,
            0.0,
            0.0
        ],
        "max": [
            -0.15255507826805115,
            6.002415180206299,
            0.20170940458774567,
            0.2605589032173157,
            10.619657516479492,
            -0.3272283375263214,
            -0.6679829359054565,
            16.160348892211914,
            1.245421290397644,
            0.08483558893203735,
            15.236899375915527,
            0.07326007634401321,
            -0.07692768424749374,
            5.5966572761535645,
            0.08058608323335648,
            -0.1098966896533966,
            4.897075176239014,
            0.14236874878406525,
            0.020251436159014702,
            6.002415180206299,
            0.003418803447857499,
            -0.3049452006816864,
            9.696208953857422,
            0.5909646153450012,
            0.27192726731300354,
            17.083797454833984,
            -0.42490842938423157,
            0.5020154118537903,
            16.160348892211914,
            -0.8644688725471497,
            0.7143284678459167,
            24.485376358032227,
            0.17728938162326813,
            8.506003379821777,
            102.83857727050781,
            0.797802209854126,
            0.0,
            0.0,
            0.0,
            1.0,
            0.0,
            0.0,
            0.0
        ],
        "mean": [
            -0.1592588871717453,
            -0.4017001986503601,
            0.1374359130859375,
            0.24484336376190186,
            -0.484810471534729,
            -0.5160439610481262,
            -0.6751267910003662,
            0.07387574017047882,
            1.0882056951522827,
            0.08395656943321228,
            0.7803137302398682,
            -0.03223447501659393,
            -0.0859941691160202,
            -0.09794153273105621,
            0.05545665696263313,
            -0.12280953675508499,
            0.6576073169708252,
            0.11476799100637436,
            0.003547143889591098,
            -0.4571070373058319,
            -0.06868376582860947,
            -0.32395708560943604,
            -0.3786138892173767,
            0.4470329284667969,
            0.2715972661972046,
            -1.3343831300735474,
            -0.5608782768249512,
            0.5014652013778687,
            -0.8495725393295288,
            -0.9430034160614014,
            0.13237065076828003,
            0.006995814852416515,
            -0.07393771409988403,
            0.9098895192146301,
            -2.7003870010375977,
            -0.09867766499519348,
            0.0,
            0.0,
            0.0,
            1.0,
            0.0,
            0.0,
            0.0
        ],