{
    "action": {
        "min": [
            0.0,
            0.0,
            0.0,
            0.0,
            0.0,
            0.0,
            0.0,
            0.0,
            -9.999210357666016,
            0.0,
            0.0,
            0.0
        ],
        "max": [
            0.0,
            0.0,
            0.0,
            0.0,
            0.0,
            0.0,
            0.0,
            0.0,
            9.999210357666016,
            0.0,
            0.0,
            0.0
        ],
        "mean": [
            0.0,
            0.0,
            0.0,
            0.0,
            0.0,
            0.0,
            0.0,
            0.0,
            1.1843785047531128,
            0.0,
            0.0,
            0.0
        ],
        "std": [
            0.0,
            0.0,
            0.0,
            0.0,
            0.0,
            0.0,
            0.0,
            0.0,
            7.0770487785339355,
            0.0,
            0.0,
            0.0
        ],
        "count": [
            200
        ],
        "q01": [
            3.9995784462121265e-16,
            3.9995784462121265e-16,
            3.9995784462121265e-16,
            3.9995784462121265e-16,
            3.9995784462121265e-16,
            3.9995784462121265e-16,
            3.9995784462121265e-16,
            3.9995784462121265e-16,
            -9.993210792541504,
            3.9995784462121265e-16,
            3.9995784462121265e-16,
            3.9995784462121265e-16
        ],
        "q10": [
            3.999578446212126e-15,
            3.999578446212126e-15,
            3.999578446212126e-15,
            3.999578446212126e-15,
            3.999578446212126e-15,
            3.999578446212126e-15,
            3.999578446212126e-15,
            3.999578446212126e-15,
            -9.34326171875,
            3.999578446212126e-15,
            3.999578446212126e-15,
            3.999578446212126e-15
        ],
        "q50": [
            1.9997892231060632e-14,
            1.9997892231060632e-14,
            1.9997892231060632e-14,
            1.9997892231060632e-14,
            1.9997892231060632e-14,
            1.9997892231060632e-14,
            1.9997892231060632e-14,
            1.9997892231060632e-14,
            2.2438220977783203,
            1.9997892231060632e-14,
            1.9997892231060632e-14,
            1.9997892231060632e-14
        ],
        "q90": [
            3.599620601590914e-14,
            3.599620601590914e-14,
            3.599620601590914e-14,
            3.599620601590914e-14,
            3.599620601590914e-14,
            3.599620601590914e-14,
            3.599620601590914e-14,
            3.599620601590914e-14,
            9.655237197875977,
            3.599620601590914e-14,
            3.599620601590914e-14,
            3.599620601590914e-14
        ],
        "q99": [
            3.959582661750005e-14,
            3.959582661750005e-14,
            3.959582661750005e-14,
            3.959582661750005e-14,
            3.959582661750005e-14,
            3.959582661750005e-14,
            3.959582661750005e-14,
            3.959582661750005e-14,
            9.995210647583008,
            3.959582661750005e-14,
            3.959582661750005e-14,
            3.959582661750005e-14
        ]
    },
    "observation.state": {
        "min": [
            -0.174534410238266,
            -6.925863265991211,
            0.05128205195069313,
            0.23857957124710083,
            -11.543106079101562,
            -0.6886447072029114,
            -0.6899623274803162,
            -18.930692672729492,
            0.8058608174324036,
            0.08483558893203735,
            -16.160348892211914,
            -0.21978022158145905,
            -0.13187602162361145,
            -5.5966572761535645,
            0.053724054247140884,
            0.0549483448266983,
            -5.5966572761535645,
            -0.026862027123570442,
            -0.13360393047332764,
            -7.849311828613281,
            -0.3521367609500885,
            -0.3489038646221161,
            -12.466554641723633,
            0.014652014710009098,
            -9.53085708618164,
            -135.2852020263672,
            -4.146520137786865,
            0.4140980541706085,
            -21.701038360595703,
            -1.0695971250534058,
            0.5494834184646606,
            -6.296239376068115,
            -0.424420028924942,
            0.07692768424749374,
            -4.197493076324463,
            -0.056410256773233414,
            0.0,
            0.0,
            0.0,
            1.0,
            0.0,
            0.0,
            0.0
        ],
        "max": [
            -0.1305757462978363,
            5.0789666175842285,
            0.2153846174478531,
            0.2605589032173157,
            8.772760391235352,
            -0.3858363926410675,
            -0.6240242719650269,
            20.777589797973633,
            1.216117262840271,
            0.12879426777362823,
            20.777589797973633,
            0.04395604506134987,
            -0.1098966896533966,
            5.5966572761535645,
            0.09670329838991165,
            0.07692768424749374,
            6.995821475982666,
            0.013431013561785221,
            0.1521274596452713,
            5.0789666175842285,
            0.20854701101779938,
            -0.1510898321866989,
            11.543106079101562,
            0.6105006337165833,
            10.690133094787598,
            145.44313049316406,
            2.886446952819824,
            0.5679534077644348,
            18.930692672729492,
            -0.6886447072029114,
            0.6374008059501648,
            4.897075176239014,
            -0.3035409152507782,
            0.1098966896533966,
            6.296239376068115,
            0.016117217019200325,
            0.0,
            0.0,
            0.0,
            1.0,
            0.0,
            0.0,
            0.0
        ],
        "mean": [
            -0.1589292287826538,
            -0.549452006816864,
            0.1396581530570984,
            0.2529759705066681,
            -0.4571068584918976,
            -0.5338705778121948,
            -0.6672142744064331,
            -0.7295243144035339,
            1.0613923072814941,
            0.10769432038068771,
            0.18007244169712067,
            -0.08849820494651794,
            -0.1203368678689003,
            0.10493727773427963,
            0.07639564573764801,
            0.06538853049278259,
            0.5246863961219788,
            -0.006661789491772652,
            0.0016788995126262307,
            -0.4340208172798157,
            -0.05411967262625694,
            -0.28395533561706543,
            -0.33244144916534424,
            0.3755800724029541,
            1.2514365911483765,
            8.070943832397461,
            -0.8104031085968018,
            0.49674007296562195,
            0.16622070968151093,
            -0.9347986578941345,
            0.6015748381614685,
            0.0454728826880455,
            -0.3799365758895874,
            0.09110439568758011,
            0.9129545092582703,
            -0.023047635331749916,
            0.0,
            0.0,
            0.0,
            1.0,
            0.0,
            0.0,
            0.0
        ],