{
    "action": {
        "min": [
            0.0,
            -9.998223304748535,
            0.0,
            0.0,
            0.0,
            0.0,
            0.0,
            0.0,
            0.0,
            0.0,
            0.0,
            0.0
        ],
        "max": [
            0.0,
            9.999802589416504,
            0.0,
            0.0,
            0.0,
            0.0,
            0.0,
            0.0,
            0.0,
            0.0,
            0.0,
            0.0
        ],
        "mean": [
            0.0,
            0.6345770955085754,
            0.0,
            0.0,
            0.0,
            0.0,
            0.0,
            0.0,
            0.0,
            0.0,
            0.0,
            0.0
        ],
        "std": [
            0.0,
            7.118222713470459,
            0.0,
            0.0,
            0.0,
            0.0,
            0.0,
            0.0,
            0.0,
            0.0,
            0.0,
            0.0
        ],
        "count": [
            200
        ],
        "q01": [
            3.9995784462121265e-16,
            -9.998223304748535,
            3.9995784462121265e-16,
            3.9995784462121265e-16,
            3.9995784462121265e-16,
            3.9995784462121265e-16,
            3.9995784462121265e-16,
            3.9995784462121265e-16,
            3.9995784462121265e-16,
            3.9995784462121265e-16,
            3.9995784462121265e-16,
            3.9995784462121265e-16
        ],
        "q10": [
            3.999578446212126e-15,
            -9.65025806427002,
            3.999578446212126e-15,
            3.999578446212126e-15,
            3.999578446212126e-15,
            3.999578446212126e-15,
            3.999578446212126e-15,
            3.999578446212126e-15,
            3.999578446212126e-15,
            3.999578446212126e-15,
            3.999578446212126e-15,
            3.999578446212126e-15
        ],
        "q50": [
            1.9997892231060632e-14,
            1.5046415328979492,
            1.9997892231060632e-14,
            1.9997892231060632e-14,
            1.9997892231060632e-14,
            1.9997892231060632e-14,
            1.9997892231060632e-14,
            1.9997892231060632e-14,
            1.9997892231060632e-14,
            1.9997892231060632e-14,
            1.9997892231060632e-14,
            1.9997892231060632e-14
        ],
        "q90": [
            3.599620601590914e-14,
            9.587843894958496,
            3.599620601590914e-14,
            3.599620601590914e-14,
            3.599620601590914e-14,
            3.599620601590914e-14,
            3.599620601590914e-14,
            3.599620601590914e-14,
            3.599620601590914e-14,
            3.599620601590914e-14,
            3.599620601590914e-14,
            3.599620601590914e-14
        ],
        "q99": [
            3.959582661750005e-14,
            9.991803169250488,
            3.959582661750005e-14,
            3.959582661750005e-14,
            3.959582661750005e-14,
            3.959582661750005e-14,
            3.959582661750005e-14,
            3.959582661750005e-14,
            3.959582661750005e-14,
            3.959582661750005e-14,
            3.959582661750005e-14,
            3.959582661750005e-14
        ]
    },
    "observation.state": {
        "min": [
            -0.24047242105007172,
            -6.925863265991211,
            -0.017094017937779427,
            -9.45430850982666,
            -45.710697174072266,
            -0.7277167439460754,
            -0.6679829359054565,
            -16.160348892211914,
            0.7765567898750305,
            0.06285625696182251,
            -15.236899375915527,
            -0.16117216646671295,
            -0.0549483448266983,
            -4.897075176239014,
            0.008058608509600163,
            -0.12088635563850403,
            -4.897075176239014,
            0.08058608323335648,
            -0.0017279012827202678,
            -6.925863265991211,
            -0.11282051354646683,
            -0.3489038646221161,
            -9.696208953857422,
            0.21001221239566803,
            0.2499479353427887,
            -20.777589797973633,
            -0.6300366520881653,
            0.48003605008125305,
            -18.007244110107422,
            -1.0695971250534058,
            0.5494834184646606,
            -5.5966572761535645,
            -0.3948718011379242,
            -0.08791735023260117,
            -3.497910737991333,
            0.051037851721048355,
            0.0,
            0.0,
            0.0,
            1.0,
            0.0,
            0.0,
            0.0
        ],
        "max": [
            -0.10859639942646027,
            6.925863265991211,
            0.3042735159397125,
            9.645735740661621,
            44.78725051879883,
            0.4444444477558136,
            -0.602044939994812,
            15.236899375915527,
            1.186813235282898,
            0.08483558893203735,
            17.083797454833984,
            0.10256410390138626,
            -0.03296900540590286,
            4.197493076324463,
            0.045665446668863297,
            -0.09890701621770859,
            6.296239376068115,
            0.13162393867969513,
            0.020251436159014702,
            5.0789666175842285,
            0.023931624367833138,
            -0.3049452006816864,
            7.849311828613281,
            0.7179487347602844,
            0.27192726731300354,
            15.236899375915527,
            -0.48351648449897766,
            0.5239947438240051,
            18.930692672729492,
            -0.8644688725471497,
            0.5824524760246277,
            5.5966572761535645,
            -0.3223443329334259,
            -0.06593801081180573,
            6.296239376068115,
            0.11819291859865189,
            0.0,
            0.0,
            0.0,
            1.0,
            0.0,
            0.0,
            0.0
        ],
        "mean": [
            -0.16024789214134216,
            -0.7526106238365173,
            0.1401025950908661,
            1.063903570175171,
            -4.0677900314331055,
            -0.1860317438840866,
            -0.6502897143363953,
            -0.4986622631549835,
            1.0360440015792847,
            0.08263782411813736,
            0.18007253110408783,
            -0.03589748963713646,
            -0.03588126227259636,
            0.10843519121408463,
            0.025747276842594147,
            -0.10753414034843445,
            0.6191302537918091,
            0.10493650287389755,
            -0.0005190377123653889,
            -0.5494518280029297,
            -0.05312822759151459,
            -0.32626479864120483,
            -0.2493310570716858,
            0.44815635681152344,
            0.27060818672180176,
            -0.7987829446792603,
            -0.5585339069366455,
            0.5020146369934082,
            -0.22162772715091705,
            -0.9495971202850342,
            0.5695404410362244,
            0.1748954951763153,
            -0.36077049374580383,
            -0.07500465214252472,
            0.9584276080131531,
            0.08038461953401566,
            0.0,
            0.0,
            0.0,
            1.0,
            0.0,
            0.0,
            0.0
        ],