{
    "action": {
        "min": [
            0.0,
            0.0,
            -9.980267524719238,
            0.0,
            0.0,
            0.0,
            0.0,
            0.0,
            0.0,
            0.0,
            0.0,
            0.0
        ],
        "max": [
            0.0,
            0.0,
            9.980267524719238,
            0.0,
            0.0,
            0.0,
            0.0,
            0.0,
            0.0,
            0.0,
            0.0,
            0.0
        ],
        "mean": [
            0.0,
            0.0,
            3.4809113458322827e-07,
            0.0,
            0.0,
            0.0,
            0.0,
            0.0,
            0.0,
            0.0,
            0.0,
            0.0
        ],
        "std": [
            0.0,
            0.0,
            7.07106876373291,
            0.0,
            0.0,
            0.0,
            0.0,
            0.0,
            0.0,
            0.0,
            0.0,
            0.0
        ],
        "count": [
            200
        ],
        "q01": [
            3.9995784462121265e-16,
            3.9995784462121265e-16,
            -9.980267524719238,
            3.9995784462121265e-16,
            3.9995784462121265e-16,
            3.9995784462121265e-16,
            3.9995784462121265e-16,
            3.9995784462121265e-16,
            3.9995784462121265e-16,
            3.9995784462121265e-16,
            3.9995784462121265e-16,
            3.9995784462121265e-16
        ],
        "q10": [
            3.999578446212126e-15,
            3.999578446212126e-15,
            -9.511195182800293,
            3.999578446212126e-15,
            3.999578446212126e-15,
            3.999578446212126e-15,
            3.999578446212126e-15,
            3.999578446212126e-15,
            3.999578446212126e-15,
            3.999578446212126e-15,
            3.999578446212126e-15,
            3.999578446212126e-15
        ],
        "q50": [
            1.9997892231060632e-14,
            1.9997892231060632e-14,
            -0.001995086669921875,
            1.9997892231060632e-14,
            1.9997892231060632e-14,
            1.9997892231060632e-14,
            1.9997892231060632e-14,
            1.9997892231060632e-14,
            1.9997892231060632e-14,
            1.9997892231060632e-14,
            1.9997892231060632e-14,
            1.9997892231060632e-14
        ],
        "q90": [
            3.599620601590914e-14,
            3.599620601590914e-14,
            9.51119613647461,
            3.599620601590914e-14,
            3.599620601590914e-14,
            3.599620601590914e-14,
            3.599620601590914e-14,
            3.599620601590914e-14,
            3.599620601590914e-14,
            3.599620601590914e-14,
            3.599620601590914e-14,
            3.599620601590914e-14
        ],
        "q99": [
            3.959582661750005e-14,
            3.959582661750005e-14,
            9.979269981384277,
            3.959582661750005e-14,
            3.959582661750005e-14,
            3.959582661750005e-14,
            3.959582661750005e-14,
            3.959582661750005e-14,
            3.959582661750005e-14,
            3.959582661750005e-14,
            3.959582661750005e-14,
            3.959582661750005e-14
        ]
    },
    "observation.state": {
        "min": [
            -0.5042244791984558,
            -16.160348892211914,
            -0.8170940279960632,
            0.0627448707818985,
            -13.390002250671387,
            -2.124542236328125,
            -11.108168601989746,
            -213.7783203125,
            -4.9084248542785645,
            -0.28881314396858215,
            -33.705867767333984,
            -0.7472527623176575,
            -0.1098966896533966,
            -4.897075176239014,
            -0.005372405517846346,
            -0.12088635563850403,
            -5.5966572761535645,
            0.04297924414277077,
            -0.2215212732553482,
            -17.083797454833984,
            -0.5299145579338074,
            -0.4588005542755127,
            -11.543106079101562,
            -0.3858363926410675,
            -1.200688362121582,
            -66.95001220703125,
            -4.820512771606445,
            0.3921186923980713,
            -19.854141235351562,
            -1.245421290397644,
            0.5824524760246277,
            -10.493732452392578,
            -0.5211233496665955,
            -0.0549483448266983,
            -6.296239376068115,
            -0.053724054247140884,
            0.0,
            0.0,
            0.0,
            1.0,
            0.0,
            0.0,
            0.0
        ],
        "max": [
            0.33099034428596497,
            17.083797454833984,
            0.9675213694572449,
            0.8320217132568359,
            15.236899375915527,
            0.27838829159736633,
            9.70626449584961,
            223.01280212402344,
            8.981684684753418,
            0.30462896823883057,
            27.241729736328125,
            0.9230769276618958,
            0.04395867511630058,
            11.89289665222168,
            0.10744810849428177,
            -0.03296900540590286,
            8.394986152648926,
            0.15311355888843536,
            0.28400349617004395,
            8.772760391235352,
            0.5162393450737,
            -0.06317248195409775,
            9.696208953857422,
            1.0109890699386597,
            2.1841297149658203,
            78.95484161376953,
            3.1208791732788086,
            0.5899327397346497,
            19.854141235351562,
            -0.6300366520881653,
            0.8132355213165283,
            12.59247875213623,
            -0.3411477506160736,
            0.14286570250988007,
            6.995821475982666,
            0.08864469081163406,
            0.0,
            0.0,
            0.0,
            1.0,
            0.0,
            0.0,
            0.0
        ],
        "mean": [
            -0.1707979142665863,
            -0.5078967809677124,
            0.15859833359718323,
            0.26792195439338684,
            -0.5309829711914062,
            -0.5458365082740784,
            -0.4035715162754059,
            -8.431085586547852,
            1.0048350095748901,
            0.08736337721347809,
            1.0434967279434204,
            -0.048937734216451645,
            -0.058794811367988586,
            -0.115431047976017,
            0.03811723366379738,
            -0.08440075814723969,
            0.6401175856590271,
            0.08724788576364517,
            0.015525893308222294,
            -0.5125139355659485,
            -0.08776068687438965,
            -0.2954941689968109,
            -0.4063173234462738,
            0.39096441864967346,
            0.36160293221473694,
            -1.796107292175293,
            -0.7022708058357239,
            0.49663111567497253,
            -0.6695000529289246,
            -0.9403662085533142,
            0.6638311147689819,
            -0.41625145077705383,
            -0.4195849597454071,
            0.014451411552727222,
            0.7800341844558716,
            0.0245787613093853,
            0.0,
            0.0,
            0.0,
            1.0,
            0.0,
            0.0,
            0.0
        ],