{
    "action": {
        "min": [
            0.0,
            0.0,
            0.0,
            0.0,
            -10.0,
            0.0,
            0.0,
            0.0,
            0.0,
            0.0,
            0.0,
            0.0
        ],
        "max": [
            0.0,
            0.0,
            0.0,
            0.0,
            10.0,
            0.0,
            0.0,
            0.0,
            0.0,
            0.0,
            0.0,
            0.0
        ],
        "mean": [
            0.0,
            0.0,
            0.0,
            0.0,
            2.5033950024067053e-08,
            0.0,
            0.0,
            0.0,
            0.0,
            0.0,
            0.0,
            0.0
        ],
        "std": [
            0.0,
            0.0,
            0.0,
            0.0,
            7.07106876373291,
            0.0,
            0.0,
            0.0,
            0.0,
            0.0,
            0.0,
            0.0
        ],
        "count": [
            200
        ],
        "q01": [
            3.9995784462121265e-16,
            3.9995784462121265e-16,
            3.9995784462121265e-16,
            3.9995784462121265e-16,
            -9.99399995803833,
            3.9995784462121265e-16,
            3.9995784462121265e-16,
            3.9995784462121265e-16,
            3.9995784462121265e-16,
            3.9995784462121265e-16,
            3.9995784462121265e-16,
            3.9995784462121265e-16
        ],
        "q10": [
            3.999578446212126e-15,
            3.999578446212126e-15,
            3.999578446212126e-15,
            3.999578446212126e-15,
            -9.510000228881836,
            3.999578446212126e-15,
            3.999578446212126e-15,
            3.999578446212126e-15,
            3.999578446212126e-15,
            3.999578446212126e-15,
            3.999578446212126e-15,
            3.999578446212126e-15
        ],
        "q50": [
            1.9997892231060632e-14,
            1.9997892231060632e-14,
            1.9997892231060632e-14,
            1.9997892231060632e-14,
            0.0020003318786621094,
            1.9997892231060632e-14,
            1.9997892231060632e-14,
            1.9997892231060632e-14,
            1.9997892231060632e-14,
            1.9997892231060632e-14,
            1.9997892231060632e-14,
            1.9997892231060632e-14
        ],
        "q90": [
            3.599620601590914e-14,
            3.599620601590914e-14,
            3.599620601590914e-14,
            3.599620601590914e-14,
            9.510001182556152,
            3.599620601590914e-14,
            3.599620601590914e-14,
            3.599620601590914e-14,
            3.599620601590914e-14,
            3.599620601590914e-14,
            3.599620601590914e-14,
            3.599620601590914e-14
        ],
        "q99": [
            3.959582661750005e-14,
            3.959582661750005e-14,
            3.959582661750005e-14,
            3.959582661750005e-14,
            9.994000434875488,
            3.959582661750005e-14,
            3.959582661750005e-14,
            3.959582661750005e-14,
            3.959582661750005e-14,
            3.959582661750005e-14,
            3.959582661750005e-14,
            3.959582661750005e-14
        ]
    },
    "observation.state": {
        "min": [
            -0.24047242105007172,
            -6.925863265991211,
            0.18119658529758453,
            0.23857957124710083,
            -9.696208953857422,
            -0.6691086888313293,
            -0.6899623274803162,
            -26.318281173706055,
            0.8351648449897766,
            0.08483558893203735,
            -17.083797454833984,
            -0.21978022158145905,
            -9.275280952453613,
            -224.5658721923828,
            -0.43516483902931213,
            -0.7033388018608093,
            -29.382450103759766,
            -0.3142857253551483,
            -0.02370723895728588,
            -6.002415180206299,
            -0.0991453006863594,
            -0.32692453265190125,
            -9.696208953857422,
            0.21978022158145905,
            0.2499479353427887,
            -18.007244110107422,
            -0.6300366520881653,
            0.48003605008125305,
            -20.777589797973633,
            -1.0402930974960327,
            0.6813594698905945,
            -5.5966572761535645,
            -0.46471306681632996,
            0.0549483448266983,
            -4.897075176239014,
            -0.03760683909058571,
            0.0,
            0.0,
            0.0,
            1.0,
            0.0,
            0.0,
            0.0
        ],
        "max": [
            -0.21849308907985687,
            6.925863265991211,
            0.2905983030796051,
            0.2605589032173157,
            6.925863265991211,
            -0.3272283375263214,
            -0.6460036039352417,
            17.083797454833984,
            1.245421290397644,
            0.1068149283528328,
            18.930692672729492,
            0.04395604506134987,
            8.95658016204834,
            211.97340393066406,
            0.6070818305015564,
            0.40661776065826416,
            34.97910690307617,
            0.24444444477558136,
            -0.0017279012827202678,
            4.155518054962158,
            0.03760683909058571,
            -0.28296586871147156,
            8.772760391235352,
            0.6398046612739563,
            0.27192726731300354,
            17.083797454833984,
            -0.4542124569416046,
            0.5020154118537903,
            18.930692672729492,
            -0.8351648449897766,
            0.7033388018608093,
            4.897075176239014,
            -0.4056166112422943,
            0.08791735023260117,
            4.897075176239014,
            0.021489622071385384,
            0.0,
            0.0,
            0.0,
            1.0,
            0.0,
            0.0,
            0.0
        ],
        "mean": [
            -0.22695516049861908,
            -0.24009661376476288,
            0.2357265055179596,
            0.25682246685028076,
            -0.2955035865306854,
            -0.528302788734436,
            -0.6604005694389343,
            -0.20315857231616974,
            1.0515750646591187,
            0.10494688898324966,
            0.9095963835716248,
            -0.06886452436447144,
            0.009616012685000896,
            -3.6902964115142822,
            0.08527351170778275,
            -0.0080774100497365,
            0.8010215759277344,
            0.03493408113718033,
            -0.01392641756683588,
            -0.6510311365127563,
            -0.03699148818850517,
            -0.30505579710006714,
            -0.6417966485023499,
            0.4201221764087677,
            0.26280543208122253,
            -1.0019419193267822,
            -0.5515009164810181,
            0.49728915095329285,
            -0.09234488755464554,
            -0.9327471256256104,
            0.6898779273033142,
            -0.14341437816619873,
            -0.43559467792510986,
            0.06863047927618027,
            0.7240678668022156,
            -0.010153857059776783,
            0.0,
            0.0,
            0.0,
            1.0,
            0.0,
            0.0,
            0.0
        ],