{
    "action": {
        "min": [
            0.0,
            0.0,
            0.0,
            0.0,
            0.0,
            -10.0,
            0.0,
            0.0,
            0.0,
            0.0,
            0.0,
            0.0
        ],
        "max": [
            0.0,
            0.0,
            0.0,
            0.0,
            0.0,
            10.0,
            0.0,
            0.0,
            0.0,
            0.0,
            0.0,
            0.0
        ],
        "mean": [
            0.0,
            0.0,
            0.0,
            0.0,
            0.0,
            2.5033950024067053e-08,
            0.0,
            0.0,
            0.0,
            0.0,
            0.0,
            0.0
        ],
        "std": [
            0.0,
            0.0,
            0.0,
            0.0,
            0.0,
            7.07106876373291,
            0.0,
            0.0,
            0.0,
            0.0,
            0.0,
            0.0
        ],
        "count": [
            200
        ],
        "q01": [
            3.9995784462121265e-16,
            3.9995784462121265e-16,
            3.9995784462121265e-16,
            3.9995784462121265e-16,
            3.9995784462121265e-16,
            -9.99399995803833,
            3.9995784462121265e-16,
            3.9995784462121265e-16,
            3.9995784462121265e-16,
            3.9995784462121265e-16,
            3.9995784462121265e-16,
            3.9995784462121265e-16
        ],
        "q10": [
            3.999578446212126e-15,
            3.999578446212126e-15,
            3.999578446212126e-15,
            3.999578446212126e-15,
            3.999578446212126e-15,
            -9.510000228881836,
            3.999578446212126e-15,
            3.999578446212126e-15,
            3.999578446212126e-15,
            3.999578446212126e-15,
            3.999578446212126e-15,
            3.999578446212126e-15
        ],
        "q50": [
            1.9997892231060632e-14,
            1.9997892231060632e-14,
            1.9997892231060632e-14,
            1.9997892231060632e-14,
            1.9997892231060632e-14,
            0.0020003318786621094,
            1.9997892231060632e-14,
            1.9997892231060632e-14,
            1.9997892231060632e-14,
            1.9997892231060632e-14,
            1.9997892231060632e-14,
            1.9997892231060632e-14
        ],
        "q90": [
            3.599620601590914e-14,
            3.599620601590914e-14,
            3.599620601590914e-14,
            3.599620601590914e-14,
            3.599620601590914e-14,
            9.510001182556152,
            3.599620601590914e-14,
            3.599620601590914e-14,
            3.599620601590914e-14,
            3.599620601590914e-14,
            3.599620601590914e-14,
            3.599620601590914e-14
        ],
        "q99": [
            3.959582661750005e-14,
            3.959582661750005e-14,
            3.959582661750005e-14,
            3.959582661750005e-14,
            3.959582661750005e-14,
            9.994000434875488,
            3.959582661750005e-14,
            3.959582661750005e-14,
            3.959582661750005e-14,
            3.959582661750005e-14,
            3.959582661750005e-14,
            3.959582661750005e-14
        ]
    },
    "observation.state": {
        "min": [
            -0.3283897936344147,
            -5.0789666175842285,
            0.1538461595773697,
            0.216600239276886,
            -10.619657516479492,
            -0.7570207715034485,
            -0.6679829359054565,
            -17.083797454833984,
            0.8351648449897766,
            0.08483558893203735,
            -16.160348892211914,
            -0.190476194024086,
            -0.5824524760246277,
            -18.888717651367188,
            -0.25250306725502014,
            -6.417966842651367,
            -214.0721435546875,
            -1.5015872716903687,
            -0.02370723895728588,
            -5.0789666175842285,
            -0.11282051354646683,
            -0.32692453265190125,
            -9.696208953857422,
            0.23931623995304108,
            0.2499479353427887,
            -17.083797454833984,
            -0.6300366520881653,
            0.48003605008125305,
            -19.854141235351562,
            -1.0402930974960327,
            0.6703698039054871,
            -5.5966572761535645,
            -0.4673992693424225,
            0.04395867511630058,
            -4.897075176239014,
            -0.048351649194955826,
            0.0,
            0.0,
            0.0,
            1.0,
            0.0,
            0.0,
            0.0
        ],
        "max": [
            -0.19651375710964203,
            6.002415180206299,
            0.4068376123905182,
            0.2825382351875305,
            7.849311828613281,
            -0.3174603283405304,
            -0.6460036039352417,
            18.007244110107422,
            1.186813235282898,
            0.1068149283528328,
            16.160348892211914,
            0.04395604506134987,
            0.2637520432472229,
            23.086212158203125,
            0.4485958516597748,
            9.099445343017578,
            219.66880798339844,
            0.6393162608146667,
            -0.0017279012827202678,
            4.155518054962158,
            0.04444444552063942,
            -0.3049452006816864,
            8.772760391235352,
            0.6105006337165833,
            0.27192726731300354,
            18.007244110107422,
            -0.4542124569416046,
            0.5020154118537903,
            17.083797454833984,
            -0.8351648449897766,
            0.7033388018608093,
            4.897075176239014,
            -0.3975580036640167,
            0.07692768424749374,
            6.296239376068115,
            0.026862027123570442,
            0.0,
            0.0,
            0.0,
            1.0,
            0.0,
            0.0,
            0.0
        ],
        "mean": [
            -0.2536601126194,
            -0.4294034540653229,
            0.27288880944252014,
            0.25132739543914795,
            -0.26318275928497314,
            -0.5279120802879333,
            -0.6674341559410095,
            -0.3093552887439728,
            1.0567036867141724,
            0.10219944268465042,
            0.34629327058792114,
            -0.06388285756111145,
            -0.27853310108184814,
            -0.20987468957901,
            0.1612796038389206,
            0.6851508617401123,
            -3.4839186668395996,
            -0.2610720694065094,
            -0.016124339774250984,
            -0.6187106966972351,
            -0.037299178540706635,
            -0.3060448467731476,
            0.09234480559825897,
            0.42857134342193604,
            0.2648935616016388,
            -0.06464146822690964,
            -0.5501822829246521,
            0.49761882424354553,
            -0.3232070803642273,
            -0.9342122673988342,
            0.691690981388092,
            0.04197484999895096,
            -0.4363064467906952,
            0.06494895368814468,
            0.7135739922523499,
            -0.0049829063937067986,
            0.0,
            0.0,
            0.0,
            1.0,
            0.0,
            0.0,
            0.0
        ],