{
    "action": {
        "min": [
            -10.0,
            0.0,
            0.0,
            0.0,
            0.0,
            0.0,
            0.0,
            0.0,
            0.0,
            0.0,
            0.0,
            0.0
        ],
        "max": [
            10.0,
            0.0,
            0.0,
            0.0,
            0.0,
            0.0,
            0.0,
            0.0,
            0.0,
            0.0,
            0.0,
            0.0
        ],
        "mean": [
            2.5033950024067053e-08,
            0.0,
            0.0,
            0.0,
            0.0,
            0.0,
            0.0,
            0.0,
            0.0,
            0.0,
            0.0,
            0.0
        ],
        "std": [
            7.07106876373291,
            0.0,
            0.0,
            0.0,
            0.0,
            0.0,
            0.0,
            0.0,
            0.0,
            0.0,
            0.0,
            0.0
        ],
        "count": [
            200
        ],
        "q01": [
            -9.99399995803833,
            3.9995784462121265e-16,
            3.9995784462121265e-16,
            3.9995784462121265e-16,
            3.9995784462121265e-16,
            3.9995784462121265e-16,
            3.9995784462121265e-16,
            3.9995784462121265e-16,
            3.9995784462121265e-16,
            3.9995784462121265e-16,
            3.9995784462121265e-16,
            3.9995784462121265e-16
        ],
        "q10": [
            -9.510000228881836,
            3.999578446212126e-15,
            3.999578446212126e-15,
            3.999578446212126e-15,
            3.999578446212126e-15,
            3.999578446212126e-15,
            3.999578446212126e-15,
            3.999578446212126e-15,
            3.999578446212126e-15,
            3.999578446212126e-15,
            3.999578446212126e-15,
            3.999578446212126e-15
        ],
        "q50": [
            0.0020003318786621094,
            1.9997892231060632e-14,
            1.9997892231060632e-14,
            1.9997892231060632e-14,
            1.9997892231060632e-14,
            1.9997892231060632e-14,
            1.9997892231060632e-14,
            1.9997892231060632e-14,
            1.9997892231060632e-14,
            1.9997892231060632e-14,
            1.9997892231060632e-14,
            1.9997892231060632e-14
        ],
        "q90": [
            9.510001182556152,
            3.599620601590914e-14,
            3.599620601590914e-14,
            3.599620601590914e-14,
            3.599620601590914e-14,
            3.599620601590914e-14,
            3.599620601590914e-14,
            3.599620601590914e-14,
            3.599620601590914e-14,
            3.599620601590914e-14,
            3.599620601590914e-14,
            3.599620601590914e-14
        ],
        "q99": [
            9.994000434875488,
            3.959582661750005e-14,
            3.959582661750005e-14,
            3.959582661750005e-14,
            3.959582661750005e-14,
            3.959582661750005e-14,
            3.959582661750005e-14,
            3.959582661750005e-14,
            3.959582661750005e-14,
            3.959582661750005e-14,
            3.959582661750005e-14,
            3.959582661750005e-14
        ]
    },
    "observation.state": {
        "min": [
            -6.988129138946533,
            -172.22314453125,
            -2.2256410121917725,
            0.04076553136110306,
            -10.619657516479492,
            -1.255189299583435,
            -1.45923912525177,
            -83.57208251953125,
            -2.4175825119018555,
            -0.06901977211236954,
            -21.701038360595703,
            -0.3076923191547394,
            -0.12088635563850403,
            -4.197493076324463,
            0.045665446668863297,
            -0.04395867511630058,
            -4.197493076324463,
            0.02954822964966297,
            -0.19954194128513336,
            -11.543106079101562,
            -0.5025641322135925,
            -0.48077988624572754,
            -9.696208953857422,
            -0.29792430996894836,
            -0.14568014442920685,
            -41.09345626831055,
            -1.831501841545105,
            0.43607738614082336,
            -22.624486923217773,
            -1.1282051801681519,
            0.6703698039054871,
            -5.5966572761535645,
            -0.49157509207725525,
            0.03296900540590286,
            -9.094568252563477,
            -0.056410256773233414,
            0.0,
            0.0,
            0.0,
            1.0,
            0.0,
            0.0,
            0.0
        ],
        "max": [
            7.4962544441223145,
            165.75900268554688,
            1.9384615421295166,
            0.5023316144943237,
            12.466554641723633,
            0.20024420320987701,
            0.892549991607666,
            46.63414764404297,
            3.32600736618042,
            0.2167116105556488,
            25.394832611083984,
            0.3369963467121124,
            -0.08791735023260117,
            6.296239376068115,
            0.10207570344209671,
            -0.010989668779075146,
            6.995821475982666,
            0.083272285759449,
            0.19608613848686218,
            6.925863265991211,
            0.5162393450737,
            -0.10713116079568863,
            8.772760391235352,
            0.9426129460334778,
            0.8433900475502014,
            35.552764892578125,
            0.04395604506134987,
            0.5679534077644348,
            17.083797454833984,
            -0.7765567898750305,
            0.747297465801239,
            6.995821475982666,
            -0.4136752188205719,
            0.1538553684949875,
            9.094568252563477,
            0.02954822964966297,
            0.0,
            0.0,
            0.0,
            1.0,
            0.0,
            0.0,
            0.0
        ],
        "mean": [
            0.2926364839076996,
            -3.7584338188171387,
            -0.1889914870262146,
            0.24989871680736542,
            -0.04155513271689415,
            -0.5281074047088623,
            -0.49676403403282166,
            -0.7526103854179382,
            0.7690841555595398,
            0.0752747654914856,
            -0.03693797439336777,
            -0.028278391808271408,
            -0.10396251082420349,
            0.13991647958755493,
            0.0672760084271431,
            -0.02472675032913685,
            0.7065781354904175,
            0.05019170418381691,
            0.019372286275029182,
            -0.3786138594150543,
            -0.08358973264694214,
            -0.3043959140777588,
            -0.1754552274942398,
            0.40605589747428894,
            0.28643369674682617,
            -0.1939241588115692,
            -0.6029303073883057,
            0.5035537481307983,
            -0.23547936975955963,
            -0.9479848742485046,
            0.7141085267066956,
            -0.13641849160194397,
            -0.44989868998527527,
            0.0849502831697464,
            0.9059589505195618,
            -0.017608074471354485,
            0.0,
            0.0,
            0.0,
            1.0,
            0.0,
            0.0,
            0.0
        ],