{
    "action": {
        "min": [
            0.0,
            0.0,
            -9.999802589416504,
            0.0,
            0.0,
            0.0,
            0.0,
            0.0,
            0.0,
            0.0,
            0.0,
            0.0
        ],
        "max": [
            0.0,
            0.0,
            9.998223304748535,
            0.0,
            0.0,
            0.0,
            0.0,
            0.0,
            0.0,
            0.0,
            0.0,
            0.0
        ],
        "mean": [
            0.0,
            0.0,
            0.6395046710968018,
            0.0,
            0.0,
            0.0,
            0.0,
            0.0,
            0.0,
            0.0,
            0.0,
            0.0
        ],
        "std": [
            0.0,
            0.0,
            6.977660179138184,
            0.0,
            0.0,
            0.0,
            0.0,
            0.0,
            0.0,
            0.0,
            0.0,
            0.0
        ],
        "count": [
            200
        ],
        "q01": [
            3.9995784462121265e-16,
            3.9995784462121265e-16,
            -9.999802589416504,
            3.9995784462121265e-16,
            3.9995784462121265e-16,
            3.9995784462121265e-16,
            3.9995784462121265e-16,
            3.9995784462121265e-16,
            3.9995784462121265e-16,
            3.9995784462121265e-16,
            3.9995784462121265e-16,
            3.9995784462121265e-16
        ],
        "q10": [
            3.999578446212126e-15,
            3.999578446212126e-15,
            -9.38386344909668,
            3.999578446212126e-15,
            3.999578446212126e-15,
            3.999578446212126e-15,
            3.999578446212126e-15,
            3.999578446212126e-15,
            3.999578446212126e-15,
            3.999578446212126e-15,
            3.999578446212126e-15,
            3.999578446212126e-15
        ],
        "q50": [
            1.9997892231060632e-14,
            1.9997892231060632e-14,
            1.0671052932739258,
            1.9997892231060632e-14,
            1.9997892231060632e-14,
            1.9997892231060632e-14,
            1.9997892231060632e-14,
            1.9997892231060632e-14,
            1.9997892231060632e-14,
            1.9997892231060632e-14,
            1.9997892231060632e-14,
            1.9997892231060632e-14
        ],
        "q90": [
            3.599620601590914e-14,
            3.599620601590914e-14,
            9.53027057647705,
            3.599620601590914e-14,
            3.599620601590914e-14,
            3.599620601590914e-14,
            3.599620601590914e-14,
            3.599620601590914e-14,
            3.599620601590914e-14,
            3.599620601590914e-14,
            3.599620601590914e-14,
            3.599620601590914e-14
        ],
        "q99": [
            3.959582661750005e-14,
            3.959582661750005e-14,
            9.995556831359863,
            3.959582661750005e-14,
            3.959582661750005e-14,
            3.959582661750005e-14,
            3.959582661750005e-14,
            3.959582661750005e-14,
            3.959582661750005e-14,
            3.959582661750005e-14,
            3.959582661750005e-14,
            3.959582661750005e-14
        ]
    },
    "observation.state": {
        "min": [
            -0.724017858505249,
            -18.930692672729492,
            -1.2000000476837158,
            -0.0031931453850120306,
            -10.619657516479492,
            -2.192918300628662,
            -10.646602630615234,
            -222.08935546875,
            -7.164834976196289,
            -0.33277183771133423,
            -28.165178298950195,
            -0.8937729001045227,
            -0.1538553684949875,
            -6.296239376068115,
            0.03760683909058571,
            -0.0549483448266983,
            -4.197493076324463,
            0.0,
            -0.5292320251464844,
            -8.772760391235352,
            -0.7008547186851501,
            -0.6346352696418762,
            -10.619657516479492,
            -0.8449328541755676,
            -2.189758539199829,
            -89.11277770996094,
            -6.1978020668029785,
            0.32618069648742676,
            -19.854141235351562,
            -1.5677655935287476,
            0.5165144205093384,
            -6.995821475982666,
            -0.523809552192688,
            -0.0549483448266983,
            -7.695404052734375,
            -0.06715507060289383,
            0.0,
            0.0,
            0.0,
            1.0,
            0.0,
            0.0,
            0.0
        ],
        "max": [
            0.4408870339393616,
            18.007244110107422,
            1.2136752605438232,
            0.7880629897117615,
            15.236899375915527,
            0.5128205418586731,
            8.277607917785645,
            237.78797912597656,
            9.186813354492188,
            0.34858763217926025,
            30.935523986816406,
            0.9230769276618958,
            -0.04395867511630058,
            9.094568252563477,
            0.11819291859865189,
            0.03296900540590286,
            8.394986152648926,
            0.08595848828554153,
            0.3499414920806885,
            14.313450813293457,
            0.8991453051567078,
            0.024744868278503418,
            10.619657516479492,
            1.284493327140808,
            2.5577783584594727,
            82.64863586425781,
            5.142857074737549,
            0.6998294591903687,
            35.552764892578125,
            -0.6593406796455383,
            0.8242251873016357,
            11.89289665222168,
            -0.32771673798561096,
            0.14286570250988007,
            7.695404052734375,
            0.08595848828554153,
            0.0,
            0.0,
            0.0,
            1.0,
            0.0,
            0.0,
            0.0
        ],
        "mean": [
            -0.12519077956676483,
            -0.6556484699249268,
            0.09637605398893356,
            0.27913129329681396,
            0.15236903727054596,
            -0.5732844471931458,
            -0.0647599920630455,
            3.38443660736084,
            1.052893877029419,
            0.0810992643237114,
            0.664883017539978,
            -0.03985348716378212,
            -0.11627080291509628,
            -0.1049373596906662,
            0.07455559074878693,
            -0.024177268147468567,
            0.86748206615448,
            0.05000368505716324,
            0.014866463840007782,
            -0.37861406803131104,
            -0.0772307813167572,
            -0.3048354685306549,
            -0.5540691614151001,
            0.4245664179325104,
            0.44512423872947693,
            0.15698590874671936,
            -0.9144323468208313,
            0.5011366009712219,
            0.3001207411289215,
            -0.9472525715827942,
            0.6754248738288879,
            -0.10843522101640701,
            -0.42808669805526733,
            0.03274920582771301,
            0.9129549264907837,
            0.015593417920172215,
            0.0,
            0.0,
            0.0,
            1.0,
            0.0,
            0.0,
            0.0
        ],