{
    "action": {
        "min": [
            0.0,
            0.0,
            0.0,
            0.0,
            0.0,
            0.0,
            0.0,
            -9.999802589416504,
            0.0,
            0.0,
            0.0,
            0.0
        ],
        "max": [
            0.0,
            0.0,
            0.0,
            0.0,
            0.0,
            0.0,
            0.0,
            9.999210357666016,
            0.0,
            0.0,
            0.0,
            0.0
        ],
        "mean": [
            0.0,
            0.0,
            0.0,
            0.0,
            0.0,
            0.0,
            0.0,
            0.23768490552902222,
            0.0,
            0.0,
            0.0,
            0.0
        ],
        "std": [
            0.0,
            0.0,
            0.0,
            0.0,
            0.0,
            0.0,
            0.0,
            7.011688232421875,
            0.0,
            0.0,
            0.0,
            0.0
        ],
        "count": [
            200
        ],
        "q01": [
            3.9995784462121265e-16,
            3.9995784462121265e-16,
            3.9995784462121265e-16,
            3.9995784462121265e-16,
            3.9995784462121265e-16,
            3.9995784462121265e-16,
            3.9995784462121265e-16,
            -9.991803169250488,
            3.9995784462121265e-16,
            3.9995784462121265e-16,
            3.9995784462121265e-16,
            3.9995784462121265e-16
        ],
        "q10": [
            3.999578446212126e-15,
            3.999578446212126e-15,
            3.999578446212126e-15,
            3.999578446212126e-15,
            3.999578446212126e-15,
            3.999578446212126e-15,
            3.999578446212126e-15,
            -9.487828254699707,
            3.999578446212126e-15,
            3.999578446212126e-15,
            3.999578446212126e-15,
            3.999578446212126e-15
        ],
        "q50": [
            1.9997892231060632e-14,
            1.9997892231060632e-14,
            1.9997892231060632e-14,
            1.9997892231060632e-14,
            1.9997892231060632e-14,
            1.9997892231060632e-14,
            1.9997892231060632e-14,
            0.5676746368408203,
            1.9997892231060632e-14,
            1.9997892231060632e-14,
            1.9997892231060632e-14,
            1.9997892231060632e-14
        ],
        "q90": [
            3.599620601590914e-14,
            3.599620601590914e-14,
            3.599620601590914e-14,
            3.599620601590914e-14,
            3.599620601590914e-14,
            3.599620601590914e-14,
            3.599620601590914e-14,
            9.4512357711792,
            3.599620601590914e-14,
            3.599620601590914e-14,
            3.599620601590914e-14,
            3.599620601590914e-14
        ],
        "q99": [
            3.959582661750005e-14,
            3.959582661750005e-14,
            3.959582661750005e-14,
            3.959582661750005e-14,
            3.959582661750005e-14,
            3.959582661750005e-14,
            3.959582661750005e-14,
            9.995209693908691,
            3.959582661750005e-14,
            3.959582661750005e-14,
            3.959582661750005e-14,
            3.959582661750005e-14
        ]
    },
    "observation.state": {
        "min": [
            -0.21849308907985687,
            -6.925863265991211,
            0.017094017937779427,
            0.23857957124710083,
            -10.619657516479492,
            -0.7277167439460754,
            -0.6899623274803162,
            -17.083797454833984,
            0.8644688725471497,
            0.08483558893203735,
            -15.236899375915527,
            -0.190476194024086,
            -0.14286570250988007,
            -4.897075176239014,
            0.0644688680768013,
            0.03296900540590286,
            -4.197493076324463,
            -0.008058608509600163,
            -0.06766591221094131,
            -7.849311828613281,
            -0.3589743673801422,
            -8.635113716125488,
            -89.11277770996094,
            -0.7667887806892395,
            0.16203057765960693,
            -18.007244110107422,
            -0.7472527623176575,
            0.48003605008125305,
            -16.160348892211914,
            -1.0402930974960327,
            0.6264111399650574,
            -3.497910737991333,
            -0.4432234466075897,
            0.04395867511630058,
            -5.5966572761535645,
            -0.053724054247140884,
            0.0,
            0.0,
            0.0,
            1.0,
            0.0,
            0.0,
            0.0
        ],
        "max": [
            -0.10859639942646027,
            7.849311828613281,
            0.25641027092933655,
            0.2605589032173157,
            7.849311828613281,
            -0.3272283375263214,
            -0.6460036039352417,
            19.854141235351562,
            1.216117262840271,
            0.1068149283528328,
            17.083797454833984,
            0.04395604506134987,
            -0.12088635563850403,
            6.995821475982666,
            0.09938950091600418,
            0.0549483448266983,
            5.5966572761535645,
            0.026862027123570442,
            0.1521274596452713,
            5.0789666175842285,
            0.14700855314731598,
            8.464810371398926,
            88.1893310546875,
            1.0989011526107788,
            0.403803288936615,
            17.083797454833984,
            -0.42490842938423157,
            0.5020154118537903,
            13.390002250671387,
            -0.8058608174324036,
            0.6593801379203796,
            4.897075176239014,
            -0.36532357335090637,
            0.09890701621770859,
            6.995821475982666,
            0.04029304161667824,
            0.0,
            0.0,
            0.0,
            1.0,
            0.0,
            0.0,
            0.0
        ],
        "mean": [
            -0.15486308932304382,
            -0.34167590737342834,
            0.1352136731147766,
            0.2490195631980896,
            -0.9280658960342407,
            -0.5168741345405579,
            -0.6698518395423889,
            0.07849308848381042,
            1.0660804510116577,
            0.09967183321714401,
            1.2004832029342651,
            -0.06622715294361115,
            -0.12478764355182648,
            -0.03847707435488701,
            0.0802503302693367,
            0.04280475154519081,
            0.773038387298584,
            0.007266184315085411,
            0.030142057687044144,
            -0.5817726850509644,
            -0.09589745849370956,
            -0.08745966851711273,
            0.35552847385406494,
            0.14070822298526764,
            0.27698248624801636,
            -0.5448346138000488,
            -0.5746512413024902,
            0.48882728815078735,
            0.004617232363671064,
            -0.9276190400123596,
            0.6464126110076904,
            0.027983298525214195,
            -0.4073491394519806,
            0.07132299989461899,
            0.37077853083610535,
            -0.010758248157799244,
            0.0,
            0.0,
            0.0,
            1.0,
            0.0,
            0.0,
            0.0
        ],