{
    "action": {
        "min": [
            0.0,
            0.0,
            -9.999210357666016,
            0.0,
            0.0,
            0.0,
            0.0,
            0.0,
            0.0,
            0.0,
            0.0,
            0.0
        ],
        "max": [
            0.0,
            0.0,
            9.999210357666016,
            0.0,
            0.0,
            0.0,
            0.0,
            0.0,
            0.0,
            0.0,
            0.0,
            0.0
        ],
        "mean": [
            0.0,
            0.0,
            0.2524532377719879,
            0.0,
            0.0,
            0.0,
            0.0,
            0.0,
            0.0,
            0.0,
            0.0,
            0.0
        ],
        "std": [
            0.0,
            0.0,
            7.084749221801758,
            0.0,
            0.0,
            0.0,
            0.0,
            0.0,
            0.0,
            0.0,
            0.0,
            0.0
        ],
        "count": [
            200
        ],
        "q01": [
            3.9995784462121265e-16,
            3.9995784462121265e-16,
            -9.999210357666016,
            3.9995784462121265e-16,
            3.9995784462121265e-16,
            3.9995784462121265e-16,
            3.9995784462121265e-16,
            3.9995784462121265e-16,
            3.9995784462121265e-16,
            3.9995784462121265e-16,
            3.9995784462121265e-16,
            3.9995784462121265e-16
        ],
        "q10": [
            3.999578446212126e-15,
            3.999578446212126e-15,
            -9.583243370056152,
            3.999578446212126e-15,
            3.999578446212126e-15,
            3.999578446212126e-15,
            3.999578446212126e-15,
            3.999578446212126e-15,
            3.999578446212126e-15,
            3.999578446212126e-15,
            3.999578446212126e-15,
            3.999578446212126e-15
        ],
        "q50": [
            1.9997892231060632e-14,
            1.9997892231060632e-14,
            0.5039596557617188,
            1.9997892231060632e-14,
            1.9997892231060632e-14,
            1.9997892231060632e-14,
            1.9997892231060632e-14,
            1.9997892231060632e-14,
            1.9997892231060632e-14,
            1.9997892231060632e-14,
            1.9997892231060632e-14,
            1.9997892231060632e-14
        ],
        "q90": [
            3.599620601590914e-14,
            3.599620601590914e-14,
            9.511247634887695,
            3.599620601590914e-14,
            3.599620601590914e-14,
            3.599620601590914e-14,
            3.599620601590914e-14,
            3.599620601590914e-14,
            3.599620601590914e-14,
            3.599620601590914e-14,
            3.599620601590914e-14,
            3.599620601590914e-14
        ],
        "q99": [
            3.959582661750005e-14,
            3.959582661750005e-14,
            9.995210647583008,
            3.959582661750005e-14,
            3.959582661750005e-14,
            3.959582661750005e-14,
            3.959582661750005e-14,
            3.959582661750005e-14,
            3.959582661750005e-14,
            3.959582661750005e-14,
            3.959582661750005e-14,
            3.959582661750005e-14
        ]
    },
    "observation.state": {
        "min": [
            -0.6580798625946045,
            -30.935523986816406,
            -0.8786324858665466,
            0.04076553136110306,
            -12.466554641723633,
            -2.3882784843444824,
            -10.141077041625977,
            -226.70660400390625,
            -6.930402755737305,
            -0.28881314396858215,
            -25.394832611083984,
            -1.4798535108566284,
            -0.13187602162361145,
            -8.394986152648926,
            -0.0,
            -0.13187602162361145,
            -6.296239376068115,
            0.056410256773233414,
            -0.4193353056907654,
            -11.543106079101562,
            -0.7076923251152039,
            -0.6785939335823059,
            -13.390002250671387,
            -0.7374847531318665,
            -2.211737871170044,
            -87.26587677001953,
            -5.992673873901367,
            0.3042013645172119,
            -24.471384048461914,
            -1.3626374006271362,
            0.49453508853912354,
            -9.794150352478027,
            -0.5882784128189087,
            -0.03296900540590286,
            -6.995821475982666,
            -0.10744810849428177,
            0.0,
            0.0,
            0.0,
            1.0,
            0.0,
            0.0,
            0.0
        ],
        "max": [
            0.37494903802871704,
            18.930692672729492,
            1.2000000476837158,
            0.8100423216819763,
            19.854141235351562,
            0.1318681389093399,
            7.9698967933654785,
            250.7162628173828,
            9.30402946472168,
            0.39254632592201233,
            28.165178298950195,
            0.8058608174324036,
            0.0,
            10.493732452392578,
            0.08864469081163406,
            -0.04395867511630058,
            9.794150352478027,
            0.13968254625797272,
            0.32796216011047363,
            12.466554641723633,
            0.6735042929649353,
            0.04672420769929886,
            13.390002250671387,
            1.3626374006271362,
            2.623716354370117,
            69.7203598022461,
            5.172161102294922,
            0.677850067615509,
            29.088626861572266,
            -0.48351648449897766,
            0.9011528491973877,
            10.493732452392578,
            -0.3062271177768707,
            0.2088037133216858,
            9.794150352478027,
            0.05909645929932594,
            0.0,
            0.0,
            0.0,
            1.0,
            0.0,
            0.0,
            0.0
        ],
        "mean": [
            -0.13200445473194122,
            -0.8726587891578674,
            0.10564105212688446,
            0.28902196884155273,
            -0.3647621273994446,
            -0.5834919810295105,
            -0.15234778821468353,
            -2.8026649951934814,
            1.0087909698486328,
            0.0848357230424881,
            0.5863898396492004,
            -0.04424910619854927,
            -0.06709200143814087,
            -0.09794149547815323,
            0.0442417748272419,
            -0.08951094001531601,
            0.8604859113693237,
            0.09299633651971817,
            0.014536764472723007,
            -0.2123931646347046,
            -0.08396583795547485,
            -0.30714330077171326,
            -0.6602656841278076,
            0.4162636995315552,
            0.46336719393730164,
            -1.2328038215637207,
            -0.8883516788482666,
            0.5033343434333801,
            -0.2031586468219757,
            -0.9531134963035583,
            0.7132299542427063,
            -0.003497947473078966,
            -0.44804537296295166,
            0.05857494845986366,
            0.9409381151199341,
            -0.0030757018830627203,
            0.0,
            0.0,
            0.0,
            1.0,
            0.0,
            0.0,
            0.0
        ],