{
    "action": {
        "min": [
            0.0,
            0.0,
            0.0,
            0.0,
            0.0,
            0.0,
            0.0,
            0.0,
            0.0,
            0.0,
            0.0,
            -9.999802589416504
        ],
        "max": [
            0.0,
            0.0,
            0.0,
            0.0,
            0.0,
            0.0,
            0.0,
            0.0,
            0.0,
            0.0,
            0.0,
            9.998223304748535
        ],
        "mean": [
            0.0,
            0.0,
            0.0,
            0.0,
            0.0,
            0.0,
            0.0,
            0.0,
            0.0,
            0.0,
            0.0,
            0.4759037494659424
        ],
        "std": [
            0.0,
            0.0,
            0.0,
            0.0,
            0.0,
            0.0,
            0.0,
            0.0,
            0.0,
            0.0,
            0.0,
            6.963190078735352
        ],
        "count": [
            200
        ],
        "q01": [
            3.9995784462121265e-16,
            3.9995784462121265e-16,
            3.9995784462121265e-16,
            3.9995784462121265e-16,
            3.9995784462121265e-16,
            3.9995784462121265e-16,
            3.9995784462121265e-16,
            3.9995784462121265e-16,
            3.9995784462121265e-16,
            3.9995784462121265e-16,
            3.9995784462121265e-16,
            -9.999802589416504
        ],
        "q10": [
            3.999578446212126e-15,
            3.999578446212126e-15,
            3.999578446212126e-15,
            3.999578446212126e-15,
            3.999578446212126e-15,
            3.999578446212126e-15,
            3.999578446212126e-15,
            3.999578446212126e-15,
            3.999578446212126e-15,
            3.999578446212126e-15,
            3.999578446212126e-15,
            -9.42785930633545
        ],
        "q50": [
            1.9997892231060632e-14,
            1.9997892231060632e-14,
            1.9997892231060632e-14,
            1.9997892231060632e-14,
            1.9997892231060632e-14,
            1.9997892231060632e-14,
            1.9997892231060632e-14,
            1.9997892231060632e-14,
            1.9997892231060632e-14,
            1.9997892231060632e-14,
            1.9997892231060632e-14,
            1.0071115493774414
        ],
        "q90": [
            3.599620601590914e-14,
            3.599620601590914e-14,
            3.599620601590914e-14,
            3.599620601590914e-14,
            3.599620601590914e-14,
            3.599620601590914e-14,
            3.599620601590914e-14,
            3.599620601590914e-14,
            3.599620601590914e-14,
            3.599620601590914e-14,
            3.599620601590914e-14,
            9.346287727355957
        ],
        "q99": [
            3.959582661750005e-14,
            3.959582661750005e-14,
            3.959582661750005e-14,
            3.959582661750005e-14,
            3.959582661750005e-14,
            3.959582661750005e-14,
            3.959582661750005e-14,
            3.959582661750005e-14,
            3.959582661750005e-14,
            3.959582661750005e-14,
            3.959582661750005e-14,
            9.994223594665527
        ]
    },
    "observation.state": {
        "min": [
            -0.174534410238266,
            -6.002415180206299,
            0.08547008782625198,
            0.23857957124710083,
            -8.772760391235352,
            -0.6495726704597473,
            -0.6679829359054565,
            -16.160348892211914,
            0.8937729001045227,
            0.08483558893203735,
            -21.701038360595703,
            -0.16117216646671295,
            -0.12088635563850403,
            -6.995821475982666,
            0.053724054247140884,
            0.04395867511630058,
            -3.497910737991333,
            -0.021489622071385384,
            -0.0017279012827202678,
            -6.925863265991211,
            -0.14017094671726227,
            -0.32692453265190125,
            -10.619657516479492,
            0.20024420320987701,
            0.2499479353427887,
            -21.701038360595703,
            -0.6593406796455383,
            0.48003605008125305,
            -18.007244110107422,
            -1.0109890699386597,
            -0.12088635563850403,
            -33.5799446105957,
            -0.333089143037796,
            -7.066357135772705,
            -93.74401092529297,
            -1.5606837272644043,
            0.0,
            0.0,
            0.0,
            1.0,
            0.0,
            0.0,
            0.0
        ],
        "max": [
            -0.15255507826805115,
            6.002415180206299,
            0.20854701101779938,
            0.2605589032173157,
            9.696208953857422,
            -0.28815630078315735,
            -0.6679829359054565,
            18.007244110107422,
            1.216117262840271,
            0.1068149283528328,
            18.007244110107422,
            0.07326007634401321,
            -0.09890701621770859,
            5.5966572761535645,
            0.09670329838991165,
            0.06593801081180573,
            4.897075176239014,
            0.03492063656449318,
            0.020251436159014702,
            4.155518054962158,
            0.017094017937779427,
            -0.28296586871147156,
            10.619657516479492,
            0.6300366520881653,
            0.27192726731300354,
            16.160348892211914,
            -0.48351648449897766,
            0.5020154118537903,
            14.313450813293457,
            -0.8058608174324036,
            0.6813594698905945,
            22.386629104614258,
            0.22295482456684113,
            8.538972854614258,
            90.24610137939453,
            0.8380952477455139,
            0.0,
            0.0,
            0.0,
            1.0,
            0.0,
            0.0,
            0.0
        ],
        "mean": [
            -0.1565115600824356,
            -0.5402172803878784,
            0.13870084285736084,
            0.2502284348011017,
            -0.40631741285324097,
            -0.5123320817947388,
            -0.6679836511611938,
            -0.6233277916908264,
            1.0654946565628052,
            0.08505552262067795,
            0.060024142265319824,
            -0.04117223247885704,
            -0.1109958365559578,
            -0.11892888695001602,
            0.07180222868919373,
            0.05395936593413353,
            0.6995823383331299,
            0.0016654457431286573,
            0.005085704382508993,
            -0.24933113157749176,
            -0.06936755031347275,
            -0.3056052625179291,
            -0.350910484790802,
            0.4232478737831116,
            0.27148735523223877,
            -0.5817722678184509,
            -0.5610248446464539,
            0.48882731795310974,
            -0.9280651807785034,
            -0.9286450743675232,
            0.13500821590423584,
            -0.02798333205282688,
            -0.07753726840019226,
            0.5417360663414001,
            4.057577133178711,
            -0.13494141399860382,
            0.0,
            0.0,
            0.0,
            1.0,
            0.0,
            0.0,
            0.0
        ],