{
    "action": {
        "min": [
            0.0,
            0.0,
            0.0,
            0.0,
            0.0,
            0.0,
            0.0,
            0.0,
            -10.0,
            0.0,
            0.0,
            0.0
        ],
        "max": [
            0.0,
            0.0,
            0.0,
            0.0,
            0.0,
            0.0,
            0.0,
            0.0,
            10.0,
            0.0,
            0.0,
            0.0
        ],
        "mean": [
            0.0,
            0.0,
            0.0,
            0.0,
            0.0,
            0.0,
            0.0,
            0.0,
            -2.1755695911451767e-08,
            0.0,
            0.0,
            0.0
        ],
        "std": [
            0.0,
            0.0,
            0.0,
            0.0,
            0.0,
            0.0,
            0.0,
            0.0,
            7.071067810058594,
            0.0,
            0.0,
            0.0
        ],
        "count": [
            200
        ],
        "q01": [
            3.9995784462121265e-16,
            3.9995784462121265e-16,
            3.9995784462121265e-16,
            3.9995784462121265e-16,
            3.9995784462121265e-16,
            3.9995784462121265e-16,
            3.9995784462121265e-16,
            3.9995784462121265e-16,
            -10.0,
            3.9995784462121265e-16,
            3.9995784462121265e-16,
            3.9995784462121265e-16
        ],
        "q10": [
            3.999578446212126e-15,
            3.999578446212126e-15,
            3.999578446212126e-15,
            3.999578446212126e-15,
            3.999578446212126e-15,
            3.999578446212126e-15,
            3.999578446212126e-15,
            3.999578446212126e-15,
            -9.510000228881836,
            3.999578446212126e-15,
            3.999578446212126e-15,
            3.999578446212126e-15
        ],
        "q50": [
            1.9997892231060632e-14,
            1.9997892231060632e-14,
            1.9997892231060632e-14,
            1.9997892231060632e-14,
            1.9997892231060632e-14,
            1.9997892231060632e-14,
            1.9997892231060632e-14,
            1.9997892231060632e-14,
            0.0013335545857747395,
            1.9997892231060632e-14,
            1.9997892231060632e-14,
            1.9997892231060632e-14
        ],
        "q90": [
            3.599620601590914e-14,
            3.599620601590914e-14,
            3.599620601590914e-14,
            3.599620601590914e-14,
            3.599620601590914e-14,
            3.599620601590914e-14,
            3.599620601590914e-14,
            3.599620601590914e-14,
            9.510001182556152,
            3.599620601590914e-14,
            3.599620601590914e-14,
            3.599620601590914e-14
        ],
        "q99": [
            3.959582661750005e-14,
            3.959582661750005e-14,
            3.959582661750005e-14,
            3.959582661750005e-14,
            3.959582661750005e-14,
            3.959582661750005e-14,
            3.959582661750005e-14,
            3.959582661750005e-14,
            9.984001159667969,
            3.959582661750005e-14,
            3.959582661750005e-14,
            3.959582661750005e-14
        ]
    },
    "observation.state": {
        "min": [
            -0.19651375710964203,
            -6.002415180206299,
            0.03760683909058571,
            0.216600239276886,
            -8.772760391235352,
            -0.6300366520881653,
            -0.6899623274803162,
            -20.777589797973633,
            0.8351648449897766,
            0.01889757812023163,
            -16.160348892211914,
            -0.07326007634401321,
            -0.0549483448266983,
            -4.197493076324463,
            0.002686202758923173,
            -0.1648450344800949,
            -3.497910737991333,
            0.09938950091600418,
            -0.1116245910525322,
            -7.849311828613281,
            -0.2837606966495514,
            -0.39286255836486816,
            -11.543106079101562,
            0.2588522732257843,
            -9.311063766479492,
            -121.4334716796875,
            -3.32600736618042,
            0.43607738614082336,
            -17.083797454833984,
            -1.1282051801681519,
            0.5384937524795532,
            -4.897075176239014,
            -0.4029304087162018,
            -0.02197933755815029,
            -4.197493076324463,
            0.005372405517846346,
            0.0,
            0.0,
            0.0,
            1.0,
            0.0,
            0.0,
            0.0
        ],
        "max": [
            -0.15255507826805115,
            4.155518054962158,
            0.24957264959812164,
            0.2605589032173157,
            8.772760391235352,
            -0.34676435589790344,
            -0.6460036039352417,
            18.930692672729492,
            1.245421290397644,
            0.06285625696182251,
            18.007244110107422,
            0.190476194024086,
            -0.03296900540590286,
            4.897075176239014,
            0.07521367818117142,
            -0.14286570250988007,
            4.897075176239014,
            0.17997558414936066,
            0.10816878825426102,
            6.002415180206299,
            0.1606837660074234,
            -0.28296586871147156,
            8.772760391235352,
            0.6398046612739563,
            10.690133094787598,
            114.04588317871094,
            2.65201473236084,
            0.54597407579422,
            22.624486923217773,
            -0.7765567898750305,
            0.5714628100395203,
            4.897075176239014,
            -0.3223443329334259,
            0.0,
            6.995821475982666,
            0.07789988070726395,
            0.0,
            0.0,
            0.0,
            1.0,
            0.0,
            0.0,
            0.0
        ],
        "mean": [
            -0.16574257612228394,
            -0.3324415981769562,
            0.1483077108860016,
            0.23879890143871307,
            -0.18930687010288239,
            -0.4969961643218994,
            -0.666554868221283,
            -0.8126345872879028,
            1.0622711181640625,
            0.04274514690041542,
            -0.42016905546188354,
            0.03575096279382706,
            -0.042255278676748276,
            0.11543106287717819,
            0.028688671067357063,
            -0.14786629378795624,
            0.7730380892753601,
            0.13173142075538635,
            0.001898688031360507,
            -0.60947585105896,
            -0.06297436356544495,
            -0.32945194840431213,
            -0.7849313616752625,
            0.46031737327575684,
            0.6344764232635498,
            -4.561838150024414,
            -0.9320146441459656,
            0.5002564191818237,
            0.2631829082965851,
            -0.9444688558578491,
            0.5619570016860962,
            0.05246872827410698,
            -0.35590848326683044,
            -0.007857611402869225,
            0.8080176711082458,
            0.03963493928313255,
            0.0,
            0.0,
            0.0,
            1.0,
            0.0,
            0.0,
            0.0
        ],