{
    "action": {
        "min": [
            0.0,
            0.0,
            0.0,
            0.0,
            0.0,
            0.0,
            0.0,
            0.0,
            0.0,
            0.0,
            -9.999802589416504,
            0.0
        ],
        "max": [
            0.0,
            0.0,
            0.0,
            0.0,
            0.0,
            0.0,
            0.0,
            0.0,
            0.0,
            0.0,
            9.998223304748535,
            0.0
        ],
        "mean": [
            0.0,
            0.0,
            0.0,
            0.0,
            0.0,
            0.0,
            0.0,
            0.0,
            0.0,
            0.0,
            0.831305980682373,
            0.0
        ],
        "std": [
            0.0,
            0.0,
            0.0,
            0.0,
            0.0,
            0.0,
            0.0,
            0.0,
            0.0,
            0.0,
            7.094456195831299,
            0.0
        ],
        "count": [
            200
        ],
        "q01": [
            3.9995784462121265e-16,
            3.9995784462121265e-16,
            3.9995784462121265e-16,
            3.9995784462121265e-16,
            3.9995784462121265e-16,
            3.9995784462121265e-16,
            3.9995784462121265e-16,
            3.9995784462121265e-16,
            3.9995784462121265e-16,
            3.9995784462121265e-16,
            -9.999802589416504,
            3.9995784462121265e-16
        ],
        "q10": [
            3.999578446212126e-15,
            3.999578446212126e-15,
            3.999578446212126e-15,
            3.999578446212126e-15,
            3.999578446212126e-15,
            3.999578446212126e-15,
            3.999578446212126e-15,
            3.999578446212126e-15,
            3.999578446212126e-15,
            3.999578446212126e-15,
            -9.447856903076172,
            3.999578446212126e-15
        ],
        "q50": [
            1.9997892231060632e-14,
            1.9997892231060632e-14,
            1.9997892231060632e-14,
            1.9997892231060632e-14,
            1.9997892231060632e-14,
            1.9997892231060632e-14,
            1.9997892231060632e-14,
            1.9997892231060632e-14,
            1.9997892231060632e-14,
            1.9997892231060632e-14,
            1.5030622482299805,
            1.9997892231060632e-14
        ],
        "q90": [
            3.599620601590914e-14,
            3.599620601590914e-14,
            3.599620601590914e-14,
            3.599620601590914e-14,
            3.599620601590914e-14,
            3.599620601590914e-14,
            3.599620601590914e-14,
            3.599620601590914e-14,
            3.599620601590914e-14,
            3.599620601590914e-14,
            9.638258934020996,
            3.599620601590914e-14
        ],
        "q99": [
            3.959582661750005e-14,
            3.959582661750005e-14,
            3.959582661750005e-14,
            3.959582661750005e-14,
            3.959582661750005e-14,
            3.959582661750005e-14,
            3.959582661750005e-14,
            3.959582661750005e-14,
            3.959582661750005e-14,
            3.959582661750005e-14,
            9.994223594665527,
            3.959582661750005e-14
        ]
    },
    "observation.state": {
        "min": [
            -0.174534410238266,
            -7.849311828613281,
            0.05811965838074684,
            0.23857957124710083,
            -9.696208953857422,
            -0.6495726704597473,
            -0.6899623274803162,
            -27.241729736328125,
            0.8351648449897766,
            0.06285625696182251,
            -18.930692672729492,
            -0.1318681389093399,
            -0.13187602162361145,
            -4.197493076324463,
            0.05909645929932594,
            0.04395867511630058,
            -4.197493076324463,
            -0.013431013561785221,
            -0.0017279012827202678,
            -6.002415180206299,
            -0.17435897886753082,
            -0.32692453265190125,
            -10.619657516479492,
            0.14163614809513092,
            0.22796858847141266,
            -16.160348892211914,
            -0.6593406796455383,
            0.4580567181110382,
            -18.007244110107422,
            -1.0109890699386597,
            -9.143404960632324,
            -115.43106079101562,
            -0.5479853749275208,
            -0.06593801081180573,
            -7.695404052734375,
            -0.09670329838991165,
            0.0,
            0.0,
            0.0,
            1.0,
            0.0,
            0.0,
            0.0
        ],
        "max": [
            -0.1305757462978363,
            6.925863265991211,
            0.20854701101779938,
            0.2605589032173157,
            12.466554641723633,
            -0.3663003742694855,
            -0.6679829359054565,
            17.083797454833984,
            1.186813235282898,
            0.08483558893203735,
            17.083797454833984,
            0.04395604506134987,
            -0.1098966896533966,
            4.197493076324463,
            0.09670329838991165,
            0.06593801081180573,
            4.897075176239014,
            0.021489622071385384,
            0.04223077371716499,
            5.0789666175842285,
            0.003418803447857499,
            -0.3049452006816864,
            7.849311828613281,
            0.5811966061592102,
            0.2939065992832184,
            18.930692672729492,
            -0.48351648449897766,
            0.48003605008125305,
            18.007244110107422,
            -0.8058608174324036,
            9.473094940185547,
            139.9164276123047,
            0.4432234466075897,
            0.1538553684949875,
            8.394986152648926,
            0.09133089333772659,
            0.0,
            0.0,
            0.0,
            1.0,
            0.0,
            0.0,
            0.0
        ],
        "mean": [
            -0.1542035937309265,
            -0.47095879912376404,
            0.13439317047595978,
            0.25110766291618347,
            -0.6002415418624878,
            -0.5149205923080444,
            -0.6721595525741577,
            -1.0665820837020874,
            1.0794142484664917,
            0.08373676985502243,
            0.6741172671318054,
            -0.034285768866539,
            -0.11962257325649261,
            0.13641849160194397,
            0.07682543992996216,
            0.04753033071756363,
            0.6541093587875366,
            0.0025518927723169327,
            0.01717434823513031,
            -0.618710458278656,
            -0.07709400355815887,
            -0.30813270807266235,
            -0.9603865146636963,
            0.4191941022872925,
            0.2681904733181,
            0.29550349712371826,
            -0.5579478740692139,
            0.47904670238494873,
            -1.1912482976913452,
            -0.8994876146316528,
            0.7387804985046387,
            4.848102569580078,
            -0.11617826670408249,
            0.04280476272106171,
            0.692586362361908,
            0.008354092948138714,
            0.0,
            0.0,
            0.0,
            1.0,
            0.0,
            0.0,
            0.0
        ],