{
    "action": {
        "min": [
            0.0,
            0.0,
            0.0,
            0.0,
            0.0,
            0.0,
            0.0,
            0.0,
            0.0,
            0.0,
            -9.999210357666016,
            0.0
        ],
        "max": [
            0.0,
            0.0,
            0.0,
            0.0,
            0.0,
            0.0,
            0.0,
            0.0,
            0.0,
            0.0,
            9.999210357666016,
            0.0
        ],
        "mean": [
            0.0,
            0.0,
            0.0,
            0.0,
            0.0,
            0.0,
            0.0,
            0.0,
            0.0,
            0.0,
            0.31960082054138184,
            0.0
        ],
        "std": [
            0.0,
            0.0,
            0.0,
            0.0,
            0.0,
            0.0,
            0.0,
            0.0,
            0.0,
            0.0,
            6.9959516525268555,
            0.0
        ],
        "count": [
            200
        ],
        "q01": [
            3.9995784462121265e-16,
            3.9995784462121265e-16,
            3.9995784462121265e-16,
            3.9995784462121265e-16,
            3.9995784462121265e-16,
            3.9995784462121265e-16,
            3.9995784462121265e-16,
            3.9995784462121265e-16,
            3.9995784462121265e-16,
            3.9995784462121265e-16,
            -9.999210357666016,
            3.9995784462121265e-16
        ],
        "q10": [
            3.999578446212126e-15,
            3.999578446212126e-15,
            3.999578446212126e-15,
            3.999578446212126e-15,
            3.999578446212126e-15,
            3.999578446212126e-15,
            3.999578446212126e-15,
            3.999578446212126e-15,
            3.999578446212126e-15,
            3.999578446212126e-15,
            -9.507248878479004,
            3.999578446212126e-15
        ],
        "q50": [
            1.9997892231060632e-14,
            1.9997892231060632e-14,
            1.9997892231060632e-14,
            1.9997892231060632e-14,
            1.9997892231060632e-14,
            1.9997892231060632e-14,
            1.9997892231060632e-14,
            1.9997892231060632e-14,
            1.9997892231060632e-14,
            1.9997892231060632e-14,
            0.7559394836425781,
            1.9997892231060632e-14
        ],
        "q90": [
            3.599620601590914e-14,
            3.599620601590914e-14,
            3.599620601590914e-14,
            3.599620601590914e-14,
            3.599620601590914e-14,
            3.599620601590914e-14,
            3.599620601590914e-14,
            3.599620601590914e-14,
            3.599620601590914e-14,
            3.599620601590914e-14,
            9.429255485534668,
            3.599620601590914e-14
        ],
        "q99": [
            3.959582661750005e-14,
            3.959582661750005e-14,
            3.959582661750005e-14,
            3.959582661750005e-14,
            3.959582661750005e-14,
            3.959582661750005e-14,
            3.959582661750005e-14,
            3.959582661750005e-14,
            3.959582661750005e-14,
            3.959582661750005e-14,
            9.993210792541504,
            3.959582661750005e-14
        ]
    },
    "observation.state": {
        "min": [
            -0.174534410238266,
            -8.772760391235352,
            0.05128205195069313,
            0.23857957124710083,
            -8.772760391235352,
            -0.6691086888313293,
            -0.6899623274803162,
            -16.160348892211914,
            0.8644688725471497,
            0.08483558893203735,
            -17.083797454833984,
            -0.190476194024086,
            -0.13187602162361145,
            -5.5966572761535645,
            0.051037851721048355,
            0.04395867511630058,
            -4.897075176239014,
            -0.016117217019200325,
            -0.02370723895728588,
            -7.849311828613281,
            -0.18803419172763824,
            -0.3049452006816864,
            -13.390002250671387,
            0.17094017565250397,
            0.16203057765960693,
            -21.701038360595703,
            -0.6593406796455383,
            0.48003605008125305,
            -18.930692672729492,
            -1.0109890699386597,
            -9.198352813720703,
            -116.8302230834961,
            -0.5479853749275208,
            -0.02197933755815029,
            -10.493732452392578,
            -0.09133089333772659,
            0.0,
            0.0,
            0.0,
            1.0,
            0.0,
            0.0,
            0.0
        ],
        "max": [
            -0.15255507826805115,
            6.925863265991211,
            0.2290598303079605,
            0.2605589032173157,
            7.849311828613281,
            -0.34676435589790344,
            -0.6679829359054565,
            17.083797454833984,
            1.216117262840271,
            0.1068149283528328,
            18.007244110107422,
            0.07326007634401321,
            -0.09890701621770859,
            4.197493076324463,
            0.10744810849428177,
            0.06593801081180573,
            5.5966572761535645,
            0.03492063656449318,
            0.04223077371716499,
            5.0789666175842285,
            -0.010256410576403141,
            -0.28296586871147156,
            11.543106079101562,
            0.6105006337165833,
            0.33786529302597046,
            22.624486923217773,
            -0.42490842938423157,
            0.5020154118537903,
            19.854141235351562,
            -0.8058608174324036,
            9.561012268066406,
            128.72311401367188,
            0.4405372440814972,
            0.14286570250988007,
            6.995821475982666,
            0.06984127312898636,
            0.0,
            0.0,
            0.0,
            1.0,
            0.0,
            0.0,
            0.0
        ],
        "mean": [
            -0.15585219860076904,
            -0.17083795368671417,
            0.1403418481349945,
            0.2586907744407654,
            -0.4478725790977478,
            -0.5344566106796265,
            -0.6682034134864807,
            -0.4709585905075073,
            1.057436466217041,
            0.09494622051715851,
            0.9603865146636963,
            -0.0568498820066452,
            -0.1139080747961998,
            0.06646031886339188,
            0.07415265589952469,
            0.051596544682979584,
            0.5701595544815063,
            0.002995115704834461,
            0.02025146409869194,
            -0.6925864219665527,
            -0.0872136577963829,
            -0.30033019185066223,
            -0.5356000065803528,
            0.4101587235927582,
            0.2653332054615021,
            -0.21701037883758545,
            -0.5525267124176025,
            0.48014572262763977,
            0.041555196046829224,
            -0.9112095832824707,
            0.2952922582626343,
            3.0501797199249268,
            -0.12085223942995071,
            0.04450816661119461,
            0.8954653143882751,
            0.0070647126995027065,
            0.0,
            0.0,
            0.0,
            1.0,
            0.0,
            0.0,
            0.0
        ],