{
    "action": {
        "min": [
            0.0,
            0.0,
            0.0,
            0.0,
            -9.999210357666016,
            0.0,
            0.0,
            0.0,
            0.0,
            0.0,
            0.0,
            0.0
        ],
        "max": [
            0.0,
            0.0,
            0.0,
            0.0,
            9.999210357666016,
            0.0,
            0.0,
            0.0,
            0.0,
            0.0,
            0.0,
            0.0
        ],
        "mean": [
            0.0,
            0.0,
            0.0,
            0.0,
            1.8137778043746948,
            0.0,
            0.0,
            0.0,
            0.0,
            0.0,
            0.0,
            0.0
        ],
        "std": [
            0.0,
            0.0,
            0.0,
            0.0,
            6.652874946594238,
            0.0,
            0.0,
            0.0,
            0.0,
            0.0,
            0.0,
            0.0
        ],
        "count": [
            200
        ],
        "q01": [
            3.9995784462121265e-16,
            3.9995784462121265e-16,
            3.9995784462121265e-16,
            3.9995784462121265e-16,
            -9.9912109375,
            3.9995784462121265e-16,
            3.9995784462121265e-16,
            3.9995784462121265e-16,
            3.9995784462121265e-16,
            3.9995784462121265e-16,
            3.9995784462121265e-16,
            3.9995784462121265e-16
        ],
        "q10": [
            3.999578446212126e-15,
            3.999578446212126e-15,
            3.999578446212126e-15,
            3.999578446212126e-15,
            -8.819303512573242,
            3.999578446212126e-15,
            3.999578446212126e-15,
            3.999578446212126e-15,
            3.999578446212126e-15,
            3.999578446212126e-15,
            3.999578446212126e-15,
            3.999578446212126e-15
        ],
        "q50": [
            1.9997892231060632e-14,
            1.9997892231060632e-14,
            1.9997892231060632e-14,
            1.9997892231060632e-14,
            2.97176456451416,
            1.9997892231060632e-14,
            1.9997892231060632e-14,
            1.9997892231060632e-14,
            1.9997892231060632e-14,
            1.9997892231060632e-14,
            1.9997892231060632e-14,
            1.9997892231060632e-14
        ],
        "q90": [
            3.599620601590914e-14,
            3.599620601590914e-14,
            3.599620601590914e-14,
            3.599620601590914e-14,
            9.655237197875977,
            3.599620601590914e-14,
            3.599620601590914e-14,
            3.599620601590914e-14,
            3.599620601590914e-14,
            3.599620601590914e-14,
            3.599620601590914e-14,
            3.599620601590914e-14
        ],
        "q99": [
            3.959582661750005e-14,
            3.959582661750005e-14,
            3.959582661750005e-14,
            3.959582661750005e-14,
            9.995210647583008,
            3.959582661750005e-14,
            3.959582661750005e-14,
            3.959582661750005e-14,
            3.959582661750005e-14,
            3.959582661750005e-14,
            3.959582661750005e-14,
            3.959582661750005e-14
        ]
    },
    "observation.state": {
        "min": [
            -0.174534410238266,
            -7.849311828613281,
            0.07863248139619827,
            0.216600239276886,
            -7.849311828613281,
            -0.6691086888313293,
            -0.711941659450531,
            -18.007244110107422,
            0.8351648449897766,
            0.06285625696182251,
            -18.007244110107422,
            -0.1318681389093399,
            -9.747836112976074,
            -84.64944458007812,
            -0.333089143037796,
            -0.45057642459869385,
            -14.691225051879883,
            -0.25518926978111267,
            -0.0017279012827202678,
            -6.002415180206299,
            -0.1538461595773697,
            -0.3489038646221161,
            -8.772760391235352,
            0.2588522732257843,
            0.2499479353427887,
            -18.930692672729492,
            -0.6593406796455383,
            0.48003605008125305,
            -23.547935485839844,
            -1.0402930974960327,
            0.5384937524795532,
            -4.897075176239014,
            -0.3948718011379242,
            0.07692768424749374,
            -4.897075176239014,
            -0.06178266182541847,
            0.0,
            0.0,
            0.0,
            1.0,
            0.0,
            0.0,
            0.0
        ],
        "max": [
            -0.15255507826805115,
            6.925863265991211,
            0.18803419172763824,
            0.2605589032173157,
            6.002415180206299,
            -0.35653236508369446,
            -0.6460036039352417,
            18.007244110107422,
            1.186813235282898,
            0.08483558893203735,
            15.236899375915527,
            0.07326007634401321,
            9.341218948364258,
            70.65779876708984,
            0.49963369965553284,
            0.307710736989975,
            18.189136505126953,
            0.28205129504203796,
            0.020251436159014702,
            4.155518054962158,
            0.017094017937779427,
            -0.3049452006816864,
            9.696208953857422,
            0.5616605877876282,
            0.2939065992832184,
            13.390002250671387,
            -0.48351648449897766,
            0.5020154118537903,
            16.160348892211914,
            -0.8351648449897766,
            0.5604730844497681,
            5.5966572761535645,
            -0.3223443329334259,
            0.09890701621770859,
            5.5966572761535645,
            0.005372405517846346,
            0.0,
            0.0,
            0.0,
            1.0,
            0.0,
            0.0,
            0.0
        ],
        "mean": [
            -0.15662144124507904,
            -0.15698622167110443,
            0.13955554366111755,
            0.238469198346138,
            -0.6648828983306885,
            -0.4982174336910248,
            -0.6679836511611938,
            -1.2051002979278564,
            1.0624181032180786,
            0.08263781666755676,
            -0.13390007615089417,
            -0.031941451132297516,
            1.777194857597351,
            -1.1368216276168823,
            0.09213677048683167,
            0.0022528835106641054,
            0.8150133490562439,
            0.030810749158263206,
            0.019592082127928734,
            -0.6510312557220459,
            -0.07699146121740341,
            -0.32637470960617065,
            -0.5540691018104553,
            0.4429303705692291,
            0.27060818672180176,
            -0.1569862961769104,
            -0.5611713528633118,
            0.4987178146839142,
            -0.9142138957977295,
            -0.9390478730201721,
            0.5575604438781738,
            -0.010493762791156769,
            -0.35330286622047424,
            0.08962078392505646,
            0.6750965714454651,
            -0.02075093984603882,
            0.0,
            0.0,
            0.0,
            1.0,
            0.0,
            0.0,
            0.0
        ],