{
    "action": {
        "min": [
            0.0,
            0.0,
            0.0,
            0.0,
            0.0,
            0.0,
            0.0,
            0.0,
            -10.0,
            0.0,
            0.0,
            0.0
        ],
        "max": [
            0.0,
            0.0,
            0.0,
            0.0,
            0.0,
            0.0,
            0.0,
            0.0,
            9.999210357666016,
            0.0,
            0.0,
            0.0
        ],
        "mean": [
            0.0,
            0.0,
            0.0,
            0.0,
            0.0,
            0.0,
            0.0,
            0.0,
            0.8925601243972778,
            0.0,
            0.0,
            0.0
        ],
        "std": [
            0.0,
            0.0,
            0.0,
            0.0,
            0.0,
            0.0,
            0.0,
            0.0,
            6.857784748077393,
            0.0,
            0.0,
            0.0
        ],
        "count": [
            200
        ],
        "q01": [
            3.9995784462121265e-16,
            3.9995784462121265e-16,
            3.9995784462121265e-16,
            3.9995784462121265e-16,
            3.9995784462121265e-16,
            3.9995784462121265e-16,
            3.9995784462121265e-16,
            3.9995784462121265e-16,
            -9.994000434875488,
            3.9995784462121265e-16,
            3.9995784462121265e-16,
            3.9995784462121265e-16
        ],
        "q10": [
            3.999578446212126e-15,
            3.999578446212126e-15,
            3.999578446212126e-15,
            3.999578446212126e-15,
            3.999578446212126e-15,
            3.999578446212126e-15,
            3.999578446212126e-15,
            3.999578446212126e-15,
            -9.298027992248535,
            3.999578446212126e-15,
            3.999578446212126e-15,
            3.999578446212126e-15
        ],
        "q50": [
            1.9997892231060632e-14,
            1.9997892231060632e-14,
            1.9997892231060632e-14,
            1.9997892231060632e-14,
            1.9997892231060632e-14,
            1.9997892231060632e-14,
            1.9997892231060632e-14,
            1.9997892231060632e-14,
            1.997525691986084,
            1.9997892231060632e-14,
            1.9997892231060632e-14,
            1.9997892231060632e-14
        ],
        "q90": [
            3.599620601590914e-14,
            3.599620601590914e-14,
            3.599620601590914e-14,
            3.599620601590914e-14,
            3.599620601590914e-14,
            3.599620601590914e-14,
            3.599620601590914e-14,
            3.599620601590914e-14,
            9.347234725952148,
            3.599620601590914e-14,
            3.599620601590914e-14,
            3.599620601590914e-14
        ],
        "q99": [
            3.959582661750005e-14,
            3.959582661750005e-14,
            3.959582661750005e-14,
            3.959582661750005e-14,
            3.959582661750005e-14,
            3.959582661750005e-14,
            3.959582661750005e-14,
            3.959582661750005e-14,
            9.991209030151367,
            3.959582661750005e-14,
            3.959582661750005e-14,
            3.959582661750005e-14
        ]
    },
    "observation.state": {
        "min": [
            -0.174534410238266,
            -6.925863265991211,
            0.05811965838074684,
            0.23857957124710083,
            -10.619657516479492,
            -0.6593406796455383,
            -0.6899623274803162,
            -18.930692672729492,
            0.8058608174324036,
            0.1068149283528328,
            -18.930692672729492,
            -0.190476194024086,
            -0.12088635563850403,
            -4.197493076324463,
            0.048351649194955826,
            0.06593801081180573,
            -4.197493076324463,
            -0.03223443403840065,
            -0.06766591221094131,
            -6.925863265991211,
            -0.23589743673801422,
            -0.28296586871147156,
            -12.466554641723633,
            -0.004884005058556795,
            -8.30001449584961,
            -81.72518920898438,
            -3.0915751457214355,
            0.48003605008125305,
            -19.854141235351562,
            -1.0402930974960327,
            0.49453508853912354,
            -4.897075176239014,
            -0.3599511682987213,
            0.010989668779075146,
            -4.197493076324463,
            -0.013431013561785221,
            0.0,
            0.0,
            0.0,
            1.0,
            0.0,
            0.0,
            0.0
        ],
        "max": [
            -0.15255507826805115,
            6.002415180206299,
            0.20854701101779938,
            0.2605589032173157,
            8.772760391235352,
            -0.27838829159736633,
            -0.6460036039352417,
            20.777589797973633,
            1.216117262840271,
            0.12879426777362823,
            19.854141235351562,
            0.04395604506134987,
            -0.08791735023260117,
            4.897075176239014,
            0.09670329838991165,
            0.08791735023260117,
            6.995821475982666,
            0.013431013561785221,
            0.06421010941267014,
            5.0789666175842285,
            0.10598290711641312,
            -0.1950485110282898,
            9.696208953857422,
            0.4932844936847687,
            10.074711799621582,
            83.57208251953125,
            1.6263736486434937,
            0.5239947438240051,
            14.313450813293457,
            -0.8351648449897766,
            0.5384937524795532,
            5.5966572761535645,
            -0.29816851019859314,
            0.04395867511630058,
            5.5966572761535645,
            0.056410256773233414,
            0.0,
            0.0,
            0.0,
            1.0,
            0.0,
            0.0,
            0.0
        ],
        "mean": [
            -0.15662148594856262,
            -0.3001207709312439,
            0.13664954900741577,
            0.24176618456840515,
            -0.5725381374359131,
            -0.5177532434463501,
            -0.6690825819969177,
            0.24009668827056885,
            1.0717952251434326,
            0.10835372656583786,
            0.8588070869445801,
            -0.08293045312166214,
            -0.10714950412511826,
            0.111933134496212,
            0.0668058693408966,
            0.07538927346467972,
            0.9724187254905701,
            -0.013242997229099274,
            -0.011179013177752495,
            -0.5171312093734741,
            -0.04133334010839462,
            -0.24109525978565216,
            -0.8403383493423462,
            0.3089621067047119,
            1.0768096446990967,
            6.3579421043396,
            -0.9849086999893188,
            0.5024541616439819,
            -0.5171310901641846,
            -0.9501827955245972,
            0.5120635032653809,
            -0.16090381145477295,
            -0.3249499201774597,
            0.030276531353592873,
            0.5106949806213379,
            0.014989025890827179,
            0.0,
            0.0,
            0.0,
            1.0,
            0.0,
            0.0,
            0.0
        ],