{
    "action": {
        "min": [
            0.0,
            0.0,
            0.0,
            0.0,
            0.0,
            0.0,
            0.0,
            0.0,
            0.0,
            0.0,
            -9.999802589416504,
            0.0
        ],
        "max": [
            0.0,
            0.0,
            0.0,
            0.0,
            0.0,
            0.0,
            0.0,
            0.0,
            0.0,
            0.0,
            9.998223304748535,
            0.0
        ],
        "mean": [
            0.0,
            0.0,
            0.0,
            0.0,
            0.0,
            0.0,
            0.0,
            0.0,
            0.0,
            0.0,
            0.6395046710968018,
            0.0
        ],
        "std": [
            0.0,
            0.0,
            0.0,
            0.0,
            0.0,
            0.0,
            0.0,
            0.0,
            0.0,
            0.0,
            6.977660179138184,
            0.0
        ],
        "count": [
            200
        ],
        "q01": [
            3.9995784462121265e-16,
            3.9995784462121265e-16,
            3.9995784462121265e-16,
            3.9995784462121265e-16,
            3.9995784462121265e-16,
            3.9995784462121265e-16,
            3.9995784462121265e-16,
            3.9995784462121265e-16,
            3.9995784462121265e-16,
            3.9995784462121265e-16,
            -9.999802589416504,
            3.9995784462121265e-16
        ],
        "q10": [
            3.999578446212126e-15,
            3.999578446212126e-15,
            3.999578446212126e-15,
            3.999578446212126e-15,
            3.999578446212126e-15,
            3.999578446212126e-15,
            3.999578446212126e-15,
            3.999578446212126e-15,
            3.999578446212126e-15,
            3.999578446212126e-15,
            -9.38386344909668,
            3.999578446212126e-15
        ],
        "q50": [
            1.9997892231060632e-14,
            1.9997892231060632e-14,
            1.9997892231060632e-14,
            1.9997892231060632e-14,
            1.9997892231060632e-14,
            1.9997892231060632e-14,
            1.9997892231060632e-14,
            1.9997892231060632e-14,
            1.9997892231060632e-14,
            1.9997892231060632e-14,
            1.0671052932739258,
            1.9997892231060632e-14
        ],
        "q90": [
            3.599620601590914e-14,
            3.599620601590914e-14,
            3.599620601590914e-14,
            3.599620601590914e-14,
            3.599620601590914e-14,
            3.599620601590914e-14,
            3.599620601590914e-14,
            3.599620601590914e-14,
            3.599620601590914e-14,
            3.599620601590914e-14,
            9.53027057647705,
            3.599620601590914e-14
        ],
        "q99": [
            3.959582661750005e-14,
            3.959582661750005e-14,
            3.959582661750005e-14,
            3.959582661750005e-14,
            3.959582661750005e-14,
            3.959582661750005e-14,
            3.959582661750005e-14,
            3.959582661750005e-14,
            3.959582661750005e-14,
            3.959582661750005e-14,
            9.995556831359863,
            3.959582661750005e-14
        ]
    },
    "observation.state": {
        "min": [
            -0.174534410238266,
            -8.772760391235352,
            0.0923076942563057,
            0.23857957124710083,
            -8.772760391235352,
            -0.6495726704597473,
            -0.6899623274803162,
            -21.701038360595703,
            0.8644688725471497,
            0.06285625696182251,
            -19.854141235351562,
            -0.1318681389093399,
            -0.08791735023260117,
            -4.897075176239014,
            0.021489622071385384,
            -0.1098966896533966,
            -2.7983286380767822,
            0.053724054247140884,
            -0.0017279012827202678,
            -6.925863265991211,
            -0.14700855314731598,
            -0.32692453265190125,
            -10.619657516479492,
            0.28815630078315735,
            0.22796858847141266,
            -24.471384048461914,
            -0.6593406796455383,
            0.48003605008125305,
            -15.236899375915527,
            -1.0402930974960327,
            -9.143404960632324,
            -162.30307006835938,
            -0.5399267673492432,
            -0.04395867511630058,
            -8.394986152648926,
            -0.083272285759449,
            0.0,
            0.0,
            0.0,
            1.0,
            0.0,
            0.0,
            0.0
        ],
        "max": [
            -0.15255507826805115,
            5.0789666175842285,
            0.2222222238779068,
            0.2605589032173157,
            9.696208953857422,
            -0.3663003742694855,
            -0.6679829359054565,
            14.313450813293457,
            1.216117262840271,
            0.08483558893203735,
            18.007244110107422,
            0.07326007634401321,
            -0.06593801081180573,
            4.897075176239014,
            0.10476190596818924,
            -0.08791735023260117,
            5.5966572761535645,
            0.15311355888843536,
            0.04223077371716499,
            5.0789666175842285,
            -0.017094017937779427,
            -0.3049452006816864,
            8.772760391235352,
            0.5909646153450012,
            0.2939065992832184,
            18.930692672729492,
            -0.3956044018268585,
            0.5020154118537903,
            17.083797454833984,
            -0.8351648449897766,
            9.264290809631348,
            154.607666015625,
            0.41098901629447937,
            0.13187602162361145,
            6.995821475982666,
            0.053724054247140884,
            0.0,
            0.0,
            0.0,
            1.0,
            0.0,
            0.0,
            0.0
        ],
        "mean": [
            -0.16925926506519318,
            -0.5586864352226257,
            0.15179485082626343,
            0.2552838623523712,
            -0.7018208503723145,
            -0.5193163156509399,
            -0.6767752170562744,
            -0.28626900911331177,
            1.082198143005371,
            0.06956010311841965,
            0.12004832923412323,
            -0.01904761977493763,
            -0.08126869052648544,
            -0.031481217592954636,
            0.05064835399389267,
            -0.10324814915657043,
            0.7940257787704468,
            0.09916117042303085,
            0.020471256226301193,
            -0.43402087688446045,
            -0.08765809237957001,
            -0.32197895646095276,
            -0.4617244005203247,
            0.4465932846069336,
            0.2628054916858673,
            -1.0527311563491821,
            -0.5498892068862915,
            0.4909151792526245,
            -0.4571070969104767,
            -0.9296702742576599,
            0.9179120659828186,
            0.2763364017009735,
            -0.1122698113322258,
            0.047530338168144226,
            0.7590465545654297,
            0.0042307693511247635,
            0.0,
            0.0,
            0.0,
            1.0,
            0.0,
            0.0,
            0.0
        ],