{
    "action": {
        "min": [
            0.0,
            0.0,
            0.0,
            0.0,
            0.0,
            0.0,
            0.0,
            0.0,
            0.0,
            0.0,
            -9.996841430664062,
            0.0
        ],
        "max": [
            0.0,
            0.0,
            0.0,
            0.0,
            0.0,
            0.0,
            0.0,
            0.0,
            0.0,
            0.0,
            10.0,
            0.0
        ],
        "mean": [
            0.0,
            0.0,
            0.0,
            0.0,
            0.0,
            0.0,
            0.0,
            0.0,
            0.0,
            0.0,
            0.8136031627655029,
            0.0
        ],
        "std": [
            0.0,
            0.0,
            0.0,
            0.0,
            0.0,
            0.0,
            0.0,
            0.0,
            0.0,
            0.0,
            6.9429826736450195,
            0.0
        ],
        "count": [
            200
        ],
        "q01": [
            3.9995784462121265e-16,
            3.9995784462121265e-16,
            3.9995784462121265e-16,
            3.9995784462121265e-16,
            3.9995784462121265e-16,
            3.9995784462121265e-16,
            3.9995784462121265e-16,
            3.9995784462121265e-16,
            3.9995784462121265e-16,
            3.9995784462121265e-16,
            -9.996841430664062,
            3.9995784462121265e-16
        ],
        "q10": [
            3.999578446212126e-15,
            3.999578446212126e-15,
            3.999578446212126e-15,
            3.999578446212126e-15,
            3.999578446212126e-15,
            3.999578446212126e-15,
            3.999578446212126e-15,
            3.999578446212126e-15,
            3.999578446212126e-15,
            3.999578446212126e-15,
            -9.34094524383545,
            3.999578446212126e-15
        ],
        "q50": [
            1.9997892231060632e-14,
            1.9997892231060632e-14,
            1.9997892231060632e-14,
            1.9997892231060632e-14,
            1.9997892231060632e-14,
            1.9997892231060632e-14,
            1.9997892231060632e-14,
            1.9997892231060632e-14,
            1.9997892231060632e-14,
            1.9997892231060632e-14,
            1.5053415298461914,
            1.9997892231060632e-14
        ],
        "q90": [
            3.599620601590914e-14,
            3.599620601590914e-14,
            3.599620601590914e-14,
            3.599620601590914e-14,
            3.599620601590914e-14,
            3.599620601590914e-14,
            3.599620601590914e-14,
            3.599620601590914e-14,
            3.599620601590914e-14,
            3.599620601590914e-14,
            9.588064193725586,
            3.599620601590914e-14
        ],
        "q99": [
            3.959582661750005e-14,
            3.959582661750005e-14,
            3.959582661750005e-14,
            3.959582661750005e-14,
            3.959582661750005e-14,
            3.959582661750005e-14,
            3.959582661750005e-14,
            3.959582661750005e-14,
            3.959582661750005e-14,
            3.959582661750005e-14,
            9.98800277709961,
            3.959582661750005e-14
        ]
    },
    "observation.state": {
        "min": [
            -0.174534410238266,
            -8.772760391235352,
            0.07179487496614456,
            0.23857957124710083,
            -9.696208953857422,
            -0.6788766980171204,
            -0.6679829359054565,
            -18.930692672729492,
            0.8351648449897766,
            0.06285625696182251,
            -13.390002250671387,
            -0.10256410390138626,
            -0.07692768424749374,
            -4.197493076324463,
            0.018803419545292854,
            -0.12088635563850403,
            -4.197493076324463,
            0.08595848828554153,
            0.020251436159014702,
            -6.925863265991211,
            -0.18119658529758453,
            -0.32692453265190125,
            -9.696208953857422,
            0.2588522732257843,
            0.2499479353427887,
            -18.007244110107422,
            -0.6593406796455383,
            0.48003605008125305,
            -22.624486923217773,
            -1.0402930974960327,
            -9.154394149780273,
            -123.12646484375,
            -0.5211233496665955,
            -0.010989668779075146,
            -9.094568252563477,
            -0.08864469081163406,
            0.0,
            0.0,
            0.0,
            1.0,
            0.0,
            0.0,
            0.0
        ],
        "max": [
            -0.15255507826805115,
            5.0789666175842285,
            0.23589743673801422,
            0.2605589032173157,
            6.925863265991211,
            -0.3076923191547394,
            -0.6679829359054565,
            16.160348892211914,
            1.186813235282898,
            0.08483558893203735,
            18.930692672729492,
            0.07326007634401321,
            -0.0549483448266983,
            4.897075176239014,
            0.0644688680768013,
            -0.09890701621770859,
            6.296239376068115,
            0.12356532365083694,
            0.04223077371716499,
            6.925863265991211,
            -0.017094017937779427,
            -0.3049452006816864,
            12.466554641723633,
            0.5518925786018372,
            0.2939065992832184,
            20.777589797973633,
            -0.4542124569416046,
            0.5020154118537903,
            14.313450813293457,
            -0.8351648449897766,
            9.440125465393066,
            130.12228393554688,
            0.38949939608573914,
            0.13187602162361145,
            6.995821475982666,
            0.08058608323335648,
            0.0,
            0.0,
            0.0,
            1.0,
            0.0,
            0.0,
            0.0
        ],
        "mean": [
            -0.1721164882183075,
            -0.692586362361908,
            0.1498803198337555,
            0.25550368428230286,
            -0.29550352692604065,
            -0.5219535231590271,
            -0.6679836511611938,
            0.4294036626815796,
            1.0739928483963013,
            0.06318607181310654,
            0.5217483639717102,
            -0.01230769231915474,
            -0.06324559450149536,
            0.010493741370737553,
            0.0406288281083107,
            -0.1052263006567955,
            0.6960842609405518,
            0.1036471351981163,
            0.022009799256920815,
            -0.6925865411758423,
            -0.09459830075502396,
            -0.3130779266357422,
            -0.38784828782081604,
            0.4284737706184387,
            0.2708280086517334,
            -0.5817726254463196,
            -0.5599991679191589,
            0.4973989725112915,
            -0.8726588487625122,
            -0.9346520304679871,
            1.0389081239700317,
            0.5456744432449341,
            -0.12075825035572052,
            0.045332398265600204,
            0.6646029949188232,
            0.00616483436897397,
            0.0,
            0.0,
            0.0,
            1.0,
            0.0,
            0.0,
            0.0
        ],