{
    "action": {
        "min": [
            0.0,
            0.0,
            0.0,
            -5.0,
            0.0,
            0.0,
            0.0,
            0.0,
            0.0,
            0.0,
            0.0,
            0.0
        ],
        "max": [
            0.0,
            0.0,
            0.0,
            5.0,
            0.0,
            0.0,
            0.0,
            0.0,
            0.0,
            0.0,
            0.0,
            0.0
        ],
        "mean": [
            0.0,
            0.0,
            0.0,
            -0.02500000037252903,
            0.0,
            0.0,
            0.0,
            0.0,
            0.0,
            0.0,
            0.0,
            0.0
        ],
        "std": [
            0.0,
            0.0,
            0.0,
            4.077300071716309,
            0.0,
            0.0,
            0.0,
            0.0,
            0.0,
            0.0,
            0.0,
            0.0
        ],
        "count": [
            200
        ],
        "q01": [
            3.9995784462121265e-16,
            3.9995784462121265e-16,
            3.9995784462121265e-16,
            -5.0,
            3.9995784462121265e-16,
            3.9995784462121265e-16,
            3.9995784462121265e-16,
            3.9995784462121265e-16,
            3.9995784462121265e-16,
            3.9995784462121265e-16,
            3.9995784462121265e-16,
            3.9995784462121265e-16
        ],
        "q10": [
            3.999578446212126e-15,
            3.999578446212126e-15,
            3.999578446212126e-15,
            -5.0,
            3.999578446212126e-15,
            3.999578446212126e-15,
            3.999578446212126e-15,
            3.999578446212126e-15,
            3.999578446212126e-15,
            3.999578446212126e-15,
            3.999578446212126e-15,
            3.999578446212126e-15
        ],
        "q50": [
            1.9997892231060632e-14,
            1.9997892231060632e-14,
            1.9997892231060632e-14,
            0.0009852380894902926,
            1.9997892231060632e-14,
            1.9997892231060632e-14,
            1.9997892231060632e-14,
            1.9997892231060632e-14,
            1.9997892231060632e-14,
            1.9997892231060632e-14,
            1.9997892231060632e-14,
            1.9997892231060632e-14
        ],
        "q90": [
            3.599620601590914e-14,
            3.599620601590914e-14,
            3.599620601590914e-14,
            4.999393983320757,
            3.599620601590914e-14,
            3.599620601590914e-14,
            3.599620601590914e-14,
            3.599620601590914e-14,
            3.599620601590914e-14,
            3.599620601590914e-14,
            3.599620601590914e-14,
            3.599620601590914e-14
        ],
        "q99": [
            3.959582661750005e-14,
            3.959582661750005e-14,
            3.959582661750005e-14,
            4.999939398332075,
            3.959582661750005e-14,
            3.959582661750005e-14,
            3.959582661750005e-14,
            3.959582661750005e-14,
            3.959582661750005e-14,
            3.959582661750005e-14,
            3.959582661750005e-14,
            3.959582661750005e-14
        ]
    },
    "observation.state": {
        "min": [
            -0.24047242105007172,
            -9.696208953857422,
            -0.05811965838074684,
            0.19462089240550995,
            -9.696208953857422,
            -0.7179487347602844,
            -0.8657969832420349,
            -28.165178298950195,
            0.7179487347602844,
            -4.354990482330322,
            -113.1224365234375,
            -3.1208791732788086,
            -0.08791735023260117,
            -5.5966572761535645,
            0.021489622071385384,
            -0.1098966896533966,
            -2.7983286380767822,
            0.05909645929932594,
            -0.02370723895728588,
            -5.0789666175842285,
            -0.11965811997652054,
            -0.32692453265190125,
            -10.619657516479492,
            0.3076923191547394,
            0.20598925650119781,
            -14.313450813293457,
            -0.6593406796455383,
            0.5020154118537903,
            -16.160348892211914,
            -1.0402930974960327,
            0.6593801379203796,
            -4.897075176239014,
            -0.46471306681632996,
            0.0,
            -4.197493076324463,
            -0.008058608509600163,
            0.0,
            0.0,
            0.0,
            1.0,
            0.0,
            0.0,
            0.0
        ],
        "max": [
            -0.08661706745624542,
            6.925863265991211,
            0.31794872879981995,
            0.2825382351875305,
            7.849311828613281,
            -0.29792430996894836,
            -0.36027222871780396,
            24.471384048461914,
            1.3626374006271362,
            4.744455337524414,
            235.01763916015625,
            2.681318759918213,
            -0.06593801081180573,
            4.897075176239014,
            0.09938950091600418,
            -0.08791735023260117,
            5.5966572761535645,
            0.15311355888843536,
            0.020251436159014702,
            5.0789666175842285,
            0.023931624367833138,
            -0.3049452006816864,
            8.772760391235352,
            0.6105006337165833,
            0.27192726731300354,
            17.083797454833984,
            -0.4542124569416046,
            0.5239947438240051,
            16.160348892211914,
            -0.8351648449897766,
            0.6923491358757019,
            5.5966572761535645,
            -0.3948718011379242,
            0.03296900540590286,
            6.296239376068115,
            0.051037851721048355,
            0.0,
            0.0,
            0.0,
            1.0,
            0.0,
            0.0,
            0.0
        ],
        "mean": [
            -0.16420413553714752,
            -0.5910070538520813,
            0.14642733335494995,
            0.25110769271850586,
            -0.24471385776996613,
            -0.5145785808563232,
            -0.6577620506286621,
            -0.07849322259426117,
            1.048351764678955,
            -0.02264346554875374,
            4.063171863555908,
            -0.22637346386909485,
            -0.07280664145946503,
            -0.14691223204135895,
            0.04831136390566826,
            -0.09467611461877823,
            0.923448383808136,
            0.09588401764631271,
            -0.002167490078136325,
            -0.7572278380393982,
            -0.04813676327466965,
            -0.3259351849555969,
            -0.5309829115867615,
            0.444004625082016,
            0.25807997584342957,
            -0.37861403822898865,
            -0.5431492924690247,
            0.5024542808532715,
            0.2631828188896179,
            -0.947105884552002,
            0.679106593132019,
            0.19938094913959503,
            -0.4281134307384491,
            0.021265005692839622,
            0.5981429219245911,
            0.020643487572669983,
            0.0,
            0.0,
            0.0,
            1.0,
            0.0,
            0.0,
            0.0
        ],