{
    "action": {
        "min": [
            0.0,
            0.0,
            0.0,
            0.0,
            -10.0,
            0.0,
            0.0,
            0.0,
            0.0,
            0.0,
            0.0,
            0.0
        ],
        "max": [
            0.0,
            0.0,
            0.0,
            0.0,
            9.999210357666016,
            0.0,
            0.0,
            0.0,
            0.0,
            0.0,
            0.0,
            0.0
        ],
        "mean": [
            0.0,
            0.0,
            0.0,
            0.0,
            0.8925601243972778,
            0.0,
            0.0,
            0.0,
            0.0,
            0.0,
            0.0,
            0.0
        ],
        "std": [
            0.0,
            0.0,
            0.0,
            0.0,
            6.857784748077393,
            0.0,
            0.0,
            0.0,
            0.0,
            0.0,
            0.0,
            0.0
        ],
        "count": [
            200
        ],
        "q01": [
            3.9995784462121265e-16,
            3.9995784462121265e-16,
            3.9995784462121265e-16,
            3.9995784462121265e-16,
            -9.994000434875488,
            3.9995784462121265e-16,
            3.9995784462121265e-16,
            3.9995784462121265e-16,
            3.9995784462121265e-16,
            3.9995784462121265e-16,
            3.9995784462121265e-16,
            3.9995784462121265e-16
        ],
        "q10": [
            3.999578446212126e-15,
            3.999578446212126e-15,
            3.999578446212126e-15,
            3.999578446212126e-15,
            -9.298027992248535,
            3.999578446212126e-15,
            3.999578446212126e-15,
            3.999578446212126e-15,
            3.999578446212126e-15,
            3.999578446212126e-15,
            3.999578446212126e-15,
            3.999578446212126e-15
        ],
        "q50": [
            1.9997892231060632e-14,
            1.9997892231060632e-14,
            1.9997892231060632e-14,
            1.9997892231060632e-14,
            1.997525691986084,
            1.9997892231060632e-14,
            1.9997892231060632e-14,
            1.9997892231060632e-14,
            1.9997892231060632e-14,
            1.9997892231060632e-14,
            1.9997892231060632e-14,
            1.9997892231060632e-14
        ],
        "q90": [
            3.599620601590914e-14,
            3.599620601590914e-14,
            3.599620601590914e-14,
            3.599620601590914e-14,
            9.347234725952148,
            3.599620601590914e-14,
            3.599620601590914e-14,
            3.599620601590914e-14,
            3.599620601590914e-14,
            3.599620601590914e-14,
            3.599620601590914e-14,
            3.599620601590914e-14
        ],
        "q99": [
            3.959582661750005e-14,
            3.959582661750005e-14,
            3.959582661750005e-14,
            3.959582661750005e-14,
            9.991209030151367,
            3.959582661750005e-14,
            3.959582661750005e-14,
            3.959582661750005e-14,
            3.959582661750005e-14,
            3.959582661750005e-14,
            3.959582661750005e-14,
            3.959582661750005e-14
        ]
    },
    "observation.state": {
        "min": [
            -0.19651375710964203,
            -6.002415180206299,
            0.07863248139619827,
            0.23857957124710083,
            -8.772760391235352,
            -0.6886447072029114,
            -0.7339209914207458,
            -22.624486923217773,
            0.8644688725471497,
            0.1068149283528328,
            -16.160348892211914,
            -0.190476194024086,
            -9.780805587768555,
            -62.96239471435547,
            -0.3035409152507782,
            -0.4176074266433716,
            -11.193314552307129,
            -0.2686202824115753,
            -0.02370723895728588,
            -6.002415180206299,
            -0.11282051354646683,
            -0.3489038646221161,
            -10.619657516479492,
            0.3076923191547394,
            0.2499479353427887,
            -16.160348892211914,
            -0.6593406796455383,
            0.48003605008125305,
            -15.236899375915527,
            -1.0402930974960327,
            0.49453508853912354,
            -4.197493076324463,
            -0.36263737082481384,
            -0.06593801081180573,
            -4.897075176239014,
            -0.005372405517846346,
            0.0,
            0.0,
            0.0,
            1.0,
            0.0,
            0.0,
            0.0
        ],
        "max": [
            -0.1305757462978363,
            7.849311828613281,
            0.20170940458774567,
            0.2605589032173157,
            10.619657516479492,
            -0.3369963467121124,
            -0.5580862760543823,
            17.083797454833984,
            1.245421290397644,
            0.12879426777362823,
            18.007244110107422,
            0.04395604506134987,
            9.352208137512207,
            57.36573791503906,
            0.4888888895511627,
            0.3187004029750824,
            17.489553451538086,
            0.26324787735939026,
            -0.0017279012827202678,
            5.0789666175842285,
            0.07179487496614456,
            -0.3049452006816864,
            11.543106079101562,
            0.6105006337165833,
            0.27192726731300354,
            25.394832611083984,
            -0.4542124569416046,
            0.5020154118537903,
            23.547935485839844,
            -0.8644688725471497,
            0.5165144205093384,
            4.897075176239014,
            -0.24444444477558136,
            -0.03296900540590286,
            4.897075176239014,
            0.10476190596818924,
            0.0,
            0.0,
            0.0,
            1.0,
            0.0,
            0.0,
            0.0
        ],
        "mean": [
            -0.15629178285598755,
            -0.4294036030769348,
            0.13873501121997833,
            0.2458324432373047,
            -0.3878483474254608,
            -0.5201953053474426,
            -0.666994571685791,
            -0.309355229139328,
            1.0606595277786255,
            0.11077141016721725,
            0.503279447555542,
            -0.08776560425758362,
            0.4420589804649353,
            3.833709716796875,
            0.11474117636680603,
            0.0285181887447834,
            1.0353814363479614,
            0.014411474578082561,
            -0.0227181538939476,
            -0.48942774534225464,
            -0.03350430354475975,
            -0.3282429873943329,
            -0.5679209232330322,
            0.4601220190525055,
            0.26764094829559326,
            0.1061965823173523,
            -0.5538453459739685,
            0.5008057951927185,
            0.10619671642780304,
            -0.9416847229003906,
            0.5048103928565979,
            0.010493738576769829,
            -0.3201683759689331,
            -0.05170643329620361,
            0.4512307643890381,
            0.06468378752470016,
            0.0,
            0.0,
            0.0,
            1.0,
            0.0,
            0.0,
            0.0
        ],