{
    "action": {
        "min": [
            0.0,
            0.0,
            0.0,
            0.0,
            0.0,
            0.0,
            -9.999210357666016,
            0.0,
            0.0,
            0.0,
            0.0,
            0.0
        ],
        "max": [
            0.0,
            0.0,
            0.0,
            0.0,
            0.0,
            0.0,
            9.999210357666016,
            0.0,
            0.0,
            0.0,
            0.0,
            0.0
        ],
        "mean": [
            0.0,
            0.0,
            0.0,
            0.0,
            0.0,
            0.0,
            1.1843785047531128,
            0.0,
            0.0,
            0.0,
            0.0,
            0.0
        ],
        "std": [
            0.0,
            0.0,
            0.0,
            0.0,
            0.0,
            0.0,
            7.0770487785339355,
            0.0,
            0.0,
            0.0,
            0.0,
            0.0
        ],
        "count": [
            200
        ],
        "q01": [
            3.9995784462121265e-16,
            3.9995784462121265e-16,
            3.9995784462121265e-16,
            3.9995784462121265e-16,
            3.9995784462121265e-16,
            3.9995784462121265e-16,
            -9.993210792541504,
            3.9995784462121265e-16,
            3.9995784462121265e-16,
            3.9995784462121265e-16,
            3.9995784462121265e-16,
            3.9995784462121265e-16
        ],
        "q10": [
            3.999578446212126e-15,
            3.999578446212126e-15,
            3.999578446212126e-15,
            3.999578446212126e-15,
            3.999578446212126e-15,
            3.999578446212126e-15,
            -9.34326171875,
            3.999578446212126e-15,
            3.999578446212126e-15,
            3.999578446212126e-15,
            3.999578446212126e-15,
            3.999578446212126e-15
        ],
        "q50": [
            1.9997892231060632e-14,
            1.9997892231060632e-14,
            1.9997892231060632e-14,
            1.9997892231060632e-14,
            1.9997892231060632e-14,
            1.9997892231060632e-14,
            2.2438220977783203,
            1.9997892231060632e-14,
            1.9997892231060632e-14,
            1.9997892231060632e-14,
            1.9997892231060632e-14,
            1.9997892231060632e-14
        ],
        "q90": [
            3.599620601590914e-14,
            3.599620601590914e-14,
            3.599620601590914e-14,
            3.599620601590914e-14,
            3.599620601590914e-14,
            3.599620601590914e-14,
            9.655237197875977,
            3.599620601590914e-14,
            3.599620601590914e-14,
            3.599620601590914e-14,
            3.599620601590914e-14,
            3.599620601590914e-14
        ],
        "q99": [
            3.959582661750005e-14,
            3.959582661750005e-14,
            3.959582661750005e-14,
            3.959582661750005e-14,
            3.959582661750005e-14,
            3.959582661750005e-14,
            9.995210647583008,
            3.959582661750005e-14,
            3.959582661750005e-14,
            3.959582661750005e-14,
            3.959582661750005e-14,
            3.959582661750005e-14
        ]
    },
    "observation.state": {
        "min": [
            -0.174534410238266,
            -6.925863265991211,
            0.07179487496614456,
            0.23857957124710083,
            -8.772760391235352,
            -0.6593406796455383,
            -0.6899623274803162,
            -20.777589797973633,
            0.8644688725471497,
            0.1068149283528328,
            -19.854141235351562,
            -0.190476194024086,
            -0.13187602162361145,
            -5.5966572761535645,
            0.05909645929932594,
            0.06593801081180573,
            -4.897075176239014,
            -0.03223443403840065,
            -9.474822044372559,
            -74.33760070800781,
            -0.3384615480899811,
            -0.3489038646221161,
            -9.696208953857422,
            0.21001221239566803,
            0.20598925650119781,
            -20.777589797973633,
            -0.6300366520881653,
            0.48003605008125305,
            -18.930692672729492,
            -1.0402930974960327,
            0.5714628100395203,
            -4.197493076324463,
            -0.4056166112422943,
            0.1098966896533966,
            -4.897075176239014,
            -0.083272285759449,
            0.0,
            0.0,
            0.0,
            1.0,
            0.0,
            0.0,
            0.0
        ],
        "max": [
            -0.1305757462978363,
            5.0789666175842285,
            0.2153846174478531,
            0.2605589032173157,
            12.466554641723633,
            -0.3858363926410675,
            -0.6679829359054565,
            15.236899375915527,
            1.186813235282898,
            0.12879426777362823,
            19.854141235351562,
            0.014652014710009098,
            -0.1098966896533966,
            6.296239376068115,
            0.09938950091600418,
            0.08791735023260117,
            5.5966572761535645,
            0.008058608509600163,
            9.2955322265625,
            79.87828826904297,
            0.7350427508354187,
            -0.28296586871147156,
            9.696208953857422,
            0.5811966061592102,
            0.3158859610557556,
            16.160348892211914,
            -0.4542124569416046,
            0.5020154118537903,
            16.160348892211914,
            -0.8351648449897766,
            0.6044318079948425,
            4.897075176239014,
            -0.34652015566825867,
            0.14286570250988007,
            6.296239376068115,
            -0.008058608509600163,
            0.0,
            0.0,
            0.0,
            1.0,
            0.0,
            0.0,
            0.0
        ],
        "mean": [
            -0.1556323766708374,
            -0.4155517518520355,
            0.13435903191566467,
            0.2573719322681427,
            0.03693793714046478,
            -0.5333333611488342,
            -0.6686429381370544,
            -1.0758174657821655,
            1.0610992908477783,
            0.10769432783126831,
            0.2216276377439499,
            -0.08351656049489975,
            -0.1245129182934761,
            0.18189136683940887,
            0.07851774245500565,
            0.06989433616399765,
            0.685590922832489,
            -0.010744825936853886,
            0.7357890605926514,
            3.7445831298828125,
            0.11634185165166855,
            -0.3120889663696289,
            -0.3970828354358673,
            0.4261782765388489,
            0.2593986988067627,
            -0.5771550536155701,
            -0.5450541973114014,
            0.49684956669807434,
            -1.8515139818191528,
            -0.9389013051986694,
            0.5898710489273071,
            0.10843522846698761,
            -0.37422820925712585,
            0.12434802949428558,
            0.7940256595611572,
            -0.04310014843940735,
            0.0,
            0.0,
            0.0,
            1.0,
            0.0,
            0.0,
            0.0
        ],