{
    "action": {
        "min": [
            0.0,
            0.0,
            0.0,
            -10.0,
            0.0,
            0.0,
            0.0,
            0.0,
            0.0,
            0.0,
            0.0,
            0.0
        ],
        "max": [
            0.0,
            0.0,
            0.0,
            10.0,
            0.0,
            0.0,
            0.0,
            0.0,
            0.0,
            0.0,
            0.0,
            0.0
        ],
        "mean": [
            0.0,
            0.0,
            0.0,
            -8.791685246478664e-08,
            0.0,
            0.0,
            0.0,
            0.0,
            0.0,
            0.0,
            0.0,
            0.0
        ],
        "std": [
            0.0,
            0.0,
            0.0,
            7.0710673332214355,
            0.0,
            0.0,
            0.0,
            0.0,
            0.0,
            0.0,
            0.0,
            0.0
        ],
        "count": [
            200
        ],
        "q01": [
            3.9995784462121265e-16,
            3.9995784462121265e-16,
            3.9995784462121265e-16,
            -9.99399995803833,
            3.9995784462121265e-16,
            3.9995784462121265e-16,
            3.9995784462121265e-16,
            3.9995784462121265e-16,
            3.9995784462121265e-16,
            3.9995784462121265e-16,
            3.9995784462121265e-16,
            3.9995784462121265e-16
        ],
        "q10": [
            3.999578446212126e-15,
            3.999578446212126e-15,
            3.999578446212126e-15,
            -9.510000228881836,
            3.999578446212126e-15,
            3.999578446212126e-15,
            3.999578446212126e-15,
            3.999578446212126e-15,
            3.999578446212126e-15,
            3.999578446212126e-15,
            3.999578446212126e-15,
            3.999578446212126e-15
        ],
        "q50": [
            1.9997892231060632e-14,
            1.9997892231060632e-14,
            1.9997892231060632e-14,
            0.0020003318786621094,
            1.9997892231060632e-14,
            1.9997892231060632e-14,
            1.9997892231060632e-14,
            1.9997892231060632e-14,
            1.9997892231060632e-14,
            1.9997892231060632e-14,
            1.9997892231060632e-14,
            1.9997892231060632e-14
        ],
        "q90": [
            3.599620601590914e-14,
            3.599620601590914e-14,
            3.599620601590914e-14,
            9.510001182556152,
            3.599620601590914e-14,
            3.599620601590914e-14,
            3.599620601590914e-14,
            3.599620601590914e-14,
            3.599620601590914e-14,
            3.599620601590914e-14,
            3.599620601590914e-14,
            3.599620601590914e-14
        ],
        "q99": [
            3.959582661750005e-14,
            3.959582661750005e-14,
            3.959582661750005e-14,
            9.994000434875488,
            3.959582661750005e-14,
            3.959582661750005e-14,
            3.959582661750005e-14,
            3.959582661750005e-14,
            3.959582661750005e-14,
            3.959582661750005e-14,
            3.959582661750005e-14,
            3.959582661750005e-14
        ]
    },
    "observation.state": {
        "min": [
            -0.21849308907985687,
            -8.772760391235352,
            0.05811965838074684,
            0.23857957124710083,
            -7.849311828613281,
            -0.6398046612739563,
            -0.7339209914207458,
            -17.083797454833984,
            0.7765567898750305,
            -8.81679630279541,
            -161.14175415039062,
            -2.3882784843444824,
            -0.06593801081180573,
            -4.197493076324463,
            0.005372405517846346,
            -0.1098966896533966,
            -3.497910737991333,
            0.07521367818117142,
            -0.0017279012827202678,
            -6.002415180206299,
            -0.13333334028720856,
            -0.3489038646221161,
            -8.772760391235352,
            0.2686202824115753,
            0.2499479353427887,
            -18.930692672729492,
            -0.6593406796455383,
            0.48003605008125305,
            -21.701038360595703,
            -1.0402930974960327,
            0.6044318079948425,
            -6.296239376068115,
            -0.424420028924942,
            -0.0549483448266983,
            -4.197493076324463,
            0.024175824597477913,
            0.0,
            0.0,
            0.0,
            1.0,
            0.0,
            0.0,
            0.0
        ],
        "max": [
            -0.10859639942646027,
            6.925863265991211,
            0.2837606966495514,
            0.2605589032173157,
            11.543106079101562,
            -0.35653236508369446,
            -0.5361069440841675,
            15.236899375915527,
            1.216117262840271,
            9.865640640258789,
            164.83555603027344,
            1.4798535108566284,
            -0.04395867511630058,
            4.897075176239014,
            0.06715507060289383,
            -0.08791735023260117,
            8.394986152648926,
            0.15042735636234283,
            0.020251436159014702,
            5.0789666175842285,
            -0.010256410576403141,
            -0.32692453265190125,
            7.849311828613281,
            0.6202686429023743,
            0.2939065992832184,
            15.236899375915527,
            -0.4542124569416046,
            0.5020154118537903,
            18.007244110107422,
            -0.8351648449897766,
            0.6264111399650574,
            5.5966572761535645,
            -0.3599511682987213,
            -0.03296900540590286,
            6.296239376068115,
            0.08864469081163406,
            0.0,
            0.0,
            0.0,
            1.0,
            0.0,
            0.0,
            0.0
        ],
        "mean": [
            -0.1591489017009735,
            -0.7618451714515686,
            0.13955552875995636,
            0.24165625870227814,
            -0.7664623856544495,
            -0.5038827061653137,
            -0.6633672118186951,
            -1.1404587030410767,
            1.0610991716384888,
            0.5538743734359741,
            -4.367912292480469,
            -0.6288642883300781,
            -0.04610167071223259,
            -0.13641856610774994,
            0.031536031514406204,
            -0.10028097033500671,
            0.6401176452636719,
            0.10067886114120483,
            0.017943628132343292,
            -0.30012065172195435,
            -0.07863250374794006,
            -0.32901227474212646,
            -0.3555276393890381,
            0.4627106189727783,
            0.2687399387359619,
            -0.817251980304718,
            -0.5556036233901978,
            0.4989376962184906,
            -0.09696188569068909,
            -0.932893693447113,
            0.6154225468635559,
            -0.03847702965140343,
            -0.3892979025840759,
            -0.03714507445693016,
            0.9409382343292236,
            0.05873383581638336,
            0.0,
            0.0,
            0.0,
            1.0,
            0.0,
            0.0,
            0.0
        ],