{
    "action": {
        "min": [
            0.0,
            0.0,
            0.0,
            0.0,
            0.0,
            0.0,
            0.0,
            0.0,
            0.0,
            0.0,
            -9.999802589416504,
            0.0
        ],
        "max": [
            0.0,
            0.0,
            0.0,
            0.0,
            0.0,
            0.0,
            0.0,
            0.0,
            0.0,
            0.0,
            9.998223304748535,
            0.0
        ],
        "mean": [
            0.0,
            0.0,
            0.0,
            0.0,
            0.0,
            0.0,
            0.0,
            0.0,
            0.0,
            0.0,
            0.4759037494659424,
            0.0
        ],
        "std": [
            0.0,
            0.0,
            0.0,
            0.0,
            0.0,
            0.0,
            0.0,
            0.0,
            0.0,
            0.0,
            6.963190078735352,
            0.0
        ],
        "count": [
            200
        ],
        "q01": [
            3.9995784462121265e-16,
            3.9995784462121265e-16,
            3.9995784462121265e-16,
            3.9995784462121265e-16,
            3.9995784462121265e-16,
            3.9995784462121265e-16,
            3.9995784462121265e-16,
            3.9995784462121265e-16,
            3.9995784462121265e-16,
            3.9995784462121265e-16,
            -9.999802589416504,
            3.9995784462121265e-16
        ],
        "q10": [
            3.999578446212126e-15,
            3.999578446212126e-15,
            3.999578446212126e-15,
            3.999578446212126e-15,
            3.999578446212126e-15,
            3.999578446212126e-15,
            3.999578446212126e-15,
            3.999578446212126e-15,
            3.999578446212126e-15,
            3.999578446212126e-15,
            -9.42785930633545,
            3.999578446212126e-15
        ],
        "q50": [
            1.9997892231060632e-14,
            1.9997892231060632e-14,
            1.9997892231060632e-14,
            1.9997892231060632e-14,
            1.9997892231060632e-14,
            1.9997892231060632e-14,
            1.9997892231060632e-14,
            1.9997892231060632e-14,
            1.9997892231060632e-14,
            1.9997892231060632e-14,
            1.0071115493774414,
            1.9997892231060632e-14
        ],
        "q90": [
            3.599620601590914e-14,
            3.599620601590914e-14,
            3.599620601590914e-14,
            3.599620601590914e-14,
            3.599620601590914e-14,
            3.599620601590914e-14,
            3.599620601590914e-14,
            3.599620601590914e-14,
            3.599620601590914e-14,
            3.599620601590914e-14,
            9.346287727355957,
            3.599620601590914e-14
        ],
        "q99": [
            3.959582661750005e-14,
            3.959582661750005e-14,
            3.959582661750005e-14,
            3.959582661750005e-14,
            3.959582661750005e-14,
            3.959582661750005e-14,
            3.959582661750005e-14,
            3.959582661750005e-14,
            3.959582661750005e-14,
            3.959582661750005e-14,
            9.994223594665527,
            3.959582661750005e-14
        ]
    },
    "observation.state": {
        "min": [
            -0.174534410238266,
            -6.925863265991211,
            0.07863248139619827,
            0.23857957124710083,
            -9.696208953857422,
            -0.6788766980171204,
            -0.6899623274803162,
            -18.930692672729492,
            0.8644688725471497,
            0.08483558893203735,
            -22.624486923217773,
            -0.1318681389093399,
            -0.12088635563850403,
            -4.897075176239014,
            0.051037851721048355,
            0.04395867511630058,
            -5.5966572761535645,
            -0.018803419545292854,
            -0.02370723895728588,
            -6.002415180206299,
            -0.14700855314731598,
            -0.32692453265190125,
            -8.772760391235352,
            0.190476194024086,
            0.20598925650119781,
            -18.007244110107422,
            -0.6593406796455383,
            0.48003605008125305,
            -15.236899375915527,
            -1.0402930974960327,
            -9.297260284423828,
            -96.5423355102539,
            -0.5721611976623535,
            -0.010989668779075146,
            -7.695404052734375,
            -0.06715507060289383,
            0.0,
            0.0,
            0.0,
            1.0,
            0.0,
            0.0,
            0.0
        ],
        "max": [
            -0.15255507826805115,
            4.155518054962158,
            0.2153846174478531,
            0.2605589032173157,
            8.772760391235352,
            -0.3272283375263214,
            -0.6460036039352417,
            15.236899375915527,
            1.216117262840271,
            0.1068149283528328,
            15.236899375915527,
            0.07326007634401321,
            -0.09890701621770859,
            4.897075176239014,
            0.10207570344209671,
            0.06593801081180573,
            5.5966572761535645,
            0.03760683909058571,
            0.020251436159014702,
            6.002415180206299,
            0.003418803447857499,
            -0.3049452006816864,
            7.849311828613281,
            0.6202686429023743,
            0.3158859610557556,
            18.007244110107422,
            -0.48351648449897766,
            0.5020154118537903,
            17.083797454833984,
            -0.8058608174324036,
            10.187422752380371,
            97.2419204711914,
            0.4405372440814972,
            0.17583470046520233,
            7.695404052734375,
            0.0644688680768013,
            0.0,
            0.0,
            0.0,
            1.0,
            0.0,
            0.0,
            0.0
        ],
        "mean": [
            -0.15673135221004486,
            -0.48481056094169617,
            0.14020514488220215,
            0.24923937022686005,
            -0.2539483308792114,
            -0.521025538444519,
            -0.6677638292312622,
            -0.07849302887916565,
            1.0644694566726685,
            0.08494563400745392,
            0.6925864219665527,
            -0.04380960389971733,
            -0.11055626720190048,
            0.20637673139572144,
            0.07207086682319641,
            0.0538494698703289,
            0.6121344566345215,
            0.0012087912764400244,
            0.004646112211048603,
            -0.13851720094680786,
            -0.06786324828863144,
            -0.3056052327156067,
            -0.5817723870277405,
            0.4179730713367462,
            0.26983892917633057,
            -0.41093459725379944,
            -0.5582409501075745,
            0.49355265498161316,
            -0.26780009269714355,
            -0.9268863201141357,
            0.4443676471710205,
            3.4384448528289795,
            -0.12900489568710327,
            0.06027839705348015,
            0.6471136212348938,
            -0.0032905982807278633,
            0.0,
            0.0,
            0.0,
            1.0,
            0.0,
            0.0,
            0.0
        ],