{
    "action": {
        "min": [
            0.0,
            0.0,
            0.0,
            0.0,
            0.0,
            0.0,
            0.0,
            0.0,
            0.0,
            -9.996841430664062,
            0.0,
            0.0
        ],
        "max": [
            0.0,
            0.0,
            0.0,
            0.0,
            0.0,
            0.0,
            0.0,
            0.0,
            0.0,
            9.999802589416504,
            0.0,
            0.0
        ],
        "mean": [
            0.0,
            0.0,
            0.0,
            0.0,
            0.0,
            0.0,
            0.0,
            0.0,
            0.0,
            1.1214410066604614,
            0.0,
            0.0
        ],
        "std": [
            0.0,
            0.0,
            0.0,
            0.0,
            0.0,
            0.0,
            0.0,
            0.0,
            0.0,
            6.87050199508667,
            0.0,
            0.0
        ],
        "count": [
            200
        ],
        "q01": [
            3.9995784462121265e-16,
            3.9995784462121265e-16,
            3.9995784462121265e-16,
            3.9995784462121265e-16,
            3.9995784462121265e-16,
            3.9995784462121265e-16,
            3.9995784462121265e-16,
            3.9995784462121265e-16,
            3.9995784462121265e-16,
            -9.996841430664062,
            3.9995784462121265e-16,
            3.9995784462121265e-16
        ],
        "q10": [
            3.999578446212126e-15,
            3.999578446212126e-15,
            3.999578446212126e-15,
            3.999578446212126e-15,
            3.999578446212126e-15,
            3.999578446212126e-15,
            3.999578446212126e-15,
            3.999578446212126e-15,
            3.999578446212126e-15,
            -9.27296257019043,
            3.999578446212126e-15,
            3.999578446212126e-15
        ],
        "q50": [
            1.9997892231060632e-14,
            1.9997892231060632e-14,
            1.9997892231060632e-14,
            1.9997892231060632e-14,
            1.9997892231060632e-14,
            1.9997892231060632e-14,
            1.9997892231060632e-14,
            1.9997892231060632e-14,
            1.9997892231060632e-14,
            1.9371557235717773,
            1.9997892231060632e-14,
            1.9997892231060632e-14
        ],
        "q90": [
            3.599620601590914e-14,
            3.599620601590914e-14,
            3.599620601590914e-14,
            3.599620601590914e-14,
            3.599620601590914e-14,
            3.599620601590914e-14,
            3.599620601590914e-14,
            3.599620601590914e-14,
            3.599620601590914e-14,
            9.655858993530273,
            3.599620601590914e-14,
            3.599620601590914e-14
        ],
        "q99": [
            3.959582661750005e-14,
            3.959582661750005e-14,
            3.959582661750005e-14,
            3.959582661750005e-14,
            3.959582661750005e-14,
            3.959582661750005e-14,
            3.959582661750005e-14,
            3.959582661750005e-14,
            3.959582661750005e-14,
            9.997135480244955,
            3.959582661750005e-14,
            3.959582661750005e-14
        ]
    },
    "observation.state": {
        "min": [
            -0.174534410238266,
            -7.849311828613281,
            0.05811965838074684,
            0.23857957124710083,
            -7.849311828613281,
            -0.6495726704597473,
            -0.6899623274803162,
            -18.007244110107422,
            0.8644688725471497,
            0.08483558893203735,
            -18.930692672729492,
            -0.16117216646671295,
            -0.08791735023260117,
            -4.897075176239014,
            0.02954822964966297,
            -0.1538553684949875,
            -4.897075176239014,
            0.08864469081163406,
            -0.06766591221094131,
            -4.155518054962158,
            -0.11282051354646683,
            -0.3489038646221161,
            -7.849311828613281,
            0.27838829159736633,
            0.16203057765960693,
            -19.854141235351562,
            -0.8058608174324036,
            -9.344727516174316,
            -150.0603790283203,
            -1.9780219793319702,
            0.6044318079948425,
            -5.5966572761535645,
            -0.4217338263988495,
            0.0549483448266983,
            -3.497910737991333,
            -0.045665446668863297,
            0.0,
            0.0,
            0.0,
            1.0,
            0.0,
            0.0,
            0.0
        ],
        "max": [
            -0.1305757462978363,
            6.925863265991211,
            0.2290598303079605,
            0.2605589032173157,
            7.849311828613281,
            -0.35653236508369446,
            -0.6460036039352417,
            13.390002250671387,
            1.186813235282898,
            0.1068149283528328,
            18.007244110107422,
            0.04395604506134987,
            -0.06593801081180573,
            4.197493076324463,
            0.083272285759449,
            -0.13187602162361145,
            6.296239376068115,
            0.15042735636234283,
            -0.0017279012827202678,
            5.0789666175842285,
            0.05128205195069313,
            -0.3049452006816864,
            9.696208953857422,
            0.6398046612739563,
            0.513700008392334,
            16.160348892211914,
            -0.3369963467121124,
            9.447606086730957,
            138.97898864746094,
            1.1282051801681519,
            0.6264111399650574,
            5.5966572761535645,
            -0.3492063581943512,
            0.07692768424749374,
            5.5966572761535645,
            0.03492063656449318,
            0.0,
            0.0,
            0.0,
            1.0,
            0.0,
            0.0,
            0.0
        ],
        "mean": [
            -0.15651153028011322,
            -0.2631828784942627,
            0.13798290491104126,
            0.23923848569393158,
            -0.2354794144630432,
            -0.4965082108974457,
            -0.6682034134864807,
            -0.3647621273994446,
            1.0660808086395264,
            0.08626437932252884,
            0.5171312093734741,
            -0.04717954620718956,
            -0.07742240279912949,
            0.08744775503873825,
            0.0495738759636879,
            -0.1333596259355545,
            0.787030041217804,
            0.12317588180303574,
            -0.00799204409122467,
            -0.11081383377313614,
            -0.04290599748492241,
            -0.3215394914150238,
            -0.49866217374801636,
            0.4398046135902405,
            0.26236605644226074,
            -0.784930944442749,
            -0.5557500720024109,
            1.4137177467346191,
            0.08310829102993011,
            -0.412893682718277,
            0.6133887767791748,
            0.16440175473690033,
            -0.388733834028244,
            0.06401486694812775,
            0.6261261105537415,
            -0.005547008942812681,
            0.0,
            0.0,
            0.0,
            1.0,
            0.0,
            0.0,
            0.0
        ],