{
    "action": {
        "min": [
            0.0,
            0.0,
            0.0,
            0.0,
            0.0,
            0.0,
            0.0,
            0.0,
            0.0,
            0.0,
            0.0,
            -9.999210357666016
        ],
        "max": [
            0.0,
            0.0,
            0.0,
            0.0,
            0.0,
            0.0,
            0.0,
            0.0,
            0.0,
            0.0,
            0.0,
            9.999210357666016
        ],
        "mean": [
            0.0,
            0.0,
            0.0,
            0.0,
            0.0,
            0.0,
            0.0,
            0.0,
            0.0,
            0.0,
            0.0,
            0.5275000929832458
        ],
        "std": [
            0.0,
            0.0,
            0.0,
            0.0,
            0.0,
            0.0,
            0.0,
            0.0,
            0.0,
            0.0,
            0.0,
            6.997615814208984
        ],
        "count": [
            200
        ],
        "q01": [
            3.9995784462121265e-16,
            3.9995784462121265e-16,
            3.9995784462121265e-16,
            3.9995784462121265e-16,
            3.9995784462121265e-16,
            3.9995784462121265e-16,
            3.9995784462121265e-16,
            3.9995784462121265e-16,
            3.9995784462121265e-16,
            3.9995784462121265e-16,
            3.9995784462121265e-16,
            -9.993210792541504
        ],
        "q10": [
            3.999578446212126e-15,
            3.999578446212126e-15,
            3.999578446212126e-15,
            3.999578446212126e-15,
            3.999578446212126e-15,
            3.999578446212126e-15,
            3.999578446212126e-15,
            3.999578446212126e-15,
            3.999578446212126e-15,
            3.999578446212126e-15,
            3.999578446212126e-15,
            -9.427255630493164
        ],
        "q50": [
            1.9997892231060632e-14,
            1.9997892231060632e-14,
            1.9997892231060632e-14,
            1.9997892231060632e-14,
            1.9997892231060632e-14,
            1.9997892231060632e-14,
            1.9997892231060632e-14,
            1.9997892231060632e-14,
            1.9997892231060632e-14,
            1.9997892231060632e-14,
            1.9997892231060632e-14,
            1.0019207000732422
        ],
        "q90": [
            3.599620601590914e-14,
            3.599620601590914e-14,
            3.599620601590914e-14,
            3.599620601590914e-14,
            3.599620601590914e-14,
            3.599620601590914e-14,
            3.599620601590914e-14,
            3.599620601590914e-14,
            3.599620601590914e-14,
            3.599620601590914e-14,
            3.599620601590914e-14,
            9.58524227142334
        ],
        "q99": [
            3.959582661750005e-14,
            3.959582661750005e-14,
            3.959582661750005e-14,
            3.959582661750005e-14,
            3.959582661750005e-14,
            3.959582661750005e-14,
            3.959582661750005e-14,
            3.959582661750005e-14,
            3.959582661750005e-14,
            3.959582661750005e-14,
            3.959582661750005e-14,
            9.995210647583008
        ]
    },
    "observation.state": {
        "min": [
            -0.3283897936344147,
            -8.772760391235352,
            -0.17435897886753082,
            0.15066221356391907,
            -8.772760391235352,
            -0.7570207715034485,
            -0.9537143707275391,
            -29.088626861572266,
            0.3076923191547394,
            0.01889757812023163,
            -20.777589797973633,
            -0.16117216646671295,
            -0.09890701621770859,
            -4.197493076324463,
            0.024175824597477913,
            -0.12088635563850403,
            -4.197493076324463,
            0.07252747565507889,
            -0.13360393047332764,
            -7.849311828613281,
            -0.3384615480899811,
            -0.37088319659233093,
            -10.619657516479492,
            0.22954823076725006,
            0.052133895456790924,
            -24.471384048461914,
            -0.9230769276618958,
            0.4580567181110382,
            -17.083797454833984,
            -1.0109890699386597,
            -0.18682436645030975,
            -27.28370475769043,
            -0.4485958516597748,
            -6.956460475921631,
            -169.99847412109375,
            -1.1792429685592651,
            0.0,
            0.0,
            0.0,
            1.0,
            0.0,
            0.0,
            0.0
        ],
        "max": [
            -0.02067905105650425,
            7.849311828613281,
            0.5094017386436462,
            0.30451759696006775,
            6.925863265991211,
            -0.10256410390138626,
            -0.14047886431217194,
            28.165178298950195,
            1.6849817037582397,
            0.15077359974384308,
            21.701038360595703,
            0.10256410390138626,
            -0.07692768424749374,
            4.197493076324463,
            0.08595848828554153,
            -0.09890701621770859,
            6.296239376068115,
            0.13968254625797272,
            0.13014812767505646,
            6.925863265991211,
            0.26324787735939026,
            -0.28296586871147156,
            8.772760391235352,
            0.7277167439460754,
            0.513700008392334,
            16.160348892211914,
            -0.27838829159736633,
            0.5239947438240051,
            17.083797454833984,
            -0.8058608174324036,
            0.8022458553314209,
            20.987464904785156,
            0.2202686220407486,
            8.418086051940918,
            193.0846710205078,
            0.7145299315452576,
            0.0,
            0.0,
            0.0,
            1.0,
            0.0,
            0.0,
            0.0
        ],
        "mean": [
            -0.16387449204921722,
            -0.6879690289497375,
            0.14403416216373444,
            0.24945926666259766,
            -0.4663415551185608,
            -0.522930383682251,
            -0.6451246738433838,
            0.6279447674751282,
            1.0295966863632202,
            0.07813206315040588,
            0.4063173532485962,
            -0.029743617400527,
            -0.07967525720596313,
            0.14691227674484253,
            0.05290479212999344,
            -0.10868801176548004,
            0.5246866941452026,
            0.10429184138774872,
            0.01552588865160942,
            -0.1708381026983261,
            -0.0772307887673378,
            -0.31879234313964844,
            -0.3139725625514984,
            0.4337485134601593,
            0.26895996928215027,
            -0.747992753982544,
            -0.5629300475120544,
            0.491464763879776,
            -0.14775171875953674,
            -0.9255679249763489,
            0.13489818572998047,
            -0.2378579080104828,
            -0.08200978487730026,
            0.6493244767189026,
            3.190093994140625,
            -0.07655675709247589,
            0.0,
            0.0,
            0.0,
            1.0,
            0.0,
            0.0,
            0.0
        ],