{
    "action": {
        "min": [
            0.0,
            0.0,
            0.0,
            -9.999802589416504,
            0.0,
            0.0,
            0.0,
            0.0,
            0.0,
            0.0,
            0.0,
            0.0
        ],
        "max": [
            0.0,
            0.0,
            0.0,
            9.999210357666016,
            0.0,
            0.0,
            0.0,
            0.0,
            0.0,
            0.0,
            0.0,
            0.0
        ],
        "mean": [
            0.0,
            0.0,
            0.0,
            0.23768490552902222,
            0.0,
            0.0,
            0.0,
            0.0,
            0.0,
            0.0,
            0.0,
            0.0
        ],
        "std": [
            0.0,
            0.0,
            0.0,
            7.011688232421875,
            0.0,
            0.0,
            0.0,
            0.0,
            0.0,
            0.0,
            0.0,
            0.0
        ],
        "count": [
            200
        ],
        "q01": [
            3.9995784462121265e-16,
            3.9995784462121265e-16,
            3.9995784462121265e-16,
            -9.991803169250488,
            3.9995784462121265e-16,
            3.9995784462121265e-16,
            3.9995784462121265e-16,
            3.9995784462121265e-16,
            3.9995784462121265e-16,
            3.9995784462121265e-16,
            3.9995784462121265e-16,
            3.9995784462121265e-16
        ],
        "q10": [
            3.999578446212126e-15,
            3.999578446212126e-15,
            3.999578446212126e-15,
            -9.487828254699707,
            3.999578446212126e-15,
            3.999578446212126e-15,
            3.999578446212126e-15,
            3.999578446212126e-15,
            3.999578446212126e-15,
            3.999578446212126e-15,
            3.999578446212126e-15,
            3.999578446212126e-15
        ],
        "q50": [
            1.9997892231060632e-14,
            1.9997892231060632e-14,
            1.9997892231060632e-14,
            0.5676746368408203,
            1.9997892231060632e-14,
            1.9997892231060632e-14,
            1.9997892231060632e-14,
            1.9997892231060632e-14,
            1.9997892231060632e-14,
            1.9997892231060632e-14,
            1.9997892231060632e-14,
            1.9997892231060632e-14
        ],
        "q90": [
            3.599620601590914e-14,
            3.599620601590914e-14,
            3.599620601590914e-14,
            9.4512357711792,
            3.599620601590914e-14,
            3.599620601590914e-14,
            3.599620601590914e-14,
            3.599620601590914e-14,
            3.599620601590914e-14,
            3.599620601590914e-14,
            3.599620601590914e-14,
            3.599620601590914e-14
        ],
        "q99": [
            3.959582661750005e-14,
            3.959582661750005e-14,
            3.959582661750005e-14,
            9.995209693908691,
            3.959582661750005e-14,
            3.959582661750005e-14,
            3.959582661750005e-14,
            3.959582661750005e-14,
            3.959582661750005e-14,
            3.959582661750005e-14,
            3.959582661750005e-14,
            3.959582661750005e-14
        ]
    },
    "observation.state": {
        "min": [
            -0.30641043186187744,
            -8.772760391235352,
            -0.11282051354646683,
            0.12868288159370422,
            -7.849311828613281,
            -0.8351648449897766,
            -0.9537143707275391,
            -43.863800048828125,
            -0.4542124569416046,
            -8.662940979003906,
            -223.93624877929688,
            -2.5934066772460938,
            -0.06593801081180573,
            -4.197493076324463,
            0.008058608509600163,
            -0.08791735023260117,
            -4.197493076324463,
            0.04029304161667824,
            -0.13360393047332764,
            -11.543106079101562,
            -0.37948718667030334,
            -0.37088319659233093,
            -8.772760391235352,
            0.16117216646671295,
            0.052133895456790924,
            -24.471384048461914,
            -0.9816849827766418,
            0.4580567181110382,
            -14.313450813293457,
            -1.0402930974960327,
            0.6374008059501648,
            -4.197493076324463,
            -0.4405372440814972,
            0.06593801081180573,
            -3.497910737991333,
            -0.048351649194955826,
            0.0,
            0.0,
            0.0,
            1.0,
            0.0,
            0.0,
            0.0
        ],
        "max": [
            -0.04265838861465454,
            7.849311828613281,
            0.4752136766910553,
            0.3264969289302826,
            9.696208953857422,
            -0.11233211308717728,
            0.10129385441541672,
            26.318281173706055,
            1.5677655935287476,
            9.162302017211914,
            211.93142700195312,
            1.6263736486434937,
            -0.04395867511630058,
            4.197493076324463,
            0.06715507060289383,
            -0.06593801081180573,
            6.296239376068115,
            0.12087912112474442,
            0.17410680651664734,
            5.0789666175842285,
            0.37948718667030334,
            -0.28296586871147156,
            7.849311828613281,
            0.6788766980171204,
            0.5796380043029785,
            25.394832611083984,
            -0.2490842491388321,
            0.5239947438240051,
            18.007244110107422,
            -0.8058608174324036,
            0.6703698039054871,
            5.5966572761535645,
            -0.378754585981369,
            0.09890701621770859,
            6.995821475982666,
            0.021489622071385384,
            0.0,
            0.0,
            0.0,
            1.0,
            0.0,
            0.0,
            0.0
        ],
        "mean": [
            -0.1627754271030426,
            -0.49866214394569397,
            0.1447521448135376,
            0.25660261511802673,
            -0.5171309113502502,
            -0.5240535140037537,
            -0.6486412286758423,
            -0.8311039209365845,
            1.0273994207382202,
            0.45507702231407166,
            1.2558872699737549,
            -0.5353845357894897,
            -0.04818972200155258,
            0.017489604651927948,
            0.031952399760484695,
            -0.07423534244298935,
            0.6681011319160461,
            0.08180832862854004,
            0.008932068012654781,
            -0.26780006289482117,
            -0.06581194698810577,
            -0.3161548972129822,
            -0.8449554443359375,
            0.43526244163513184,
            0.2740149199962616,
            -0.8588069081306458,
            -0.5641013979911804,
            0.48586025834083557,
            0.23086215555667877,
            -0.9232236742973328,
            0.6510278582572937,
            0.30082032084465027,
            -0.4117543697357178,
            0.08011481165885925,
            0.6646032929420471,
            -0.013363870792090893,
            0.0,
            0.0,
            0.0,
            1.0,
            0.0,
            0.0,
            0.0
        ],