{
    "action": {
        "min": [
            0.0,
            0.0,
            0.0,
            0.0,
            0.0,
            0.0,
            -9.999210357666016,
            0.0,
            0.0,
            0.0,
            0.0,
            0.0
        ],
        "max": [
            0.0,
            0.0,
            0.0,
            0.0,
            0.0,
            0.0,
            9.999210357666016,
            0.0,
            0.0,
            0.0,
            0.0,
            0.0
        ],
        "mean": [
            0.0,
            0.0,
            0.0,
            0.0,
            0.0,
            0.0,
            0.2524532377719879,
            0.0,
            0.0,
            0.0,
            0.0,
            0.0
        ],
        "std": [
            0.0,
            0.0,
            0.0,
            0.0,
            0.0,
            0.0,
            7.084749221801758,
            0.0,
            0.0,
            0.0,
            0.0,
            0.0
        ],
        "count": [
            200
        ],
        "q01": [
            3.9995784462121265e-16,
            3.9995784462121265e-16,
            3.9995784462121265e-16,
            3.9995784462121265e-16,
            3.9995784462121265e-16,
            3.9995784462121265e-16,
            -9.999210357666016,
            3.9995784462121265e-16,
            3.9995784462121265e-16,
            3.9995784462121265e-16,
            3.9995784462121265e-16,
            3.9995784462121265e-16
        ],
        "q10": [
            3.999578446212126e-15,
            3.999578446212126e-15,
            3.999578446212126e-15,
            3.999578446212126e-15,
            3.999578446212126e-15,
            3.999578446212126e-15,
            -9.583243370056152,
            3.999578446212126e-15,
            3.999578446212126e-15,
            3.999578446212126e-15,
            3.999578446212126e-15,
            3.999578446212126e-15
        ],
        "q50": [
            1.9997892231060632e-14,
            1.9997892231060632e-14,
            1.9997892231060632e-14,
            1.9997892231060632e-14,
            1.9997892231060632e-14,
            1.9997892231060632e-14,
            0.5039596557617188,
            1.9997892231060632e-14,
            1.9997892231060632e-14,
            1.9997892231060632e-14,
            1.9997892231060632e-14,
            1.9997892231060632e-14
        ],
        "q90": [
            3.599620601590914e-14,
            3.599620601590914e-14,
            3.599620601590914e-14,
            3.599620601590914e-14,
            3.599620601590914e-14,
            3.599620601590914e-14,
            9.511247634887695,
            3.599620601590914e-14,
            3.599620601590914e-14,
            3.599620601590914e-14,
            3.599620601590914e-14,
            3.599620601590914e-14
        ],
        "q99": [
            3.959582661750005e-14,
            3.959582661750005e-14,
            3.959582661750005e-14,
            3.959582661750005e-14,
            3.959582661750005e-14,
            3.959582661750005e-14,
            9.995210647583008,
            3.959582661750005e-14,
            3.959582661750005e-14,
            3.959582661750005e-14,
            3.959582661750005e-14,
            3.959582661750005e-14
        ]
    },
    "observation.state": {
        "min": [
            -0.26245176792144775,
            -9.696208953857422,
            -0.07179487496614456,
            0.19462089240550995,
            -10.619657516479492,
            -0.7277167439460754,
            -0.7559003233909607,
            -20.777589797973633,
            0.8351648449897766,
            0.06285625696182251,
            -22.624486923217773,
            -0.10256410390138626,
            -0.13187602162361145,
            -5.5966572761535645,
            0.048351649194955826,
            -0.1538553684949875,
            -4.197493076324463,
            0.09133089333772659,
            -8.61762809753418,
            -139.90243530273438,
            -1.3572649955749512,
            -0.414841890335083,
            -9.696208953857422,
            -0.3174603283405304,
            0.008175218477845192,
            -19.854141235351562,
            -1.216117262840271,
            0.43607738614082336,
            -18.007244110107422,
            -1.0695971250534058,
            0.6703698039054871,
            -5.5966572761535645,
            -0.4781440794467926,
            0.0549483448266983,
            -4.897075176239014,
            -0.04297924414277077,
            0.0,
            0.0,
            0.0,
            1.0,
            0.0,
            0.0,
            0.0
        ],
        "max": [
            -0.06463772803544998,
            7.849311828613281,
            0.37264958024024963,
            0.30451759696006775,
            9.696208953857422,
            -0.2588522732257843,
            -0.5580862760543823,
            15.236899375915527,
            1.245421290397644,
            0.08483558893203735,
            18.007244110107422,
            0.10256410390138626,
            -0.1098966896533966,
            5.5966572761535645,
            0.11550671607255936,
            -0.12088635563850403,
            5.5966572761535645,
            0.166544571518898,
            8.2844820022583,
            143.5962371826172,
            1.528205156326294,
            -0.12911050021648407,
            13.390002250671387,
            0.7863247990608215,
            0.6895346641540527,
            18.930692672729492,
            -0.1318681389093399,
            0.5239947438240051,
            16.160348892211914,
            -0.8058608174324036,
            0.7143284678459167,
            5.5966572761535645,
            -0.4029304087162018,
            0.08791735023260117,
            6.995821475982666,
            0.018803419545292854,
            0.0,
            0.0,
            0.0,
            1.0,
            0.0,
            0.0,
            0.0
        ],
        "mean": [
            -0.16145683825016022,
            -0.8449554443359375,
            0.14095725119113922,
            0.24440385401248932,
            -0.5263655185699463,
            -0.5115995407104492,
            -0.6665540933609009,
            -0.5817726254463196,
            1.0567036867141724,
            0.06439493596553802,
            0.7295243144035339,
            -0.007326007355004549,
            -0.12165563553571701,
            -0.09794151037931442,
            0.07679858058691025,
            -0.13429377973079681,
            0.6785945892333984,
            0.12090601772069931,
            0.4511561989784241,
            -3.0427634716033936,
            0.0422564372420311,
            -0.27703166007995605,
            -0.19854141771793365,
            0.36810725927352905,
            0.2542339265346527,
            -0.6556482911109924,
            -0.5330405235290527,
            0.5001466870307922,
            0.027703404426574707,
            -0.9449084401130676,
            0.6926245093345642,
            0.09094574302434921,
            -0.4368168115615845,
            0.07280664145946503,
            0.5386784076690674,
            -0.011967040598392487,
            0.0,
            0.0,
            0.0,
            1.0,
            0.0,
            0.0,
            0.0
        ],