{
    "action": {
        "min": [
            0.0,
            0.0,
            0.0,
            -9.996841430664062,
            0.0,
            0.0,
            0.0,
            0.0,
            0.0,
            0.0,
            0.0,
            0.0
        ],
        "max": [
            0.0,
            0.0,
            0.0,
            10.0,
            0.0,
            0.0,
            0.0,
            0.0,
            0.0,
            0.0,
            0.0,
            0.0
        ],
        "mean": [
            0.0,
            0.0,
            0.0,
            0.8136031627655029,
            0.0,
            0.0,
            0.0,
            0.0,
            0.0,
            0.0,
            0.0,
            0.0
        ],
        "std": [
            0.0,
            0.0,
            0.0,
            6.9429826736450195,
            0.0,
            0.0,
            0.0,
            0.0,
            0.0,
            0.0,
            0.0,
            0.0
        ],
        "count": [
            200
        ],
        "q01": [
            3.9995784462121265e-16,
            3.9995784462121265e-16,
            3.9995784462121265e-16,
            -9.996841430664062,
            3.9995784462121265e-16,
            3.9995784462121265e-16,
            3.9995784462121265e-16,
            3.9995784462121265e-16,
            3.9995784462121265e-16,
            3.9995784462121265e-16,
            3.9995784462121265e-16,
            3.9995784462121265e-16
        ],
        "q10": [
            3.999578446212126e-15,
            3.999578446212126e-15,
            3.999578446212126e-15,
            -9.34094524383545,
            3.999578446212126e-15,
            3.999578446212126e-15,
            3.999578446212126e-15,
            3.999578446212126e-15,
            3.999578446212126e-15,
            3.999578446212126e-15,
            3.999578446212126e-15,
            3.999578446212126e-15
        ],
        "q50": [
            1.9997892231060632e-14,
            1.9997892231060632e-14,
            1.9997892231060632e-14,
            1.5053415298461914,
            1.9997892231060632e-14,
            1.9997892231060632e-14,
            1.9997892231060632e-14,
            1.9997892231060632e-14,
            1.9997892231060632e-14,
            1.9997892231060632e-14,
            1.9997892231060632e-14,
            1.9997892231060632e-14
        ],
        "q90": [
            3.599620601590914e-14,
            3.599620601590914e-14,
            3.599620601590914e-14,
            9.588064193725586,
            3.599620601590914e-14,
            3.599620601590914e-14,
            3.599620601590914e-14,
            3.599620601590914e-14,
            3.599620601590914e-14,
            3.599620601590914e-14,
            3.599620601590914e-14,
            3.599620601590914e-14
        ],
        "q99": [
            3.959582661750005e-14,
            3.959582661750005e-14,
            3.959582661750005e-14,
            9.98800277709961,
            3.959582661750005e-14,
            3.959582661750005e-14,
            3.959582661750005e-14,
            3.959582661750005e-14,
            3.959582661750005e-14,
            3.959582661750005e-14,
            3.959582661750005e-14,
            3.959582661750005e-14
        ]
    },
    "observation.state": {
        "min": [
            -0.24047242105007172,
            -8.772760391235352,
            0.010256410576403141,
            0.23857957124710083,
            -10.619657516479492,
            -0.7081807255744934,
            -0.7778796553611755,
            -18.930692672729492,
            0.7472527623176575,
            -8.72887897491455,
            -185.1514129638672,
            -2.4761905670166016,
            -0.12088635563850403,
            -4.197493076324463,
            0.045665446668863297,
            0.0,
            -4.897075176239014,
            0.002686202758923173,
            -0.0017279012827202678,
            -6.925863265991211,
            -0.18119658529758453,
            -0.32692453265190125,
            -11.543106079101562,
            0.2490842491388321,
            0.2499479353427887,
            -17.083797454833984,
            -0.6593406796455383,
            0.48003605008125305,
            -17.083797454833984,
            -1.0402930974960327,
            0.6813594698905945,
            -4.197493076324463,
            -0.48083028197288513,
            0.07692768424749374,
            -4.197493076324463,
            -0.056410256773233414,
            0.0,
            0.0,
            0.0,
            1.0,
            0.0,
            0.0,
            0.0
        ],
        "max": [
            -0.10859639942646027,
            6.002415180206299,
            0.31794872879981995,
            0.2825382351875305,
            9.696208953857422,
            -0.2686202824115753,
            -0.4921482503414154,
            16.160348892211914,
            1.3040293455123901,
            9.623867988586426,
            186.07485961914062,
            1.5677655935287476,
            -0.09890701621770859,
            4.897075176239014,
            0.09670329838991165,
            0.02197933755815029,
            6.296239376068115,
            0.053724054247140884,
            0.04223077371716499,
            5.0789666175842285,
            0.017094017937779427,
            -0.28296586871147156,
            8.772760391235352,
            0.6202686429023743,
            0.2939065992832184,
            16.160348892211914,
            -0.48351648449897766,
            0.5239947438240051,
            17.083797454833984,
            -0.8351648449897766,
            0.7143284678459167,
            4.197493076324463,
            -0.4056166112422943,
            0.1098966896533966,
            6.296239376068115,
            0.018803419545292854,
            0.0,
            0.0,
            0.0,
            1.0,
            0.0,
            0.0,
            0.0
        ],
        "mean": [
            -0.16761106252670288,
            -0.5078967809677124,
            0.1522735059261322,
            0.2512175440788269,
            -0.4894275665283203,
            -0.5233698487281799,
            -0.6575424671173096,
            -0.34629303216934204,
            1.0508424043655396,
            1.1821538209915161,
            3.7353484630584717,
            -0.6300367116928101,
            -0.10550102591514587,
            0.06296243518590927,
            0.06473751366138458,
            0.015495430678129196,
            0.8674822449684143,
            0.022886473685503006,
            0.017723839730024338,
            -0.3601449728012085,
            -0.07511112838983536,
            -0.3053855001926422,
            -0.8911278247833252,
            0.427496999502182,
            0.27236655354499817,
            -0.2031586617231369,
            -0.5638086199760437,
            0.5015751123428345,
            -0.5633033514022827,
            -0.9482782483100891,
            0.6958664059638977,
            -0.04547283053398132,
            -0.43998661637306213,
            0.08868672698736191,
            0.6541091799736023,
            -0.02263128012418747,
            0.0,
            0.0,
            0.0,
            1.0,
            0.0,
            0.0,
            0.0
        ],