{
    "action": {
        "min": [
            0.0,
            0.0,
            0.0,
            0.0,
            0.0,
            0.0,
            0.0,
            0.0,
            -10.0,
            0.0,
            0.0,
            0.0
        ],
        "max": [
            0.0,
            0.0,
            0.0,
            0.0,
            0.0,
            0.0,
            0.0,
            0.0,
            10.0,
            0.0,
            0.0,
            0.0
        ],
        "mean": [
            0.0,
            0.0,
            0.0,
            0.0,
            0.0,
            0.0,
            0.0,
            0.0,
            3.248453239734772e-08,
            0.0,
            0.0,
            0.0
        ],
        "std": [
            0.0,
            0.0,
            0.0,
            0.0,
            0.0,
            0.0,
            0.0,
            0.0,
            7.071067810058594,
            0.0,
            0.0,
            0.0
        ],
        "count": [
            200
        ],
        "q01": [
            3.9995784462121265e-16,
            3.9995784462121265e-16,
            3.9995784462121265e-16,
            3.9995784462121265e-16,
            3.9995784462121265e-16,
            3.9995784462121265e-16,
            3.9995784462121265e-16,
            3.9995784462121265e-16,
            -9.99399995803833,
            3.9995784462121265e-16,
            3.9995784462121265e-16,
            3.9995784462121265e-16
        ],
        "q10": [
            3.999578446212126e-15,
            3.999578446212126e-15,
            3.999578446212126e-15,
            3.999578446212126e-15,
            3.999578446212126e-15,
            3.999578446212126e-15,
            3.999578446212126e-15,
            3.999578446212126e-15,
            -9.510000228881836,
            3.999578446212126e-15,
            3.999578446212126e-15,
            3.999578446212126e-15
        ],
        "q50": [
            1.9997892231060632e-14,
            1.9997892231060632e-14,
            1.9997892231060632e-14,
            1.9997892231060632e-14,
            1.9997892231060632e-14,
            1.9997892231060632e-14,
            1.9997892231060632e-14,
            1.9997892231060632e-14,
            0.0020003318786621094,
            1.9997892231060632e-14,
            1.9997892231060632e-14,
            1.9997892231060632e-14
        ],
        "q90": [
            3.599620601590914e-14,
            3.599620601590914e-14,
            3.599620601590914e-14,
            3.599620601590914e-14,
            3.599620601590914e-14,
            3.599620601590914e-14,
            3.599620601590914e-14,
            3.599620601590914e-14,
            9.510001182556152,
            3.599620601590914e-14,
            3.599620601590914e-14,
            3.599620601590914e-14
        ],
        "q99": [
            3.959582661750005e-14,
            3.959582661750005e-14,
            3.959582661750005e-14,
            3.959582661750005e-14,
            3.959582661750005e-14,
            3.959582661750005e-14,
            3.959582661750005e-14,
            3.959582661750005e-14,
            9.994000434875488,
            3.959582661750005e-14,
            3.959582661750005e-14,
            3.959582661750005e-14
        ]
    },
    "observation.state": {
        "min": [
            -0.174534410238266,
            -6.002415180206299,
            0.07179487496614456,
            0.19462089240550995,
            -9.696208953857422,
            -0.6105006337165833,
            -0.711941659450531,
            -17.083797454833984,
            0.9230769276618958,
            0.01889757812023163,
            -18.007244110107422,
            -0.07326007634401321,
            -0.04395867511630058,
            -4.897075176239014,
            -0.008058608509600163,
            -0.1538553684949875,
            -4.897075176239014,
            0.08595848828554153,
            -0.1116245910525322,
            -6.002415180206299,
            -0.10598290711641312,
            -0.39286255836486816,
            -12.466554641723633,
            0.3076923191547394,
            -8.278035163879395,
            -72.49070739746094,
            -3.32600736618042,
            0.48003605008125305,
            -18.007244110107422,
            -1.0402930974960327,
            0.3736487329006195,
            -4.197493076324463,
            -0.2739926874637604,
            -0.02197933755815029,
            -5.5966572761535645,
            0.005372405517846346,
            0.0,
            0.0,
            0.0,
            1.0,
            0.0,
            0.0,
            0.0
        ],
        "max": [
            -0.15255507826805115,
            6.925863265991211,
            0.2222222238779068,
            0.23857957124710083,
            9.696208953857422,
            -0.27838829159736633,
            -0.6679829359054565,
            18.007244110107422,
            1.245421290397644,
            0.04087691754102707,
            18.007244110107422,
            0.16117216646671295,
            -0.02197933755815029,
            4.197493076324463,
            0.07521367818117142,
            -0.13187602162361145,
            5.5966572761535645,
            0.18534798920154572,
            -0.02370723895728588,
            5.0789666175842285,
            0.13333334028720856,
            -0.32692453265190125,
            7.849311828613281,
            0.6300366520881653,
            9.041683197021484,
            79.87828826904297,
            1.9194139242172241,
            0.5239947438240051,
            15.236899375915527,
            -0.8351648449897766,
            0.39562806487083435,
            4.897075176239014,
            -0.212210014462471,
            0.0,
            6.296239376068115,
            0.07252747565507889,
            0.0,
            0.0,
            0.0,
            1.0,
            0.0,
            0.0,
            0.0
        ],
        "mean": [
            -0.16827020049095154,
            -0.33705878257751465,
            0.14933334290981293,
            0.2164899855852127,
            -0.614093542098999,
            -0.46593421697616577,
            -0.6868854761123657,
            -0.332441508769989,
            1.0918684005737305,
            0.033074215054512024,
            0.5910070538520813,
            0.04996342584490776,
            -0.039672695100307465,
            0.22386625409126282,
            0.024820538237690926,
            -0.1400085836648941,
            0.8185112476348877,
            0.12668131291866302,
            -0.05997321754693985,
            -0.38784825801849365,
            0.02611968107521534,
            -0.35231077671051025,
            -0.33244141936302185,
            0.48893776535987854,
            0.48567742109298706,
            -2.539484977722168,
            -0.8320881724357605,
            0.49322304129600525,
            -1.0204108953475952,
            -0.9321611523628235,
            0.3840893507003784,
            0.05246865749359131,
            -0.24502195417881012,
            -0.009561009705066681,
            0.863983690738678,
            0.041810765862464905,
            0.0,
            0.0,
            0.0,
            1.0,
            0.0,
            0.0,
            0.0
        ],