{
    "action": {
        "min": [
            0.0,
            0.0,
            0.0,
            0.0,
            0.0,
            0.0,
            0.0,
            0.0,
            0.0,
            0.0,
            0.0,
            -9.999802589416504
        ],
        "max": [
            0.0,
            0.0,
            0.0,
            0.0,
            0.0,
            0.0,
            0.0,
            0.0,
            0.0,
            0.0,
            0.0,
            9.998223304748535
        ],
        "mean": [
            0.0,
            0.0,
            0.0,
            0.0,
            0.0,
            0.0,
            0.0,
            0.0,
            0.0,
            0.0,
            0.0,
            0.6395046710968018
        ],
        "std": [
            0.0,
            0.0,
            0.0,
            0.0,
            0.0,
            0.0,
            0.0,
            0.0,
            0.0,
            0.0,
            0.0,
            6.977660179138184
        ],
        "count": [
            200
        ],
        "q01": [
            3.9995784462121265e-16,
            3.9995784462121265e-16,
            3.9995784462121265e-16,
            3.9995784462121265e-16,
            3.9995784462121265e-16,
            3.9995784462121265e-16,
            3.9995784462121265e-16,
            3.9995784462121265e-16,
            3.9995784462121265e-16,
            3.9995784462121265e-16,
            3.9995784462121265e-16,
            -9.999802589416504
        ],
        "q10": [
            3.999578446212126e-15,
            3.999578446212126e-15,
            3.999578446212126e-15,
            3.999578446212126e-15,
            3.999578446212126e-15,
            3.999578446212126e-15,
            3.999578446212126e-15,
            3.999578446212126e-15,
            3.999578446212126e-15,
            3.999578446212126e-15,
            3.999578446212126e-15,
            -9.38386344909668
        ],
        "q50": [
            1.9997892231060632e-14,
            1.9997892231060632e-14,
            1.9997892231060632e-14,
            1.9997892231060632e-14,
            1.9997892231060632e-14,
            1.9997892231060632e-14,
            1.9997892231060632e-14,
            1.9997892231060632e-14,
            1.9997892231060632e-14,
            1.9997892231060632e-14,
            1.9997892231060632e-14,
            1.0671052932739258
        ],
        "q90": [
            3.599620601590914e-14,
            3.599620601590914e-14,
            3.599620601590914e-14,
            3.599620601590914e-14,
            3.599620601590914e-14,
            3.599620601590914e-14,
            3.599620601590914e-14,
            3.599620601590914e-14,
            3.599620601590914e-14,
            3.599620601590914e-14,
            3.599620601590914e-14,
            9.53027057647705
        ],
        "q99": [
            3.959582661750005e-14,
            3.959582661750005e-14,
            3.959582661750005e-14,
            3.959582661750005e-14,
            3.959582661750005e-14,
            3.959582661750005e-14,
            3.959582661750005e-14,
            3.959582661750005e-14,
            3.959582661750005e-14,
            3.959582661750005e-14,
            3.959582661750005e-14,
            9.995556831359863
        ]
    },
    "observation.state": {
        "min": [
            -0.174534410238266,
            -6.925863265991211,
            0.06495726853609085,
            0.23857957124710083,
            -8.772760391235352,
            -0.6691086888313293,
            -0.6899623274803162,
            -16.160348892211914,
            0.8644688725471497,
            0.06285625696182251,
            -18.007244110107422,
            -0.16117216646671295,
            -0.08791735023260117,
            -4.197493076324463,
            0.021489622071385384,
            -0.1098966896533966,
            -4.897075176239014,
            0.0644688680768013,
            -0.0017279012827202678,
            -6.002415180206299,
            -0.1606837660074234,
            -0.32692453265190125,
            -8.772760391235352,
            0.2588522732257843,
            0.2499479353427887,
            -18.007244110107422,
            -0.6593406796455383,
            0.48003605008125305,
            -19.854141235351562,
            -1.0402930974960327,
            -0.0549483448266983,
            -23.086212158203125,
            -0.41904762387275696,
            -6.978439807891846,
            -144.11392211914062,
            -1.2893773317337036,
            0.0,
            0.0,
            0.0,
            1.0,
            0.0,
            0.0,
            0.0
        ],
        "max": [
            -0.15255507826805115,
            6.002415180206299,
            0.2290598303079605,
            0.2605589032173157,
            10.619657516479492,
            -0.34676435589790344,
            -0.6679829359054565,
            23.547935485839844,
            1.216117262840271,
            0.08483558893203735,
            16.160348892211914,
            0.10256410390138626,
            -0.06593801081180573,
            5.5966572761535645,
            0.10476190596818924,
            -0.08791735023260117,
            6.296239376068115,
            0.1477411538362503,
            0.04223077371716499,
            6.002415180206299,
            0.003418803447857499,
            -0.3049452006816864,
            6.925863265991211,
            0.6202686429023743,
            0.27192726731300354,
            18.007244110107422,
            -0.4542124569416046,
            0.5020154118537903,
            15.236899375915527,
            -0.8058608174324036,
            0.7582871317863464,
            25.18495750427246,
            0.19609279930591583,
            8.429076194763184,
            174.89553833007812,
            0.7360195517539978,
            0.0,
            0.0,
            0.0,
            1.0,
            0.0,
            0.0,
            0.0
        ],
        "mean": [
            -0.17002850770950317,
            -0.0877276062965393,
            0.14929915964603424,
            0.2542947828769684,
            -0.6002417802810669,
            -0.5306958556175232,
            -0.6754564046859741,
            -0.004617130383849144,
            1.0760445594787598,
            0.06879081577062607,
            -0.15236900746822357,
            -0.018901098519563675,
            -0.08203796297311783,
            -0.05246866121888161,
            0.051655687391757965,
            -0.10313824564218521,
            0.7170717716217041,
            0.09820757061243057,
            0.01992177776992321,
            -0.683351993560791,
            -0.08341880887746811,
            -0.317803293466568,
            -0.5263656973838806,
            0.4411720931529999,
            0.26302531361579895,
            -0.03693798929452896,
            -0.549156665802002,
            0.4941021800041199,
            -0.4063172936439514,
            -0.9276191592216492,
            0.13176611065864563,
            0.08045197278261185,
            -0.07370942085981369,
            0.800377368927002,
            2.424053430557251,
            -0.07741636037826538,
            0.0,
            0.0,
            0.0,
            1.0,
            0.0,
            0.0,
            0.0
        ],