{
    "action": {
        "min": [
            0.0,
            0.0,
            0.0,
            0.0,
            -10.0,
            0.0,
            0.0,
            0.0,
            0.0,
            0.0,
            0.0,
            0.0
        ],
        "max": [
            0.0,
            0.0,
            0.0,
            0.0,
            10.0,
            0.0,
            0.0,
            0.0,
            0.0,
            0.0,
            0.0,
            0.0
        ],
        "mean": [
            0.0,
            0.0,
            0.0,
            0.0,
            3.248453239734772e-08,
            0.0,
            0.0,
            0.0,
            0.0,
            0.0,
            0.0,
            0.0
        ],
        "std": [
            0.0,
            0.0,
            0.0,
            0.0,
            7.071067810058594,
            0.0,
            0.0,
            0.0,
            0.0,
            0.0,
            0.0,
            0.0
        ],
        "count": [
            200
        ],
        "q01": [
            3.9995784462121265e-16,
            3.9995784462121265e-16,
            3.9995784462121265e-16,
            3.9995784462121265e-16,
            -9.99399995803833,
            3.9995784462121265e-16,
            3.9995784462121265e-16,
            3.9995784462121265e-16,
            3.9995784462121265e-16,
            3.9995784462121265e-16,
            3.9995784462121265e-16,
            3.9995784462121265e-16
        ],
        "q10": [
            3.999578446212126e-15,
            3.999578446212126e-15,
            3.999578446212126e-15,
            3.999578446212126e-15,
            -9.510000228881836,
            3.999578446212126e-15,
            3.999578446212126e-15,
            3.999578446212126e-15,
            3.999578446212126e-15,
            3.999578446212126e-15,
            3.999578446212126e-15,
            3.999578446212126e-15
        ],
        "q50": [
            1.9997892231060632e-14,
            1.9997892231060632e-14,
            1.9997892231060632e-14,
            1.9997892231060632e-14,
            0.0020003318786621094,
            1.9997892231060632e-14,
            1.9997892231060632e-14,
            1.9997892231060632e-14,
            1.9997892231060632e-14,
            1.9997892231060632e-14,
            1.9997892231060632e-14,
            1.9997892231060632e-14
        ],
        "q90": [
            3.599620601590914e-14,
            3.599620601590914e-14,
            3.599620601590914e-14,
            3.599620601590914e-14,
            9.510001182556152,
            3.599620601590914e-14,
            3.599620601590914e-14,
            3.599620601590914e-14,
            3.599620601590914e-14,
            3.599620601590914e-14,
            3.599620601590914e-14,
            3.599620601590914e-14
        ],
        "q99": [
            3.959582661750005e-14,
            3.959582661750005e-14,
            3.959582661750005e-14,
            3.959582661750005e-14,
            9.994000434875488,
            3.959582661750005e-14,
            3.959582661750005e-14,
            3.959582661750005e-14,
            3.959582661750005e-14,
            3.959582661750005e-14,
            3.959582661750005e-14,
            3.959582661750005e-14
        ]
    },
    "observation.state": {
        "min": [
            -0.174534410238266,
            -6.925863265991211,
            0.08547008782625198,
            0.216600239276886,
            -8.772760391235352,
            -0.6202686429023743,
            -0.6899623274803162,
            -20.777589797973633,
            0.9230769276618958,
            0.01889757812023163,
            -19.854141235351562,
            -0.04395604506134987,
            -9.835753440856934,
            -53.168243408203125,
            -0.2847374975681305,
            -0.4176074266433716,
            -11.89289665222168,
            -0.22832722961902618,
            -0.02370723895728588,
            -6.002415180206299,
            -0.1538461595773697,
            -0.32692453265190125,
            -11.543106079101562,
            0.23931623995304108,
            0.2499479353427887,
            -17.083797454833984,
            -0.6593406796455383,
            0.48003605008125305,
            -18.007244110107422,
            -1.0109890699386597,
            0.3736487329006195,
            -4.197493076324463,
            -0.27936509251594543,
            -0.02197933755815029,
            -4.897075176239014,
            0.002686202758923173,
            0.0,
            0.0,
            0.0,
            1.0,
            0.0,
            0.0,
            0.0
        ],
        "max": [
            -0.15255507826805115,
            5.0789666175842285,
            0.2153846174478531,
            0.216600239276886,
            8.772760391235352,
            -0.2686202824115753,
            -0.6679829359054565,
            16.160348892211914,
            1.245421290397644,
            0.04087691754102707,
            20.777589797973633,
            0.16117216646671295,
            9.363198280334473,
            44.07367706298828,
            0.45665445923805237,
            0.3187004029750824,
            13.991642951965332,
            0.26324787735939026,
            -0.0017279012827202678,
            4.155518054962158,
            0.03076923079788685,
            -0.3049452006816864,
            10.619657516479492,
            0.6007326245307922,
            0.27192726731300354,
            17.083797454833984,
            -0.48351648449897766,
            0.5020154118537903,
            19.854141235351562,
            -0.8351648449897766,
            0.39562806487083435,
            5.5966572761535645,
            -0.2202686220407486,
            0.0,
            5.5966572761535645,
            0.07521367818117142,
            0.0,
            0.0,
            0.0,
            1.0,
            0.0,
            0.0,
            0.0
        ],
        "mean": [
            -0.17145711183547974,
            -0.5356001853942871,
            0.15288889408111572,
            0.21659988164901733,
            -0.4017001688480377,
            -0.47125759720802307,
            -0.6825994849205017,
            0.3139725625514984,
            1.0989015102386475,
            0.01977672055363655,
            -0.027703529223799706,
            0.07003668695688248,
            -0.09665410965681076,
            -1.1927886009216309,
            0.08724787831306458,
            0.002362780040130019,
            0.7240676879882812,
            0.029548220336437225,
            -0.001947695156559348,
            -0.36014488339424133,
            -0.05172651261091232,
            -0.3060448467731476,
            -0.4386378526687622,
            0.42608073353767395,
            0.27148735523223877,
            -0.5448347330093384,
            -0.565566897392273,
            0.49542105197906494,
            -0.5125139355659485,
            -0.932014524936676,
            0.39156270027160645,
            -0.1609039455652237,
            -0.24902434647083282,
            -0.013517290353775024,
            0.7345613241195679,
            0.04401346668601036,
            0.0,
            0.0,
            0.0,
            1.0,
            0.0,
            0.0,
            0.0
        ],