{
    "action": {
        "min": [
            0.0,
            0.0,
            -9.999210357666016,
            0.0,
            0.0,
            0.0,
            0.0,
            0.0,
            0.0,
            0.0,
            0.0,
            0.0
        ],
        "max": [
            0.0,
            0.0,
            9.999210357666016,
            0.0,
            0.0,
            0.0,
            0.0,
            0.0,
            0.0,
            0.0,
            0.0,
            0.0
        ],
        "mean": [
            0.0,
            0.0,
            1.1843785047531128,
            0.0,
            0.0,
            0.0,
            0.0,
            0.0,
            0.0,
            0.0,
            0.0,
            0.0
        ],
        "std": [
            0.0,
            0.0,
            7.0770487785339355,
            0.0,
            0.0,
            0.0,
            0.0,
            0.0,
            0.0,
            0.0,
            0.0,
            0.0
        ],
        "count": [
            200
        ],
        "q01": [
            3.9995784462121265e-16,
            3.9995784462121265e-16,
            -9.993210792541504,
            3.9995784462121265e-16,
            3.9995784462121265e-16,
            3.9995784462121265e-16,
            3.9995784462121265e-16,
            3.9995784462121265e-16,
            3.9995784462121265e-16,
            3.9995784462121265e-16,
            3.9995784462121265e-16,
            3.9995784462121265e-16
        ],
        "q10": [
            3.999578446212126e-15,
            3.999578446212126e-15,
            -9.34326171875,
            3.999578446212126e-15,
            3.999578446212126e-15,
            3.999578446212126e-15,
            3.999578446212126e-15,
            3.999578446212126e-15,
            3.999578446212126e-15,
            3.999578446212126e-15,
            3.999578446212126e-15,
            3.999578446212126e-15
        ],
        "q50": [
            1.9997892231060632e-14,
            1.9997892231060632e-14,
            2.2438220977783203,
            1.9997892231060632e-14,
            1.9997892231060632e-14,
            1.9997892231060632e-14,
            1.9997892231060632e-14,
            1.9997892231060632e-14,
            1.9997892231060632e-14,
            1.9997892231060632e-14,
            1.9997892231060632e-14,
            1.9997892231060632e-14
        ],
        "q90": [
            3.599620601590914e-14,
            3.599620601590914e-14,
            9.655237197875977,
            3.599620601590914e-14,
            3.599620601590914e-14,
            3.599620601590914e-14,
            3.599620601590914e-14,
            3.599620601590914e-14,
            3.599620601590914e-14,
            3.599620601590914e-14,
            3.599620601590914e-14,
            3.599620601590914e-14
        ],
        "q99": [
            3.959582661750005e-14,
            3.959582661750005e-14,
            9.995210647583008,
            3.959582661750005e-14,
            3.959582661750005e-14,
            3.959582661750005e-14,
            3.959582661750005e-14,
            3.959582661750005e-14,
            3.959582661750005e-14,
            3.959582661750005e-14,
            3.959582661750005e-14,
            3.959582661750005e-14
        ]
    },
    "observation.state": {
        "min": [
            -0.3283897936344147,
            -8.772760391235352,
            -0.19487179815769196,
            0.19462089240550995,
            -7.849311828613281,
            -0.7277167439460754,
            -10.62462329864502,
            -146.3665771484375,
            -2.124542236328125,
            -0.0030817596707493067,
            -18.007244110107422,
            -0.190476194024086,
            -0.13187602162361145,
            -4.197493076324463,
            0.051037851721048355,
            0.03296900540590286,
            -4.897075176239014,
            -0.010744811035692692,
            -0.0017279012827202678,
            -6.002415180206299,
            -0.1606837660074234,
            -0.32692453265190125,
            -10.619657516479492,
            0.20024420320987701,
            0.2499479353427887,
            -15.236899375915527,
            -0.6593406796455383,
            0.48003605008125305,
            -18.930692672729492,
            -1.0402930974960327,
            0.5714628100395203,
            -4.897075176239014,
            -0.4056166112422943,
            0.12088635563850403,
            -3.497910737991333,
            -0.08595848828554153,
            0.0,
            0.0,
            0.0,
            1.0,
            0.0,
            0.0,
            0.0
        ],
        "max": [
            -0.02067905105650425,
            5.0789666175842285,
            0.482051283121109,
            0.3264969289302826,
            8.772760391235352,
            -0.28815630078315735,
            9.640326499938965,
            137.13209533691406,
            5.084249019622803,
            0.15077359974384308,
            18.007244110107422,
            0.16117216646671295,
            -0.09890701621770859,
            4.197493076324463,
            0.11282051354646683,
            0.0549483448266983,
            6.296239376068115,
            0.051037851721048355,
            0.06421010941267014,
            5.0789666175842285,
            -0.003418803447857499,
            -0.28296586871147156,
            10.619657516479492,
            0.5616605877876282,
            0.2939065992832184,
            17.083797454833984,
            -0.4542124569416046,
            0.5020154118537903,
            16.160348892211914,
            -0.8351648449897766,
            0.6044318079948425,
            4.897075176239014,
            -0.3411477506160736,
            0.1538553684949875,
            6.296239376068115,
            -0.008058608509600163,
            0.0,
            0.0,
            0.0,
            1.0,
            0.0,
            0.0,
            0.0
        ],
        "mean": [
            -0.1624458134174347,
            -0.6233276128768921,
            0.14160683751106262,
            0.25374510884284973,
            -0.16622065007686615,
            -0.5299144983291626,
            0.15865997970104218,
            7.0043559074401855,
            1.1207329034805298,
            0.06846114248037338,
            -0.20777598023414612,
            -0.010989010334014893,
            -0.10934744775295258,
            0.06296238303184509,
            0.0705665722489357,
            0.035276830196380615,
            0.4407370090484619,
            0.012007338926196098,
            0.02970251999795437,
            -0.5125139355659485,
            -0.10082054138183594,
            -0.31044042110443115,
            -0.6648828983306885,
            0.4240292012691498,
            0.26928940415382385,
            -0.21701037883758545,
            -0.5561895966529846,
            0.4991573095321655,
            -0.7572279572486877,
            -0.9389010071754456,
            0.5882769227027893,
            0.15041011571884155,
            -0.3731403052806854,
            0.13506311178207397,
            0.9899089336395264,
            -0.0488889105618,
            0.0,
            0.0,
            0.0,
            1.0,
            0.0,
            0.0,
            0.0
        ],