{
    "action": {
        "min": [
            0.0,
            0.0,
            0.0,
            0.0,
            0.0,
            -9.999210357666016,
            0.0,
            0.0,
            0.0,
            0.0,
            0.0,
            0.0
        ],
        "max": [
            0.0,
            0.0,
            0.0,
            0.0,
            0.0,
            9.999210357666016,
            0.0,
            0.0,
            0.0,
            0.0,
            0.0,
            0.0
        ],
        "mean": [
            0.0,
            0.0,
            0.0,
            0.0,
            0.0,
            1.1843785047531128,
            0.0,
            0.0,
            0.0,
            0.0,
            0.0,
            0.0
        ],
        "std": [
            0.0,
            0.0,
            0.0,
            0.0,
            0.0,
            7.0770487785339355,
            0.0,
            0.0,
            0.0,
            0.0,
            0.0,
            0.0
        ],
        "count": [
            200
        ],
        "q01": [
            3.9995784462121265e-16,
            3.9995784462121265e-16,
            3.9995784462121265e-16,
            3.9995784462121265e-16,
            3.9995784462121265e-16,
            -9.993210792541504,
            3.9995784462121265e-16,
            3.9995784462121265e-16,
            3.9995784462121265e-16,
            3.9995784462121265e-16,
            3.9995784462121265e-16,
            3.9995784462121265e-16
        ],
        "q10": [
            3.999578446212126e-15,
            3.999578446212126e-15,
            3.999578446212126e-15,
            3.999578446212126e-15,
            3.999578446212126e-15,
            -9.34326171875,
            3.999578446212126e-15,
            3.999578446212126e-15,
            3.999578446212126e-15,
            3.999578446212126e-15,
            3.999578446212126e-15,
            3.999578446212126e-15
        ],
        "q50": [
            1.9997892231060632e-14,
            1.9997892231060632e-14,
            1.9997892231060632e-14,
            1.9997892231060632e-14,
            1.9997892231060632e-14,
            2.2438220977783203,
            1.9997892231060632e-14,
            1.9997892231060632e-14,
            1.9997892231060632e-14,
            1.9997892231060632e-14,
            1.9997892231060632e-14,
            1.9997892231060632e-14
        ],
        "q90": [
            3.599620601590914e-14,
            3.599620601590914e-14,
            3.599620601590914e-14,
            3.599620601590914e-14,
            3.599620601590914e-14,
            9.655237197875977,
            3.599620601590914e-14,
            3.599620601590914e-14,
            3.599620601590914e-14,
            3.599620601590914e-14,
            3.599620601590914e-14,
            3.599620601590914e-14
        ],
        "q99": [
            3.959582661750005e-14,
            3.959582661750005e-14,
            3.959582661750005e-14,
            3.959582661750005e-14,
            3.959582661750005e-14,
            9.995210647583008,
            3.959582661750005e-14,
            3.959582661750005e-14,
            3.959582661750005e-14,
            3.959582661750005e-14,
            3.959582661750005e-14,
            3.959582661750005e-14
        ]
    },
    "observation.state": {
        "min": [
            -0.174534410238266,
            -6.925863265991211,
            0.07863248139619827,
            0.23857957124710083,
            -9.696208953857422,
            -0.7277167439460754,
            -0.6899623274803162,
            -15.236899375915527,
            0.8351648449897766,
            0.1068149283528328,
            -17.083797454833984,
            -0.190476194024086,
            -0.45057642459869385,
            -22.386629104614258,
            -0.23369963467121124,
            -6.417966842651367,
            -86.7481918334961,
            -1.899145245552063,
            0.020251436159014702,
            -6.925863265991211,
            -0.1538461595773697,
            -0.32692453265190125,
            -11.543106079101562,
            0.23931623995304108,
            0.2499479353427887,
            -18.007244110107422,
            -0.6300366520881653,
            0.48003605008125305,
            -16.160348892211914,
            -1.0695971250534058,
            0.5824524760246277,
            -4.897075176239014,
            -0.40830281376838684,
            0.1098966896533966,
            -4.897075176239014,
            -0.07521367818117142,
            0.0,
            0.0,
            0.0,
            1.0,
            0.0,
            0.0,
            0.0
        ],
        "max": [
            -0.15255507826805115,
            5.0789666175842285,
            0.23589743673801422,
            0.2605589032173157,
            6.925863265991211,
            -0.3272283375263214,
            -0.6679829359054565,
            15.236899375915527,
            1.216117262840271,
            0.12879426777362823,
            18.007244110107422,
            0.07326007634401321,
            0.2197933793067932,
            21.687047958374023,
            0.3492063581943512,
            9.055486679077148,
            98.64108276367188,
            0.5533577799797058,
            0.04223077371716499,
            4.155518054962158,
            -0.010256410576403141,
            -0.3049452006816864,
            6.925863265991211,
            0.5616605877876282,
            0.27192726731300354,
            16.160348892211914,
            -0.48351648449897766,
            0.5020154118537903,
            17.083797454833984,
            -0.8351648449897766,
            0.6044318079948425,
            6.296239376068115,
            -0.333089143037796,
            0.14286570250988007,
            6.296239376068115,
            -0.016117217019200325,
            0.0,
            0.0,
            0.0,
            1.0,
            0.0,
            0.0,
            0.0
        ],
        "mean": [
            -0.15815994143486023,
            -0.5679207444190979,
            0.14222218096256256,
            0.25704225897789,
            -0.5448344945907593,
            -0.5266420245170593,
            -0.6684232354164124,
            -0.9142141938209534,
            1.0693042278289795,
            0.10692507028579712,
            0.9880896806716919,
            -0.08087917417287827,
            -0.21880434453487396,
            -0.26933911442756653,
            0.1328999400138855,
            1.4204150438308716,
            5.005509853363037,
            -0.24209405481815338,
            0.037065569311380386,
            -0.4986622929573059,
            -0.10283762216567993,
            -0.31000086665153503,
            -0.6833521127700806,
            0.42691096663475037,
            0.2699488401412964,
            -0.3601449131965637,
            -0.5538453459739685,
            0.496410071849823,
            -1.4174929857254028,
            -0.936556875705719,
            0.5869027972221375,
            -0.02798331528902054,
            -0.372294157743454,
            0.12775486707687378,
            0.4547284245491028,
            -0.045974358916282654,
            0.0,
            0.0,
            0.0,
            1.0,
            0.0,
            0.0,
            0.0
        ],