{
    "action": {
        "min": [
            0.0,
            0.0,
            0.0,
            0.0,
            0.0,
            0.0,
            0.0,
            0.0,
            0.0,
            -9.999210357666016,
            0.0,
            0.0
        ],
        "max": [
            0.0,
            0.0,
            0.0,
            0.0,
            0.0,
            0.0,
            0.0,
            0.0,
            0.0,
            9.999210357666016,
            0.0,
            0.0
        ],
        "mean": [
            0.0,
            0.0,
            0.0,
            0.0,
            0.0,
            0.0,
            0.0,
            0.0,
            0.0,
            1.1843785047531128,
            0.0,
            0.0
        ],
        "std": [
            0.0,
            0.0,
            0.0,
            0.0,
            0.0,
            0.0,
            0.0,
            0.0,
            0.0,
            7.0770487785339355,
            0.0,
            0.0
        ],
        "count": [
            200
        ],
        "q01": [
            3.9995784462121265e-16,
            3.9995784462121265e-16,
            3.9995784462121265e-16,
            3.9995784462121265e-16,
            3.9995784462121265e-16,
            3.9995784462121265e-16,
            3.9995784462121265e-16,
            3.9995784462121265e-16,
            3.9995784462121265e-16,
            -9.993210792541504,
            3.9995784462121265e-16,
            3.9995784462121265e-16
        ],
        "q10": [
            3.999578446212126e-15,
            3.999578446212126e-15,
            3.999578446212126e-15,
            3.999578446212126e-15,
            3.999578446212126e-15,
            3.999578446212126e-15,
            3.999578446212126e-15,
            3.999578446212126e-15,
            3.999578446212126e-15,
            -9.34326171875,
            3.999578446212126e-15,
            3.999578446212126e-15
        ],
        "q50": [
            1.9997892231060632e-14,
            1.9997892231060632e-14,
            1.9997892231060632e-14,
            1.9997892231060632e-14,
            1.9997892231060632e-14,
            1.9997892231060632e-14,
            1.9997892231060632e-14,
            1.9997892231060632e-14,
            1.9997892231060632e-14,
            2.2438220977783203,
            1.9997892231060632e-14,
            1.9997892231060632e-14
        ],
        "q90": [
            3.599620601590914e-14,
            3.599620601590914e-14,
            3.599620601590914e-14,
            3.599620601590914e-14,
            3.599620601590914e-14,
            3.599620601590914e-14,
            3.599620601590914e-14,
            3.599620601590914e-14,
            3.599620601590914e-14,
            9.655237197875977,
            3.599620601590914e-14,
            3.599620601590914e-14
        ],
        "q99": [
            3.959582661750005e-14,
            3.959582661750005e-14,
            3.959582661750005e-14,
            3.959582661750005e-14,
            3.959582661750005e-14,
            3.959582661750005e-14,
            3.959582661750005e-14,
            3.959582661750005e-14,
            3.959582661750005e-14,
            9.995210647583008,
            3.959582661750005e-14,
            3.959582661750005e-14
        ]
    },
    "observation.state": {
        "min": [
            -0.174534410238266,
            -6.002415180206299,
            0.04444444552063942,
            0.23857957124710083,
            -11.543106079101562,
            -0.6593406796455383,
            -0.6899623274803162,
            -18.930692672729492,
            0.8937729001045227,
            0.1068149283528328,
            -17.083797454833984,
            -0.21978022158145905,
            -0.13187602162361145,
            -4.197493076324463,
            0.05909645929932594,
            0.0549483448266983,
            -4.197493076324463,
            -0.024175824597477913,
            -0.06766591221094131,
            -6.925863265991211,
            -0.23589743673801422,
            -0.3489038646221161,
            -11.543106079101562,
            0.17094017565250397,
            0.052133895456790924,
            -27.241729736328125,
            -1.0989011526107788,
            -9.410665512084961,
            -136.20864868164062,
            -1.9780219793319702,
            0.5824524760246277,
            -6.296239376068115,
            -0.41904762387275696,
            0.0549483448266983,
            -5.5966572761535645,
            -0.05909645929932594,
            0.0,
            0.0,
            0.0,
            1.0,
            0.0,
            0.0,
            0.0
        ],
        "max": [
            -0.1305757462978363,
            6.002415180206299,
            0.2153846174478531,
            0.2605589032173157,
            7.849311828613281,
            -0.3858363926410675,
            -0.6460036039352417,
            13.390002250671387,
            1.245421290397644,
            0.12879426777362823,
            20.777589797973633,
            0.014652014710009098,
            -0.1098966896533966,
            4.197493076324463,
            0.09133089333772659,
            0.07692768424749374,
            4.897075176239014,
            0.013431013561785221,
            0.08618944883346558,
            5.0789666175842285,
            0.14700855314731598,
            -0.28296586871147156,
            11.543106079101562,
            0.6007326245307922,
            0.6235966682434082,
            18.007244110107422,
            -0.16117216646671295,
            9.557502746582031,
            130.66795349121094,
            1.0989011526107788,
            0.61542147397995,
            4.197493076324463,
            -0.3304029405117035,
            0.07692768424749374,
            6.296239376068115,
            0.026862027123570442,
            0.0,
            0.0,
            0.0,
            1.0,
            0.0,
            0.0,
            0.0
        ],
        "mean": [
            -0.1556323766708374,
            -0.39246559143066406,
            0.1345299482345581,
            0.25154727697372437,
            -0.8680415153503418,
            -0.5187302231788635,
            -0.6704013347625732,
            -0.050789725035429,
            1.0753120183944702,
            0.10758443176746368,
            -0.1985415667295456,
            -0.08776560425758362,
            -0.11934784799814224,
            0.04897075146436691,
            0.07511971145868301,
            0.06450937688350677,
            0.7415570020675659,
            -0.00672894436866045,
            0.018383212387561798,
            -0.6879693865776062,
            -0.0822906568646431,
            -0.30670425295829773,
            -0.3416759967803955,
            0.41264960169792175,
            0.27368539571762085,
            -1.0758172273635864,
            -0.5651273131370544,
            1.0562242269515991,
            6.450284957885742,
            -0.3679121732711792,
            0.5996513962745667,
            -0.23086215555667877,
            -0.37860676646232605,
            0.06346540153026581,
            0.6086366772651672,
            -0.006003665272146463,
            0.0,
            0.0,
            0.0,
            1.0,
            0.0,
            0.0,
            0.0
        ],