{
    "action": {
        "min": [
            0.0,
            0.0,
            0.0,
            0.0,
            0.0,
            0.0,
            0.0,
            0.0,
            0.0,
            0.0,
            0.0,
            -10.0
        ],
        "max": [
            0.0,
            0.0,
            0.0,
            0.0,
            0.0,
            0.0,
            0.0,
            0.0,
            0.0,
            0.0,
            0.0,
            10.0
        ],
        "mean": [
            0.0,
            0.0,
            0.0,
            0.0,
            0.0,
            0.0,
            0.0,
            0.0,
            0.0,
            0.0,
            0.0,
            -1.633167272530045e-07
        ],
        "std": [
            0.0,
            0.0,
            0.0,
            0.0,
            0.0,
            0.0,
            0.0,
            0.0,
            0.0,
            0.0,
            0.0,
            7.071068286895752
        ],
        "count": [
            200
        ],
        "q01": [
            3.9995784462121265e-16,
            3.9995784462121265e-16,
            3.9995784462121265e-16,
            3.9995784462121265e-16,
            3.9995784462121265e-16,
            3.9995784462121265e-16,
            3.9995784462121265e-16,
            3.9995784462121265e-16,
            3.9995784462121265e-16,
            3.9995784462121265e-16,
            3.9995784462121265e-16,
            -10.0
        ],
        "q10": [
            3.999578446212126e-15,
            3.999578446212126e-15,
            3.999578446212126e-15,
            3.999578446212126e-15,
            3.999578446212126e-15,
            3.999578446212126e-15,
            3.999578446212126e-15,
            3.999578446212126e-15,
            3.999578446212126e-15,
            3.999578446212126e-15,
            3.999578446212126e-15,
            -9.510000228881836
        ],
        "q50": [
            1.9997892231060632e-14,
            1.9997892231060632e-14,
            1.9997892231060632e-14,
            1.9997892231060632e-14,
            1.9997892231060632e-14,
            1.9997892231060632e-14,
            1.9997892231060632e-14,
            1.9997892231060632e-14,
            1.9997892231060632e-14,
            1.9997892231060632e-14,
            1.9997892231060632e-14,
            0.0013335545857747395
        ],
        "q90": [
            3.599620601590914e-14,
            3.599620601590914e-14,
            3.599620601590914e-14,
            3.599620601590914e-14,
            3.599620601590914e-14,
            3.599620601590914e-14,
            3.599620601590914e-14,
            3.599620601590914e-14,
            3.599620601590914e-14,
            3.599620601590914e-14,
            3.599620601590914e-14,
            9.510001182556152
        ],
        "q99": [
            3.959582661750005e-14,
            3.959582661750005e-14,
            3.959582661750005e-14,
            3.959582661750005e-14,
            3.959582661750005e-14,
            3.959582661750005e-14,
            3.959582661750005e-14,
            3.959582661750005e-14,
            3.959582661750005e-14,
            3.959582661750005e-14,
            3.959582661750005e-14,
            9.984001159667969
        ]
    },
    "observation.state": {
        "min": [
            -0.174534410238266,
            -7.849311828613281,
            0.07179487496614456,
            0.23857957124710083,
            -7.849311828613281,
            -0.6984127163887024,
            -0.6679829359054565,
            -16.160348892211914,
            0.8351648449897766,
            0.06285625696182251,
            -16.160348892211914,
            -0.1318681389093399,
            -0.09890701621770859,
            -5.5966572761535645,
            0.024175824597477913,
            -0.12088635563850403,
            -4.897075176239014,
            0.06715507060289383,
            -0.0017279012827202678,
            -7.849311828613281,
            -0.17435897886753082,
            -0.3489038646221161,
            -10.619657516479492,
            0.21978022158145905,
            0.2499479353427887,
            -15.236899375915527,
            -0.6593406796455383,
            0.5020154118537903,
            -18.930692672729492,
            -1.0695971250534058,
            -0.18682436645030975,
            -32.88036346435547,
            -0.42710623145103455,
            -6.967450141906738,
            -189.58676147460938,
            -1.157753348350525,
            0.0,
            0.0,
            0.0,
            1.0,
            0.0,
            0.0,
            0.0
        ],
        "max": [
            -0.15255507826805115,
            6.002415180206299,
            0.2290598303079605,
            0.2605589032173157,
            7.849311828613281,
            -0.34676435589790344,
            -0.6460036039352417,
            29.088626861572266,
            1.186813235282898,
            0.08483558893203735,
            14.313450813293457,
            0.07326007634401321,
            -0.07692768424749374,
            4.897075176239014,
            0.11819291859865189,
            -0.09890701621770859,
            5.5966572761535645,
            0.16923077404499054,
            0.04223077371716499,
            5.0789666175842285,
            0.010256410576403141,
            -0.28296586871147156,
            8.772760391235352,
            0.6398046612739563,
            0.27192726731300354,
            18.930692672729492,
            -0.4542124569416046,
            0.5239947438240051,
            24.471384048461914,
            -0.8351648449897766,
            0.8022458553314209,
            25.18495750427246,
            0.212210014462471,
            8.418086051940918,
            200.08050537109375,
            0.7252747416496277,
            0.0,
            0.0,
            0.0,
            1.0,
            0.0,
            0.0,
            0.0
        ],
        "mean": [
            -0.1649734377861023,
            -0.21701030433177948,
            0.14413675665855408,
            0.24616220593452454,
            -0.26780015230178833,
            -0.5261048674583435,
            -0.6665549278259277,
            0.2677999436855316,
            1.0638831853866577,
            0.0676918476819992,
            0.12466558814048767,
            -0.014505494385957718,
            -0.08220283687114716,
            -0.10493738949298859,
            0.05628938227891922,
            -0.1094573438167572,
            0.7625448107719421,
            0.10644076019525528,
            0.023548336699604988,
            -0.5586860179901123,
            -0.09087180346250534,
            -0.3183525800704956,
            -0.3878483176231384,
            0.43169716000556946,
            0.26884981989860535,
            -0.4386381506919861,
            -0.5523802042007446,
            0.519268810749054,
            0.023086298257112503,
            -0.9693772196769714,
            0.1337442845106125,
            -0.1713976114988327,
            -0.07748354971408844,
            0.4368395209312439,
            -4.005107402801514,
            -0.08059950917959213,
            0.0,
            0.0,
            0.0,
            1.0,
            0.0,
            0.0,
            0.0
        ],