{
    "action": {
        "min": [
            0.0,
            0.0,
            0.0,
            0.0,
            0.0,
            -10.0,
            0.0,
            0.0,
            0.0,
            0.0,
            0.0,
            0.0
        ],
        "max": [
            0.0,
            0.0,
            0.0,
            0.0,
            0.0,
            10.0,
            0.0,
            0.0,
            0.0,
            0.0,
            0.0,
            0.0
        ],
        "mean": [
            0.0,
            0.0,
            0.0,
            0.0,
            0.0,
            1.5497207073167374e-08,
            0.0,
            0.0,
            0.0,
            0.0,
            0.0,
            0.0
        ],
        "std": [
            0.0,
            0.0,
            0.0,
            0.0,
            0.0,
            7.071067810058594,
            0.0,
            0.0,
            0.0,
            0.0,
            0.0,
            0.0
        ],
        "count": [
            200
        ],
        "q01": [
            3.9995784462121265e-16,
            3.9995784462121265e-16,
            3.9995784462121265e-16,
            3.9995784462121265e-16,
            3.9995784462121265e-16,
            -10.0,
            3.9995784462121265e-16,
            3.9995784462121265e-16,
            3.9995784462121265e-16,
            3.9995784462121265e-16,
            3.9995784462121265e-16,
            3.9995784462121265e-16
        ],
        "q10": [
            3.999578446212126e-15,
            3.999578446212126e-15,
            3.999578446212126e-15,
            3.999578446212126e-15,
            3.999578446212126e-15,
            -9.510000228881836,
            3.999578446212126e-15,
            3.999578446212126e-15,
            3.999578446212126e-15,
            3.999578446212126e-15,
            3.999578446212126e-15,
            3.999578446212126e-15
        ],
        "q50": [
            1.9997892231060632e-14,
            1.9997892231060632e-14,
            1.9997892231060632e-14,
            1.9997892231060632e-14,
            1.9997892231060632e-14,
            0.0,
            1.9997892231060632e-14,
            1.9997892231060632e-14,
            1.9997892231060632e-14,
            1.9997892231060632e-14,
            1.9997892231060632e-14,
            1.9997892231060632e-14
        ],
        "q90": [
            3.599620601590914e-14,
            3.599620601590914e-14,
            3.599620601590914e-14,
            3.599620601590914e-14,
            3.599620601590914e-14,
            9.510001182556152,
            3.599620601590914e-14,
            3.599620601590914e-14,
            3.599620601590914e-14,
            3.599620601590914e-14,
            3.599620601590914e-14,
            3.599620601590914e-14
        ],
        "q99": [
            3.959582661750005e-14,
            3.959582661750005e-14,
            3.959582661750005e-14,
            3.959582661750005e-14,
            3.959582661750005e-14,
            9.998400115966797,
            3.959582661750005e-14,
            3.959582661750005e-14,
            3.959582661750005e-14,
            3.959582661750005e-14,
            3.959582661750005e-14,
            3.959582661750005e-14
        ]
    },
    "observation.state": {
        "min": [
            -0.174534410238266,
            -7.849311828613281,
            0.08547008782625198,
            0.23857957124710083,
            -9.696208953857422,
            -0.7179487347602844,
            -0.6679829359054565,
            -18.007244110107422,
            0.8351648449897766,
            0.06285625696182251,
            -16.160348892211914,
            -0.1318681389093399,
            -0.5604730844497681,
            -12.59247875213623,
            -0.2390720397233963,
            -6.3520283699035645,
            -160.20431518554688,
            -1.6949938535690308,
            0.020251436159014702,
            -6.925863265991211,
            -0.1538461595773697,
            -0.32692453265190125,
            -11.543106079101562,
            0.3174603283405304,
            0.2499479353427887,
            -24.471384048461914,
            -0.6300366520881653,
            0.5020154118537903,
            -18.007244110107422,
            -1.0695971250534058,
            0.6813594698905945,
            -4.197493076324463,
            -0.470085471868515,
            -0.010989668779075146,
            -4.197493076324463,
            0.0,
            0.0,
            0.0,
            0.0,
            1.0,
            0.0,
            0.0,
            0.0
        ],
        "max": [
            -0.15255507826805115,
            6.002415180206299,
            0.24273504316806793,
            0.2605589032173157,
            9.696208953857422,
            -0.23931623995304108,
            -0.6679829359054565,
            18.007244110107422,
            1.245421290397644,
            0.08483558893203735,
            21.701038360595703,
            0.07326007634401321,
            0.13187602162361145,
            21.687047958374023,
            0.37338218092918396,
            9.022518157958984,
            184.689697265625,
            0.6178266406059265,
            0.020251436159014702,
            6.925863265991211,
            -0.010256410576403141,
            -0.3049452006816864,
            11.543106079101562,
            0.5811966061592102,
            0.27192726731300354,
            21.701038360595703,
            -0.4542124569416046,
            0.5020154118537903,
            18.930692672729492,
            -0.8351648449897766,
            0.7143284678459167,
            6.296239376068115,
            -0.4029304087162018,
            0.010989668779075146,
            6.296239376068115,
            0.06984127312898636,
            0.0,
            0.0,
            0.0,
            1.0,
            0.0,
            0.0,
            0.0
        ],
        "mean": [
            -0.16881968080997467,
            -0.8126345872879028,
            0.15145301818847656,
            0.247261181473732,
            -0.13851724565029144,
            -0.5127226710319519,
            -0.6679836511611938,
            -0.43863803148269653,
            1.0600736141204834,
            0.08219823986291885,
            1.2004823684692383,
            -0.02725277654826641,
            -0.27798381447792053,
            0.3672806918621063,
            0.166396826505661,
            0.6804253458976746,
            -1.934343695640564,
            -0.31421855092048645,
            0.02025146223604679,
            -0.5125138759613037,
            -0.08547009527683258,
            -0.3207702338695526,
            -0.3832310140132904,
            0.43892520666122437,
            0.26357483863830566,
            -0.9465343356132507,
            -0.5482776165008545,
            0.5020146369934082,
            -0.0784931555390358,
            -0.9443222284317017,
            0.6942732930183411,
            -0.12242688983678818,
            -0.43986567854881287,
            0.00016484501247759908,
            0.7940257787704468,
            0.03191211074590683,
            0.0,
            0.0,
            0.0,
            1.0,
            0.0,
            0.0,
            0.0
        ],