{
    "action": {
        "min": [
            0.0,
            0.0,
            0.0,
            0.0,
            -10.0,
            0.0,
            0.0,
            0.0,
            0.0,
            0.0,
            0.0,
            0.0
        ],
        "max": [
            0.0,
            0.0,
            0.0,
            0.0,
            10.0,
            0.0,
            0.0,
            0.0,
            0.0,
            0.0,
            0.0,
            0.0
        ],
        "mean": [
            0.0,
            0.0,
            0.0,
            0.0,
            1.5497207073167374e-08,
            0.0,
            0.0,
            0.0,
            0.0,
            0.0,
            0.0,
            0.0
        ],
        "std": [
            0.0,
            0.0,
            0.0,
            0.0,
            7.071067810058594,
            0.0,
            0.0,
            0.0,
            0.0,
            0.0,
            0.0,
            0.0
        ],
        "count": [
            200
        ],
        "q01": [
            3.9995784462121265e-16,
            3.9995784462121265e-16,
            3.9995784462121265e-16,
            3.9995784462121265e-16,
            -10.0,
            3.9995784462121265e-16,
            3.9995784462121265e-16,
            3.9995784462121265e-16,
            3.9995784462121265e-16,
            3.9995784462121265e-16,
            3.9995784462121265e-16,
            3.9995784462121265e-16
        ],
        "q10": [
            3.999578446212126e-15,
            3.999578446212126e-15,
            3.999578446212126e-15,
            3.999578446212126e-15,
            -9.510000228881836,
            3.999578446212126e-15,
            3.999578446212126e-15,
            3.999578446212126e-15,
            3.999578446212126e-15,
            3.999578446212126e-15,
            3.999578446212126e-15,
            3.999578446212126e-15
        ],
        "q50": [
            1.9997892231060632e-14,
            1.9997892231060632e-14,
            1.9997892231060632e-14,
            1.9997892231060632e-14,
            0.0,
            1.9997892231060632e-14,
            1.9997892231060632e-14,
            1.9997892231060632e-14,
            1.9997892231060632e-14,
            1.9997892231060632e-14,
            1.9997892231060632e-14,
            1.9997892231060632e-14
        ],
        "q90": [
            3.599620601590914e-14,
            3.599620601590914e-14,
            3.599620601590914e-14,
            3.599620601590914e-14,
            9.510001182556152,
            3.599620601590914e-14,
            3.599620601590914e-14,
            3.599620601590914e-14,
            3.599620601590914e-14,
            3.599620601590914e-14,
            3.599620601590914e-14,
            3.599620601590914e-14
        ],
        "q99": [
            3.959582661750005e-14,
            3.959582661750005e-14,
            3.959582661750005e-14,
            3.959582661750005e-14,
            9.998400115966797,
            3.959582661750005e-14,
            3.959582661750005e-14,
            3.959582661750005e-14,
            3.959582661750005e-14,
            3.959582661750005e-14,
            3.959582661750005e-14,
            3.959582661750005e-14
        ]
    },
    "observation.state": {
        "min": [
            -0.174534410238266,
            -6.925863265991211,
            0.0923076942563057,
            0.23857957124710083,
            -7.849311828613281,
            -0.6691086888313293,
            -0.7339209914207458,
            -18.930692672729492,
            0.8644688725471497,
            0.06285625696182251,
            -19.854141235351562,
            -0.1318681389093399,
            -9.396166801452637,
            -188.88719177246094,
            -0.4485958516597748,
            -0.6593801379203796,
            -23.086212158203125,
            -0.3384615480899811,
            0.020251436159014702,
            -8.772760391235352,
            -0.1538461595773697,
            -0.32692453265190125,
            -10.619657516479492,
            0.28815630078315735,
            0.2499479353427887,
            -24.471384048461914,
            -0.6300366520881653,
            0.48003605008125305,
            -17.083797454833984,
            -1.0989011526107788,
            0.6813594698905945,
            -4.897075176239014,
            -0.46471306681632996,
            -0.010989668779075146,
            -5.5966572761535645,
            -0.002686202758923173,
            0.0,
            0.0,
            0.0,
            1.0,
            0.0,
            0.0,
            0.0
        ],
        "max": [
            -0.15255507826805115,
            9.696208953857422,
            0.20854701101779938,
            0.2605589032173157,
            7.849311828613281,
            -0.34676435589790344,
            -0.6460036039352417,
            17.083797454833984,
            1.186813235282898,
            0.08483558893203735,
            18.930692672729492,
            0.10256410390138626,
            9.187363624572754,
            157.40599060058594,
            0.6043956279754639,
            0.4176074266433716,
            20.287883758544922,
            0.3062271177768707,
            0.04223077371716499,
            5.0789666175842285,
            -0.003418803447857499,
            -0.3049452006816864,
            8.772760391235352,
            0.5909646153450012,
            0.27192726731300354,
            15.236899375915527,
            -0.42490842938423157,
            0.5239947438240051,
            20.777589797973633,
            -0.8351648449897766,
            0.7033388018608093,
            4.897075176239014,
            -0.4056166112422943,
            0.02197933755815029,
            4.897075176239014,
            0.06178266182541847,
            0.0,
            0.0,
            0.0,
            1.0,
            0.0,
            0.0,
            0.0
        ],
        "mean": [
            -0.16870975494384766,
            -0.7849311828613281,
            0.14858123660087585,
            0.24528297781944275,
            -0.7387584447860718,
            -0.5213674306869507,
            -0.6702913641929626,
            0.25856563448905945,
            1.073846697807312,
            0.08219823986291885,
            0.15236908197402954,
            -0.03487185388803482,
            0.019891228526830673,
            -4.680204391479492,
            0.09732113778591156,
            -0.0163746140897274,
            0.9444354772567749,
            0.04053480923175812,
            0.020471252501010895,
            -0.4016999900341034,
            -0.08389744907617569,
            -0.3208802044391632,
            -0.6048585176467896,
            0.43536025285720825,
            0.26258566975593567,
            -0.34167590737342834,
            -0.5466658473014832,
            0.5014651417732239,
            -0.6879692077636719,
            -0.9430038332939148,
            0.6907015442848206,
            0.18189136683940887,
            -0.4375421106815338,
            0.0034067968372255564,
            0.46872013807296753,
            0.02923932485282421,
            0.0,
            0.0,
            0.0,
            1.0,
            0.0,
            0.0,
            0.0
        ],