{
    "action": {
        "min": [
            0.0,
            0.0,
            0.0,
            0.0,
            0.0,
            0.0,
            0.0,
            0.0,
            0.0,
            0.0,
            0.0,
            -10.0
        ],
        "max": [
            0.0,
            0.0,
            0.0,
            0.0,
            0.0,
            0.0,
            0.0,
            0.0,
            0.0,
            0.0,
            0.0,
            10.0
        ],
        "mean": [
            0.0,
            0.0,
            0.0,
            0.0,
            0.0,
            0.0,
            0.0,
            0.0,
            0.0,
            0.0,
            0.0,
            2.5033950024067053e-08
        ],
        "std": [
            0.0,
            0.0,
            0.0,
            0.0,
            0.0,
            0.0,
            0.0,
            0.0,
            0.0,
            0.0,
            0.0,
            7.07106876373291
        ],
        "count": [
            200
        ],
        "q01": [
            3.9995784462121265e-16,
            3.9995784462121265e-16,
            3.9995784462121265e-16,
            3.9995784462121265e-16,
            3.9995784462121265e-16,
            3.9995784462121265e-16,
            3.9995784462121265e-16,
            3.9995784462121265e-16,
            3.9995784462121265e-16,
            3.9995784462121265e-16,
            3.9995784462121265e-16,
            -9.99399995803833
        ],
        "q10": [
            3.999578446212126e-15,
            3.999578446212126e-15,
            3.999578446212126e-15,
            3.999578446212126e-15,
            3.999578446212126e-15,
            3.999578446212126e-15,
            3.999578446212126e-15,
            3.999578446212126e-15,
            3.999578446212126e-15,
            3.999578446212126e-15,
            3.999578446212126e-15,
            -9.510000228881836
        ],
        "q50": [
            1.9997892231060632e-14,
            1.9997892231060632e-14,
            1.9997892231060632e-14,
            1.9997892231060632e-14,
            1.9997892231060632e-14,
            1.9997892231060632e-14,
            1.9997892231060632e-14,
            1.9997892231060632e-14,
            1.9997892231060632e-14,
            1.9997892231060632e-14,
            1.9997892231060632e-14,
            0.0020003318786621094
        ],
        "q90": [
            3.599620601590914e-14,
            3.599620601590914e-14,
            3.599620601590914e-14,
            3.599620601590914e-14,
            3.599620601590914e-14,
            3.599620601590914e-14,
            3.599620601590914e-14,
            3.599620601590914e-14,
            3.599620601590914e-14,
            3.599620601590914e-14,
            3.599620601590914e-14,
            9.510001182556152
        ],
        "q99": [
            3.959582661750005e-14,
            3.959582661750005e-14,
            3.959582661750005e-14,
            3.959582661750005e-14,
            3.959582661750005e-14,
            3.959582661750005e-14,
            3.959582661750005e-14,
            3.959582661750005e-14,
            3.959582661750005e-14,
            3.959582661750005e-14,
            3.959582661750005e-14,
            9.994000434875488
        ]
    },
    "observation.state": {
        "min": [
            -0.19651375710964203,
            -7.849311828613281,
            0.07179487496614456,
            0.216600239276886,
            -8.772760391235352,
            -0.6886447072029114,
            -0.6679829359054565,
            -18.007244110107422,
            0.8644688725471497,
            0.06285625696182251,
            -14.313450813293457,
            -0.1318681389093399,
            -0.09890701621770859,
            -4.197493076324463,
            0.024175824597477913,
            -0.12088635563850403,
            -4.897075176239014,
            0.053724054247140884,
            -0.02370723895728588,
            -6.002415180206299,
            -0.20170940458774567,
            -0.3489038646221161,
            -10.619657516479492,
            0.21001221239566803,
            0.2499479353427887,
            -18.007244110107422,
            -0.6300366520881653,
            0.48003605008125305,
            -22.624486923217773,
            -1.0695971250534058,
            -0.13187602162361145,
            -39.876182556152344,
            -0.46471306681632996,
            -6.956460475921631,
            -204.2779998779297,
            -1.0798535346984863,
            0.0,
            0.0,
            0.0,
            1.0,
            0.0,
            0.0,
            0.0
        ],
        "max": [
            -0.15255507826805115,
            6.002415180206299,
            0.2290598303079605,
            0.2605589032173157,
            11.543106079101562,
            -0.3076923191547394,
            -0.6460036039352417,
            13.390002250671387,
            1.186813235282898,
            0.08483558893203735,
            18.930692672729492,
            0.07326007634401321,
            -0.07692768424749374,
            4.197493076324463,
            0.10476190596818924,
            -0.09890701621770859,
            5.5966572761535645,
            0.1557997614145279,
            0.04223077371716499,
            4.155518054962158,
            0.05811965838074684,
            -0.28296586871147156,
            10.619657516479492,
            0.7472527623176575,
            0.27192726731300354,
            16.160348892211914,
            -0.4542124569416046,
            0.5020154118537903,
            18.007244110107422,
            -0.8351648449897766,
            0.747297465801239,
            40.575767517089844,
            0.212210014462471,
            8.593920707702637,
            242.7550048828125,
            0.6957265138626099,
            0.0,
            0.0,
            0.0,
            1.0,
            0.0,
            0.0,
            0.0
        ],
        "mean": [
            -0.16717129945755005,
            -0.58638995885849,
            0.1483076512813568,
            0.24418403208255768,
            -0.3001207709312439,
            -0.508327305316925,
            -0.6672142744064331,
            -0.8541900515556335,
            1.0627113580703735,
            0.07263722270727158,
            0.11543110013008118,
            -0.023003678768873215,
            -0.08060935139656067,
            0.25184956192970276,
            0.05388525873422623,
            -0.10698465257883072,
            0.5456743836402893,
            0.10419782996177673,
            0.01266857236623764,
            -0.3232070803642273,
            -0.0728205218911171,
            -0.32186946272850037,
            -0.28626906871795654,
            0.4385349750518799,
            0.2639044523239136,
            -1.311296820640564,
            -0.5481310486793518,
            0.49838829040527344,
            -0.7479931116104126,
            -0.9330402612686157,
            0.1456131637096405,
            -0.09094563126564026,
            -0.08035776019096375,
            0.3233160376548767,
            -3.4909143447875977,
            -0.07176186889410019,
            0.0,
            0.0,
            0.0,
            1.0,
            0.0,
            0.0,
            0.0
        ],