{
    "action": {
        "min": [
            0.0,
            0.0,
            0.0,
            0.0,
            0.0,
            0.0,
            0.0,
            0.0,
            0.0,
            -9.980267524719238,
            0.0,
            0.0
        ],
        "max": [
            0.0,
            0.0,
            0.0,
            0.0,
            0.0,
            0.0,
            0.0,
            0.0,
            0.0,
            9.980267524719238,
            0.0,
            0.0
        ],
        "mean": [
            0.0,
            0.0,
            0.0,
            0.0,
            0.0,
            0.0,
            0.0,
            0.0,
            0.0,
            3.4809113458322827e-07,
            0.0,
            0.0
        ],
        "std": [
            0.0,
            0.0,
            0.0,
            0.0,
            0.0,
            0.0,
            0.0,
            0.0,
            0.0,
            7.07106876373291,
            0.0,
            0.0
        ],
        "count": [
            200
        ],
        "q01": [
            3.9995784462121265e-16,
            3.9995784462121265e-16,
            3.9995784462121265e-16,
            3.9995784462121265e-16,
            3.9995784462121265e-16,
            3.9995784462121265e-16,
            3.9995784462121265e-16,
            3.9995784462121265e-16,
            3.9995784462121265e-16,
            -9.980267524719238,
            3.9995784462121265e-16,
            3.9995784462121265e-16
        ],
        "q10": [
            3.999578446212126e-15,
            3.999578446212126e-15,
            3.999578446212126e-15,
            3.999578446212126e-15,
            3.999578446212126e-15,
            3.999578446212126e-15,
            3.999578446212126e-15,
            3.999578446212126e-15,
            3.999578446212126e-15,
            -9.511195182800293,
            3.999578446212126e-15,
            3.999578446212126e-15
        ],
        "q50": [
            1.9997892231060632e-14,
            1.9997892231060632e-14,
            1.9997892231060632e-14,
            1.9997892231060632e-14,
            1.9997892231060632e-14,
            1.9997892231060632e-14,
            1.9997892231060632e-14,
            1.9997892231060632e-14,
            1.9997892231060632e-14,
            -0.001995086669921875,
            1.9997892231060632e-14,
            1.9997892231060632e-14
        ],
        "q90": [
            3.599620601590914e-14,
            3.599620601590914e-14,
            3.599620601590914e-14,
            3.599620601590914e-14,
            3.599620601590914e-14,
            3.599620601590914e-14,
            3.599620601590914e-14,
            3.599620601590914e-14,
            3.599620601590914e-14,
            9.51119613647461,
            3.599620601590914e-14,
            3.599620601590914e-14
        ],
        "q99": [
            3.959582661750005e-14,
            3.959582661750005e-14,
            3.959582661750005e-14,
            3.959582661750005e-14,
            3.959582661750005e-14,
            3.959582661750005e-14,
            3.959582661750005e-14,
            3.959582661750005e-14,
            3.959582661750005e-14,
            9.979269981384277,
            3.959582661750005e-14,
            3.959582661750005e-14
        ]
    },
    "observation.state": {
        "min": [
            -0.26245176792144775,
            -6.002415180206299,
            -0.11965811997652054,
            0.19462089240550995,
            -10.619657516479492,
            -0.7081807255744934,
            -0.8218383193016052,
            -18.930692672729492,
            0.8644688725471497,
            0.04087691754102707,
            -18.930692672729492,
            -0.1318681389093399,
            -0.06593801081180573,
            -6.296239376068115,
            0.013431013561785221,
            -0.1098966896533966,
            -4.197493076324463,
            0.07521367818117142,
            -0.08964525163173676,
            -5.0789666175842285,
            -0.3452991545200348,
            -0.3489038646221161,
            -9.696208953857422,
            0.21978022158145905,
            -0.05776279419660568,
            -24.471384048461914,
            -1.0695971250534058,
            -8.81722354888916,
            -199.00314331054688,
            -2.5641026496887207,
            0.6264111399650574,
            -5.5966572761535645,
            -0.43785104155540466,
            0.1098966896533966,
            -4.197493076324463,
            -0.07789988070726395,
            0.0,
            0.0,
            0.0,
            1.0,
            0.0,
            0.0,
            0.0
        ],
        "max": [
            -0.06463772803544998,
            5.0789666175842285,
            0.3452991545200348,
            0.2605589032173157,
            12.466554641723633,
            -0.3272283375263214,
            -0.4921482503414154,
            17.083797454833984,
            1.3040293455123901,
            0.08483558893203735,
            16.160348892211914,
            0.10256410390138626,
            -0.04395867511630058,
            4.897075176239014,
            0.0644688680768013,
            -0.08791735023260117,
            6.995821475982666,
            0.11819291859865189,
            0.1521274596452713,
            6.925863265991211,
            0.19487179815769196,
            -0.2609865069389343,
            11.543106079101562,
            0.5421245694160461,
            0.6235966682434082,
            19.854141235351562,
            -0.07326007634401321,
            9.205833435058594,
            197.15625,
            1.4212454557418823,
            0.6593801379203796,
            5.5966572761535645,
            -0.3760683834552765,
            0.13187602162361145,
            5.5966572761535645,
            -0.010744811035692692,
            0.0,
            0.0,
            0.0,
            1.0,
            0.0,
            0.0,
            0.0
        ],
        "mean": [
            -0.16475355625152588,
            -0.47095879912376404,
            0.14413678646087646,
            0.24781069159507751,
            -0.5910071134567261,
            -0.5145298838615417,
            -0.6727089881896973,
            0.38784828782081604,
            1.0769237279891968,
            0.06857103109359741,
            0.2724173367023468,
            -0.020073261111974716,
            -0.05516822636127472,
            -0.09094572067260742,
            0.035860832780599594,
            -0.0902252122759819,
            0.7555487751960754,
            0.09484976530075073,
            0.005854955408722162,
            -0.2724173069000244,
            -0.05839317664504051,
            -0.30285775661468506,
            0.060024194419384,
            0.40991446375846863,
            0.28720301389694214,
            -0.10619661957025528,
            -0.5909157395362854,
            0.4609138071537018,
            -6.884310722351074,
            -0.49772879481315613,
            0.6443243622779846,
            -0.09094572067260742,
            -0.40610015392303467,
            0.11451257020235062,
            0.5946449637413025,
            -0.038654476404190063,
            0.0,
            0.0,
            0.0,
            1.0,
            0.0,
            0.0,
            0.0
        ],