{
    "action": {
        "min": [
            0.0,
            0.0,
            0.0,
            0.0,
            0.0,
            0.0,
            0.0,
            0.0,
            0.0,
            -9.999802589416504,
            0.0,
            0.0
        ],
        "max": [
            0.0,
            0.0,
            0.0,
            0.0,
            0.0,
            0.0,
            0.0,
            0.0,
            0.0,
            9.998223304748535,
            0.0,
            0.0
        ],
        "mean": [
            0.0,
            0.0,
            0.0,
            0.0,
            0.0,
            0.0,
            0.0,
            0.0,
            0.0,
            0.6395046710968018,
            0.0,
            0.0
        ],
        "std": [
            0.0,
            0.0,
            0.0,
            0.0,
            0.0,
            0.0,
            0.0,
            0.0,
            0.0,
            6.977660179138184,
            0.0,
            0.0
        ],
        "count": [
            200
        ],
        "q01": [
            3.9995784462121265e-16,
            3.9995784462121265e-16,
            3.9995784462121265e-16,
            3.9995784462121265e-16,
            3.9995784462121265e-16,
            3.9995784462121265e-16,
            3.9995784462121265e-16,
            3.9995784462121265e-16,
            3.9995784462121265e-16,
            -9.999802589416504,
            3.9995784462121265e-16,
            3.9995784462121265e-16
        ],
        "q10": [
            3.999578446212126e-15,
            3.999578446212126e-15,
            3.999578446212126e-15,
            3.999578446212126e-15,
            3.999578446212126e-15,
            3.999578446212126e-15,
            3.999578446212126e-15,
            3.999578446212126e-15,
            3.999578446212126e-15,
            -9.38386344909668,
            3.999578446212126e-15,
            3.999578446212126e-15
        ],
        "q50": [
            1.9997892231060632e-14,
            1.9997892231060632e-14,
            1.9997892231060632e-14,
            1.9997892231060632e-14,
            1.9997892231060632e-14,
            1.9997892231060632e-14,
            1.9997892231060632e-14,
            1.9997892231060632e-14,
            1.9997892231060632e-14,
            1.0671052932739258,
            1.9997892231060632e-14,
            1.9997892231060632e-14
        ],
        "q90": [
            3.599620601590914e-14,
            3.599620601590914e-14,
            3.599620601590914e-14,
            3.599620601590914e-14,
            3.599620601590914e-14,
            3.599620601590914e-14,
            3.599620601590914e-14,
            3.599620601590914e-14,
            3.599620601590914e-14,
            9.53027057647705,
            3.599620601590914e-14,
            3.599620601590914e-14
        ],
        "q99": [
            3.959582661750005e-14,
            3.959582661750005e-14,
            3.959582661750005e-14,
            3.959582661750005e-14,
            3.959582661750005e-14,
            3.959582661750005e-14,
            3.959582661750005e-14,
            3.959582661750005e-14,
            3.959582661750005e-14,
            9.995556831359863,
            3.959582661750005e-14,
            3.959582661750005e-14
        ]
    },
    "observation.state": {
        "min": [
            -0.2844310998916626,
            -8.772760391235352,
            -0.26324787735939026,
            0.216600239276886,
            -8.772760391235352,
            -0.7081807255744934,
            -0.8438176512718201,
            -15.236899375915527,
            0.8351648449897766,
            0.06285625696182251,
            -12.466554641723633,
            -0.1318681389093399,
            -0.08791735023260117,
            -4.197493076324463,
            0.026862027123570442,
            -0.1098966896533966,
            -4.897075176239014,
            0.056410256773233414,
            -0.15558326244354248,
            -10.619657516479492,
            -0.37948718667030334,
            -0.414841890335083,
            -10.619657516479492,
            0.02442002482712269,
            -0.07974213361740112,
            -27.241729736328125,
            -1.9780219793319702,
            -8.509512901306152,
            -231.32383728027344,
            -2.5347986221313477,
            0.7033388018608093,
            -4.897075176239014,
            -0.5050061345100403,
            0.03296900540590286,
            -4.197493076324463,
            -0.056410256773233414,
            0.0,
            0.0,
            0.0,
            1.0,
            0.0,
            0.0,
            0.0
        ],
        "max": [
            0.0013002868508920074,
            14.313450813293457,
            0.37264958024024963,
            0.2825382351875305,
            10.619657516479492,
            -0.3174603283405304,
            -0.5141276121139526,
            17.083797454833984,
            1.3333333730697632,
            0.08483558893203735,
            18.007244110107422,
            0.07326007634401321,
            -0.06593801081180573,
            4.897075176239014,
            0.10476190596818924,
            -0.08791735023260117,
            4.897075176239014,
            0.15042735636234283,
            0.1521274596452713,
            5.0789666175842285,
            0.3384615480899811,
            -0.1950485110282898,
            10.619657516479492,
            0.7472527623176575,
            0.8873487114906311,
            30.012075424194336,
            -0.014652014710009098,
            9.073957443237305,
            225.78314208984375,
            1.274725317955017,
            0.747297465801239,
            4.897075176239014,
            -0.3868131935596466,
            0.06593801081180573,
            6.296239376068115,
            0.048351649194955826,
            0.0,
            0.0,
            0.0,
            1.0,
            0.0,
            0.0,
            0.0
        ],
        "mean": [
            -0.16365459561347961,
            -0.544834554195404,
            0.14225640892982483,
            0.2541848421096802,
            -0.29550352692604065,
            -0.5217095017433167,
            -0.6780939698219299,
            -0.26780006289482117,
            1.0758975744247437,
            0.07120855897665024,
            1.3251489400863647,
            -0.014065934345126152,
            -0.0810488909482956,
            0.052468668669462204,
            0.05234067514538765,
            -0.10379763692617416,
            0.5211886763572693,
            0.10047739744186401,
            0.01816343516111374,
            -0.6002416610717773,
            -0.08991451561450958,
            -0.31384700536727905,
            -0.6371796727180481,
            0.43536025285720825,
            0.29412660002708435,
            -0.5217486023902893,
            -0.6090843677520752,
            0.950613796710968,
            2.6641485691070557,
            -0.6023443341255188,
            0.7237789034843445,
            -0.07695401459932327,
            -0.45398175716400146,
            0.05066242814064026,
            0.6086364984512329,
            0.0017326007364317775,
            0.0,
            0.0,
            0.0,
            1.0,
            0.0,
            0.0,
            0.0
        ],