{
    "action": {
        "min": [
            0.0,
            0.0,
            0.0,
            0.0,
            0.0,
            -9.999210357666016,
            0.0,
            0.0,
            0.0,
            0.0,
            0.0,
            0.0
        ],
        "max": [
            0.0,
            0.0,
            0.0,
            0.0,
            0.0,
            9.999210357666016,
            0.0,
            0.0,
            0.0,
            0.0,
            0.0,
            0.0
        ],
        "mean": [
            0.0,
            0.0,
            0.0,
            0.0,
            0.0,
            0.4336545169353485,
            0.0,
            0.0,
            0.0,
            0.0,
            0.0,
            0.0
        ],
        "std": [
            0.0,
            0.0,
            0.0,
            0.0,
            0.0,
            7.092873573303223,
            0.0,
            0.0,
            0.0,
            0.0,
            0.0,
            0.0
        ],
        "count": [
            200
        ],
        "q01": [
            3.9995784462121265e-16,
            3.9995784462121265e-16,
            3.9995784462121265e-16,
            3.9995784462121265e-16,
            3.9995784462121265e-16,
            -9.9912109375,
            3.9995784462121265e-16,
            3.9995784462121265e-16,
            3.9995784462121265e-16,
            3.9995784462121265e-16,
            3.9995784462121265e-16,
            3.9995784462121265e-16
        ],
        "q10": [
            3.999578446212126e-15,
            3.999578446212126e-15,
            3.999578446212126e-15,
            3.999578446212126e-15,
            3.999578446212126e-15,
            -9.507248878479004,
            3.999578446212126e-15,
            3.999578446212126e-15,
            3.999578446212126e-15,
            3.999578446212126e-15,
            3.999578446212126e-15,
            3.999578446212126e-15
        ],
        "q50": [
            1.9997892231060632e-14,
            1.9997892231060632e-14,
            1.9997892231060632e-14,
            1.9997892231060632e-14,
            1.9997892231060632e-14,
            1.0019207000732422,
            1.9997892231060632e-14,
            1.9997892231060632e-14,
            1.9997892231060632e-14,
            1.9997892231060632e-14,
            1.9997892231060632e-14,
            1.9997892231060632e-14
        ],
        "q90": [
            3.599620601590914e-14,
            3.599620601590914e-14,
            3.599620601590914e-14,
            3.599620601590914e-14,
            3.599620601590914e-14,
            9.587242126464844,
            3.599620601590914e-14,
            3.599620601590914e-14,
            3.599620601590914e-14,
            3.599620601590914e-14,
            3.599620601590914e-14,
            3.599620601590914e-14
        ],
        "q99": [
            3.959582661750005e-14,
            3.959582661750005e-14,
            3.959582661750005e-14,
            3.959582661750005e-14,
            3.959582661750005e-14,
            9.995210647583008,
            3.959582661750005e-14,
            3.959582661750005e-14,
            3.959582661750005e-14,
            3.959582661750005e-14,
            3.959582661750005e-14,
            3.959582661750005e-14
        ]
    },
    "observation.state": {
        "min": [
            -0.19651375710964203,
            -6.002415180206299,
            0.05128205195069313,
            0.216600239276886,
            -9.696208953857422,
            -0.7765567898750305,
            -0.6679829359054565,
            -15.236899375915527,
            0.8644688725471497,
            0.1068149283528328,
            -15.236899375915527,
            -0.21978022158145905,
            -0.5604730844497681,
            -17.489553451538086,
            -0.28205129504203796,
            -6.3520283699035645,
            -200.7800750732422,
            -1.5526251792907715,
            0.020251436159014702,
            -6.002415180206299,
            -0.17435897886753082,
            -0.32692453265190125,
            -8.772760391235352,
            0.29792430996894836,
            0.2499479353427887,
            -19.854141235351562,
            -0.6300366520881653,
            0.48003605008125305,
            -20.777589797973633,
            -1.0402930974960327,
            0.6813594698905945,
            -3.497910737991333,
            -0.4620268642902374,
            0.04395867511630058,
            -4.897075176239014,
            -0.03223443403840065,
            0.0,
            0.0,
            0.0,
            1.0,
            0.0,
            0.0,
            0.0
        ],
        "max": [
            -0.1305757462978363,
            7.849311828613281,
            0.27008548378944397,
            0.2825382351875305,
            8.772760391235352,
            -0.27838829159736633,
            -0.6460036039352417,
            17.083797454833984,
            1.186813235282898,
            0.12879426777362823,
            18.930692672729492,
            0.014652014710009098,
            0.1648450344800949,
            23.78579330444336,
            0.4056166112422943,
            9.088456153869629,
            214.771728515625,
            0.6527472734451294,
            0.04223077371716499,
            6.002415180206299,
            -0.023931624367833138,
            -0.3049452006816864,
            9.696208953857422,
            0.6007326245307922,
            0.27192726731300354,
            18.007244110107422,
            -0.4542124569416046,
            0.5020154118537903,
            20.777589797973633,
            -0.8351648449897766,
            0.7033388018608093,
            4.897075176239014,
            -0.40024420619010925,
            0.06593801081180573,
            6.296239376068115,
            0.03492063656449318,
            0.0,
            0.0,
            0.0,
            1.0,
            0.0,
            0.0,
            0.0
        ],
        "mean": [
            -0.17310570180416107,
            -0.45710697770118713,
            0.1569231003522873,
            0.248140349984169,
            -0.4986621141433716,
            -0.5219535231590271,
            -0.663148045539856,
            0.1061965748667717,
            1.040732979774475,
            0.11209017038345337,
            0.8726585507392883,
            -0.09890110790729523,
            -0.26880747079849243,
            -0.24835164844989777,
            0.15378506481647491,
            0.6286091208457947,
            5.285343170166016,
            -0.27267640829086304,
            0.0400327667593956,
            -0.4894276559352875,
            -0.10482051968574524,
            -0.3229680359363556,
            -0.3416759967803955,
            0.44737476110458374,
            0.26797059178352356,
            -0.918831467628479,
            -0.5539918541908264,
            0.49487149715423584,
            -0.9557693600654602,
            -0.9299633502960205,
            0.6870200634002686,
            0.13641852140426636,
            -0.43441277742385864,
            0.05027777701616287,
            0.4162513315677643,
            0.0022295480594038963,
            0.0,
            0.0,
            0.0,
            1.0,
            0.0,
            0.0,
            0.0
        ],