{
    "action": {
        "min": [
            0.0,
            0.0,
            -9.996841430664062,
            0.0,
            0.0,
            0.0,
            0.0,
            0.0,
            0.0,
            0.0,
            0.0,
            0.0
        ],
        "max": [
            0.0,
            0.0,
            10.0,
            0.0,
            0.0,
            0.0,
            0.0,
            0.0,
            0.0,
            0.0,
            0.0,
            0.0
        ],
        "mean": [
            0.0,
            0.0,
            0.8136031627655029,
            0.0,
            0.0,
            0.0,
            0.0,
            0.0,
            0.0,
            0.0,
            0.0,
            0.0
        ],
        "std": [
            0.0,
            0.0,
            6.9429826736450195,
            0.0,
            0.0,
            0.0,
            0.0,
            0.0,
            0.0,
            0.0,
            0.0,
            0.0
        ],
        "count": [
            200
        ],
        "q01": [
            3.9995784462121265e-16,
            3.9995784462121265e-16,
            -9.996841430664062,
            3.9995784462121265e-16,
            3.9995784462121265e-16,
            3.9995784462121265e-16,
            3.9995784462121265e-16,
            3.9995784462121265e-16,
            3.9995784462121265e-16,
            3.9995784462121265e-16,
            3.9995784462121265e-16,
            3.9995784462121265e-16
        ],
        "q10": [
            3.999578446212126e-15,
            3.999578446212126e-15,
            -9.34094524383545,
            3.999578446212126e-15,
            3.999578446212126e-15,
            3.999578446212126e-15,
            3.999578446212126e-15,
            3.999578446212126e-15,
            3.999578446212126e-15,
            3.999578446212126e-15,
            3.999578446212126e-15,
            3.999578446212126e-15
        ],
        "q50": [
            1.9997892231060632e-14,
            1.9997892231060632e-14,
            1.5053415298461914,
            1.9997892231060632e-14,
            1.9997892231060632e-14,
            1.9997892231060632e-14,
            1.9997892231060632e-14,
            1.9997892231060632e-14,
            1.9997892231060632e-14,
            1.9997892231060632e-14,
            1.9997892231060632e-14,
            1.9997892231060632e-14
        ],
        "q90": [
            3.599620601590914e-14,
            3.599620601590914e-14,
            9.588064193725586,
            3.599620601590914e-14,
            3.599620601590914e-14,
            3.599620601590914e-14,
            3.599620601590914e-14,
            3.599620601590914e-14,
            3.599620601590914e-14,
            3.599620601590914e-14,
            3.599620601590914e-14,
            3.599620601590914e-14
        ],
        "q99": [
            3.959582661750005e-14,
            3.959582661750005e-14,
            9.98800277709961,
            3.959582661750005e-14,
            3.959582661750005e-14,
            3.959582661750005e-14,
            3.959582661750005e-14,
            3.959582661750005e-14,
            3.959582661750005e-14,
            3.959582661750005e-14,
            3.959582661750005e-14,
            3.959582661750005e-14
        ]
    },
    "observation.state": {
        "min": [
            -0.4602658152580261,
            -8.772760391235352,
            -0.37264958024024963,
            0.08472420275211334,
            -10.619657516479492,
            -1.0793651342391968,
            -11.284003257751465,
            -242.4052276611328,
            -5.084249019622803,
            -0.09099911153316498,
            -16.160348892211914,
            -0.3663003742694855,
            -0.13187602162361145,
            -4.897075176239014,
            0.045665446668863297,
            0.0,
            -3.497910737991333,
            0.002686202758923173,
            -0.19954194128513336,
            -7.849311828613281,
            -0.3384615480899811,
            -0.37088319659233093,
            -10.619657516479492,
            0.08302808552980423,
            -0.0138041190803051,
            -32.78242111206055,
            -0.8644688725471497,
            0.48003605008125305,
            -15.236899375915527,
            -1.0695971250534058,
            0.6813594698905945,
            -4.897075176239014,
            -0.4754578769207001,
            0.06593801081180573,
            -4.897075176239014,
            -0.056410256773233414,
            0.0,
            0.0,
            0.0,
            1.0,
            0.0,
            0.0,
            0.0
        ],
        "max": [
            0.0892176404595375,
            14.313450813293457,
            0.632478654384613,
            0.3924349248409271,
            8.772760391235352,
            -0.02442002482712269,
            10.079913139343262,
            219.3190155029297,
            5.787545680999756,
            0.2606703042984009,
            21.701038360595703,
            0.3076923191547394,
            -0.07692768424749374,
            4.897075176239014,
            0.11282051354646683,
            0.04395867511630058,
            4.897075176239014,
            0.056410256773233414,
            0.10816878825426102,
            6.925863265991211,
            0.4068376123905182,
            -0.21702784299850464,
            8.772760391235352,
            0.7179487347602844,
            0.5356793403625488,
            23.547935485839844,
            -0.21978022158145905,
            0.54597407579422,
            18.007244110107422,
            -0.7765567898750305,
            0.7253181338310242,
            4.197493076324463,
            -0.39218559861183167,
            0.1098966896533966,
            5.5966572761535645,
            0.016117217019200325,
            0.0,
            0.0,
            0.0,
            1.0,
            0.0,
            0.0,
            0.0
        ],
        "mean": [
            -0.1709078997373581,
            -0.4755760133266449,
            0.1582564115524292,
            0.23330429196357727,
            -0.789548397064209,
            -0.49123314023017883,
            0.18536478281021118,
            2.7888095378875732,
            0.9286452531814575,
            0.09175929427146912,
            0.22162756323814392,
            -0.058754585683345795,
            -0.10720446705818176,
            -0.020987482741475105,
            0.06762519478797913,
            0.01818789914250374,
            0.8045194745063782,
            0.02346399612724781,
            0.009041955694556236,
            -0.3970828950405121,
            -0.06899144500494003,
            -0.30538514256477356,
            -0.6464139819145203,
            0.4096216559410095,
            0.27511435747146606,
            -0.6002417206764221,
            -0.5679115653038025,
            0.5023447275161743,
            -0.22162769734859467,
            -0.9487176537513733,
            0.7002072334289551,
            -0.12592481076717377,
            -0.4412085711956024,
            0.09006039798259735,
            0.6086363196372986,
            -0.022402949631214142,
            0.0,
            0.0,
            0.0,
            1.0,
            0.0,
            0.0,
            0.0
        ],