{
    "action": {
        "min": [
            0.0,
            -9.999802589416504,
            0.0,
            0.0,
            0.0,
            0.0,
            0.0,
            0.0,
            0.0,
            0.0,
            0.0,
            0.0
        ],
        "max": [
            0.0,
            9.999210357666016,
            0.0,
            0.0,
            0.0,
            0.0,
            0.0,
            0.0,
            0.0,
            0.0,
            0.0,
            0.0
        ],
        "mean": [
            0.0,
            2.041501998901367,
            0.0,
            0.0,
            0.0,
            0.0,
            0.0,
            0.0,
            0.0,
            0.0,
            0.0,
            0.0
        ],
        "std": [
            0.0,
            6.960394859313965,
            0.0,
            0.0,
            0.0,
            0.0,
            0.0,
            0.0,
            0.0,
            0.0,
            0.0,
            0.0
        ],
        "count": [
            200
        ],
        "q01": [
            3.9995784462121265e-16,
            -9.991803169250488,
            3.9995784462121265e-16,
            3.9995784462121265e-16,
            3.9995784462121265e-16,
            3.9995784462121265e-16,
            3.9995784462121265e-16,
            3.9995784462121265e-16,
            3.9995784462121265e-16,
            3.9995784462121265e-16,
            3.9995784462121265e-16,
            3.9995784462121265e-16
        ],
        "q10": [
            3.999578446212126e-15,
            -9.07184886932373,
            3.999578446212126e-15,
            3.999578446212126e-15,
            3.999578446212126e-15,
            3.999578446212126e-15,
            3.999578446212126e-15,
            3.999578446212126e-15,
            3.999578446212126e-15,
            3.999578446212126e-15,
            3.999578446212126e-15,
            3.999578446212126e-15
        ],
        "q50": [
            1.9997892231060632e-14,
            3.9155092239379883,
            1.9997892231060632e-14,
            1.9997892231060632e-14,
            1.9997892231060632e-14,
            1.9997892231060632e-14,
            1.9997892231060632e-14,
            1.9997892231060632e-14,
            1.9997892231060632e-14,
            1.9997892231060632e-14,
            1.9997892231060632e-14,
            1.9997892231060632e-14
        ],
        "q90": [
            3.599620601590914e-14,
            9.731221199035645,
            3.599620601590914e-14,
            3.599620601590914e-14,
            3.599620601590914e-14,
            3.599620601590914e-14,
            3.599620601590914e-14,
            3.599620601590914e-14,
            3.599620601590914e-14,
            3.599620601590914e-14,
            3.599620601590914e-14,
            3.599620601590914e-14
        ],
        "q99": [
            3.959582661750005e-14,
            9.996543248494467,
            3.959582661750005e-14,
            3.959582661750005e-14,
            3.959582661750005e-14,
            3.959582661750005e-14,
            3.959582661750005e-14,
            3.959582661750005e-14,
            3.959582661750005e-14,
            3.959582661750005e-14,
            3.959582661750005e-14,
            3.959582661750005e-14
        ]
    },
    "observation.state": {
        "min": [
            -0.174534410238266,
            -6.002415180206299,
            0.003418803447857499,
            -9.54222583770752,
            -40.17000961303711,
            -0.7765567898750305,
            -0.711941659450531,
            -17.083797454833984,
            0.8058608174324036,
            0.06285625696182251,
            -18.007244110107422,
            -0.10256410390138626,
            -0.1098966896533966,
            -4.897075176239014,
            0.04297924414277077,
            0.04395867511630058,
            -4.897075176239014,
            -0.018803419545292854,
            -0.02370723895728588,
            -5.0789666175842285,
            -0.0991453006863594,
            -0.32692453265190125,
            -9.696208953857422,
            0.2686202824115753,
            0.2499479353427887,
            -12.466554641723633,
            -0.6300366520881653,
            0.48003605008125305,
            -15.236899375915527,
            -1.0109890699386597,
            0.4835454225540161,
            -4.897075176239014,
            -0.34652015566825867,
            0.13187602162361145,
            -4.197493076324463,
            -0.10744810849428177,
            0.0,
            0.0,
            0.0,
            1.0,
            0.0,
            0.0,
            0.0
        ],
        "max": [
            -0.10859639942646027,
            6.002415180206299,
            0.23589743673801422,
            9.799591064453125,
            40.17000961303711,
            0.48351648449897766,
            -0.602044939994812,
            14.313450813293457,
            1.216117262840271,
            0.08483558893203735,
            14.313450813293457,
            0.10256410390138626,
            -0.08791735023260117,
            6.296239376068115,
            0.08595848828554153,
            0.06593801081180573,
            6.995821475982666,
            0.02954822964966297,
            -0.0017279012827202678,
            5.0789666175842285,
            0.04444444552063942,
            -0.3049452006816864,
            6.925863265991211,
            0.5811966061592102,
            0.27192726731300354,
            18.007244110107422,
            -0.48351648449897766,
            0.5020154118537903,
            18.007244110107422,
            -0.8351648449897766,
            0.505524754524231,
            5.5966572761535645,
            -0.2578754723072052,
            0.1538553684949875,
            7.695404052734375,
            -0.008058608509600163,
            0.0,
            0.0,
            0.0,
            1.0,
            0.0,
            0.0,
            0.0
        ],
        "mean": [
            -0.14453274011611938,
            -0.3970829248428345,
            0.11917947977781296,
            1.8047173023223877,
            2.359410524368286,
            -0.1606837660074234,
            -0.6621589660644531,
            -1.3944073915481567,
            1.0468865633010864,
            0.06340586394071579,
            -0.03232068940997124,
            -0.009377289563417435,
            -0.09533550590276718,
            0.10843522846698761,
            0.061943843960762024,
            0.05709138512611389,
            0.39526402950286865,
            -0.0014236874412745237,
            -0.00436541298404336,
            -0.42940348386764526,
            -0.044341906905174255,
            -0.3152755796909332,
            -0.8218690752983093,
            0.4338459372520447,
            0.2715972661972046,
            -0.3693794310092926,
            -0.5643948912620544,
            0.4871789515018463,
            -0.26318275928497314,
            -0.9235169887542725,
            0.49607381224632263,
            0.03148117661476135,
            -0.3141782283782959,
            0.13616207242012024,
            0.7730381488800049,
            -0.05015143007040024,
            0.0,
            0.0,
            0.0,
            1.0,
            0.0,
            0.0,
            0.0
        ],