{
    "action": {
        "min": [
            0.0,
            0.0,
            0.0,
            0.0,
            0.0,
            -10.0,
            0.0,
            0.0,
            0.0,
            0.0,
            0.0,
            0.0
        ],
        "max": [
            0.0,
            0.0,
            0.0,
            0.0,
            0.0,
            10.0,
            0.0,
            0.0,
            0.0,
            0.0,
            0.0,
            0.0
        ],
        "mean": [
            0.0,
            0.0,
            0.0,
            0.0,
            0.0,
            3.248453239734772e-08,
            0.0,
            0.0,
            0.0,
            0.0,
            0.0,
            0.0
        ],
        "std": [
            0.0,
            0.0,
            0.0,
            0.0,
            0.0,
            7.071067810058594,
            0.0,
            0.0,
            0.0,
            0.0,
            0.0,
            0.0
        ],
        "count": [
            200
        ],
        "q01": [
            3.9995784462121265e-16,
            3.9995784462121265e-16,
            3.9995784462121265e-16,
            3.9995784462121265e-16,
            3.9995784462121265e-16,
            -9.99399995803833,
            3.9995784462121265e-16,
            3.9995784462121265e-16,
            3.9995784462121265e-16,
            3.9995784462121265e-16,
            3.9995784462121265e-16,
            3.9995784462121265e-16
        ],
        "q10": [
            3.999578446212126e-15,
            3.999578446212126e-15,
            3.999578446212126e-15,
            3.999578446212126e-15,
            3.999578446212126e-15,
            -9.510000228881836,
            3.999578446212126e-15,
            3.999578446212126e-15,
            3.999578446212126e-15,
            3.999578446212126e-15,
            3.999578446212126e-15,
            3.999578446212126e-15
        ],
        "q50": [
            1.9997892231060632e-14,
            1.9997892231060632e-14,
            1.9997892231060632e-14,
            1.9997892231060632e-14,
            1.9997892231060632e-14,
            0.0020003318786621094,
            1.9997892231060632e-14,
            1.9997892231060632e-14,
            1.9997892231060632e-14,
            1.9997892231060632e-14,
            1.9997892231060632e-14,
            1.9997892231060632e-14
        ],
        "q90": [
            3.599620601590914e-14,
            3.599620601590914e-14,
            3.599620601590914e-14,
            3.599620601590914e-14,
            3.599620601590914e-14,
            9.510001182556152,
            3.599620601590914e-14,
            3.599620601590914e-14,
            3.599620601590914e-14,
            3.599620601590914e-14,
            3.599620601590914e-14,
            3.599620601590914e-14
        ],
        "q99": [
            3.959582661750005e-14,
            3.959582661750005e-14,
            3.959582661750005e-14,
            3.959582661750005e-14,
            3.959582661750005e-14,
            9.994000434875488,
            3.959582661750005e-14,
            3.959582661750005e-14,
            3.959582661750005e-14,
            3.959582661750005e-14,
            3.959582661750005e-14,
            3.959582661750005e-14
        ]
    },
    "observation.state": {
        "min": [
            -0.174534410238266,
            -6.002415180206299,
            0.08547008782625198,
            0.19462089240550995,
            -8.772760391235352,
            -0.5909646153450012,
            -0.6899623274803162,
            -18.930692672729492,
            0.8937729001045227,
            0.01889757812023163,
            -17.083797454833984,
            -0.014652014710009098,
            -0.5275040864944458,
            -18.189136505126953,
            -0.21489621698856354,
            -6.461925506591797,
            -54.56740951538086,
            -2.028083086013794,
            -0.02370723895728588,
            -4.155518054962158,
            -0.10598290711641312,
            -0.32692453265190125,
            -12.466554641723633,
            0.22954823076725006,
            0.2499479353427887,
            -21.701038360595703,
            -0.6593406796455383,
            0.48003605008125305,
            -15.236899375915527,
            -1.0402930974960327,
            0.3736487329006195,
            -5.5966572761535645,
            -0.27936509251594543,
            -0.02197933755815029,
            -4.897075176239014,
            0.013431013561785221,
            0.0,
            0.0,
            0.0,
            1.0,
            0.0,
            0.0,
            0.0
        ],
        "max": [
            -0.15255507826805115,
            6.925863265991211,
            0.20854701101779938,
            0.23857957124710083,
            7.849311828613281,
            -0.2490842491388321,
            -0.6679829359054565,
            17.083797454833984,
            1.216117262840271,
            0.04087691754102707,
            21.701038360595703,
            0.190476194024086,
            0.2527623772621155,
            25.884540557861328,
            0.3599511682987213,
            9.055486679077148,
            48.97075271606445,
            0.6446886658668518,
            -0.0017279012827202678,
            4.155518054962158,
            0.03076923079788685,
            -0.3049452006816864,
            9.696208953857422,
            0.6007326245307922,
            0.27192726731300354,
            16.160348892211914,
            -0.48351648449897766,
            0.5020154118537903,
            16.160348892211914,
            -0.8351648449897766,
            0.40661776065826416,
            4.897075176239014,
            -0.212210014462471,
            0.0,
            5.5966572761535645,
            0.07789988070726395,
            0.0,
            0.0,
            0.0,
            1.0,
            0.0,
            0.0,
            0.0
        ],
        "mean": [
            -0.17046810686588287,
            -0.272417277097702,
            0.1498461663722992,
            0.2164899855852127,
            -0.21701042354106903,
            -0.45904740691185,
            -0.6832588911056519,
            -0.4155518412590027,
            1.0943597555160522,
            0.020216308534145355,
            1.537541151046753,
            0.0707692950963974,
            -0.24902594089508057,
            0.13991641998291016,
            0.1484530121088028,
            0.6627875566482544,
            -0.412752240896225,
            -0.3407313823699951,
            -0.001947694574482739,
            -0.48942768573760986,
            -0.05025641992688179,
            -0.30604487657546997,
            -0.40631726384162903,
            0.4276924133300781,
            0.271707147359848,
            -0.3693794906139374,
            -0.5608782768249512,
            0.49322307109832764,
            -1.0758174657821655,
            -0.9287912845611572,
            0.39139771461486816,
            0.05946449190378189,
            -0.24852752685546875,
            -0.013242548331618309,
            0.6331219673156738,
            0.04432235658168793,
            0.0,
            0.0,
            0.0,
            1.0,
            0.0,
            0.0,
            0.0
        ],