{
    "action": {
        "min": [
            0.0,
            0.0,
            0.0,
            0.0,
            0.0,
            0.0,
            -9.996841430664062,
            0.0,
            0.0,
            0.0,
            0.0,
            0.0
        ],
        "max": [
            0.0,
            0.0,
            0.0,
            0.0,
            0.0,
            0.0,
            9.999802589416504,
            0.0,
            0.0,
            0.0,
            0.0,
            0.0
        ],
        "mean": [
            0.0,
            0.0,
            0.0,
            0.0,
            0.0,
            0.0,
            1.1214410066604614,
            0.0,
            0.0,
            0.0,
            0.0,
            0.0
        ],
        "std": [
            0.0,
            0.0,
            0.0,
            0.0,
            0.0,
            0.0,
            6.87050199508667,
            0.0,
            0.0,
            0.0,
            0.0,
            0.0
        ],
        "count": [
            200
        ],
        "q01": [
            3.9995784462121265e-16,
            3.9995784462121265e-16,
            3.9995784462121265e-16,
            3.9995784462121265e-16,
            3.9995784462121265e-16,
            3.9995784462121265e-16,
            -9.996841430664062,
            3.9995784462121265e-16,
            3.9995784462121265e-16,
            3.9995784462121265e-16,
            3.9995784462121265e-16,
            3.9995784462121265e-16
        ],
        "q10": [
            3.999578446212126e-15,
            3.999578446212126e-15,
            3.999578446212126e-15,
            3.999578446212126e-15,
            3.999578446212126e-15,
            3.999578446212126e-15,
            -9.27296257019043,
            3.999578446212126e-15,
            3.999578446212126e-15,
            3.999578446212126e-15,
            3.999578446212126e-15,
            3.999578446212126e-15
        ],
        "q50": [
            1.9997892231060632e-14,
            1.9997892231060632e-14,
            1.9997892231060632e-14,
            1.9997892231060632e-14,
            1.9997892231060632e-14,
            1.9997892231060632e-14,
            1.9371557235717773,
            1.9997892231060632e-14,
            1.9997892231060632e-14,
            1.9997892231060632e-14,
            1.9997892231060632e-14,
            1.9997892231060632e-14
        ],
        "q90": [
            3.599620601590914e-14,
            3.599620601590914e-14,
            3.599620601590914e-14,
            3.599620601590914e-14,
            3.599620601590914e-14,
            3.599620601590914e-14,
            9.655858993530273,
            3.599620601590914e-14,
            3.599620601590914e-14,
            3.599620601590914e-14,
            3.599620601590914e-14,
            3.599620601590914e-14
        ],
        "q99": [
            3.959582661750005e-14,
            3.959582661750005e-14,
            3.959582661750005e-14,
            3.959582661750005e-14,
            3.959582661750005e-14,
            3.959582661750005e-14,
            9.997135480244955,
            3.959582661750005e-14,
            3.959582661750005e-14,
            3.959582661750005e-14,
            3.959582661750005e-14,
            3.959582661750005e-14
        ]
    },
    "observation.state": {
        "min": [
            -0.174534410238266,
            -5.0789666175842285,
            0.07863248139619827,
            0.23857957124710083,
            -10.619657516479492,
            -0.6495726704597473,
            -0.6899623274803162,
            -21.701038360595703,
            0.8644688725471497,
            0.08483558893203735,
            -20.777589797973633,
            -0.16117216646671295,
            -0.08791735023260117,
            -4.897075176239014,
            0.024175824597477913,
            -0.14286570250988007,
            -4.897075176239014,
            0.07521367818117142,
            -9.430863380432129,
            -78.95484161376953,
            -0.4068376123905182,
            -0.37088319659233093,
            -11.543106079101562,
            0.16117216646671295,
            0.18400992453098297,
            -18.930692672729492,
            -0.7179487347602844,
            0.48003605008125305,
            -21.701038360595703,
            -1.0402930974960327,
            0.61542147397995,
            -4.897075176239014,
            -0.4324786365032196,
            0.0549483448266983,
            -3.497910737991333,
            -0.04297924414277077,
            0.0,
            0.0,
            0.0,
            1.0,
            0.0,
            0.0,
            0.0
        ],
        "max": [
            -0.15255507826805115,
            6.002415180206299,
            0.20854701101779938,
            0.2605589032173157,
            12.466554641723633,
            -0.3663003742694855,
            -0.6679829359054565,
            17.083797454833984,
            1.186813235282898,
            0.1068149283528328,
            16.160348892211914,
            0.07326007634401321,
            -0.06593801081180573,
            4.897075176239014,
            0.11282051354646683,
            -0.12088635563850403,
            7.695404052734375,
            0.17191697657108307,
            9.273552894592285,
            88.1893310546875,
            0.7213675379753113,
            -0.28296586871147156,
            13.390002250671387,
            0.6788766980171204,
            0.33786529302597046,
            20.777589797973633,
            -0.42490842938423157,
            0.5020154118537903,
            18.930692672729492,
            -0.8351648449897766,
            0.6483904719352722,
            5.5966572761535645,
            -0.37338218092918396,
            0.07692768424749374,
            5.5966572761535645,
            0.024175824597477913,
            0.0,
            0.0,
            0.0,
            1.0,
            0.0,
            0.0,
            0.0
        ],
        "mean": [
            -0.16233594715595245,
            -0.1246655210852623,
            0.14372654259204865,
            0.2389088124036789,
            -0.26780009269714355,
            -0.5026618838310242,
            -0.6690825819969177,
            -0.8541894555091858,
            1.0682790279388428,
            0.08494563400745392,
            0.4063173532485962,
            -0.040732674300670624,
            -0.07775210589170456,
            0.15390801429748535,
            0.05074237659573555,
            -0.13313983380794525,
            0.8115155100822449,
            0.12300126254558563,
            1.043829083442688,
            -0.12004958838224411,
            0.09189746528863907,
            -0.3215397596359253,
            0.027703505009412766,
            0.4418560862541199,
            0.25917887687683105,
            -0.3739963471889496,
            -0.5434423089027405,
            0.5003662705421448,
            -0.9095968008041382,
            -0.9380217790603638,
            0.6293783187866211,
            0.3672805726528168,
            -0.39947864413261414,
            0.06352030485868454,
            0.6191303133964539,
            -0.005466423463076353,
            0.0,
            0.0,
            0.0,
            1.0,
            0.0,
            0.0,
            0.0
        ],