{
    "action": {
        "min": [
            0.0,
            0.0,
            0.0,
            0.0,
            0.0,
            0.0,
            0.0,
            0.0,
            0.0,
            0.0,
            -9.999210357666016,
            0.0
        ],
        "max": [
            0.0,
            0.0,
            0.0,
            0.0,
            0.0,
            0.0,
            0.0,
            0.0,
            0.0,
            0.0,
            9.999210357666016,
            0.0
        ],
        "mean": [
            0.0,
            0.0,
            0.0,
            0.0,
            0.0,
            0.0,
            0.0,
            0.0,
            0.0,
            0.0,
            0.5275000929832458,
            0.0
        ],
        "std": [
            0.0,
            0.0,
            0.0,
            0.0,
            0.0,
            0.0,
            0.0,
            0.0,
            0.0,
            0.0,
            6.997615814208984,
            0.0
        ],
        "count": [
            200
        ],
        "q01": [
            3.9995784462121265e-16,
            3.9995784462121265e-16,
            3.9995784462121265e-16,
            3.9995784462121265e-16,
            3.9995784462121265e-16,
            3.9995784462121265e-16,
            3.9995784462121265e-16,
            3.9995784462121265e-16,
            3.9995784462121265e-16,
            3.9995784462121265e-16,
            -9.993210792541504,
            3.9995784462121265e-16
        ],
        "q10": [
            3.999578446212126e-15,
            3.999578446212126e-15,
            3.999578446212126e-15,
            3.999578446212126e-15,
            3.999578446212126e-15,
            3.999578446212126e-15,
            3.999578446212126e-15,
            3.999578446212126e-15,
            3.999578446212126e-15,
            3.999578446212126e-15,
            -9.427255630493164,
            3.999578446212126e-15
        ],
        "q50": [
            1.9997892231060632e-14,
            1.9997892231060632e-14,
            1.9997892231060632e-14,
            1.9997892231060632e-14,
            1.9997892231060632e-14,
            1.9997892231060632e-14,
            1.9997892231060632e-14,
            1.9997892231060632e-14,
            1.9997892231060632e-14,
            1.9997892231060632e-14,
            1.0019207000732422,
            1.9997892231060632e-14
        ],
        "q90": [
            3.599620601590914e-14,
            3.599620601590914e-14,
            3.599620601590914e-14,
            3.599620601590914e-14,
            3.599620601590914e-14,
            3.599620601590914e-14,
            3.599620601590914e-14,
            3.599620601590914e-14,
            3.599620601590914e-14,
            3.599620601590914e-14,
            9.58524227142334,
            3.599620601590914e-14
        ],
        "q99": [
            3.959582661750005e-14,
            3.959582661750005e-14,
            3.959582661750005e-14,
            3.959582661750005e-14,
            3.959582661750005e-14,
            3.959582661750005e-14,
            3.959582661750005e-14,
            3.959582661750005e-14,
            3.959582661750005e-14,
            3.959582661750005e-14,
            9.995210647583008,
            3.959582661750005e-14
        ]
    },
    "observation.state": {
        "min": [
            -0.26245176792144775,
            -6.925863265991211,
            -0.023931624367833138,
            0.216600239276886,
            -8.772760391235352,
            -0.7277167439460754,
            -0.7339209914207458,
            -15.236899375915527,
            0.8058608174324036,
            0.06285625696182251,
            -16.160348892211914,
            -0.1318681389093399,
            -0.09890701621770859,
            -6.995821475982666,
            0.02954822964966297,
            -0.12088635563850403,
            -3.497910737991333,
            0.07789988070726395,
            -0.13360393047332764,
            -6.002415180206299,
            -0.4068376123905182,
            -0.37088319659233093,
            -7.849311828613281,
            0.2490842491388321,
            0.008175218477845192,
            -22.624486923217773,
            -1.0989011526107788,
            0.4580567181110382,
            -15.236899375915527,
            -1.0695971250534058,
            -9.209342956542969,
            -180.49220275878906,
            -0.6043956279754639,
            -0.08791735023260117,
            -8.394986152648926,
            -0.09133089333772659,
            0.0,
            0.0,
            0.0,
            1.0,
            0.0,
            0.0,
            0.0
        ],
        "max": [
            -0.08661706745624542,
            5.0789666175842285,
            0.33162394165992737,
            0.2825382351875305,
            8.772760391235352,
            -0.3174603283405304,
            -0.5361069440841675,
            17.083797454833984,
            1.274725317955017,
            0.08483558893203735,
            18.930692672729492,
            0.10256410390138626,
            -0.07692768424749374,
            4.897075176239014,
            0.10207570344209671,
            -0.09890701621770859,
            5.5966572761535645,
            0.15311355888843536,
            0.1521274596452713,
            7.849311828613281,
            0.20170940458774567,
            -0.28296586871147156,
            8.772760391235352,
            0.5909646153450012,
            0.6016173362731934,
            25.394832611083984,
            -0.21978022158145905,
            0.5239947438240051,
            14.313450813293457,
            -0.8644688725471497,
            8.989548683166504,
            175.59512329101562,
            0.41904762387275696,
            0.1648450344800949,
            9.094568252563477,
            0.06178266182541847,
            0.0,
            0.0,
            0.0,
            1.0,
            0.0,
            0.0,
            0.0
        ],
        "mean": [
            -0.15936876833438873,
            -0.5956243276596069,
            0.13955560326576233,
            0.25209668278694153,
            -0.15698619186878204,
            -0.5252745151519775,
            -0.6643569469451904,
            -0.3462933301925659,
            1.0574361085891724,
            0.0778023824095726,
            1.1681623458862305,
            -0.02315019629895687,
            -0.07978516817092896,
            0.13991640508174896,
            0.053468894213438034,
            -0.11000676453113556,
            0.47571563720703125,
            0.10499018430709839,
            0.02684522233903408,
            -0.5863897800445557,
            -0.09562396258115768,
            -0.3186824321746826,
            -0.5956242680549622,
            0.4392184913158417,
            0.27038857340812683,
            -0.2170102894306183,
            -0.5583880543708801,
            0.5025641322135925,
            0.2077760249376297,
            -0.9475458264350891,
            0.7110316753387451,
            1.9098602533340454,
            -0.09818071126937866,
            0.05912448838353157,
            0.6226281523704529,
            -0.0036532357335090637,
            0.0,
            0.0,
            0.0,
            1.0,
            0.0,
            0.0,
            0.0
        ],