{
    "action": {
        "min": [
            0.0,
            0.0,
            0.0,
            0.0,
            0.0,
            0.0,
            0.0,
            0.0,
            0.0,
            0.0,
            -10.0,
            0.0
        ],
        "max": [
            0.0,
            0.0,
            0.0,
            0.0,
            0.0,
            0.0,
            0.0,
            0.0,
            0.0,
            0.0,
            9.996841430664062,
            0.0
        ],
        "mean": [
            0.0,
            0.0,
            0.0,
            0.0,
            0.0,
            0.0,
            0.0,
            0.0,
            0.0,
            0.0,
            0.6386131048202515,
            0.0
        ],
        "std": [
            0.0,
            0.0,
            0.0,
            0.0,
            0.0,
            0.0,
            0.0,
            0.0,
            0.0,
            0.0,
            7.09650182723999,
            0.0
        ],
        "count": [
            200
        ],
        "q01": [
            3.9995784462121265e-16,
            3.9995784462121265e-16,
            3.9995784462121265e-16,
            3.9995784462121265e-16,
            3.9995784462121265e-16,
            3.9995784462121265e-16,
            3.9995784462121265e-16,
            3.9995784462121265e-16,
            3.9995784462121265e-16,
            3.9995784462121265e-16,
            -10.0,
            3.9995784462121265e-16
        ],
        "q10": [
            3.999578446212126e-15,
            3.999578446212126e-15,
            3.999578446212126e-15,
            3.999578446212126e-15,
            3.999578446212126e-15,
            3.999578446212126e-15,
            3.999578446212126e-15,
            3.999578446212126e-15,
            3.999578446212126e-15,
            3.999578446212126e-15,
            -9.42809009552002,
            3.999578446212126e-15
        ],
        "q50": [
            1.9997892231060632e-14,
            1.9997892231060632e-14,
            1.9997892231060632e-14,
            1.9997892231060632e-14,
            1.9997892231060632e-14,
            1.9997892231060632e-14,
            1.9997892231060632e-14,
            1.9997892231060632e-14,
            1.9997892231060632e-14,
            1.9997892231060632e-14,
            1.3782024383544922,
            1.9997892231060632e-14
        ],
        "q90": [
            3.599620601590914e-14,
            3.599620601590914e-14,
            3.599620601590914e-14,
            3.599620601590914e-14,
            3.599620601590914e-14,
            3.599620601590914e-14,
            3.599620601590914e-14,
            3.599620601590914e-14,
            3.599620601590914e-14,
            3.599620601590914e-14,
            9.548912048339844,
            3.599620601590914e-14
        ],
        "q99": [
            3.959582661750005e-14,
            3.959582661750005e-14,
            3.959582661750005e-14,
            3.959582661750005e-14,
            3.959582661750005e-14,
            3.959582661750005e-14,
            3.959582661750005e-14,
            3.959582661750005e-14,
            3.959582661750005e-14,
            3.959582661750005e-14,
            9.994841575622559,
            3.959582661750005e-14
        ]
    },
    "observation.state": {
        "min": [
            -0.19651375710964203,
            -6.925863265991211,
            0.08547008782625198,
            0.23857957124710083,
            -10.619657516479492,
            -0.6886447072029114,
            -0.6679829359054565,
            -17.083797454833984,
            0.9230769276618958,
            0.06285625696182251,
            -19.854141235351562,
            -0.10256410390138626,
            -0.13187602162361145,
            -5.5966572761535645,
            0.05909645929932594,
            -0.02197933755815029,
            -4.897075176239014,
            0.024175824597477913,
            -0.0017279012827202678,
            -6.925863265991211,
            -0.19487179815769196,
            -0.32692453265190125,
            -9.696208953857422,
            0.23931623995304108,
            0.22796858847141266,
            -21.701038360595703,
            -0.6300366520881653,
            0.4580567181110382,
            -17.083797454833984,
            -1.0109890699386597,
            -9.099445343017578,
            -140.6160125732422,
            -0.5533577799797058,
            -0.02197933755815029,
            -9.794150352478027,
            -0.083272285759449,
            0.0,
            0.0,
            0.0,
            1.0,
            0.0,
            0.0,
            0.0
        ],
        "max": [
            -0.15255507826805115,
            5.0789666175842285,
            0.2290598303079605,
            0.2605589032173157,
            12.466554641723633,
            -0.3760683834552765,
            -0.6460036039352417,
            20.777589797973633,
            1.186813235282898,
            0.08483558893203735,
            15.236899375915527,
            0.1318681389093399,
            -0.12088635563850403,
            4.197493076324463,
            0.11819291859865189,
            -0.010989668779075146,
            5.5966572761535645,
            0.083272285759449,
            0.020251436159014702,
            5.0789666175842285,
            -0.003418803447857499,
            -0.28296586871147156,
            8.772760391235352,
            0.5811966061592102,
            0.2939065992832184,
            20.777589797973633,
            -0.4542124569416046,
            0.48003605008125305,
            18.007244110107422,
            -0.8058608174324036,
            9.297260284423828,
            147.61183166503906,
            0.378754585981369,
            0.13187602162361145,
            6.995821475982666,
            0.07521367818117142,
            0.0,
            0.0,
            0.0,
            1.0,
            0.0,
            0.0,
            0.0
        ],
        "mean": [
            -0.17431440949440002,
            -0.346293181180954,
            0.1580171287059784,
            0.24627210199832916,
            -0.33244144916534424,
            -0.5204885601997375,
            -0.6676539778709412,
            -1.7314666509628296,
            1.0703295469284058,
            0.06395534425973892,
            0.5956242084503174,
            -0.009816849604249,
            -0.12890878319740295,
            -0.10143943876028061,
            0.08231870830059052,
            -0.013956877402961254,
            0.8290045857429504,
            0.046269871294498444,
            0.01937228813767433,
            -0.4247863292694092,
            -0.08013676851987839,
            -0.3063744604587555,
            -0.7295240163803101,
            0.4226618707180023,
            0.26808056235313416,
            0.5817724466323853,
            -0.5538453459739685,
            0.47915664315223694,
            -0.7479932904243469,
            -0.9022713303565979,
            0.581847608089447,
            4.029592514038086,
            -0.12120144069194794,
            0.04412353038787842,
            0.5596659779548645,
            0.005909644532948732,
            0.0,
            0.0,
            0.0,
            1.0,
            0.0,
            0.0,
            0.0
        ],