{
    "action": {
        "min": [
            0.0,
            -10.0,
            0.0,
            0.0,
            0.0,
            0.0,
            0.0,
            0.0,
            0.0,
            0.0,
            0.0,
            0.0
        ],
        "max": [
            0.0,
            9.996841430664062,
            0.0,
            0.0,
            0.0,
            0.0,
            0.0,
            0.0,
            0.0,
            0.0,
            0.0,
            0.0
        ],
        "mean": [
            0.0,
            0.6386131048202515,
            0.0,
            0.0,
            0.0,
            0.0,
            0.0,
            0.0,
            0.0,
            0.0,
            0.0,
            0.0
        ],
        "std": [
            0.0,
            7.09650182723999,
            0.0,
            0.0,
            0.0,
            0.0,
            0.0,
            0.0,
            0.0,
            0.0,
            0.0,
            0.0
        ],
        "count": [
            200
        ],
        "q01": [
            3.9995784462121265e-16,
            -10.0,
            3.9995784462121265e-16,
            3.9995784462121265e-16,
            3.9995784462121265e-16,
            3.9995784462121265e-16,
            3.9995784462121265e-16,
            3.9995784462121265e-16,
            3.9995784462121265e-16,
            3.9995784462121265e-16,
            3.9995784462121265e-16,
            3.9995784462121265e-16
        ],
        "q10": [
            3.999578446212126e-15,
            -9.42809009552002,
            3.999578446212126e-15,
            3.999578446212126e-15,
            3.999578446212126e-15,
            3.999578446212126e-15,
            3.999578446212126e-15,
            3.999578446212126e-15,
            3.999578446212126e-15,
            3.999578446212126e-15,
            3.999578446212126e-15,
            3.999578446212126e-15
        ],
        "q50": [
            1.9997892231060632e-14,
            1.3782024383544922,
            1.9997892231060632e-14,
            1.9997892231060632e-14,
            1.9997892231060632e-14,
            1.9997892231060632e-14,
            1.9997892231060632e-14,
            1.9997892231060632e-14,
            1.9997892231060632e-14,
            1.9997892231060632e-14,
            1.9997892231060632e-14,
            1.9997892231060632e-14
        ],
        "q90": [
            3.599620601590914e-14,
            9.548912048339844,
            3.599620601590914e-14,
            3.599620601590914e-14,
            3.599620601590914e-14,
            3.599620601590914e-14,
            3.599620601590914e-14,
            3.599620601590914e-14,
            3.599620601590914e-14,
            3.599620601590914e-14,
            3.599620601590914e-14,
            3.599620601590914e-14
        ],
        "q99": [
            3.959582661750005e-14,
            9.994841575622559,
            3.959582661750005e-14,
            3.959582661750005e-14,
            3.959582661750005e-14,
            3.959582661750005e-14,
            3.959582661750005e-14,
            3.959582661750005e-14,
            3.959582661750005e-14,
            3.959582661750005e-14,
            3.959582661750005e-14,
            3.959582661750005e-14
        ]
    },
    "observation.state": {
        "min": [
            -0.26245176792144775,
            -7.849311828613281,
            -0.12649573385715485,
            -8.553155899047852,
            -94.6534652709961,
            -1.235653281211853,
            -0.7778796553611755,
            -18.007244110107422,
            0.8351648449897766,
            0.04087691754102707,
            -16.160348892211914,
            -0.10256410390138626,
            -0.13187602162361145,
            -6.296239376068115,
            0.048351649194955826,
            -0.010989668779075146,
            -4.897075176239014,
            0.013431013561785221,
            0.020251436159014702,
            -6.002415180206299,
            -0.19487179815769196,
            -0.32692453265190125,
            -8.772760391235352,
            0.27838829159736633,
            0.2499479353427887,
            -17.083797454833984,
            -0.6593406796455383,
            0.48003605008125305,
            -18.007244110107422,
            -1.0402930974960327,
            0.6703698039054871,
            -4.197493076324463,
            -0.4754578769207001,
            0.06593801081180573,
            -4.897075176239014,
            -0.06715507060289383,
            0.0,
            0.0,
            0.0,
            1.0,
            0.0,
            0.0,
            0.0
        ],
        "max": [
            -0.08661706745624542,
            8.772760391235352,
            0.39316239953041077,
            8.50281047821045,
            97.42381286621094,
            1.0989011526107788,
            -0.5580862760543823,
            20.777589797973633,
            1.274725317955017,
            0.08483558893203735,
            18.930692672729492,
            0.07326007634401321,
            -0.09890701621770859,
            5.5966572761535645,
            0.11282051354646683,
            0.010989668779075146,
            6.296239376068115,
            0.07521367818117142,
            0.06421010941267014,
            4.155518054962158,
            -0.017094017937779427,
            -0.3049452006816864,
            9.696208953857422,
            0.5518925786018372,
            0.27192726731300354,
            17.083797454833984,
            -0.4542124569416046,
            0.5020154118537903,
            18.930692672729492,
            -0.7765567898750305,
            0.7033388018608093,
            4.897075176239014,
            -0.3841269910335541,
            0.08791735023260117,
            6.296239376068115,
            0.03223443403840065,
            0.0,
            0.0,
            0.0,
            1.0,
            0.0,
            0.0,
            0.0
        ],
        "mean": [
            -0.1569509506225586,
            -0.30012086033821106,
            0.13022223114967346,
            0.3663894236087799,
            2.3409409523010254,
            -0.11965812742710114,
            -0.67270827293396,
            -0.3139725625514984,
            1.0758976936340332,
            0.0647246241569519,
            0.29550352692604065,
            -0.0054212454706430435,
            -0.11214978247880936,
            0.08045194298028946,
            0.07139930129051208,
            -0.007967508397996426,
            0.49320563673973083,
            0.0399169959127903,
            0.04036245495080948,
            -0.5863897204399109,
            -0.1095384806394577,
            -0.31714382767677307,
            -0.14775176346302032,
            0.4397069215774536,
            0.26841017603874207,
            -0.3001207411289215,
            -0.5573617815971375,
            0.4944317638874054,
            -0.38323119282722473,
            -0.929964005947113,
            0.6823483109474182,
            0.02098749577999115,
            -0.43319037556648254,
            0.07692785561084747,
            0.7485530376434326,
            -0.012101346626877785,
            0.0,
            0.0,
            0.0,
            1.0,
            0.0,
            0.0,
            0.0
        ],