{
    "action": {
        "min": [
            0.0,
            0.0,
            0.0,
            0.0,
            0.0,
            0.0,
            0.0,
            -9.980267524719238,
            0.0,
            0.0,
            0.0,
            0.0
        ],
        "max": [
            0.0,
            0.0,
            0.0,
            0.0,
            0.0,
            0.0,
            0.0,
            9.980267524719238,
            0.0,
            0.0,
            0.0,
            0.0
        ],
        "mean": [
            0.0,
            0.0,
            0.0,
            0.0,
            0.0,
            0.0,
            0.0,
            3.4809113458322827e-07,
            0.0,
            0.0,
            0.0,
            0.0
        ],
        "std": [
            0.0,
            0.0,
            0.0,
            0.0,
            0.0,
            0.0,
            0.0,
            7.07106876373291,
            0.0,
            0.0,
            0.0,
            0.0
        ],
        "count": [
            200
        ],
        "q01": [
            3.9995784462121265e-16,
            3.9995784462121265e-16,
            3.9995784462121265e-16,
            3.9995784462121265e-16,
            3.9995784462121265e-16,
            3.9995784462121265e-16,
            3.9995784462121265e-16,
            -9.980267524719238,
            3.9995784462121265e-16,
            3.9995784462121265e-16,
            3.9995784462121265e-16,
            3.9995784462121265e-16
        ],
        "q10": [
            3.999578446212126e-15,
            3.999578446212126e-15,
            3.999578446212126e-15,
            3.999578446212126e-15,
            3.999578446212126e-15,
            3.999578446212126e-15,
            3.999578446212126e-15,
            -9.511195182800293,
            3.999578446212126e-15,
            3.999578446212126e-15,
            3.999578446212126e-15,
            3.999578446212126e-15
        ],
        "q50": [
            1.9997892231060632e-14,
            1.9997892231060632e-14,
            1.9997892231060632e-14,
            1.9997892231060632e-14,
            1.9997892231060632e-14,
            1.9997892231060632e-14,
            1.9997892231060632e-14,
            -0.001995086669921875,
            1.9997892231060632e-14,
            1.9997892231060632e-14,
            1.9997892231060632e-14,
            1.9997892231060632e-14
        ],
        "q90": [
            3.599620601590914e-14,
            3.599620601590914e-14,
            3.599620601590914e-14,
            3.599620601590914e-14,
            3.599620601590914e-14,
            3.599620601590914e-14,
            3.599620601590914e-14,
            9.51119613647461,
            3.599620601590914e-14,
            3.599620601590914e-14,
            3.599620601590914e-14,
            3.599620601590914e-14
        ],
        "q99": [
            3.959582661750005e-14,
            3.959582661750005e-14,
            3.959582661750005e-14,
            3.959582661750005e-14,
            3.959582661750005e-14,
            3.959582661750005e-14,
            3.959582661750005e-14,
            9.979269981384277,
            3.959582661750005e-14,
            3.959582661750005e-14,
            3.959582661750005e-14,
            3.959582661750005e-14
        ]
    },
    "observation.state": {
        "min": [
            -0.174534410238266,
            -6.002415180206299,
            0.05128205195069313,
            0.23857957124710083,
            -9.696208953857422,
            -0.6788766980171204,
            -0.6899623274803162,
            -14.313450813293457,
            0.8644688725471497,
            0.06285625696182251,
            -24.471384048461914,
            -0.16117216646671295,
            -0.08791735023260117,
            -4.197493076324463,
            0.021489622071385384,
            -0.1538553684949875,
            -4.897075176239014,
            0.09938950091600418,
            -0.13360393047332764,
            -7.849311828613281,
            -0.2905983030796051,
            -8.70105266571045,
            -87.26587677001953,
            -0.6984127163887024,
            0.18400992453098297,
            -15.236899375915527,
            -0.7179487347602844,
            0.48003605008125305,
            -16.160348892211914,
            -1.0109890699386597,
            0.6264111399650574,
            -4.197493076324463,
            -0.4405372440814972,
            0.04395867511630058,
            -4.897075176239014,
            -0.05909645929932594,
            0.0,
            0.0,
            0.0,
            1.0,
            0.0,
            0.0,
            0.0
        ],
        "max": [
            -0.1305757462978363,
            6.002415180206299,
            0.20854701101779938,
            0.2605589032173157,
            8.772760391235352,
            -0.3272283375263214,
            -0.6460036039352417,
            16.160348892211914,
            1.216117262840271,
            0.08483558893203735,
            15.236899375915527,
            0.04395604506134987,
            -0.0549483448266983,
            5.5966572761535645,
            0.09670329838991165,
            -0.13187602162361145,
            5.5966572761535645,
            0.17997558414936066,
            0.13014812767505646,
            6.002415180206299,
            0.2290598303079605,
            8.61866569519043,
            84.49553680419922,
            1.0891331434249878,
            0.33786529302597046,
            15.236899375915527,
            -0.42490842938423157,
            0.5020154118537903,
            14.313450813293457,
            -0.8351648449897766,
            0.6703698039054871,
            6.296239376068115,
            -0.3760683834552765,
            0.09890701621770859,
            6.995821475982666,
            0.02954822964966297,
            0.0,
            0.0,
            0.0,
            1.0,
            0.0,
            0.0,
            0.0
        ],
        "mean": [
            -0.1564016342163086,
            -0.34167590737342834,
            0.13668374717235565,
            0.25759178400039673,
            -0.3416759967803955,
            -0.5265446305274963,
            -0.6669944524765015,
            0.26780012249946594,
            1.0565574169158936,
            0.08472583442926407,
            0.4940447509288788,
            -0.03545793518424034,
            -0.07176260650157928,
            0.08045194298028946,
            0.04622957110404968,
            -0.14110757410526276,
            0.5911470651626587,
            0.1257411539554596,
            -0.0057940613478422165,
            -0.4524897634983063,
            -0.05470086261630058,
            0.10420016944408417,
            -3.0427627563476562,
            0.12757016718387604,
            0.2731363773345947,
            -0.697203516960144,
            -0.5670320987701416,
            0.48618996143341064,
            -0.5586862564086914,
            -0.9236627817153931,
            0.6415212750434875,
            -0.04197492077946663,
            -0.4070940911769867,
            0.07588381320238113,
            0.937440037727356,
            -0.011765574105083942,
            0.0,
            0.0,
            0.0,
            1.0,
            0.0,
            0.0,
            0.0
        ],