{
    "action": {
        "min": [
            0.0,
            0.0,
            0.0,
            0.0,
            0.0,
            0.0,
            0.0,
            0.0,
            0.0,
            0.0,
            -9.999210357666016,
            0.0
        ],
        "max": [
            0.0,
            0.0,
            0.0,
            0.0,
            0.0,
            0.0,
            0.0,
            0.0,
            0.0,
            0.0,
            9.999210357666016,
            0.0
        ],
        "mean": [
            0.0,
            0.0,
            0.0,
            0.0,
            0.0,
            0.0,
            0.0,
            0.0,
            0.0,
            0.0,
            1.1843785047531128,
            0.0
        ],
        "std": [
            0.0,
            0.0,
            0.0,
            0.0,
            0.0,
            0.0,
            0.0,
            0.0,
            0.0,
            0.0,
            7.0770487785339355,
            0.0
        ],
        "count": [
            200
        ],
        "q01": [
            3.9995784462121265e-16,
            3.9995784462121265e-16,
            3.9995784462121265e-16,
            3.9995784462121265e-16,
            3.9995784462121265e-16,
            3.9995784462121265e-16,
            3.9995784462121265e-16,
            3.9995784462121265e-16,
            3.9995784462121265e-16,
            3.9995784462121265e-16,
            -9.993210792541504,
            3.9995784462121265e-16
        ],
        "q10": [
            3.999578446212126e-15,
            3.999578446212126e-15,
            3.999578446212126e-15,
            3.999578446212126e-15,
            3.999578446212126e-15,
            3.999578446212126e-15,
            3.999578446212126e-15,
            3.999578446212126e-15,
            3.999578446212126e-15,
            3.999578446212126e-15,
            -9.34326171875,
            3.999578446212126e-15
        ],
        "q50": [
            1.9997892231060632e-14,
            1.9997892231060632e-14,
            1.9997892231060632e-14,
            1.9997892231060632e-14,
            1.9997892231060632e-14,
            1.9997892231060632e-14,
            1.9997892231060632e-14,
            1.9997892231060632e-14,
            1.9997892231060632e-14,
            1.9997892231060632e-14,
            2.2438220977783203,
            1.9997892231060632e-14
        ],
        "q90": [
            3.599620601590914e-14,
            3.599620601590914e-14,
            3.599620601590914e-14,
            3.599620601590914e-14,
            3.599620601590914e-14,
            3.599620601590914e-14,
            3.599620601590914e-14,
            3.599620601590914e-14,
            3.599620601590914e-14,
            3.599620601590914e-14,
            9.655237197875977,
            3.599620601590914e-14
        ],
        "q99": [
            3.959582661750005e-14,
            3.959582661750005e-14,
            3.959582661750005e-14,
            3.959582661750005e-14,
            3.959582661750005e-14,
            3.959582661750005e-14,
            3.959582661750005e-14,
            3.959582661750005e-14,
            3.959582661750005e-14,
            3.959582661750005e-14,
            9.995210647583008,
            3.959582661750005e-14
        ]
    },
    "observation.state": {
        "min": [
            -0.174534410238266,
            -6.925863265991211,
            0.06495726853609085,
            0.23857957124710083,
            -8.772760391235352,
            -0.6691086888313293,
            -0.6899623274803162,
            -18.007244110107422,
            0.8937729001045227,
            0.1068149283528328,
            -23.547935485839844,
            -0.190476194024086,
            -0.12088635563850403,
            -4.897075176239014,
            0.056410256773233414,
            0.0549483448266983,
            -3.497910737991333,
            -0.018803419545292854,
            0.020251436159014702,
            -6.925863265991211,
            -0.1538461595773697,
            -0.32692453265190125,
            -10.619657516479492,
            0.21978022158145905,
            0.20598925650119781,
            -16.160348892211914,
            -0.6300366520881653,
            0.48003605008125305,
            -23.547935485839844,
            -1.0109890699386597,
            -9.297260284423828,
            -102.13899993896484,
            -0.5963370203971863,
            -0.06593801081180573,
            -9.094568252563477,
            -0.07521367818117142,
            0.0,
            0.0,
            0.0,
            1.0,
            0.0,
            0.0,
            0.0
        ],
        "max": [
            -0.15255507826805115,
            6.002415180206299,
            0.18803419172763824,
            0.2605589032173157,
            9.696208953857422,
            -0.3663003742694855,
            -0.6679829359054565,
            18.930692672729492,
            1.186813235282898,
            0.12879426777362823,
            15.236899375915527,
            0.07326007634401321,
            -0.1098966896533966,
            4.897075176239014,
            0.09133089333772659,
            0.07692768424749374,
            4.897075176239014,
            0.010744811035692692,
            0.04223077371716499,
            3.232069730758667,
            -0.017094017937779427,
            -0.28296586871147156,
            8.772760391235352,
            0.5909646153450012,
            0.3158859610557556,
            18.007244110107422,
            -0.48351648449897766,
            0.5020154118537903,
            16.160348892211914,
            -0.8058608174324036,
            10.022578239440918,
            107.73565673828125,
            0.4781440794467926,
            0.1538553684949875,
            9.094568252563477,
            0.11282051354646683,
            0.0,
            0.0,
            0.0,
            1.0,
            0.0,
            0.0,
            0.0
        ],
        "mean": [
            -0.15409386157989502,
            -0.41555190086364746,
            0.13620510697364807,
            0.2516571283340454,
            -0.7479932308197021,
            -0.5223931670188904,
            -0.6704012155532837,
            -0.5863897800445557,
            1.0734071731567383,
            0.10714485496282578,
            0.7110553979873657,
            -0.08395610004663467,
            -0.11857857555150986,
            0.055966563522815704,
            0.07605985552072525,
            0.06374010443687439,
            0.7625443935394287,
            -0.005681322421878576,
            0.022449376061558723,
            -0.692586362361908,
            -0.09705986082553864,
            -0.30505579710006714,
            -1.5190728902816772,
            0.41396844387054443,
            0.26808059215545654,
            -0.2770344614982605,
            -0.5582410097122192,
            0.4821237623691559,
            -1.394407033920288,
            -0.9191207885742188,
            1.1404529809951782,
            4.736170291900635,
            -0.13081808388233185,
            0.05082724243402481,
            0.9164526462554932,
            0.0017728937091305852,
            0.0,
            0.0,
            0.0,
            1.0,
            0.0,
            0.0,
            0.0
        ],