{
    "action": {
        "min": [
            0.0,
            0.0,
            0.0,
            0.0,
            0.0,
            -10.0,
            0.0,
            0.0,
            0.0,
            0.0,
            0.0,
            0.0
        ],
        "max": [
            0.0,
            0.0,
            0.0,
            0.0,
            0.0,
            10.0,
            0.0,
            0.0,
            0.0,
            0.0,
            0.0,
            0.0
        ],
        "mean": [
            0.0,
            0.0,
            0.0,
            0.0,
            0.0,
            -8.791685246478664e-08,
            0.0,
            0.0,
            0.0,
            0.0,
            0.0,
            0.0
        ],
        "std": [
            0.0,
            0.0,
            0.0,
            0.0,
            0.0,
            7.0710673332214355,
            0.0,
            0.0,
            0.0,
            0.0,
            0.0,
            0.0
        ],
        "count": [
            200
        ],
        "q01": [
            3.9995784462121265e-16,
            3.9995784462121265e-16,
            3.9995784462121265e-16,
            3.9995784462121265e-16,
            3.9995784462121265e-16,
            -9.99399995803833,
            3.9995784462121265e-16,
            3.9995784462121265e-16,
            3.9995784462121265e-16,
            3.9995784462121265e-16,
            3.9995784462121265e-16,
            3.9995784462121265e-16
        ],
        "q10": [
            3.999578446212126e-15,
            3.999578446212126e-15,
            3.999578446212126e-15,
            3.999578446212126e-15,
            3.999578446212126e-15,
            -9.510000228881836,
            3.999578446212126e-15,
            3.999578446212126e-15,
            3.999578446212126e-15,
            3.999578446212126e-15,
            3.999578446212126e-15,
            3.999578446212126e-15
        ],
        "q50": [
            1.9997892231060632e-14,
            1.9997892231060632e-14,
            1.9997892231060632e-14,
            1.9997892231060632e-14,
            1.9997892231060632e-14,
            0.0020003318786621094,
            1.9997892231060632e-14,
            1.9997892231060632e-14,
            1.9997892231060632e-14,
            1.9997892231060632e-14,
            1.9997892231060632e-14,
            1.9997892231060632e-14
        ],
        "q90": [
            3.599620601590914e-14,
            3.599620601590914e-14,
            3.599620601590914e-14,
            3.599620601590914e-14,
            3.599620601590914e-14,
            9.510001182556152,
            3.599620601590914e-14,
            3.599620601590914e-14,
            3.599620601590914e-14,
            3.599620601590914e-14,
            3.599620601590914e-14,
            3.599620601590914e-14
        ],
        "q99": [
            3.959582661750005e-14,
            3.959582661750005e-14,
            3.959582661750005e-14,
            3.959582661750005e-14,
            3.959582661750005e-14,
            9.994000434875488,
            3.959582661750005e-14,
            3.959582661750005e-14,
            3.959582661750005e-14,
            3.959582661750005e-14,
            3.959582661750005e-14,
            3.959582661750005e-14
        ]
    },
    "observation.state": {
        "min": [
            -0.174534410238266,
            -6.925863265991211,
            0.05128205195069313,
            0.23857957124710083,
            -9.696208953857422,
            -0.7179487347602844,
            -0.6679829359054565,
            -18.930692672729492,
            0.8644688725471497,
            0.06285625696182251,
            -18.007244110107422,
            -0.16117216646671295,
            -0.4725557565689087,
            -17.489553451538086,
            -0.2202686220407486,
            -6.40697717666626,
            -109.13481903076172,
            -1.8534798622131348,
            -0.0017279012827202678,
            -6.002415180206299,
            -0.14017094671726227,
            -0.3489038646221161,
            -7.849311828613281,
            0.2686202824115753,
            0.2499479353427887,
            -20.777589797973633,
            -0.6300366520881653,
            0.48003605008125305,
            -16.160348892211914,
            -1.0695971250534058,
            0.5934421420097351,
            -4.197493076324463,
            -0.41636142134666443,
            -0.0549483448266983,
            -4.197493076324463,
            0.018803419545292854,
            0.0,
            0.0,
            0.0,
            1.0,
            0.0,
            0.0,
            0.0
        ],
        "max": [
            -0.1305757462978363,
            6.002415180206299,
            0.23589743673801422,
            0.2605589032173157,
            7.849311828613281,
            -0.3663003742694855,
            -0.6679829359054565,
            18.007244110107422,
            1.216117262840271,
            0.08483558893203735,
            18.007244110107422,
            0.10256410390138626,
            0.18682436645030975,
            21.687047958374023,
            0.29816851019859314,
            9.0444974899292,
            116.1306381225586,
            0.5157509446144104,
            0.020251436159014702,
            5.0789666175842285,
            -0.003418803447857499,
            -0.32692453265190125,
            9.696208953857422,
            0.5909646153450012,
            0.27192726731300354,
            16.160348892211914,
            -0.48351648449897766,
            0.5020154118537903,
            14.313450813293457,
            -0.8351648449897766,
            0.6264111399650574,
            6.296239376068115,
            -0.333089143037796,
            -0.02197933755815029,
            4.897075176239014,
            0.083272285759449,
            0.0,
            0.0,
            0.0,
            1.0,
            0.0,
            0.0,
            0.0
        ],
        "mean": [
            -0.15420374274253845,
            -0.7341418266296387,
            0.13319650292396545,
            0.2446235865354538,
            0.009234504774212837,
            -0.5221002101898193,
            -0.6679836511611938,
            -0.23086215555667877,
            1.0725280046463013,
            0.08340708911418915,
            -0.4755760133266449,
            -0.03794879466295242,
            -0.23484931886196136,
            0.02798328548669815,
            0.1401929408311844,
            0.7459789514541626,
            -2.3645882606506348,
            -0.32723328471183777,
            0.017284246161580086,
            -0.692586362361908,
            -0.07405130565166473,
            -0.32934197783470154,
            -0.5679208636283875,
            0.4646642804145813,
            0.2715972661972046,
            0.3416757583618164,
            -0.5610248446464539,
            0.49827831983566284,
            -0.267799973487854,
            -0.9337733387947083,
            0.6092126965522766,
            0.013991626910865307,
            -0.38401955366134644,
            -0.03818909078836441,
            0.5526701211929321,
            0.056678928434848785,
            0.0,
            0.0,
            0.0,
            1.0,
            0.0,
            0.0,
            0.0
        ],