{
    "action": {
        "min": [
            0.0,
            0.0,
            0.0,
            0.0,
            0.0,
            0.0,
            0.0,
            0.0,
            -10.0,
            0.0,
            0.0,
            0.0
        ],
        "max": [
            0.0,
            0.0,
            0.0,
            0.0,
            0.0,
            0.0,
            0.0,
            0.0,
            10.0,
            0.0,
            0.0,
            0.0
        ],
        "mean": [
            0.0,
            0.0,
            0.0,
            0.0,
            0.0,
            0.0,
            0.0,
            0.0,
            -8.791685246478664e-08,
            0.0,
            0.0,
            0.0
        ],
        "std": [
            0.0,
            0.0,
            0.0,
            0.0,
            0.0,
            0.0,
            0.0,
            0.0,
            7.0710673332214355,
            0.0,
            0.0,
            0.0
        ],
        "count": [
            200
        ],
        "q01": [
            3.9995784462121265e-16,
            3.9995784462121265e-16,
            3.9995784462121265e-16,
            3.9995784462121265e-16,
            3.9995784462121265e-16,
            3.9995784462121265e-16,
            3.9995784462121265e-16,
            3.9995784462121265e-16,
            -9.99399995803833,
            3.9995784462121265e-16,
            3.9995784462121265e-16,
            3.9995784462121265e-16
        ],
        "q10": [
            3.999578446212126e-15,
            3.999578446212126e-15,
            3.999578446212126e-15,
            3.999578446212126e-15,
            3.999578446212126e-15,
            3.999578446212126e-15,
            3.999578446212126e-15,
            3.999578446212126e-15,
            -9.510000228881836,
            3.999578446212126e-15,
            3.999578446212126e-15,
            3.999578446212126e-15
        ],
        "q50": [
            1.9997892231060632e-14,
            1.9997892231060632e-14,
            1.9997892231060632e-14,
            1.9997892231060632e-14,
            1.9997892231060632e-14,
            1.9997892231060632e-14,
            1.9997892231060632e-14,
            1.9997892231060632e-14,
            0.0020003318786621094,
            1.9997892231060632e-14,
            1.9997892231060632e-14,
            1.9997892231060632e-14
        ],
        "q90": [
            3.599620601590914e-14,
            3.599620601590914e-14,
            3.599620601590914e-14,
            3.599620601590914e-14,
            3.599620601590914e-14,
            3.599620601590914e-14,
            3.599620601590914e-14,
            3.599620601590914e-14,
            9.510001182556152,
            3.599620601590914e-14,
            3.599620601590914e-14,
            3.599620601590914e-14
        ],
        "q99": [
            3.959582661750005e-14,
            3.959582661750005e-14,
            3.959582661750005e-14,
            3.959582661750005e-14,
            3.959582661750005e-14,
            3.959582661750005e-14,
            3.959582661750005e-14,
            3.959582661750005e-14,
            9.994000434875488,
            3.959582661750005e-14,
            3.959582661750005e-14,
            3.959582661750005e-14
        ]
    },
    "observation.state": {
        "min": [
            -0.19651375710964203,
            -9.696208953857422,
            0.03076923079788685,
            0.216600239276886,
            -9.696208953857422,
            -0.6691086888313293,
            -0.7559003233909607,
            -18.930692672729492,
            0.8351648449897766,
            0.06285625696182251,
            -17.083797454833984,
            -0.1318681389093399,
            -0.0549483448266983,
            -4.897075176239014,
            -0.0,
            -0.1648450344800949,
            -4.197493076324463,
            0.10744810849428177,
            -0.24350062012672424,
            -6.925863265991211,
            -0.44102564454078674,
            -0.414841890335083,
            -9.696208953857422,
            0.12210012227296829,
            -9.992423057556152,
            -184.22796630859375,
            -6.109889984130859,
            0.3481600284576416,
            -14.313450813293457,
            -1.186813235282898,
            0.5934421420097351,
            -6.995821475982666,
            -0.4432234466075897,
            -0.04395867511630058,
            -4.197493076324463,
            -0.018803419545292854,
            0.0,
            0.0,
            0.0,
            1.0,
            0.0,
            0.0,
            0.0
        ],
        "max": [
            -0.10859639942646027,
            6.002415180206299,
            0.2290598303079605,
            0.2605589032173157,
            9.696208953857422,
            -0.34676435589790344,
            -0.602044939994812,
            16.160348892211914,
            1.3626374006271362,
            0.08483558893203735,
            16.160348892211914,
            0.1318681389093399,
            -0.03296900540590286,
            4.897075176239014,
            0.06715507060289383,
            -0.14286570250988007,
            4.897075176239014,
            0.17191697657108307,
            0.19608613848686218,
            7.849311828613281,
            0.45470085740089417,
            -0.23900718986988068,
            9.696208953857422,
            0.6788766980171204,
            10.734091758728027,
            175.91693115234375,
            3.32600736618042,
            0.5679534077644348,
            19.854141235351562,
            -0.5714285969734192,
            0.6923491358757019,
            6.296239376068115,
            -0.3599511682987213,
            0.03296900540590286,
            6.995821475982666,
            0.07252747565507889,
            0.0,
            0.0,
            0.0,
            1.0,
            0.0,
            0.0,
            0.0
        ],
        "mean": [
            -0.1568412184715271,
            -0.5910071134567261,
            0.1327863186597824,
            0.24473346769809723,
            -0.27241718769073486,
            -0.5136018991470337,
            -0.6656755805015564,
            -0.9834725260734558,
            1.0665205717086792,
            0.08076958358287811,
            0.6325621604919434,
            -0.03340664878487587,
            -0.04857437685132027,
            -0.07695405185222626,
            0.028393173590302467,
            -0.1531962901353836,
            0.6086364984512329,
            0.13194634020328522,
            -0.012717549689114094,
            -0.18930703401565552,
            -0.04341880977153778,
            -0.31868231296539307,
            0.009234452620148659,
            0.4297434985637665,
            0.536668062210083,
            -6.0070319175720215,
            -0.7736263871192932,
            0.4883882403373718,
            0.6417967081069946,
            -0.9229303002357483,
            0.6368514895439148,
            -0.12592476606369019,
            -0.40258097648620605,
            0.008352146483957767,
            0.8394985795021057,
            0.0285006333142519,
            0.0,
            0.0,
            0.0,
            1.0,
            0.0,
            0.0,
            0.0
        ],