{
    "action": {
        "min": [
            0.0,
            0.0,
            0.0,
            0.0,
            0.0,
            -9.999210357666016,
            0.0,
            0.0,
            0.0,
            0.0,
            0.0,
            0.0
        ],
        "max": [
            0.0,
            0.0,
            0.0,
            0.0,
            0.0,
            9.999210357666016,
            0.0,
            0.0,
            0.0,
            0.0,
            0.0,
            0.0
        ],
        "mean": [
            0.0,
            0.0,
            0.0,
            0.0,
            0.0,
            0.31960082054138184,
            0.0,
            0.0,
            0.0,
            0.0,
            0.0,
            0.0
        ],
        "std": [
            0.0,
            0.0,
            0.0,
            0.0,
            0.0,
            6.9959516525268555,
            0.0,
            0.0,
            0.0,
            0.0,
            0.0,
            0.0
        ],
        "count": [
            200
        ],
        "q01": [
            3.9995784462121265e-16,
            3.9995784462121265e-16,
            3.9995784462121265e-16,
            3.9995784462121265e-16,
            3.9995784462121265e-16,
            -9.999210357666016,
            3.9995784462121265e-16,
            3.9995784462121265e-16,
            3.9995784462121265e-16,
            3.9995784462121265e-16,
            3.9995784462121265e-16,
            3.9995784462121265e-16
        ],
        "q10": [
            3.999578446212126e-15,
            3.999578446212126e-15,
            3.999578446212126e-15,
            3.999578446212126e-15,
            3.999578446212126e-15,
            -9.507248878479004,
            3.999578446212126e-15,
            3.999578446212126e-15,
            3.999578446212126e-15,
            3.999578446212126e-15,
            3.999578446212126e-15,
            3.999578446212126e-15
        ],
        "q50": [
            1.9997892231060632e-14,
            1.9997892231060632e-14,
            1.9997892231060632e-14,
            1.9997892231060632e-14,
            1.9997892231060632e-14,
            0.7559394836425781,
            1.9997892231060632e-14,
            1.9997892231060632e-14,
            1.9997892231060632e-14,
            1.9997892231060632e-14,
            1.9997892231060632e-14,
            1.9997892231060632e-14
        ],
        "q90": [
            3.599620601590914e-14,
            3.599620601590914e-14,
            3.599620601590914e-14,
            3.599620601590914e-14,
            3.599620601590914e-14,
            9.429255485534668,
            3.599620601590914e-14,
            3.599620601590914e-14,
            3.599620601590914e-14,
            3.599620601590914e-14,
            3.599620601590914e-14,
            3.599620601590914e-14
        ],
        "q99": [
            3.959582661750005e-14,
            3.959582661750005e-14,
            3.959582661750005e-14,
            3.959582661750005e-14,
            3.959582661750005e-14,
            9.993210792541504,
            3.959582661750005e-14,
            3.959582661750005e-14,
            3.959582661750005e-14,
            3.959582661750005e-14,
            3.959582661750005e-14,
            3.959582661750005e-14
        ]
    },
    "observation.state": {
        "min": [
            -0.174534410238266,
            -7.849311828613281,
            0.06495726853609085,
            0.23857957124710083,
            -10.619657516479492,
            -0.7081807255744934,
            -0.6899623274803162,
            -20.777589797973633,
            0.8644688725471497,
            0.08483558893203735,
            -21.701038360595703,
            -0.16117216646671295,
            -0.4725557565689087,
            -16.78997230529785,
            -0.21758241951465607,
            -6.395987510681152,
            -102.13899993896484,
            -1.8158730268478394,
            -0.0017279012827202678,
            -8.772760391235352,
            -0.1538461595773697,
            -0.32692453265190125,
            -9.696208953857422,
            0.23931623995304108,
            0.27192726731300354,
            -16.160348892211914,
            -0.6300366520881653,
            0.48003605008125305,
            -23.547935485839844,
            -1.0402930974960327,
            0.6374008059501648,
            -4.897075176239014,
            -0.4432234466075897,
            -0.03296900540590286,
            -4.197493076324463,
            0.002686202758923173,
            0.0,
            0.0,
            0.0,
            1.0,
            0.0,
            0.0,
            0.0
        ],
        "max": [
            -0.1305757462978363,
            5.0789666175842285,
            0.2153846174478531,
            0.2825382351875305,
            8.772760391235352,
            -0.3760683834552765,
            -0.6679829359054565,
            19.854141235351562,
            1.216117262840271,
            0.1068149283528328,
            13.390002250671387,
            0.07326007634401321,
            0.23078304529190063,
            20.287883758544922,
            0.37069597840309143,
            9.055486679077148,
            123.82604217529297,
            0.5533577799797058,
            0.020251436159014702,
            6.002415180206299,
            -0.010256410576403141,
            -0.3049452006816864,
            6.925863265991211,
            0.5909646153450012,
            0.2939065992832184,
            15.236899375915527,
            -0.48351648449897766,
            0.5020154118537903,
            18.930692672729492,
            -0.8351648449897766,
            0.6593801379203796,
            4.897075176239014,
            -0.3599511682987213,
            -0.010989668779075146,
            5.5966572761535645,
            0.08058608323335648,
            0.0,
            0.0,
            0.0,
            1.0,
            0.0,
            0.0,
            0.0
        ],
        "mean": [
            -0.15332458913326263,
            -0.646414041519165,
            0.13425642251968384,
            0.2596798539161682,
            -0.5125141143798828,
            -0.5339193940162659,
            -0.6680935621261597,
            -0.018468964844942093,
            1.0660810470581055,
            0.08714355528354645,
            0.21701045334339142,
            -0.05743597447872162,
            -0.22144196927547455,
            -0.02098751626908779,
            0.13048236072063446,
            0.6261914372444153,
            4.078563690185547,
            -0.2964359223842621,
            0.017064455896615982,
            -0.5448346138000488,
            -0.07343592494726181,
            -0.3100009858608246,
            -0.31397250294685364,
            0.43223464488983154,
            0.2720368504524231,
            -0.1569862812757492,
            -0.5677646398544312,
            0.5016849637031555,
            0.12004831433296204,
            -0.9432963728904724,
            0.6492153406143188,
            -0.09444355964660645,
            -0.4114589989185333,
            -0.02071552351117134,
            0.7240675091743469,
            0.04723689705133438,
            0.0,
            0.0,
            0.0,
            1.0,
            0.0,
            0.0,
            0.0
        ],