{
    "action": {
        "min": [
            -10.0,
            0.0,
            0.0,
            0.0,
            0.0,
            0.0,
            0.0,
            0.0,
            0.0,
            0.0,
            0.0,
            0.0
        ],
        "max": [
            10.0,
            0.0,
            0.0,
            0.0,
            0.0,
            0.0,
            0.0,
            0.0,
            0.0,
            0.0,
            0.0,
            0.0
        ],
        "mean": [
            -8.791685246478664e-08,
            0.0,
            0.0,
            0.0,
            0.0,
            0.0,
            0.0,
            0.0,
            0.0,
            0.0,
            0.0,
            0.0
        ],
        "std": [
            7.0710673332214355,
            0.0,
            0.0,
            0.0,
            0.0,
            0.0,
            0.0,
            0.0,
            0.0,
            0.0,
            0.0,
            0.0
        ],
        "count": [
            200
        ],
        "q01": [
            -9.99399995803833,
            3.9995784462121265e-16,
            3.9995784462121265e-16,
            3.9995784462121265e-16,
            3.9995784462121265e-16,
            3.9995784462121265e-16,
            3.9995784462121265e-16,
            3.9995784462121265e-16,
            3.9995784462121265e-16,
            3.9995784462121265e-16,
            3.9995784462121265e-16,
            3.9995784462121265e-16
        ],
        "q10": [
            -9.510000228881836,
            3.999578446212126e-15,
            3.999578446212126e-15,
            3.999578446212126e-15,
            3.999578446212126e-15,
            3.999578446212126e-15,
            3.999578446212126e-15,
            3.999578446212126e-15,
            3.999578446212126e-15,
            3.999578446212126e-15,
            3.999578446212126e-15,
            3.999578446212126e-15
        ],
        "q50": [
            0.0020003318786621094,
            1.9997892231060632e-14,
            1.9997892231060632e-14,
            1.9997892231060632e-14,
            1.9997892231060632e-14,
            1.9997892231060632e-14,
            1.9997892231060632e-14,
            1.9997892231060632e-14,
            1.9997892231060632e-14,
            1.9997892231060632e-14,
            1.9997892231060632e-14,
            1.9997892231060632e-14
        ],
        "q90": [
            9.510001182556152,
            3.599620601590914e-14,
            3.599620601590914e-14,
            3.599620601590914e-14,
            3.599620601590914e-14,
            3.599620601590914e-14,
            3.599620601590914e-14,
            3.599620601590914e-14,
            3.599620601590914e-14,
            3.599620601590914e-14,
            3.599620601590914e-14,
            3.599620601590914e-14
        ],
        "q99": [
            9.994000434875488,
            3.959582661750005e-14,
            3.959582661750005e-14,
            3.959582661750005e-14,
            3.959582661750005e-14,
            3.959582661750005e-14,
            3.959582661750005e-14,
            3.959582661750005e-14,
            3.959582661750005e-14,
            3.959582661750005e-14,
            3.959582661750005e-14,
            3.959582661750005e-14
        ]
    },
    "observation.state": {
        "min": [
            -9.010228157043457,
            -91.88312530517578,
            -1.0905983448028564,
            0.1726415604352951,
            -9.696208953857422,
            -0.8547008633613586,
            -0.7339209914207458,
            -15.236899375915527,
            0.8644688725471497,
            0.06285625696182251,
            -16.160348892211914,
            -0.1318681389093399,
            -0.0549483448266983,
            -3.497910737991333,
            0.010744811035692692,
            -0.1098966896533966,
            -3.497910737991333,
            0.07521367818117142,
            -0.02370723895728588,
            -5.0789666175842285,
            -0.1675213724374771,
            -0.3489038646221161,
            -10.619657516479492,
            0.190476194024086,
            0.27192726731300354,
            -15.236899375915527,
            -0.6300366520881653,
            0.48003605008125305,
            -20.777589797973633,
            -1.0402930974960327,
            0.5934421420097351,
            -5.5966572761535645,
            -0.424420028924942,
            -0.04395867511630058,
            -4.197493076324463,
            0.018803419545292854,
            0.0,
            0.0,
            0.0,
            1.0,
            0.0,
            0.0,
            0.0
        ],
        "max": [
            9.38647747039795,
            100.19416046142578,
            0.9470085501670837,
            0.30451759696006775,
            9.696208953857422,
            -0.21001221239566803,
            -0.602044939994812,
            17.083797454833984,
            1.245421290397644,
            0.1068149283528328,
            17.083797454833984,
            0.1318681389093399,
            -0.04395867511630058,
            5.5966572761535645,
            0.07252747565507889,
            -0.08791735023260117,
            6.995821475982666,
            0.15042735636234283,
            0.04223077371716499,
            6.002415180206299,
            0.03076923079788685,
            -0.3049452006816864,
            8.772760391235352,
            0.5811966061592102,
            0.2939065992832184,
            13.390002250671387,
            -0.5128205418586731,
            0.5020154118537903,
            19.854141235351562,
            -0.8351648449897766,
            0.6264111399650574,
            3.497910737991333,
            -0.3492063581943512,
            -0.02197933755815029,
            5.5966572761535645,
            0.08595848828554153,
            0.0,
            0.0,
            0.0,
            1.0,
            0.0,
            0.0,
            0.0
        ],
        "mean": [
            0.22197267413139343,
            -3.158193588256836,
            -0.16912822425365448,
            0.24682161211967468,
            -0.7572277188301086,
            -0.5067154765129089,
            -0.6661147475242615,
            -0.17545536160469055,
            1.0637366771697998,
            0.08384666591882706,
            0.392465740442276,
            -0.03076927736401558,
            -0.04472795128822327,
            0.10493730753660202,
            0.029494525864720345,
            -0.09835777431726456,
            0.9794151782989502,
            0.09780458360910416,
            0.021680109202861786,
            -0.06464146822690964,
            -0.08594872802495956,
            -0.3295617401599884,
            -0.7664620876312256,
            0.4589986801147461,
            0.2739051580429077,
            -0.9326828718185425,
            -0.5712811946868896,
            0.4983881711959839,
            0.06002422422170639,
            -0.9349453449249268,
            0.6131150126457214,
            -0.031481191515922546,
            -0.385684996843338,
            -0.031760137528181076,
            0.7940258979797363,
            0.05404641479253769,
            0.0,
            0.0,
            0.0,
            1.0,
            0.0,
            0.0,
            0.0
        ],