{
    "action": {
        "min": [
            0.0,
            0.0,
            0.0,
            -9.999210357666016,
            0.0,
            0.0,
            0.0,
            0.0,
            0.0,
            0.0,
            0.0,
            0.0
        ],
        "max": [
            0.0,
            0.0,
            0.0,
            9.999210357666016,
            0.0,
            0.0,
            0.0,
            0.0,
            0.0,
            0.0,
            0.0,
            0.0
        ],
        "mean": [
            0.0,
            0.0,
            0.0,
            1.1843785047531128,
            0.0,
            0.0,
            0.0,
            0.0,
            0.0,
            0.0,
            0.0,
            0.0
        ],
        "std": [
            0.0,
            0.0,
            0.0,
            7.0770487785339355,
            0.0,
            0.0,
            0.0,
            0.0,
            0.0,
            0.0,
            0.0,
            0.0
        ],
        "count": [
            200
        ],
        "q01": [
            3.9995784462121265e-16,
            3.9995784462121265e-16,
            3.9995784462121265e-16,
            -9.993210792541504,
            3.9995784462121265e-16,
            3.9995784462121265e-16,
            3.9995784462121265e-16,
            3.9995784462121265e-16,
            3.9995784462121265e-16,
            3.9995784462121265e-16,
            3.9995784462121265e-16,
            3.9995784462121265e-16
        ],
        "q10": [
            3.999578446212126e-15,
            3.999578446212126e-15,
            3.999578446212126e-15,
            -9.34326171875,
            3.999578446212126e-15,
            3.999578446212126e-15,
            3.999578446212126e-15,
            3.999578446212126e-15,
            3.999578446212126e-15,
            3.999578446212126e-15,
            3.999578446212126e-15,
            3.999578446212126e-15
        ],
        "q50": [
            1.9997892231060632e-14,
            1.9997892231060632e-14,
            1.9997892231060632e-14,
            2.2438220977783203,
            1.9997892231060632e-14,
            1.9997892231060632e-14,
            1.9997892231060632e-14,
            1.9997892231060632e-14,
            1.9997892231060632e-14,
            1.9997892231060632e-14,
            1.9997892231060632e-14,
            1.9997892231060632e-14
        ],
        "q90": [
            3.599620601590914e-14,
            3.599620601590914e-14,
            3.599620601590914e-14,
            9.655237197875977,
            3.599620601590914e-14,
            3.599620601590914e-14,
            3.599620601590914e-14,
            3.599620601590914e-14,
            3.599620601590914e-14,
            3.599620601590914e-14,
            3.599620601590914e-14,
            3.599620601590914e-14
        ],
        "q99": [
            3.959582661750005e-14,
            3.959582661750005e-14,
            3.959582661750005e-14,
            9.995210647583008,
            3.959582661750005e-14,
            3.959582661750005e-14,
            3.959582661750005e-14,
            3.959582661750005e-14,
            3.959582661750005e-14,
            3.959582661750005e-14,
            3.959582661750005e-14,
            3.959582661750005e-14
        ]
    },
    "observation.state": {
        "min": [
            -0.19651375710964203,
            -6.925863265991211,
            0.010256410576403141,
            0.23857957124710083,
            -8.772760391235352,
            -0.6593406796455383,
            -0.7998589873313904,
            -20.777589797973633,
            0.8351648449897766,
            -8.838775634765625,
            -142.67279052734375,
            -2.153846263885498,
            -0.12088635563850403,
            -4.897075176239014,
            0.051037851721048355,
            0.02197933755815029,
            -4.197493076324463,
            -0.008058608509600163,
            0.020251436159014702,
            -6.925863265991211,
            -0.18119658529758453,
            -0.32692453265190125,
            -11.543106079101562,
            0.21978022158145905,
            0.2499479353427887,
            -18.007244110107422,
            -0.6593406796455383,
            0.48003605008125305,
            -18.930692672729492,
            -1.0402930974960327,
            0.5824524760246277,
            -4.197493076324463,
            -0.4056166112422943,
            0.1098966896533966,
            -4.897075176239014,
            -0.08864469081163406,
            0.0,
            0.0,
            0.0,
            1.0,
            0.0,
            0.0,
            0.0
        ],
        "max": [
            -0.08661706745624542,
            7.849311828613281,
            0.24273504316806793,
            0.30451759696006775,
            8.772760391235352,
            -0.3272283375263214,
            -0.5361069440841675,
            14.313450813293457,
            1.274725317955017,
            10.019495964050293,
            132.5148468017578,
            1.157509207725525,
            -0.09890701621770859,
            5.5966572761535645,
            0.09938950091600418,
            0.04395867511630058,
            7.695404052734375,
            0.03760683909058571,
            0.04223077371716499,
            5.0789666175842285,
            -0.017094017937779427,
            -0.3049452006816864,
            7.849311828613281,
            0.6202686429023743,
            0.2939065992832184,
            16.160348892211914,
            -0.4542124569416046,
            0.5020154118537903,
            18.007244110107422,
            -0.8351648449897766,
            0.6044318079948425,
            4.897075176239014,
            -0.33577534556388855,
            0.14286570250988007,
            5.5966572761535645,
            -0.013431013561785221,
            0.0,
            0.0,
            0.0,
            1.0,
            0.0,
            0.0,
            0.0
        ],
        "mean": [
            -0.15574221312999725,
            -0.5494515895843506,
            0.1354530155658722,
            0.25715216994285583,
            -0.13390006124973297,
            -0.5240048766136169,
            -0.6697414517402649,
            -0.5956243276596069,
            1.0653482675552368,
            1.2575433254241943,
            8.73120403289795,
            -0.5635164380073547,
            -0.10951226204633713,
            0.07345613092184067,
            0.068283312022686,
            0.034013018012046814,
            0.9269464612007141,
            0.011255201883614063,
            0.035307224839925766,
            -0.58638995885849,
            -0.10441028326749802,
            -0.3121987283229828,
            -0.11081375926733017,
            0.4320391118526459,
            0.26764097809791565,
            -0.5956241488456726,
            -0.5636621713638306,
            0.4939923584461212,
            -0.08772767335176468,
            -0.9318681955337524,
            0.5907502770423889,
            0.21337257325649261,
            -0.37320753931999207,
            0.12423814833164215,
            0.30431821942329407,
            -0.043825436383485794,
            0.0,
            0.0,
            0.0,
            1.0,
            0.0,
            0.0,
            0.0
        ],