{
    "action": {
        "min": [
            0.0,
            0.0,
            0.0,
            0.0,
            0.0,
            0.0,
            0.0,
            -10.0,
            0.0,
            0.0,
            0.0,
            0.0
        ],
        "max": [
            0.0,
            0.0,
            0.0,
            0.0,
            0.0,
            0.0,
            0.0,
            10.0,
            0.0,
            0.0,
            0.0,
            0.0
        ],
        "mean": [
            0.0,
            0.0,
            0.0,
            0.0,
            0.0,
            0.0,
            0.0,
            3.248453239734772e-08,
            0.0,
            0.0,
            0.0,
            0.0
        ],
        "std": [
            0.0,
            0.0,
            0.0,
            0.0,
            0.0,
            0.0,
            0.0,
            7.071067810058594,
            0.0,
            0.0,
            0.0,
            0.0
        ],
        "count": [
            200
        ],
        "q01": [
            3.9995784462121265e-16,
            3.9995784462121265e-16,
            3.9995784462121265e-16,
            3.9995784462121265e-16,
            3.9995784462121265e-16,
            3.9995784462121265e-16,
            3.9995784462121265e-16,
            -9.99399995803833,
            3.9995784462121265e-16,
            3.9995784462121265e-16,
            3.9995784462121265e-16,
            3.9995784462121265e-16
        ],
        "q10": [
            3.999578446212126e-15,
            3.999578446212126e-15,
            3.999578446212126e-15,
            3.999578446212126e-15,
            3.999578446212126e-15,
            3.999578446212126e-15,
            3.999578446212126e-15,
            -9.510000228881836,
            3.999578446212126e-15,
            3.999578446212126e-15,
            3.999578446212126e-15,
            3.999578446212126e-15
        ],
        "q50": [
            1.9997892231060632e-14,
            1.9997892231060632e-14,
            1.9997892231060632e-14,
            1.9997892231060632e-14,
            1.9997892231060632e-14,
            1.9997892231060632e-14,
            1.9997892231060632e-14,
            0.0020003318786621094,
            1.9997892231060632e-14,
            1.9997892231060632e-14,
            1.9997892231060632e-14,
            1.9997892231060632e-14
        ],
        "q90": [
            3.599620601590914e-14,
            3.599620601590914e-14,
            3.599620601590914e-14,
            3.599620601590914e-14,
            3.599620601590914e-14,
            3.599620601590914e-14,
            3.599620601590914e-14,
            9.510001182556152,
            3.599620601590914e-14,
            3.599620601590914e-14,
            3.599620601590914e-14,
            3.599620601590914e-14
        ],
        "q99": [
            3.959582661750005e-14,
            3.959582661750005e-14,
            3.959582661750005e-14,
            3.959582661750005e-14,
            3.959582661750005e-14,
            3.959582661750005e-14,
            3.959582661750005e-14,
            9.994000434875488,
            3.959582661750005e-14,
            3.959582661750005e-14,
            3.959582661750005e-14,
            3.959582661750005e-14
        ]
    },
    "observation.state": {
        "min": [
            -0.174534410238266,
            -6.925863265991211,
            0.08547008782625198,
            0.19462089240550995,
            -7.849311828613281,
            -0.5909646153450012,
            -0.6899623274803162,
            -19.854141235351562,
            0.8937729001045227,
            0.01889757812023163,
            -17.083797454833984,
            -0.07326007634401321,
            -0.04395867511630058,
            -4.197493076324463,
            0.002686202758923173,
            -0.1538553684949875,
            -4.197493076324463,
            0.09670329838991165,
            -0.15558326244354248,
            -6.925863265991211,
            0.03076923079788685,
            -10.01981258392334,
            -30.935523986816406,
            -0.47374847531318665,
            0.2499479353427887,
            -15.236899375915527,
            -0.6593406796455383,
            0.48003605008125305,
            -18.930692672729492,
            -1.0402930974960327,
            0.3736487329006195,
            -4.897075176239014,
            -0.27936509251594543,
            -0.02197933755815029,
            -4.197493076324463,
            0.010744811035692692,
            0.0,
            0.0,
            0.0,
            1.0,
            0.0,
            0.0,
            0.0
        ],
        "max": [
            -0.15255507826805115,
            6.002415180206299,
            0.2290598303079605,
            0.23857957124710083,
            6.925863265991211,
            -0.29792430996894836,
            -0.6679829359054565,
            18.930692672729492,
            1.216117262840271,
            0.04087691754102707,
            18.007244110107422,
            0.16117216646671295,
            -0.02197933755815029,
            5.5966572761535645,
            0.07252747565507889,
            -0.13187602162361145,
            4.197493076324463,
            0.17728938162326813,
            -0.08964525163173676,
            5.0789666175842285,
            0.18803419172763824,
            9.497838973999023,
            26.318281173706055,
            0.7667887806892395,
            0.2939065992832184,
            16.160348892211914,
            -0.48351648449897766,
            0.5020154118537903,
            19.854141235351562,
            -0.8351648449897766,
            0.39562806487083435,
            5.5966572761535645,
            -0.20683760941028595,
            0.0,
            5.5966572761535645,
            0.07252747565507889,
            0.0,
            0.0,
            0.0,
            1.0,
            0.0,
            0.0,
            0.0
        ],
        "mean": [
            -0.17178680002689362,
            -0.3509104549884796,
            0.15350428223609924,
            0.2163800746202469,
            -0.480193167924881,
            -0.46490830183029175,
            -0.6828193068504333,
            -0.4755759835243225,
            1.0867403745651245,
            0.019447030499577522,
            -0.3370587229728699,
            0.06461545079946518,
            -0.04137610271573067,
            0.0034979048650711775,
            0.0254652239382267,
            -0.1430308073759079,
            0.43024304509162903,
            0.12582173943519592,
            -0.11613018810749054,
            -0.3878483474254608,
            0.10256411880254745,
            -0.09570090472698212,
            -1.592947244644165,
            0.18373627960681915,
            0.2715972661972046,
            0.3370586335659027,
            -0.5620503425598145,
            0.49157458543777466,
            0.06002413108944893,
            -0.9289381504058838,
            0.386671781539917,
            0.003497923258692026,
            -0.245935320854187,
            -0.00631905859336257,
            0.6541095972061157,
            0.03933945670723915,
            0.0,
            0.0,
            0.0,
            1.0,
            0.0,
            0.0,
            0.0
        ],