{
    "action": {
        "min": [
            -9.999802589416504,
            0.0,
            0.0,
            0.0,
            0.0,
            0.0,
            0.0,
            0.0,
            0.0,
            0.0,
            0.0,
            0.0
        ],
        "max": [
            9.998223304748535,
            0.0,
            0.0,
            0.0,
            0.0,
            0.0,
            0.0,
            0.0,
            0.0,
            0.0,
            0.0,
            0.0
        ],
        "mean": [
            0.831305980682373,
            0.0,
            0.0,
            0.0,
            0.0,
            0.0,
            0.0,
            0.0,
            0.0,
            0.0,
            0.0,
            0.0
        ],
        "std": [
            7.094456195831299,
            0.0,
            0.0,
            0.0,
            0.0,
            0.0,
            0.0,
            0.0,
            0.0,
            0.0,
            0.0,
            0.0
        ],
        "count": [
            200
        ],
        "q01": [
            -9.999802589416504,
            3.9995784462121265e-16,
            3.9995784462121265e-16,
            3.9995784462121265e-16,
            3.9995784462121265e-16,
            3.9995784462121265e-16,
            3.9995784462121265e-16,
            3.9995784462121265e-16,
            3.9995784462121265e-16,
            3.9995784462121265e-16,
            3.9995784462121265e-16,
            3.9995784462121265e-16
        ],
        "q10": [
            -9.447856903076172,
            3.999578446212126e-15,
            3.999578446212126e-15,
            3.999578446212126e-15,
            3.999578446212126e-15,
            3.999578446212126e-15,
            3.999578446212126e-15,
            3.999578446212126e-15,
            3.999578446212126e-15,
            3.999578446212126e-15,
            3.999578446212126e-15,
            3.999578446212126e-15
        ],
        "q50": [
            1.5030622482299805,
            1.9997892231060632e-14,
            1.9997892231060632e-14,
            1.9997892231060632e-14,
            1.9997892231060632e-14,
            1.9997892231060632e-14,
            1.9997892231060632e-14,
            1.9997892231060632e-14,
            1.9997892231060632e-14,
            1.9997892231060632e-14,
            1.9997892231060632e-14,
            1.9997892231060632e-14
        ],
        "q90": [
            9.638258934020996,
            3.599620601590914e-14,
            3.599620601590914e-14,
            3.599620601590914e-14,
            3.599620601590914e-14,
            3.599620601590914e-14,
            3.599620601590914e-14,
            3.599620601590914e-14,
            3.599620601590914e-14,
            3.599620601590914e-14,
            3.599620601590914e-14,
            3.599620601590914e-14
        ],
        "q99": [
            9.994223594665527,
            3.959582661750005e-14,
            3.959582661750005e-14,
            3.959582661750005e-14,
            3.959582661750005e-14,
            3.959582661750005e-14,
            3.959582661750005e-14,
            3.959582661750005e-14,
            3.959582661750005e-14,
            3.959582661750005e-14,
            3.959582661750005e-14,
            3.959582661750005e-14
        ]
    },
    "observation.state": {
        "min": [
            -8.944290161132812,
            -100.19416046142578,
            -1.0222222805023193,
            0.1726415604352951,
            -11.543106079101562,
            -1.1282051801681519,
            -0.8218383193016052,
            -24.471384048461914,
            0.7765567898750305,
            0.04087691754102707,
            -12.466554641723633,
            -0.10256410390138626,
            -0.12088635563850403,
            -4.197493076324463,
            0.04029304161667824,
            0.03296900540590286,
            -4.197493076324463,
            -0.010744811035692692,
            -0.04568657651543617,
            -6.002415180206299,
            -0.2290598303079605,
            -0.3489038646221161,
            -10.619657516479492,
            0.22954823076725006,
            0.2499479353427887,
            -18.930692672729492,
            -0.6300366520881653,
            0.48003605008125305,
            -18.007244110107422,
            -1.0402930974960327,
            0.61542147397995,
            -4.197493076324463,
            -0.4297924339771271,
            0.03296900540590286,
            -4.197493076324463,
            -0.03492063656449318,
            0.0,
            0.0,
            0.0,
            1.0,
            0.0,
            0.0,
            0.0
        ],
        "max": [
            8.331469535827637,
            97.42381286621094,
            1.9384615421295166,
            0.34847626090049744,
            14.313450813293457,
            -0.18070818483829498,
            -0.5361069440841675,
            13.390002250671387,
            1.3626374006271362,
            0.08483558893203735,
            15.236899375915527,
            0.10256410390138626,
            -0.09890701621770859,
            4.897075176239014,
            0.09133089333772659,
            0.0549483448266983,
            4.897075176239014,
            0.03492063656449318,
            0.06421010941267014,
            6.002415180206299,
            0.0923076942563057,
            -0.28296586871147156,
            14.313450813293457,
            0.6007326245307922,
            0.2939065992832184,
            20.777589797973633,
            -0.48351648449897766,
            0.5020154118537903,
            22.624486923217773,
            -0.8058608174324036,
            0.6483904719352722,
            6.296239376068115,
            -0.36263737082481384,
            0.07692768424749374,
            5.5966572761535645,
            0.04029304161667824,
            0.0,
            0.0,
            0.0,
            1.0,
            0.0,
            0.0,
            0.0
        ],
        "mean": [
            0.3869277536869049,
            3.287475347518921,
            0.12601710855960846,
            0.2505582571029663,
            -0.42478621006011963,
            -0.5218559503555298,
            -0.6599603891372681,
            -1.362086296081543,
            1.0460073947906494,
            0.06461473554372787,
            0.43863797187805176,
            -0.0042490847408771515,
            -0.10170964896678925,
            -0.07695402204990387,
            0.06645667552947998,
            0.04181569442152977,
            0.8394986987113953,
            0.008918201550841331,
            0.02519676834344864,
            -0.4432554244995117,
            -0.0885469913482666,
            -0.30868229269981384,
            -0.13390015065670013,
            0.42871803045272827,
            0.2704983055591583,
            -0.678734540939331,
            -0.5611713528633118,
            0.48948657512664795,
            -0.6556484699249268,
            -0.9287912845611572,
            0.6341583132743835,
            0.1853892207145691,
            -0.4008888304233551,
            0.05808047205209732,
            0.7590467929840088,
            -0.002927960827946663,
            0.0,
            0.0,
            0.0,
            1.0,
            0.0,
            0.0,
            0.0
        ],