{
    "action": {
        "min": [
            0.0,
            0.0,
            0.0,
            0.0,
            0.0,
            0.0,
            0.0,
            0.0,
            0.0,
            0.0,
            0.0,
            -9.999802589416504
        ],
        "max": [
            0.0,
            0.0,
            0.0,
            0.0,
            0.0,
            0.0,
            0.0,
            0.0,
            0.0,
            0.0,
            0.0,
            9.999210357666016
        ],
        "mean": [
            0.0,
            0.0,
            0.0,
            0.0,
            0.0,
            0.0,
            0.0,
            0.0,
            0.0,
            0.0,
            0.0,
            0.23768490552902222
        ],
        "std": [
            0.0,
            0.0,
            0.0,
            0.0,
            0.0,
            0.0,
            0.0,
            0.0,
            0.0,
            0.0,
            0.0,
            7.011688232421875
        ],
        "count": [
            200
        ],
        "q01": [
            3.9995784462121265e-16,
            3.9995784462121265e-16,
            3.9995784462121265e-16,
            3.9995784462121265e-16,
            3.9995784462121265e-16,
            3.9995784462121265e-16,
            3.9995784462121265e-16,
            3.9995784462121265e-16,
            3.9995784462121265e-16,
            3.9995784462121265e-16,
            3.9995784462121265e-16,
            -9.991803169250488
        ],
        "q10": [
            3.999578446212126e-15,
            3.999578446212126e-15,
            3.999578446212126e-15,
            3.999578446212126e-15,
            3.999578446212126e-15,
            3.999578446212126e-15,
            3.999578446212126e-15,
            3.999578446212126e-15,
            3.999578446212126e-15,
            3.999578446212126e-15,
            3.999578446212126e-15,
            -9.487828254699707
        ],
        "q50": [
            1.9997892231060632e-14,
            1.9997892231060632e-14,
            1.9997892231060632e-14,
            1.9997892231060632e-14,
            1.9997892231060632e-14,
            1.9997892231060632e-14,
            1.9997892231060632e-14,
            1.9997892231060632e-14,
            1.9997892231060632e-14,
            1.9997892231060632e-14,
            1.9997892231060632e-14,
            0.5676746368408203
        ],
        "q90": [
            3.599620601590914e-14,
            3.599620601590914e-14,
            3.599620601590914e-14,
            3.599620601590914e-14,
            3.599620601590914e-14,
            3.599620601590914e-14,
            3.599620601590914e-14,
            3.599620601590914e-14,
            3.599620601590914e-14,
            3.599620601590914e-14,
            3.599620601590914e-14,
            9.4512357711792
        ],
        "q99": [
            3.959582661750005e-14,
            3.959582661750005e-14,
            3.959582661750005e-14,
            3.959582661750005e-14,
            3.959582661750005e-14,
            3.959582661750005e-14,
            3.959582661750005e-14,
            3.959582661750005e-14,
            3.959582661750005e-14,
            3.959582661750005e-14,
            3.959582661750005e-14,
            9.995209693908691
        ]
    },
    "observation.state": {
        "min": [
            -0.174534410238266,
            -6.925863265991211,
            0.05811965838074684,
            0.23857957124710083,
            -12.466554641723633,
            -0.6886447072029114,
            -0.6679829359054565,
            -15.236899375915527,
            0.8644688725471497,
            0.06285625696182251,
            -17.083797454833984,
            -0.1318681389093399,
            -0.13187602162361145,
            -5.5966572761535645,
            0.051037851721048355,
            -0.02197933755815029,
            -4.897075176239014,
            0.016117217019200325,
            -0.0017279012827202678,
            -7.849311828613281,
            -0.13333334028720856,
            -0.3489038646221161,
            -8.772760391235352,
            0.20024420320987701,
            0.2499479353427887,
            -19.854141235351562,
            -0.6593406796455383,
            0.4580567181110382,
            -17.083797454833984,
            -1.0109890699386597,
            -0.03296900540590286,
            -23.78579330444336,
            -0.3975580036640167,
            -6.989429473876953,
            -150.41017150878906,
            -1.340415120124817,
            0.0,
            0.0,
            0.0,
            1.0,
            0.0,
            0.0,
            0.0
        ],
        "max": [
            -0.1305757462978363,
            6.925863265991211,
            0.20854701101779938,
            0.2605589032173157,
            8.772760391235352,
            -0.3272283375263214,
            -0.6460036039352417,
            14.313450813293457,
            1.216117262840271,
            0.08483558893203735,
            18.930692672729492,
            0.10256410390138626,
            -0.09890701621770859,
            4.897075176239014,
            0.1101343110203743,
            0.0,
            6.995821475982666,
            0.07789988070726395,
            0.04223077371716499,
            5.0789666175842285,
            -0.010256410576403141,
            -0.3049452006816864,
            8.772760391235352,
            0.6007326245307922,
            0.27192726731300354,
            16.160348892211914,
            -0.4542124569416046,
            0.48003605008125305,
            13.390002250671387,
            -0.7765567898750305,
            0.7912561297416687,
            18.888717651367188,
            0.19072039425373077,
            8.451055526733398,
            151.809326171875,
            0.7628815770149231,
            0.0,
            0.0,
            0.0,
            1.0,
            0.0,
            0.0,
            0.0
        ],
        "mean": [
            -0.15541259944438934,
            -0.7849313616752625,
            0.1352136731147766,
            0.25286608934402466,
            -0.46172431111335754,
            -0.5146763920783997,
            -0.667873740196228,
            -0.1754552125930786,
            1.0594873428344727,
            0.0723075270652771,
            0.9419171810150146,
            -0.019633699208498,
            -0.11286412179470062,
            -0.2238663136959076,
            0.07302447408437729,
            -0.008901629596948624,
            0.7135737538337708,
            0.04210624843835831,
            0.019262393936514854,
            -0.3324414789676666,
            -0.0816410556435585,
            -0.32088011503219604,
            -0.5586863160133362,
            0.44405364990234375,
            0.26797065138816833,
            -1.472900390625,
            -0.5554571151733398,
            0.4732220768928528,
            -1.145076036453247,
            -0.8952385783195496,
            0.13418389856815338,
            -0.4267450273036957,
            -0.07362882047891617,
            0.3234254717826843,
            2.0987462997436523,
            -0.10465443879365921,
            0.0,
            0.0,
            0.0,
            1.0,
            0.0,
            0.0,
            0.0
        ],