{
    "action": {
        "min": [
            0.0,
            0.0,
            0.0,
            0.0,
            0.0,
            0.0,
            0.0,
            0.0,
            -9.980267524719238,
            0.0,
            0.0,
            0.0
        ],
        "max": [
            0.0,
            0.0,
            0.0,
            0.0,
            0.0,
            0.0,
            0.0,
            0.0,
            9.980267524719238,
            0.0,
            0.0,
            0.0
        ],
        "mean": [
            0.0,
            0.0,
            0.0,
            0.0,
            0.0,
            0.0,
            0.0,
            0.0,
            3.4809113458322827e-07,
            0.0,
            0.0,
            0.0
        ],
        "std": [
            0.0,
            0.0,
            0.0,
            0.0,
            0.0,
            0.0,
            0.0,
            0.0,
            7.07106876373291,
            0.0,
            0.0,
            0.0
        ],
        "count": [
            200
        ],
        "q01": [
            3.9995784462121265e-16,
            3.9995784462121265e-16,
            3.9995784462121265e-16,
            3.9995784462121265e-16,
            3.9995784462121265e-16,
            3.9995784462121265e-16,
            3.9995784462121265e-16,
            3.9995784462121265e-16,
            -9.980267524719238,
            3.9995784462121265e-16,
            3.9995784462121265e-16,
            3.9995784462121265e-16
        ],
        "q10": [
            3.999578446212126e-15,
            3.999578446212126e-15,
            3.999578446212126e-15,
            3.999578446212126e-15,
            3.999578446212126e-15,
            3.999578446212126e-15,
            3.999578446212126e-15,
            3.999578446212126e-15,
            -9.511195182800293,
            3.999578446212126e-15,
            3.999578446212126e-15,
            3.999578446212126e-15
        ],
        "q50": [
            1.9997892231060632e-14,
            1.9997892231060632e-14,
            1.9997892231060632e-14,
            1.9997892231060632e-14,
            1.9997892231060632e-14,
            1.9997892231060632e-14,
            1.9997892231060632e-14,
            1.9997892231060632e-14,
            -0.001995086669921875,
            1.9997892231060632e-14,
            1.9997892231060632e-14,
            1.9997892231060632e-14
        ],
        "q90": [
            3.599620601590914e-14,
            3.599620601590914e-14,
            3.599620601590914e-14,
            3.599620601590914e-14,
            3.599620601590914e-14,
            3.599620601590914e-14,
            3.599620601590914e-14,
            3.599620601590914e-14,
            9.51119613647461,
            3.599620601590914e-14,
            3.599620601590914e-14,
            3.599620601590914e-14
        ],
        "q99": [
            3.959582661750005e-14,
            3.959582661750005e-14,
            3.959582661750005e-14,
            3.959582661750005e-14,
            3.959582661750005e-14,
            3.959582661750005e-14,
            3.959582661750005e-14,
            3.959582661750005e-14,
            9.979269981384277,
            3.959582661750005e-14,
            3.959582661750005e-14,
            3.959582661750005e-14
        ]
    },
    "observation.state": {
        "min": [
            -0.3943277895450592,
            -14.313450813293457,
            -0.3042735159397125,
            0.08472420275211334,
            -11.543106079101562,
            -1.1379731893539429,
            -1.239445686340332,
            -89.11277770996094,
            -3.0329670906066895,
            -0.047040436416864395,
            -19.854141235351562,
            -0.7472527623176575,
            -0.13187602162361145,
            -7.695404052734375,
            -0.0,
            -0.1648450344800949,
            -4.897075176239014,
            0.07252747565507889,
            -0.39735597372055054,
            -13.390002250671387,
            -0.7897436022758484,
            -0.48077988624572754,
            -8.772760391235352,
            -0.2490842491388321,
            -9.728671073913574,
            -214.70176696777344,
            -7.282051086425781,
            0.21628400683403015,
            -24.471384048461914,
            -1.5677655935287476,
            0.505524754524231,
            -10.493732452392578,
            -0.5023199319839478,
            0.07692768424749374,
            -5.5966572761535645,
            -0.11550671607255936,
            0.0,
            0.0,
            0.0,
            1.0,
            0.0,
            0.0,
            0.0
        ],
        "max": [
            0.0892176404595375,
            11.543106079101562,
            0.5914530158042908,
            0.41441425681114197,
            11.543106079101562,
            -0.04395604506134987,
            1.4200540781021118,
            78.0313949584961,
            2.9450550079345703,
            0.23869095742702484,
            34.62931823730469,
            0.5128205418586731,
            -0.02197933755815029,
            11.89289665222168,
            0.08864469081163406,
            -0.0549483448266983,
            9.794150352478027,
            0.16385836899280548,
            0.3719208538532257,
            9.696208953857422,
            0.7965812087059021,
            -0.041193146258592606,
            9.696208953857422,
            1.1379731893539429,
            10.096691131591797,
            204.54383850097656,
            4.703296661376953,
            0.677850067615509,
            19.854141235351562,
            -0.1318681389093399,
            0.7692767977714539,
            11.89289665222168,
            -0.30085471272468567,
            0.2088037133216858,
            7.695404052734375,
            0.002686202758923173,
            0.0,
            0.0,
            0.0,
            1.0,
            0.0,
            0.0,
            0.0
        ],
        "mean": [
            -0.16079740226268768,
            -0.3416760265827179,
            0.1390085518360138,
            0.24912936985492706,
            -0.3970828354358673,
            -0.5220024585723877,
            -0.45906922221183777,
            -1.3574693202972412,
            0.7094505429267883,
            0.08164869993925095,
            0.4663415253162384,
            -0.03443223610520363,
            -0.06374017894268036,
            0.02798328921198845,
            0.04053482040762901,
            -0.11715002357959747,
            0.5806533098220825,
            0.11034917086362839,
            0.004206523764878511,
            -0.2908862233161926,
            -0.06201711297035217,
            -0.2956041693687439,
            -0.48942768573760986,
            0.39159953594207764,
            0.7404168844223022,
            -6.177868843078613,
            -0.99384605884552,
            0.5028945207595825,
            -0.8495725989341736,
            -0.9522342681884766,
            0.6499291062355042,
            0.2483515739440918,
            -0.4114589989185333,
            0.1306672841310501,
            0.7800337076187134,
            -0.0461355485022068,
            0.0,
            0.0,
            0.0,
            1.0,
            0.0,
            0.0,
            0.0
        ],