{
    "action": {
        "min": [
            0.0,
            0.0,
            0.0,
            0.0,
            0.0,
            0.0,
            0.0,
            0.0,
            0.0,
            -9.998223304748535,
            0.0,
            0.0
        ],
        "max": [
            0.0,
            0.0,
            0.0,
            0.0,
            0.0,
            0.0,
            0.0,
            0.0,
            0.0,
            9.999802589416504,
            0.0,
            0.0
        ],
        "mean": [
            0.0,
            0.0,
            0.0,
            0.0,
            0.0,
            0.0,
            0.0,
            0.0,
            0.0,
            0.6345770955085754,
            0.0,
            0.0
        ],
        "std": [
            0.0,
            0.0,
            0.0,
            0.0,
            0.0,
            0.0,
            0.0,
            0.0,
            0.0,
            7.118222713470459,
            0.0,
            0.0
        ],
        "count": [
            200
        ],
        "q01": [
            3.9995784462121265e-16,
            3.9995784462121265e-16,
            3.9995784462121265e-16,
            3.9995784462121265e-16,
            3.9995784462121265e-16,
            3.9995784462121265e-16,
            3.9995784462121265e-16,
            3.9995784462121265e-16,
            3.9995784462121265e-16,
            -9.998223304748535,
            3.9995784462121265e-16,
            3.9995784462121265e-16
        ],
        "q10": [
            3.999578446212126e-15,
            3.999578446212126e-15,
            3.999578446212126e-15,
            3.999578446212126e-15,
            3.999578446212126e-15,
            3.999578446212126e-15,
            3.999578446212126e-15,
            3.999578446212126e-15,
            3.999578446212126e-15,
            -9.65025806427002,
            3.999578446212126e-15,
            3.999578446212126e-15
        ],
        "q50": [
            1.9997892231060632e-14,
            1.9997892231060632e-14,
            1.9997892231060632e-14,
            1.9997892231060632e-14,
            1.9997892231060632e-14,
            1.9997892231060632e-14,
            1.9997892231060632e-14,
            1.9997892231060632e-14,
            1.9997892231060632e-14,
            1.5046415328979492,
            1.9997892231060632e-14,
            1.9997892231060632e-14
        ],
        "q90": [
            3.599620601590914e-14,
            3.599620601590914e-14,
            3.599620601590914e-14,
            3.599620601590914e-14,
            3.599620601590914e-14,
            3.599620601590914e-14,
            3.599620601590914e-14,
            3.599620601590914e-14,
            3.599620601590914e-14,
            9.587843894958496,
            3.599620601590914e-14,
            3.599620601590914e-14
        ],
        "q99": [
            3.959582661750005e-14,
            3.959582661750005e-14,
            3.959582661750005e-14,
            3.959582661750005e-14,
            3.959582661750005e-14,
            3.959582661750005e-14,
            3.959582661750005e-14,
            3.959582661750005e-14,
            3.959582661750005e-14,
            9.991803169250488,
            3.959582661750005e-14,
            3.959582661750005e-14
        ]
    },
    "observation.state": {
        "min": [
            -0.174534410238266,
            -7.849311828613281,
            0.05128205195069313,
            0.216600239276886,
            -8.772760391235352,
            -0.7081807255744934,
            -0.711941659450531,
            -18.930692672729492,
            0.8351648449897766,
            0.08483558893203735,
            -18.930692672729492,
            -0.16117216646671295,
            -0.08791735023260117,
            -5.5966572761535645,
            0.02954822964966297,
            -0.13187602162361145,
            -4.197493076324463,
            0.08595848828554153,
            -0.04568657651543617,
            -6.002415180206299,
            -0.12649573385715485,
            -0.3489038646221161,
            -8.772760391235352,
            0.28815630078315735,
            0.22796858847141266,
            -18.930692672729492,
            -0.7765567898750305,
            -9.49858283996582,
            -104.8114013671875,
            -2.095238208770752,
            0.5824524760246277,
            -4.897075176239014,
            -0.41098901629447937,
            0.010989668779075146,
            -5.5966572761535645,
            -0.016117217019200325,
            0.0,
            0.0,
            0.0,
            1.0,
            0.0,
            0.0,
            0.0
        ],
        "max": [
            -0.1305757462978363,
            4.155518054962158,
            0.2290598303079605,
            0.2605589032173157,
            8.772760391235352,
            -0.3369963467121124,
            -0.602044939994812,
            12.466554641723633,
            1.216117262840271,
            0.1068149283528328,
            18.007244110107422,
            0.07326007634401321,
            -0.06593801081180573,
            4.197493076324463,
            0.083272285759449,
            -0.1098966896533966,
            4.897075176239014,
            0.15042735636234283,
            -0.0017279012827202678,
            5.0789666175842285,
            0.06495726853609085,
            -0.3049452006816864,
            7.849311828613281,
            0.6202686429023743,
            0.403803288936615,
            16.160348892211914,
            -0.42490842938423157,
            9.513544082641602,
            100.19416046142578,
            0.9230769276618958,
            0.61542147397995,
            4.897075176239014,
            -0.333089143037796,
            0.04395867511630058,
            6.296239376068115,
            0.048351649194955826,
            0.0,
            0.0,
            0.0,
            1.0,
            0.0,
            0.0,
            0.0
        ],
        "mean": [
            -0.15662142634391785,
            -0.6787348389625549,
            0.13863252103328705,
            0.23956818878650665,
            -0.5540691614151001,
            -0.5116971731185913,
            -0.6643569469451904,
            -0.6972036957740784,
            1.0537734031677246,
            0.0878029316663742,
            -0.16160327196121216,
            -0.04967039078474045,
            -0.07973020523786545,
            -0.059464484453201294,
            0.05082296207547188,
            -0.12797467410564423,
            0.542176365852356,
            0.11513061821460724,
            -0.010629543103277683,
            -0.4940448999404907,
            -0.04205131530761719,
            -0.3272538483142853,
            -0.5402172207832336,
            0.4481562376022339,
            0.27412495017051697,
            -1.0712004899978638,
            -0.5664459466934204,
            1.2712918519973755,
            -9.17446517944336,
            -0.4813186228275299,
            0.5960252285003662,
            0.4092555642127991,
            -0.37684738636016846,
            0.03038642928004265,
            0.6191302537918091,
            0.015445678494870663,
            0.0,
            0.0,
            0.0,
            1.0,
            0.0,
            0.0,
            0.0
        ],