{
    "action": {
        "min": [
            0.0,
            0.0,
            0.0,
            0.0,
            0.0,
            0.0,
            0.0,
            0.0,
            -9.996841430664062,
            0.0,
            0.0,
            0.0
        ],
        "max": [
            0.0,
            0.0,
            0.0,
            0.0,
            0.0,
            0.0,
            0.0,
            0.0,
            10.0,
            0.0,
            0.0,
            0.0
        ],
        "mean": [
            0.0,
            0.0,
            0.0,
            0.0,
            0.0,
            0.0,
            0.0,
            0.0,
            0.8136031627655029,
            0.0,
            0.0,
            0.0
        ],
        "std": [
            0.0,
            0.0,
            0.0,
            0.0,
            0.0,
            0.0,
            0.0,
            0.0,
            6.9429826736450195,
            0.0,
            0.0,
            0.0
        ],
        "count": [
            200
        ],
        "q01": [
            3.9995784462121265e-16,
            3.9995784462121265e-16,
            3.9995784462121265e-16,
            3.9995784462121265e-16,
            3.9995784462121265e-16,
            3.9995784462121265e-16,
            3.9995784462121265e-16,
            3.9995784462121265e-16,
            -9.996841430664062,
            3.9995784462121265e-16,
            3.9995784462121265e-16,
            3.9995784462121265e-16
        ],
        "q10": [
            3.999578446212126e-15,
            3.999578446212126e-15,
            3.999578446212126e-15,
            3.999578446212126e-15,
            3.999578446212126e-15,
            3.999578446212126e-15,
            3.999578446212126e-15,
            3.999578446212126e-15,
            -9.34094524383545,
            3.999578446212126e-15,
            3.999578446212126e-15,
            3.999578446212126e-15
        ],
        "q50": [
            1.9997892231060632e-14,
            1.9997892231060632e-14,
            1.9997892231060632e-14,
            1.9997892231060632e-14,
            1.9997892231060632e-14,
            1.9997892231060632e-14,
            1.9997892231060632e-14,
            1.9997892231060632e-14,
            1.5053415298461914,
            1.9997892231060632e-14,
            1.9997892231060632e-14,
            1.9997892231060632e-14
        ],
        "q90": [
            3.599620601590914e-14,
            3.599620601590914e-14,
            3.599620601590914e-14,
            3.599620601590914e-14,
            3.599620601590914e-14,
            3.599620601590914e-14,
            3.599620601590914e-14,
            3.599620601590914e-14,
            9.588064193725586,
            3.599620601590914e-14,
            3.599620601590914e-14,
            3.599620601590914e-14
        ],
        "q99": [
            3.959582661750005e-14,
            3.959582661750005e-14,
            3.959582661750005e-14,
            3.959582661750005e-14,
            3.959582661750005e-14,
            3.959582661750005e-14,
            3.959582661750005e-14,
            3.959582661750005e-14,
            9.98800277709961,
            3.959582661750005e-14,
            3.959582661750005e-14,
            3.959582661750005e-14
        ]
    },
    "observation.state": {
        "min": [
            -0.3283897936344147,
            -9.696208953857422,
            -0.4205128252506256,
            0.12868288159370422,
            -8.772760391235352,
            -0.9621489644050598,
            -1.0636110305786133,
            -54.02173614501953,
            -0.3369963467121124,
            -0.047040436416864395,
            -22.624486923217773,
            -0.3663003742694855,
            -0.09890701621770859,
            -4.197493076324463,
            0.013431013561785221,
            -0.1538553684949875,
            -4.897075176239014,
            0.07521367818117142,
            -0.4193353056907654,
            -18.007244110107422,
            -0.7623931765556335,
            -0.5686972737312317,
            -10.619657516479492,
            -0.2588522732257843,
            -10.2122163772583,
            -210.0845184326172,
            -7.252747058868408,
            0.17232532799243927,
            -30.935523986816406,
            -1.245421290397644,
            0.49453508853912354,
            -16.090389251708984,
            -0.5211233496665955,
            0.03296900540590286,
            -6.296239376068115,
            -0.056410256773233414,
            0.0,
            0.0,
            0.0,
            1.0,
            0.0,
            0.0,
            0.0
        ],
        "max": [
            0.023279624059796333,
            16.160348892211914,
            0.4888888895511627,
            0.34847626090049744,
            10.619657516479492,
            -0.15140415728092194,
            -0.00860283337533474,
            56.79207992553711,
            2.5054945945739746,
            0.19473227858543396,
            22.624486923217773,
            0.2490842491388321,
            -0.03296900540590286,
            6.995821475982666,
            0.10476190596818924,
            -0.08791735023260117,
            9.794150352478027,
            0.18266178667545319,
            0.3499414920806885,
            11.543106079101562,
            0.8581196665763855,
            -0.041193146258592606,
            7.849311828613281,
            1.3137973546981812,
            11.06378173828125,
            208.2376251220703,
            5.318681240081787,
            0.6558707356452942,
            21.701038360595703,
            -0.04395604506134987,
            0.8462045192718506,
            8.394986152648926,
            -0.30085471272468567,
            0.14286570250988007,
            7.695404052734375,
            0.026862027123570442,
            0.0,
            0.0,
            0.0,
            1.0,
            0.0,
            0.0,
            0.0
        ],
        "mean": [
            -0.1642041951417923,
            -0.6325622797012329,
            0.1405811607837677,
            0.24352480471134186,
            -0.2031586468219757,
            -0.5147252082824707,
            -0.6217162609100342,
            -0.3370587229728699,
            0.9931135773658752,
            0.08175862580537796,
            0.8818928599357605,
            -0.04161175712943077,
            -0.0739055722951889,
            0.17139767110347748,
            0.04648475721478462,
            -0.12720553576946259,
            0.8290048241615295,
            0.1152246743440628,
            -0.007882134057581425,
            -0.36937931180000305,
            -0.03822221979498863,
            -0.2973625957965851,
            -0.9326831698417664,
            0.40019524097442627,
            1.2934168577194214,
            3.3105640411376953,
            -0.9343586564064026,
            0.49871838092803955,
            -0.5171313285827637,
            -0.9371426105499268,
            0.6699855327606201,
            0.0524686723947525,
            -0.422203928232193,
            0.0848952978849411,
            1.0108964443206787,
            -0.018467659130692482,
            0.0,
            0.0,
            0.0,
            1.0,
            0.0,
            0.0,
            0.0
        ],