{
    "action": {
        "min": [
            0.0,
            0.0,
            0.0,
            0.0,
            0.0,
            0.0,
            0.0,
            0.0,
            0.0,
            0.0,
            -9.999210357666016,
            0.0
        ],
        "max": [
            0.0,
            0.0,
            0.0,
            0.0,
            0.0,
            0.0,
            0.0,
            0.0,
            0.0,
            0.0,
            9.999210357666016,
            0.0
        ],
        "mean": [
            0.0,
            0.0,
            0.0,
            0.0,
            0.0,
            0.0,
            0.0,
            0.0,
            0.0,
            0.0,
            1.8137778043746948,
            0.0
        ],
        "std": [
            0.0,
            0.0,
            0.0,
            0.0,
            0.0,
            0.0,
            0.0,
            0.0,
            0.0,
            0.0,
            6.652874946594238,
            0.0
        ],
        "count": [
            200
        ],
        "q01": [
            3.9995784462121265e-16,
            3.9995784462121265e-16,
            3.9995784462121265e-16,
            3.9995784462121265e-16,
            3.9995784462121265e-16,
            3.9995784462121265e-16,
            3.9995784462121265e-16,
            3.9995784462121265e-16,
            3.9995784462121265e-16,
            3.9995784462121265e-16,
            -9.9912109375,
            3.9995784462121265e-16
        ],
        "q10": [
            3.999578446212126e-15,
            3.999578446212126e-15,
            3.999578446212126e-15,
            3.999578446212126e-15,
            3.999578446212126e-15,
            3.999578446212126e-15,
            3.999578446212126e-15,
            3.999578446212126e-15,
            3.999578446212126e-15,
            3.999578446212126e-15,
            -8.819303512573242,
            3.999578446212126e-15
        ],
        "q50": [
            1.9997892231060632e-14,
            1.9997892231060632e-14,
            1.9997892231060632e-14,
            1.9997892231060632e-14,
            1.9997892231060632e-14,
            1.9997892231060632e-14,
            1.9997892231060632e-14,
            1.9997892231060632e-14,
            1.9997892231060632e-14,
            1.9997892231060632e-14,
            2.97176456451416,
            1.9997892231060632e-14
        ],
        "q90": [
            3.599620601590914e-14,
            3.599620601590914e-14,
            3.599620601590914e-14,
            3.599620601590914e-14,
            3.599620601590914e-14,
            3.599620601590914e-14,
            3.599620601590914e-14,
            3.599620601590914e-14,
            3.599620601590914e-14,
            3.599620601590914e-14,
            9.655237197875977,
            3.599620601590914e-14
        ],
        "q99": [
            3.959582661750005e-14,
            3.959582661750005e-14,
            3.959582661750005e-14,
            3.959582661750005e-14,
            3.959582661750005e-14,
            3.959582661750005e-14,
            3.959582661750005e-14,
            3.959582661750005e-14,
            3.959582661750005e-14,
            3.959582661750005e-14,
            9.995210647583008,
            3.959582661750005e-14
        ]
    },
    "observation.state": {
        "min": [
            -0.174534410238266,
            -6.925863265991211,
            0.06495726853609085,
            0.216600239276886,
            -7.849311828613281,
            -0.6495726704597473,
            -0.6679829359054565,
            -17.083797454833984,
            0.8644688725471497,
            0.06285625696182251,
            -15.236899375915527,
            -0.16117216646671295,
            -0.07692768424749374,
            -4.197493076324463,
            0.010744811035692692,
            -0.14286570250988007,
            -5.5966572761535645,
            0.09670329838991165,
            -0.02370723895728588,
            -6.002415180206299,
            -0.12649573385715485,
            -0.3489038646221161,
            -8.772760391235352,
            0.22954823076725006,
            0.2499479353427887,
            -16.160348892211914,
            -0.6593406796455383,
            0.48003605008125305,
            -19.854141235351562,
            -1.0695971250534058,
            -9.363198280334473,
            -85.3490219116211,
            -0.615140438079834,
            -0.0549483448266983,
            -9.094568252563477,
            -0.09401709586381912,
            0.0,
            0.0,
            0.0,
            1.0,
            0.0,
            0.0,
            0.0
        ],
        "max": [
            -0.15255507826805115,
            7.849311828613281,
            0.2153846174478531,
            0.23857957124710083,
            8.772760391235352,
            -0.3369963467121124,
            -0.6460036039352417,
            17.083797454833984,
            1.186813235282898,
            0.1068149283528328,
            20.777589797973633,
            0.07326007634401321,
            -0.0549483448266983,
            4.897075176239014,
            0.08058608323335648,
            -0.12088635563850403,
            6.296239376068115,
            0.15311355888843536,
            -0.0017279012827202678,
            6.002415180206299,
            0.05128205195069313,
            -0.32692453265190125,
            8.772760391235352,
            0.5811966061592102,
            0.2939065992832184,
            17.083797454833984,
            -0.48351648449897766,
            0.5020154118537903,
            17.083797454833984,
            -0.8351648449897766,
            10.517112731933594,
            82.55069732666016,
            0.43516483902931213,
            0.1538553684949875,
            8.394986152648926,
            0.1101343110203743,
            0.0,
            0.0,
            0.0,
            1.0,
            0.0,
            0.0,
            0.0
        ],
        "mean": [
            -0.1556324064731598,
            -0.2123931646347046,
            0.13904275000095367,
            0.2384692132472992,
            -0.3232070505619049,
            -0.4998290240764618,
            -0.6677638292312622,
            -0.055406905710697174,
            1.0638831853866577,
            0.08461594581604004,
            0.5494517683982849,
            -0.04000008478760719,
            -0.06049821525812149,
            0.12242687493562698,
            0.03968868777155876,
            -0.13006272912025452,
            0.7030801177024841,
            0.11895851045846939,
            -0.021399380639195442,
            -0.604858934879303,
            -0.035418830811977386,
            -0.32846274971961975,
            -0.332441508769989,
            0.4473261535167694,
            0.2703884243965149,
            -0.313972532749176,
            -0.5636621713638306,
            0.5015751123428345,
            -0.30935508012771606,
            -0.9468128681182861,
            2.205296516418457,
            -1.7839360237121582,
            -0.15358363091945648,
            0.046925898641347885,
            0.7555487751960754,
            0.0036398046649992466,
            0.0,
            0.0,
            0.0,
            1.0,
            0.0,
            0.0,
            0.0
        ],