{
    "action": {
        "min": [
            0.0,
            0.0,
            0.0,
            0.0,
            0.0,
            0.0,
            -9.999802589416504,
            0.0,
            0.0,
            0.0,
            0.0,
            0.0
        ],
        "max": [
            0.0,
            0.0,
            0.0,
            0.0,
            0.0,
            0.0,
            9.998223304748535,
            0.0,
            0.0,
            0.0,
            0.0,
            0.0
        ],
        "mean": [
            0.0,
            0.0,
            0.0,
            0.0,
            0.0,
            0.0,
            0.4759037494659424,
            0.0,
            0.0,
            0.0,
            0.0,
            0.0
        ],
        "std": [
            0.0,
            0.0,
            0.0,
            0.0,
            0.0,
            0.0,
            6.963190078735352,
            0.0,
            0.0,
            0.0,
            0.0,
            0.0
        ],
        "count": [
            200
        ],
        "q01": [
            3.9995784462121265e-16,
            3.9995784462121265e-16,
            3.9995784462121265e-16,
            3.9995784462121265e-16,
            3.9995784462121265e-16,
            3.9995784462121265e-16,
            -9.999802589416504,
            3.9995784462121265e-16,
            3.9995784462121265e-16,
            3.9995784462121265e-16,
            3.9995784462121265e-16,
            3.9995784462121265e-16
        ],
        "q10": [
            3.999578446212126e-15,
            3.999578446212126e-15,
            3.999578446212126e-15,
            3.999578446212126e-15,
            3.999578446212126e-15,
            3.999578446212126e-15,
            -9.42785930633545,
            3.999578446212126e-15,
            3.999578446212126e-15,
            3.999578446212126e-15,
            3.999578446212126e-15,
            3.999578446212126e-15
        ],
        "q50": [
            1.9997892231060632e-14,
            1.9997892231060632e-14,
            1.9997892231060632e-14,
            1.9997892231060632e-14,
            1.9997892231060632e-14,
            1.9997892231060632e-14,
            1.0071115493774414,
            1.9997892231060632e-14,
            1.9997892231060632e-14,
            1.9997892231060632e-14,
            1.9997892231060632e-14,
            1.9997892231060632e-14
        ],
        "q90": [
            3.599620601590914e-14,
            3.599620601590914e-14,
            3.599620601590914e-14,
            3.599620601590914e-14,
            3.599620601590914e-14,
            3.599620601590914e-14,
            9.346287727355957,
            3.599620601590914e-14,
            3.599620601590914e-14,
            3.599620601590914e-14,
            3.599620601590914e-14,
            3.599620601590914e-14
        ],
        "q99": [
            3.959582661750005e-14,
            3.959582661750005e-14,
            3.959582661750005e-14,
            3.959582661750005e-14,
            3.959582661750005e-14,
            3.959582661750005e-14,
            9.994223594665527,
            3.959582661750005e-14,
            3.959582661750005e-14,
            3.959582661750005e-14,
            3.959582661750005e-14,
            3.959582661750005e-14
        ]
    },
    "observation.state": {
        "min": [
            -0.174534410238266,
            -6.925863265991211,
            0.07863248139619827,
            0.23857957124710083,
            -8.772760391235352,
            -0.6593406796455383,
            -0.6679829359054565,
            -14.313450813293457,
            0.8644688725471497,
            0.08483558893203735,
            -17.083797454833984,
            -0.16117216646671295,
            -0.12088635563850403,
            -4.197493076324463,
            0.048351649194955826,
            0.0549483448266983,
            -4.197493076324463,
            -0.024175824597477913,
            -9.562739372253418,
            -68.79691314697266,
            -0.31111112236976624,
            -0.3489038646221161,
            -9.696208953857422,
            0.21978022158145905,
            0.20598925650119781,
            -16.160348892211914,
            -0.6886447072029114,
            0.5020154118537903,
            -18.930692672729492,
            -1.0402930974960327,
            0.5494834184646606,
            -4.897075176239014,
            -0.38144078850746155,
            -0.06593801081180573,
            -6.995821475982666,
            0.026862027123570442,
            0.0,
            0.0,
            0.0,
            1.0,
            0.0,
            0.0,
            0.0
        ],
        "max": [
            -0.15255507826805115,
            6.002415180206299,
            0.20170940458774567,
            0.2605589032173157,
            8.772760391235352,
            -0.3369963467121124,
            -0.6460036039352417,
            18.007244110107422,
            1.216117262840271,
            0.1068149283528328,
            18.007244110107422,
            0.04395604506134987,
            -0.09890701621770859,
            4.197493076324463,
            0.10207570344209671,
            0.07692768424749374,
            5.5966572761535645,
            0.024175824597477913,
            9.33949089050293,
            72.49070739746094,
            0.6461538672447205,
            -0.28296586871147156,
            9.696208953857422,
            0.6398046612739563,
            0.3158859610557556,
            15.236899375915527,
            -0.4542124569416046,
            0.5239947438240051,
            18.007244110107422,
            -0.8644688725471497,
            0.5714628100395203,
            6.296239376068115,
            -0.32503053545951843,
            -0.04395867511630058,
            6.296239376068115,
            0.10476190596818924,
            0.0,
            0.0,
            0.0,
            1.0,
            0.0,
            0.0,
            0.0
        ],
        "mean": [
            -0.15815997123718262,
            -0.3185896873474121,
            0.14259833097457886,
            0.2557234466075897,
            -0.60947585105896,
            -0.5255675911903381,
            -0.667873740196228,
            0.3693794906139374,
            1.0736998319625854,
            0.10143018513917923,
            0.7018205523490906,
            -0.059780269861221313,
            -0.11258939653635025,
            -0.027983298525214195,
            0.07013677805662155,
            0.06357532739639282,
            0.6785949468612671,
            -0.007413926534354687,
            0.04442882537841797,
            2.6964690685272217,
            0.11497435718774796,
            -0.31736376881599426,
            -0.263182669878006,
            0.4354579448699951,
            0.26280543208122253,
            -0.4017000198364258,
            -0.5490100979804993,
            0.5032235383987427,
            -0.17545513808727264,
            -0.9580950140953064,
            0.5566812753677368,
            -0.0034979176707565784,
            -0.35216113924980164,
            -0.061816900968551636,
            0.724067747592926,
            0.07169477641582489,
            0.0,
            0.0,
            0.0,
            1.0,
            0.0,
            0.0,
            0.0
        ],