{
    "action": {
        "min": [
            0.0,
            0.0,
            0.0,
            0.0,
            0.0,
            0.0,
            0.0,
            -9.999210357666016,
            0.0,
            0.0,
            0.0,
            0.0
        ],
        "max": [
            0.0,
            0.0,
            0.0,
            0.0,
            0.0,
            0.0,
            0.0,
            9.999210357666016,
            0.0,
            0.0,
            0.0,
            0.0
        ],
        "mean": [
            0.0,
            0.0,
            0.0,
            0.0,
            0.0,
            0.0,
            0.0,
            0.31960082054138184,
            0.0,
            0.0,
            0.0,
            0.0
        ],
        "std": [
            0.0,
            0.0,
            0.0,
            0.0,
            0.0,
            0.0,
            0.0,
            6.9959516525268555,
            0.0,
            0.0,
            0.0,
            0.0
        ],
        "count": [
            200
        ],
        "q01": [
            3.9995784462121265e-16,
            3.9995784462121265e-16,
            3.9995784462121265e-16,
            3.9995784462121265e-16,
            3.9995784462121265e-16,
            3.9995784462121265e-16,
            3.9995784462121265e-16,
            -9.999210357666016,
            3.9995784462121265e-16,
            3.9995784462121265e-16,
            3.9995784462121265e-16,
            3.9995784462121265e-16
        ],
        "q10": [
            3.999578446212126e-15,
            3.999578446212126e-15,
            3.999578446212126e-15,
            3.999578446212126e-15,
            3.999578446212126e-15,
            3.999578446212126e-15,
            3.999578446212126e-15,
            -9.507248878479004,
            3.999578446212126e-15,
            3.999578446212126e-15,
            3.999578446212126e-15,
            3.999578446212126e-15
        ],
        "q50": [
            1.9997892231060632e-14,
            1.9997892231060632e-14,
            1.9997892231060632e-14,
            1.9997892231060632e-14,
            1.9997892231060632e-14,
            1.9997892231060632e-14,
            1.9997892231060632e-14,
            0.7559394836425781,
            1.9997892231060632e-14,
            1.9997892231060632e-14,
            1.9997892231060632e-14,
            1.9997892231060632e-14
        ],
        "q90": [
            3.599620601590914e-14,
            3.599620601590914e-14,
            3.599620601590914e-14,
            3.599620601590914e-14,
            3.599620601590914e-14,
            3.599620601590914e-14,
            3.599620601590914e-14,
            9.429255485534668,
            3.599620601590914e-14,
            3.599620601590914e-14,
            3.599620601590914e-14,
            3.599620601590914e-14
        ],
        "q99": [
            3.959582661750005e-14,
            3.959582661750005e-14,
            3.959582661750005e-14,
            3.959582661750005e-14,
            3.959582661750005e-14,
            3.959582661750005e-14,
            3.959582661750005e-14,
            9.993210792541504,
            3.959582661750005e-14,
            3.959582661750005e-14,
            3.959582661750005e-14,
            3.959582661750005e-14
        ]
    },
    "observation.state": {
        "min": [
            -0.19651375710964203,
            -8.772760391235352,
            0.05128205195069313,
            0.23857957124710083,
            -11.543106079101562,
            -0.7179487347602844,
            -0.6899623274803162,
            -18.930692672729492,
            0.8644688725471497,
            0.08483558893203735,
            -18.007244110107422,
            -0.16117216646671295,
            -0.13187602162361145,
            -4.197493076324463,
            0.056410256773233414,
            0.04395867511630058,
            -4.197493076324463,
            -0.018803419545292854,
            -0.0017279012827202678,
            -6.925863265991211,
            -0.3521367609500885,
            -9.052721977233887,
            -75.26104736328125,
            -0.6202686429023743,
            0.20598925650119781,
            -17.083797454833984,
            -0.6886447072029114,
            0.5020154118537903,
            -18.007244110107422,
            -1.0402930974960327,
            0.6044318079948425,
            -4.897075176239014,
            -0.43785104155540466,
            0.010989668779075146,
            -4.197493076324463,
            -0.03760683909058571,
            0.0,
            0.0,
            0.0,
            1.0,
            0.0,
            0.0,
            0.0
        ],
        "max": [
            -0.1305757462978363,
            10.619657516479492,
            0.2153846174478531,
            0.2605589032173157,
            8.772760391235352,
            -0.3272283375263214,
            -0.6679829359054565,
            18.930692672729492,
            1.186813235282898,
            0.1068149283528328,
            16.160348892211914,
            0.07326007634401321,
            -0.1098966896533966,
            4.897075176239014,
            0.1101343110203743,
            0.06593801081180573,
            5.5966572761535645,
            0.03760683909058571,
            0.13014812767505646,
            5.0789666175842285,
            0.017094017937779427,
            8.926376342773438,
            71.56725311279297,
            1.0598291158676147,
            0.33786529302597046,
            15.236899375915527,
            -0.4542124569416046,
            0.5020154118537903,
            14.313450813293457,
            -0.8644688725471497,
            0.6593801379203796,
            4.897075176239014,
            -0.3384615480899811,
            0.06593801081180573,
            5.5966572761535645,
            0.04297924414277077,
            0.0,
            0.0,
            0.0,
            1.0,
            0.0,
            0.0,
            0.0
        ],
        "mean": [
            -0.15376420319080353,
            -0.5263655185699463,
            0.13494017720222473,
            0.25803136825561523,
            -0.4986621141433716,
            -0.5244442820549011,
            -0.6687529683113098,
            0.14775192737579346,
            1.0643223524093628,
            0.08791283518075943,
            -0.15236906707286835,
            -0.055970754474401474,
            -0.11654563248157501,
            0.19238512217998505,
            0.07654339075088501,
            0.05104706808924675,
            0.7030799984931946,
            0.0021355310454964638,
            0.05003334954380989,
            -0.7387586236000061,
            -0.12536750733852386,
            -0.036028143018484116,
            1.5606275796890259,
            0.14178268611431122,
            0.2770923674106598,
            -0.9788553714752197,
            -0.5753838419914246,
            0.5020146369934082,
            -0.6787347197532654,
            -0.947106122970581,
            0.6279501914978027,
            -0.013991636224091053,
            -0.39840415120124817,
            0.04296959936618805,
            0.6506113409996033,
            0.00860928650945425,
            0.0,
            0.0,
            0.0,
            1.0,
            0.0,
            0.0,
            0.0
        ],