{
    "action": {
        "min": [
            0.0,
            0.0,
            0.0,
            -9.999210357666016,
            0.0,
            0.0,
            0.0,
            0.0,
            0.0,
            0.0,
            0.0,
            0.0
        ],
        "max": [
            0.0,
            0.0,
            0.0,
            9.999210357666016,
            0.0,
            0.0,
            0.0,
            0.0,
            0.0,
            0.0,
            0.0,
            0.0
        ],
        "mean": [
            0.0,
            0.0,
            0.0,
            0.4336545169353485,
            0.0,
            0.0,
            0.0,
            0.0,
            0.0,
            0.0,
            0.0,
            0.0
        ],
        "std": [
            0.0,
            0.0,
            0.0,
            7.092873573303223,
            0.0,
            0.0,
            0.0,
            0.0,
            0.0,
            0.0,
            0.0,
            0.0
        ],
        "count": [
            200
        ],
        "q01": [
            3.9995784462121265e-16,
            3.9995784462121265e-16,
            3.9995784462121265e-16,
            -9.9912109375,
            3.9995784462121265e-16,
            3.9995784462121265e-16,
            3.9995784462121265e-16,
            3.9995784462121265e-16,
            3.9995784462121265e-16,
            3.9995784462121265e-16,
            3.9995784462121265e-16,
            3.9995784462121265e-16
        ],
        "q10": [
            3.999578446212126e-15,
            3.999578446212126e-15,
            3.999578446212126e-15,
            -9.507248878479004,
            3.999578446212126e-15,
            3.999578446212126e-15,
            3.999578446212126e-15,
            3.999578446212126e-15,
            3.999578446212126e-15,
            3.999578446212126e-15,
            3.999578446212126e-15,
            3.999578446212126e-15
        ],
        "q50": [
            1.9997892231060632e-14,
            1.9997892231060632e-14,
            1.9997892231060632e-14,
            1.0019207000732422,
            1.9997892231060632e-14,
            1.9997892231060632e-14,
            1.9997892231060632e-14,
            1.9997892231060632e-14,
            1.9997892231060632e-14,
            1.9997892231060632e-14,
            1.9997892231060632e-14,
            1.9997892231060632e-14
        ],
        "q90": [
            3.599620601590914e-14,
            3.599620601590914e-14,
            3.599620601590914e-14,
            9.587242126464844,
            3.599620601590914e-14,
            3.599620601590914e-14,
            3.599620601590914e-14,
            3.599620601590914e-14,
            3.599620601590914e-14,
            3.599620601590914e-14,
            3.599620601590914e-14,
            3.599620601590914e-14
        ],
        "q99": [
            3.959582661750005e-14,
            3.959582661750005e-14,
            3.959582661750005e-14,
            9.995210647583008,
            3.959582661750005e-14,
            3.959582661750005e-14,
            3.959582661750005e-14,
            3.959582661750005e-14,
            3.959582661750005e-14,
            3.959582661750005e-14,
            3.959582661750005e-14,
            3.959582661750005e-14
        ]
    },
    "observation.state": {
        "min": [
            -0.3943277895450592,
            -11.543106079101562,
            -0.4615384638309479,
            0.10670354217290878,
            -11.543106079101562,
            -1.0207570791244507,
            -1.8988258838653564,
            -78.95484161376953,
            -3.296703338623047,
            -7.67387056350708,
            -271.95556640625,
            -3.296703338623047,
            -0.09890701621770859,
            -5.5966572761535645,
            0.024175824597477913,
            -0.07692768424749374,
            -3.497910737991333,
            0.056410256773233414,
            -0.1116245910525322,
            -7.849311828613281,
            -0.43418803811073303,
            -0.43682122230529785,
            -9.696208953857422,
            -0.053724054247140884,
            -0.21161815524101257,
            -45.710697174072266,
            -2.65201473236084,
            0.4140980541706085,
            -18.930692672729492,
            -1.1282051801681519,
            0.6374008059501648,
            -6.995821475982666,
            -0.48351648449897766,
            0.03296900540590286,
            -4.897075176239014,
            -0.05909645929932594,
            0.0,
            0.0,
            0.0,
            1.0,
            0.0,
            0.0,
            0.0
        ],
        "max": [
            0.023279624059796333,
            12.466554641723633,
            0.6666666865348816,
            0.3924349248409271,
            12.466554641723633,
            0.1318681389093399,
            1.1782814264297485,
            63.25621795654297,
            4.205128192901611,
            8.37104606628418,
            285.80731201171875,
            2.4175825119018555,
            -0.0549483448266983,
            4.197493076324463,
            0.09670329838991165,
            -0.0549483448266983,
            6.296239376068115,
            0.12356532365083694,
            0.19608613848686218,
            6.002415180206299,
            0.2153846174478531,
            -0.17306916415691376,
            8.772760391235352,
            0.8156288266181946,
            1.0631834268569946,
            25.394832611083984,
            0.3369963467121124,
            0.5679534077644348,
            14.313450813293457,
            -0.7472527623176575,
            0.7253181338310242,
            4.897075176239014,
            -0.3868131935596466,
            0.09890701621770859,
            6.296239376068115,
            0.021489622071385384,
            0.0,
            0.0,
            0.0,
            1.0,
            0.0,
            0.0,
            0.0
        ],
        "mean": [
            -0.1749739795923233,
            -0.46172425150871277,
            0.15928204357624054,
            0.2447335422039032,
            -0.9465347528457642,
            -0.5076925158500671,
            -0.43851855397224426,
            -1.3851732015609741,
            0.7194140553474426,
            0.4178224205970764,
            6.838135242462158,
            -0.364395409822464,
            -0.07918068021535873,
            0.1539081186056137,
            0.051655687391757965,
            -0.06731178611516953,
            0.7205696105957031,
            0.07851775735616684,
            0.025636397302150726,
            -0.37399664521217346,
            -0.094051294028759,
            -0.31285789608955383,
            -0.3139725625514984,
            0.4357019066810608,
            0.2901700437068939,
            -0.3693791627883911,
            -0.6026373505592346,
            0.49948763847351074,
            -0.6325622200965881,
            -0.9413918852806091,
            0.6737218499183655,
            -0.04897073656320572,
            -0.4265017807483673,
            0.0710482969880104,
            0.8394984602928162,
            -0.009710627608001232,
            0.0,
            0.0,
            0.0,
            1.0,
            0.0,
            0.0,
            0.0
        ],