{
    "action": {
        "min": [
            0.0,
            0.0,
            0.0,
            0.0,
            0.0,
            0.0,
            0.0,
            -10.0,
            0.0,
            0.0,
            0.0,
            0.0
        ],
        "max": [
            0.0,
            0.0,
            0.0,
            0.0,
            0.0,
            0.0,
            0.0,
            9.999210357666016,
            0.0,
            0.0,
            0.0,
            0.0
        ],
        "mean": [
            0.0,
            0.0,
            0.0,
            0.0,
            0.0,
            0.0,
            0.0,
            0.4162852466106415,
            0.0,
            0.0,
            0.0,
            0.0
        ],
        "std": [
            0.0,
            0.0,
            0.0,
            0.0,
            0.0,
            0.0,
            0.0,
            7.1016669273376465,
            0.0,
            0.0,
            0.0,
            0.0
        ],
        "count": [
            200
        ],
        "q01": [
            3.9995784462121265e-16,
            3.9995784462121265e-16,
            3.9995784462121265e-16,
            3.9995784462121265e-16,
            3.9995784462121265e-16,
            3.9995784462121265e-16,
            3.9995784462121265e-16,
            -9.994000434875488,
            3.9995784462121265e-16,
            3.9995784462121265e-16,
            3.9995784462121265e-16,
            3.9995784462121265e-16
        ],
        "q10": [
            3.999578446212126e-15,
            3.999578446212126e-15,
            3.999578446212126e-15,
            3.999578446212126e-15,
            3.999578446212126e-15,
            3.999578446212126e-15,
            3.999578446212126e-15,
            -9.550017833709717,
            3.999578446212126e-15,
            3.999578446212126e-15,
            3.999578446212126e-15,
            3.999578446212126e-15
        ],
        "q50": [
            1.9997892231060632e-14,
            1.9997892231060632e-14,
            1.9997892231060632e-14,
            1.9997892231060632e-14,
            1.9997892231060632e-14,
            1.9997892231060632e-14,
            1.9997892231060632e-14,
            1.0055646896362305,
            1.9997892231060632e-14,
            1.9997892231060632e-14,
            1.9997892231060632e-14,
            1.9997892231060632e-14
        ],
        "q90": [
            3.599620601590914e-14,
            3.599620601590914e-14,
            3.599620601590914e-14,
            3.599620601590914e-14,
            3.599620601590914e-14,
            3.599620601590914e-14,
            3.599620601590914e-14,
            9.585225105285645,
            3.599620601590914e-14,
            3.599620601590914e-14,
            3.599620601590914e-14,
            3.599620601590914e-14
        ],
        "q99": [
            3.959582661750005e-14,
            3.959582661750005e-14,
            3.959582661750005e-14,
            3.959582661750005e-14,
            3.959582661750005e-14,
            3.959582661750005e-14,
            3.959582661750005e-14,
            9.996542612711588,
            3.959582661750005e-14,
            3.959582661750005e-14,
            3.959582661750005e-14,
            3.959582661750005e-14
        ]
    },
    "observation.state": {
        "min": [
            -0.174534410238266,
            -6.002415180206299,
            0.05811965838074684,
            0.23857957124710083,
            -8.772760391235352,
            -0.6495726704597473,
            -0.6899623274803162,
            -18.930692672729492,
            0.8937729001045227,
            0.06285625696182251,
            -17.083797454833984,
            -0.16117216646671295,
            -0.09890701621770859,
            -5.5966572761535645,
            0.03223443403840065,
            -0.14286570250988007,
            -4.897075176239014,
            0.09401709586381912,
            -0.15558326244354248,
            -6.925863265991211,
            -0.1538461595773697,
            -9.272515296936035,
            -64.1796646118164,
            -0.46398046612739563,
            0.22796858847141266,
            -19.854141235351562,
            -0.7179487347602844,
            0.48003605008125305,
            -18.930692672729492,
            -1.0695971250534058,
            0.6264111399650574,
            -4.197493076324463,
            -0.44590964913368225,
            0.010989668779075146,
            -4.897075176239014,
            -0.010744811035692692,
            0.0,
            0.0,
            0.0,
            1.0,
            0.0,
            0.0,
            0.0
        ],
        "max": [
            -0.1305757462978363,
            6.002415180206299,
            0.2153846174478531,
            0.2605589032173157,
            6.925863265991211,
            -0.3174603283405304,
            -0.6679829359054565,
            19.854141235351562,
            1.216117262840271,
            0.08483558893203735,
            18.930692672729492,
            0.10256410390138626,
            -0.07692768424749374,
            4.897075176239014,
            0.09670329838991165,
            -0.12088635563850403,
            5.5966572761535645,
            0.13968254625797272,
            0.020251436159014702,
            5.0789666175842285,
            0.2837606966495514,
            9.102210998535156,
            66.02656555175781,
            1.0109890699386597,
            0.33786529302597046,
            13.390002250671387,
            -0.4542124569416046,
            0.5020154118537903,
            16.160348892211914,
            -0.8351648449897766,
            0.6483904719352722,
            6.296239376068115,
            -0.3680097758769989,
            0.04395867511630058,
            6.995821475982666,
            0.051037851721048355,
            0.0,
            0.0,
            0.0,
            1.0,
            0.0,
            0.0,
            0.0
        ],
        "mean": [
            -0.15288500487804413,
            -0.544834554195404,
            0.1320684403181076,
            0.23901869356632233,
            -0.637179434299469,
            -0.5014408230781555,
            -0.6765554547309875,
            0.04155527427792549,
            1.0811725854873657,
            0.08285760879516602,
            1.025027871131897,
            -0.032820556312799454,
            -0.08885152637958527,
            0.2693391740322113,
            0.05751163512468338,
            -0.1257767528295517,
            0.7870301008224487,
            0.11752137541770935,
            -0.027114057913422585,
            -0.5956243276596069,
            -0.019623955711722374,
            0.6188464164733887,
            -3.4213767051696777,
            0.12229549139738083,
            0.26764100790023804,
            -0.743375837802887,
            -0.5544315576553345,
            0.4865195155143738,
            -0.6094759106636047,
            -0.9227836728096008,
            0.6347078084945679,
            -0.12592476606369019,
            -0.4007948935031891,
            0.024891596287488937,
            0.8394988775253296,
            0.018736282363533974,
            0.0,
            0.0,
            0.0,
            1.0,
            0.0,
            0.0,
            0.0
        ],