{
    "action": {
        "min": [
            -9.999210357666016,
            0.0,
            0.0,
            0.0,
            0.0,
            0.0,
            0.0,
            0.0,
            0.0,
            0.0,
            0.0,
            0.0
        ],
        "max": [
            9.999210357666016,
            0.0,
            0.0,
            0.0,
            0.0,
            0.0,
            0.0,
            0.0,
            0.0,
            0.0,
            0.0,
            0.0
        ],
        "mean": [
            1.8137778043746948,
            0.0,
            0.0,
            0.0,
            0.0,
            0.0,
            0.0,
            0.0,
            0.0,
            0.0,
            0.0,
            0.0
        ],
        "std": [
            6.652874946594238,
            0.0,
            0.0,
            0.0,
            0.0,
            0.0,
            0.0,
            0.0,
            0.0,
            0.0,
            0.0,
            0.0
        ],
        "count": [
            200
        ],
        "q01": [
            -9.9912109375,
            3.9995784462121265e-16,
            3.9995784462121265e-16,
            3.9995784462121265e-16,
            3.9995784462121265e-16,
            3.9995784462121265e-16,
            3.9995784462121265e-16,
            3.9995784462121265e-16,
            3.9995784462121265e-16,
            3.9995784462121265e-16,
            3.9995784462121265e-16,
            3.9995784462121265e-16
        ],
        "q10": [
            -8.819303512573242,
            3.999578446212126e-15,
            3.999578446212126e-15,
            3.999578446212126e-15,
            3.999578446212126e-15,
            3.999578446212126e-15,
            3.999578446212126e-15,
            3.999578446212126e-15,
            3.999578446212126e-15,
            3.999578446212126e-15,
            3.999578446212126e-15,
            3.999578446212126e-15
        ],
        "q50": [
            2.97176456451416,
            1.9997892231060632e-14,
            1.9997892231060632e-14,
            1.9997892231060632e-14,
            1.9997892231060632e-14,
            1.9997892231060632e-14,
            1.9997892231060632e-14,
            1.9997892231060632e-14,
            1.9997892231060632e-14,
            1.9997892231060632e-14,
            1.9997892231060632e-14,
            1.9997892231060632e-14
        ],
        "q90": [
            9.655237197875977,
            3.599620601590914e-14,
            3.599620601590914e-14,
            3.599620601590914e-14,
            3.599620601590914e-14,
            3.599620601590914e-14,
            3.599620601590914e-14,
            3.599620601590914e-14,
            3.599620601590914e-14,
            3.599620601590914e-14,
            3.599620601590914e-14,
            3.599620601590914e-14
        ],
        "q99": [
            9.995210647583008,
            3.959582661750005e-14,
            3.959582661750005e-14,
            3.959582661750005e-14,
            3.959582661750005e-14,
            3.959582661750005e-14,
            3.959582661750005e-14,
            3.959582661750005e-14,
            3.959582661750005e-14,
            3.959582661750005e-14,
            3.959582661750005e-14,
            3.959582661750005e-14
        ]
    },
    "observation.state": {
        "min": [
            -9.515752792358398,
            -55.86863327026367,
            -0.8444444537162781,
            0.216600239276886,
            -8.772760391235352,
            -0.7765567898750305,
            -0.6899623274803162,
            -17.083797454833984,
            0.8351648449897766,
            0.06285625696182251,
            -17.083797454833984,
            -0.1318681389093399,
            -0.12088635563850403,
            -4.197493076324463,
            0.051037851721048355,
            0.04395867511630058,
            -6.296239376068115,
            -0.021489622071385384,
            -0.0017279012827202678,
            -6.002415180206299,
            -0.1606837660074234,
            -0.3489038646221161,
            -12.466554641723633,
            0.2686202824115753,
            0.2499479353427887,
            -16.160348892211914,
            -0.6300366520881653,
            0.48003605008125305,
            -17.083797454833984,
            -1.0109890699386597,
            0.5494834184646606,
            -4.897075176239014,
            -0.3841269910335541,
            0.08791735023260117,
            -4.897075176239014,
            -0.056410256773233414,
            0.0,
            0.0,
            0.0,
            1.0,
            0.0,
            0.0,
            0.0
        ],
        "max": [
            9.804084777832031,
            52.17483901977539,
            0.7623931765556335,
            0.2825382351875305,
            9.696208953857422,
            -0.27838829159736633,
            -0.6240242719650269,
            20.777589797973633,
            1.186813235282898,
            0.08483558893203735,
            19.854141235351562,
            0.10256410390138626,
            -0.08791735023260117,
            4.897075176239014,
            0.09670329838991165,
            0.07692768424749374,
            4.897075176239014,
            0.026862027123570442,
            0.020251436159014702,
            5.0789666175842285,
            0.010256410576403141,
            -0.3049452006816864,
            9.696208953857422,
            0.6007326245307922,
            0.27192726731300354,
            17.083797454833984,
            -0.4542124569416046,
            0.5020154118537903,
            18.007244110107422,
            -0.8644688725471497,
            0.5714628100395203,
            6.296239376068115,
            -0.3223443329334259,
            0.1098966896533966,
            5.5966572761535645,
            0.013431013561785221,
            0.0,
            0.0,
            0.0,
            1.0,
            0.0,
            0.0,
            0.0
        ],
        "mean": [
            1.9744954109191895,
            -1.0804338455200195,
            -0.15295730531215668,
            0.25110766291618347,
            -0.692586362361908,
            -0.5233210325241089,
            -0.666115403175354,
            0.0046173143200576305,
            1.0539195537567139,
            0.06791164726018906,
            0.8403381109237671,
            -0.014065934345126152,
            -0.10824842751026154,
            -0.07345614582300186,
            0.06873999536037445,
            0.05725625902414322,
            0.7310637831687927,
            -0.0030354091431945562,
            -0.0008487269515171647,
            -0.44325530529022217,
            -0.05767522007226944,
            -0.32549557089805603,
            -0.07387591898441315,
            0.4511353373527527,
            0.2700587213039398,
            -0.5263655781745911,
            -0.5614643692970276,
            0.48893725872039795,
            0.27703458070755005,
            -0.924542248249054,
            0.5555827617645264,
            -0.03497910872101784,
            -0.35502198338508606,
            0.094566211104393,
            0.5596659183502197,
            -0.02478024922311306,
            0.0,
            0.0,
            0.0,
            1.0,
            0.0,
            0.0,
            0.0
        ],