{
    "action": {
        "min": [
            0.0,
            -9.999210357666016,
            0.0,
            0.0,
            0.0,
            0.0,
            0.0,
            0.0,
            0.0,
            0.0,
            0.0,
            0.0
        ],
        "max": [
            0.0,
            9.999210357666016,
            0.0,
            0.0,
            0.0,
            0.0,
            0.0,
            0.0,
            0.0,
            0.0,
            0.0,
            0.0
        ],
        "mean": [
            0.0,
            1.8137778043746948,
            0.0,
            0.0,
            0.0,
            0.0,
            0.0,
            0.0,
            0.0,
            0.0,
            0.0,
            0.0
        ],
        "std": [
            0.0,
            6.652874946594238,
            0.0,
            0.0,
            0.0,
            0.0,
            0.0,
            0.0,
            0.0,
            0.0,
            0.0,
            0.0
        ],
        "count": [
            200
        ],
        "q01": [
            3.9995784462121265e-16,
            -9.9912109375,
            3.9995784462121265e-16,
            3.9995784462121265e-16,
            3.9995784462121265e-16,
            3.9995784462121265e-16,
            3.9995784462121265e-16,
            3.9995784462121265e-16,
            3.9995784462121265e-16,
            3.9995784462121265e-16,
            3.9995784462121265e-16,
            3.9995784462121265e-16
        ],
        "q10": [
            3.999578446212126e-15,
            -8.819303512573242,
            3.999578446212126e-15,
            3.999578446212126e-15,
            3.999578446212126e-15,
            3.999578446212126e-15,
            3.999578446212126e-15,
            3.999578446212126e-15,
            3.999578446212126e-15,
            3.999578446212126e-15,
            3.999578446212126e-15,
            3.999578446212126e-15
        ],
        "q50": [
            1.9997892231060632e-14,
            2.97176456451416,
            1.9997892231060632e-14,
            1.9997892231060632e-14,
            1.9997892231060632e-14,
            1.9997892231060632e-14,
            1.9997892231060632e-14,
            1.9997892231060632e-14,
            1.9997892231060632e-14,
            1.9997892231060632e-14,
            1.9997892231060632e-14,
            1.9997892231060632e-14
        ],
        "q90": [
            3.599620601590914e-14,
            9.655237197875977,
            3.599620601590914e-14,
            3.599620601590914e-14,
            3.599620601590914e-14,
            3.599620601590914e-14,
            3.599620601590914e-14,
            3.599620601590914e-14,
            3.599620601590914e-14,
            3.599620601590914e-14,
            3.599620601590914e-14,
            3.599620601590914e-14
        ],
        "q99": [
            3.959582661750005e-14,
            9.995210647583008,
            3.959582661750005e-14,
            3.959582661750005e-14,
            3.959582661750005e-14,
            3.959582661750005e-14,
            3.959582661750005e-14,
            3.959582661750005e-14,
            3.959582661750005e-14,
            3.959582661750005e-14,
            3.959582661750005e-14,
            3.959582661750005e-14
        ]
    },
    "observation.state": {
        "min": [
            -0.19651375710964203,
            -7.849311828613281,
            -0.010256410576403141,
            -9.49826717376709,
            -44.78725051879883,
            -0.7570207715034485,
            -0.6899623274803162,
            -16.160348892211914,
            0.8937729001045227,
            0.06285625696182251,
            -16.160348892211914,
            -0.10256410390138626,
            -0.12088635563850403,
            -6.995821475982666,
            0.048351649194955826,
            0.04395867511630058,
            -3.497910737991333,
            -0.016117217019200325,
            -0.0017279012827202678,
            -6.925863265991211,
            -0.17435897886753082,
            -0.3489038646221161,
            -8.772760391235352,
            0.23931623995304108,
            0.2499479353427887,
            -16.160348892211914,
            -0.6593406796455383,
            0.48003605008125305,
            -16.160348892211914,
            -1.0109890699386597,
            0.5494834184646606,
            -4.897075176239014,
            -0.3868131935596466,
            0.08791735023260117,
            -4.197493076324463,
            -0.056410256773233414,
            0.0,
            0.0,
            0.0,
            1.0,
            0.0,
            0.0,
            0.0
        ],
        "max": [
            -0.1305757462978363,
            6.925863265991211,
            0.24957264959812164,
            9.711673736572266,
            42.01690673828125,
            0.5030525326728821,
            -0.6240242719650269,
            16.160348892211914,
            1.216117262840271,
            0.08483558893203735,
            16.160348892211914,
            0.1318681389093399,
            -0.09890701621770859,
            4.897075176239014,
            0.10207570344209671,
            0.0549483448266983,
            6.296239376068115,
            0.03223443403840065,
            0.020251436159014702,
            6.002415180206299,
            0.003418803447857499,
            -0.3049452006816864,
            7.849311828613281,
            0.6202686429023743,
            0.2939065992832184,
            17.083797454833984,
            -0.48351648449897766,
            0.5020154118537903,
            22.624486923217773,
            -0.8351648449897766,
            0.5714628100395203,
            4.897075176239014,
            -0.3223443329334259,
            0.1098966896533966,
            5.5966572761535645,
            0.010744811035692692,
            0.0,
            0.0,
            0.0,
            1.0,
            0.0,
            0.0,
            0.0
        ],
        "mean": [
            -0.1607973724603653,
            -0.7156724333763123,
            0.14075207710266113,
            1.9861557483673096,
            -1.6991448402404785,
            -0.19389504194259644,
            -0.665236234664917,
            -0.2539483606815338,
            1.0586085319519043,
            0.06626319140195847,
            0.7479936480522156,
            -0.015238095074892044,
            -0.10962219536304474,
            0.024485377594828606,
            0.07005619257688522,
            0.05445392057299614,
            0.5981428623199463,
            0.001638583722524345,
            0.013108155690133572,
            -0.46634170413017273,
            -0.07073503732681274,
            -0.326154887676239,
            -0.3878484070301056,
            0.4523565173149109,
            0.27104777097702026,
            -0.7018205523490906,
            -0.562050461769104,
            0.49201422929763794,
            -0.3001207709312439,
            -0.9283521771430969,
            0.5631650686264038,
            0.1644018590450287,
            -0.35651272535324097,
            0.09192861616611481,
            0.4792138338088989,
            -0.024954847991466522,
            0.0,
            0.0,
            0.0,
            1.0,
            0.0,
            0.0,
            0.0
        ],