{
    "action": {
        "min": [
            0.0,
            0.0,
            0.0,
            0.0,
            0.0,
            0.0,
            0.0,
            0.0,
            0.0,
            0.0,
            -9.999802589416504,
            0.0
        ],
        "max": [
            0.0,
            0.0,
            0.0,
            0.0,
            0.0,
            0.0,
            0.0,
            0.0,
            0.0,
            0.0,
            9.999210357666016,
            0.0
        ],
        "mean": [
            0.0,
            0.0,
            0.0,
            0.0,
            0.0,
            0.0,
            0.0,
            0.0,
            0.0,
            0.0,
            2.041501998901367,
            0.0
        ],
        "std": [
            0.0,
            0.0,
            0.0,
            0.0,
            0.0,
            0.0,
            0.0,
            0.0,
            0.0,
            0.0,
            6.960394859313965,
            0.0
        ],
        "count": [
            200
        ],
        "q01": [
            3.9995784462121265e-16,
            3.9995784462121265e-16,
            3.9995784462121265e-16,
            3.9995784462121265e-16,
            3.9995784462121265e-16,
            3.9995784462121265e-16,
            3.9995784462121265e-16,
            3.9995784462121265e-16,
            3.9995784462121265e-16,
            3.9995784462121265e-16,
            -9.991803169250488,
            3.9995784462121265e-16
        ],
        "q10": [
            3.999578446212126e-15,
            3.999578446212126e-15,
            3.999578446212126e-15,
            3.999578446212126e-15,
            3.999578446212126e-15,
            3.999578446212126e-15,
            3.999578446212126e-15,
            3.999578446212126e-15,
            3.999578446212126e-15,
            3.999578446212126e-15,
            -9.07184886932373,
            3.999578446212126e-15
        ],
        "q50": [
            1.9997892231060632e-14,
            1.9997892231060632e-14,
            1.9997892231060632e-14,
            1.9997892231060632e-14,
            1.9997892231060632e-14,
            1.9997892231060632e-14,
            1.9997892231060632e-14,
            1.9997892231060632e-14,
            1.9997892231060632e-14,
            1.9997892231060632e-14,
            3.9155092239379883,
            1.9997892231060632e-14
        ],
        "q90": [
            3.599620601590914e-14,
            3.599620601590914e-14,
            3.599620601590914e-14,
            3.599620601590914e-14,
            3.599620601590914e-14,
            3.599620601590914e-14,
            3.599620601590914e-14,
            3.599620601590914e-14,
            3.599620601590914e-14,
            3.599620601590914e-14,
            9.731221199035645,
            3.599620601590914e-14
        ],
        "q99": [
            3.959582661750005e-14,
            3.959582661750005e-14,
            3.959582661750005e-14,
            3.959582661750005e-14,
            3.959582661750005e-14,
            3.959582661750005e-14,
            3.959582661750005e-14,
            3.959582661750005e-14,
            3.959582661750005e-14,
            3.959582661750005e-14,
            9.996543248494467,
            3.959582661750005e-14
        ]
    },
    "observation.state": {
        "min": [
            -0.174534410238266,
            -6.925863265991211,
            0.06495726853609085,
            0.23857957124710083,
            -11.543106079101562,
            -0.6593406796455383,
            -0.6899623274803162,
            -20.777589797973633,
            0.8351648449897766,
            0.1068149283528328,
            -18.930692672729492,
            -0.190476194024086,
            -0.13187602162361145,
            -4.897075176239014,
            0.053724054247140884,
            0.0549483448266983,
            -3.497910737991333,
            -0.024175824597477913,
            -0.02370723895728588,
            -4.155518054962158,
            -0.17435897886753082,
            -0.3049452006816864,
            -14.313450813293457,
            0.20024420320987701,
            0.20598925650119781,
            -15.236899375915527,
            -0.6300366520881653,
            0.4580567181110382,
            -21.701038360595703,
            -1.0109890699386597,
            -9.429136276245117,
            -79.05278778076172,
            -0.5990232229232788,
            -0.04395867511630058,
            -10.493732452392578,
            -0.083272285759449,
            0.0,
            0.0,
            0.0,
            1.0,
            0.0,
            0.0,
            0.0
        ],
        "max": [
            -0.1305757462978363,
            7.849311828613281,
            0.2153846174478531,
            0.2605589032173157,
            10.619657516479492,
            -0.3272283375263214,
            -0.6460036039352417,
            18.007244110107422,
            1.216117262840271,
            0.12879426777362823,
            20.777589797973633,
            0.04395604506134987,
            -0.1098966896533966,
            4.897075176239014,
            0.11282051354646683,
            0.07692768424749374,
            6.995821475982666,
            0.024175824597477913,
            -0.0017279012827202678,
            4.155518054962158,
            0.03076923079788685,
            -0.28296586871147156,
            12.466554641723633,
            0.5811966061592102,
            0.2939065992832184,
            21.701038360595703,
            -0.48351648449897766,
            0.48003605008125305,
            18.930692672729492,
            -0.7765567898750305,
            10.52810287475586,
            81.85111236572266,
            0.424420028924942,
            0.1538553684949875,
            9.094568252563477,
            0.09938950091600418,
            0.0,
            0.0,
            0.0,
            1.0,
            0.0,
            0.0,
            0.0
        ],
        "mean": [
            -0.1527751237154007,
            -0.2677999436855316,
            0.13046155869960785,
            0.24429386854171753,
            -0.02770339511334896,
            -0.5090597867965698,
            -0.6680935621261597,
            -0.6048588156700134,
            1.0578758716583252,
            0.10879326611757278,
            0.5309827327728271,
            -0.0901099294424057,
            -0.11940278112888336,
            -0.25184953212738037,
            0.07528087496757507,
            0.06445442140102386,
            0.6366199254989624,
            -0.00589621951803565,
            -0.007332636509090662,
            -0.4571070373058319,
            -0.04054703190922737,
            -0.30296775698661804,
            -0.37861382961273193,
            0.40678873658180237,
            0.2574205696582794,
            -0.25856560468673706,
            -0.543002724647522,
            0.4799259305000305,
            -0.2400968372821808,
            -0.9040297865867615,
            2.056936502456665,
            4.068068027496338,
            -0.1479828655719757,
            0.05351973697543144,
            0.4652220606803894,
            0.0009401706629432738,
            0.0,
            0.0,
            0.0,
            1.0,
            0.0,
            0.0,
            0.0
        ],