{
    "action": {
        "min": [
            0.0,
            0.0,
            0.0,
            0.0,
            0.0,
            0.0,
            0.0,
            0.0,
            -9.996841430664062,
            0.0,
            0.0,
            0.0
        ],
        "max": [
            0.0,
            0.0,
            0.0,
            0.0,
            0.0,
            0.0,
            0.0,
            0.0,
            9.999802589416504,
            0.0,
            0.0,
            0.0
        ],
        "mean": [
            0.0,
            0.0,
            0.0,
            0.0,
            0.0,
            0.0,
            0.0,
            0.0,
            1.1214410066604614,
            0.0,
            0.0,
            0.0
        ],
        "std": [
            0.0,
            0.0,
            0.0,
            0.0,
            0.0,
            0.0,
            0.0,
            0.0,
            6.87050199508667,
            0.0,
            0.0,
            0.0
        ],
        "count": [
            200
        ],
        "q01": [
            3.9995784462121265e-16,
            3.9995784462121265e-16,
            3.9995784462121265e-16,
            3.9995784462121265e-16,
            3.9995784462121265e-16,
            3.9995784462121265e-16,
            3.9995784462121265e-16,
            3.9995784462121265e-16,
            -9.996841430664062,
            3.9995784462121265e-16,
            3.9995784462121265e-16,
            3.9995784462121265e-16
        ],
        "q10": [
            3.999578446212126e-15,
            3.999578446212126e-15,
            3.999578446212126e-15,
            3.999578446212126e-15,
            3.999578446212126e-15,
            3.999578446212126e-15,
            3.999578446212126e-15,
            3.999578446212126e-15,
            -9.27296257019043,
            3.999578446212126e-15,
            3.999578446212126e-15,
            3.999578446212126e-15
        ],
        "q50": [
            1.9997892231060632e-14,
            1.9997892231060632e-14,
            1.9997892231060632e-14,
            1.9997892231060632e-14,
            1.9997892231060632e-14,
            1.9997892231060632e-14,
            1.9997892231060632e-14,
            1.9997892231060632e-14,
            1.9371557235717773,
            1.9997892231060632e-14,
            1.9997892231060632e-14,
            1.9997892231060632e-14
        ],
        "q90": [
            3.599620601590914e-14,
            3.599620601590914e-14,
            3.599620601590914e-14,
            3.599620601590914e-14,
            3.599620601590914e-14,
            3.599620601590914e-14,
            3.599620601590914e-14,
            3.599620601590914e-14,
            9.655858993530273,
            3.599620601590914e-14,
            3.599620601590914e-14,
            3.599620601590914e-14
        ],
        "q99": [
            3.959582661750005e-14,
            3.959582661750005e-14,
            3.959582661750005e-14,
            3.959582661750005e-14,
            3.959582661750005e-14,
            3.959582661750005e-14,
            3.959582661750005e-14,
            3.959582661750005e-14,
            9.997135480244955,
            3.959582661750005e-14,
            3.959582661750005e-14,
            3.959582661750005e-14
        ]
    },
    "observation.state": {
        "min": [
            -0.174534410238266,
            -8.772760391235352,
            0.04444444552063942,
            0.216600239276886,
            -9.696208953857422,
            -0.6984127163887024,
            -0.6899623274803162,
            -18.930692672729492,
            0.8351648449897766,
            0.06285625696182251,
            -19.854141235351562,
            -0.190476194024086,
            -0.08791735023260117,
            -4.197493076324463,
            0.026862027123570442,
            -0.1538553684949875,
            -4.197493076324463,
            0.09133089333772659,
            -0.17756260931491852,
            -6.925863265991211,
            -0.4683760702610016,
            -0.414841890335083,
            -10.619657516479492,
            0.17094017565250397,
            -9.640753746032715,
            -150.0603790283203,
            -4.556776523590088,
            0.37013936042785645,
            -22.624486923217773,
            -1.0989011526107788,
            0.5824524760246277,
            -4.197493076324463,
            -0.41904762387275696,
            0.0549483448266983,
            -4.897075176239014,
            -0.04029304161667824,
            0.0,
            0.0,
            0.0,
            1.0,
            0.0,
            0.0,
            0.0
        ],
        "max": [
            -0.10859639942646027,
            5.0789666175842285,
            0.24273504316806793,
            0.2605589032173157,
            8.772760391235352,
            -0.3272283375263214,
            -0.602044939994812,
            15.236899375915527,
            1.274725317955017,
            0.1068149283528328,
            18.007244110107422,
            0.07326007634401321,
            -0.06593801081180573,
            4.897075176239014,
            0.07789988070726395,
            -0.13187602162361145,
            4.897075176239014,
            0.15042735636234283,
            0.19608613848686218,
            4.155518054962158,
            0.45470085740089417,
            -0.23900718986988068,
            10.619657516479492,
            0.7765567898750305,
            10.712112426757812,
            151.9072723388672,
            2.886446952819824,
            0.5679534077644348,
            15.236899375915527,
            -0.7179487347602844,
            0.6483904719352722,
            5.5966572761535645,
            -0.3572649657726288,
            0.07692768424749374,
            5.5966572761535645,
            0.024175824597477913,
            0.0,
            0.0,
            0.0,
            1.0,
            0.0,
            0.0,
            0.0
        ],
        "mean": [
            -0.15662138164043427,
            -0.5540690422058105,
            0.137230783700943,
            0.23857909440994263,
            -0.5494518876075745,
            -0.5062269568443298,
            -0.6655656695365906,
            -0.6464138031005859,
            1.0621247291564941,
            0.08593470603227615,
            0.39708298444747925,
            -0.046446941792964935,
            -0.07725755870342255,
            -0.19588302075862885,
            0.04852628335356712,
            -0.1329749971628189,
            0.6785948872566223,
            0.12392797321081161,
            -0.007772219832986593,
            -0.5863897204399109,
            -0.04215383157134056,
            -0.3316503167152405,
            -0.5910069942474365,
            0.4621732831001282,
            1.6435482501983643,
            1.3297674655914307,
            -0.9019780158996582,
            0.4912451207637787,
            -1.223569393157959,
            -0.9315750598907471,
            0.6149823069572449,
            0.07695408165454865,
            -0.3891097903251648,
            0.06736672669649124,
            0.321807861328125,
            -0.008152630180120468,
            0.0,
            0.0,
            0.0,
            1.0,
            0.0,
            0.0,
            0.0
        ],