{
    "action": {
        "min": [
            0.0,
            0.0,
            0.0,
            -9.999802589416504,
            0.0,
            0.0,
            0.0,
            0.0,
            0.0,
            0.0,
            0.0,
            0.0
        ],
        "max": [
            0.0,
            0.0,
            0.0,
            9.998223304748535,
            0.0,
            0.0,
            0.0,
            0.0,
            0.0,
            0.0,
            0.0,
            0.0
        ],
        "mean": [
            0.0,
            0.0,
            0.0,
            0.6395046710968018,
            0.0,
            0.0,
            0.0,
            0.0,
            0.0,
            0.0,
            0.0,
            0.0
        ],
        "std": [
            0.0,
            0.0,
            0.0,
            6.977660179138184,
            0.0,
            0.0,
            0.0,
            0.0,
            0.0,
            0.0,
            0.0,
            0.0
        ],
        "count": [
            200
        ],
        "q01": [
            3.9995784462121265e-16,
            3.9995784462121265e-16,
            3.9995784462121265e-16,
            -9.999802589416504,
            3.9995784462121265e-16,
            3.9995784462121265e-16,
            3.9995784462121265e-16,
            3.9995784462121265e-16,
            3.9995784462121265e-16,
            3.9995784462121265e-16,
            3.9995784462121265e-16,
            3.9995784462121265e-16
        ],
        "q10": [
            3.999578446212126e-15,
            3.999578446212126e-15,
            3.999578446212126e-15,
            -9.38386344909668,
            3.999578446212126e-15,
            3.999578446212126e-15,
            3.999578446212126e-15,
            3.999578446212126e-15,
            3.999578446212126e-15,
            3.999578446212126e-15,
            3.999578446212126e-15,
            3.999578446212126e-15
        ],
        "q50": [
            1.9997892231060632e-14,
            1.9997892231060632e-14,
            1.9997892231060632e-14,
            1.0671052932739258,
            1.9997892231060632e-14,
            1.9997892231060632e-14,
            1.9997892231060632e-14,
            1.9997892231060632e-14,
            1.9997892231060632e-14,
            1.9997892231060632e-14,
            1.9997892231060632e-14,
            1.9997892231060632e-14
        ],
        "q90": [
            3.599620601590914e-14,
            3.599620601590914e-14,
            3.599620601590914e-14,
            9.53027057647705,
            3.599620601590914e-14,
            3.599620601590914e-14,
            3.599620601590914e-14,
            3.599620601590914e-14,
            3.599620601590914e-14,
            3.599620601590914e-14,
            3.599620601590914e-14,
            3.599620601590914e-14
        ],
        "q99": [
            3.959582661750005e-14,
            3.959582661750005e-14,
            3.959582661750005e-14,
            9.995556831359863,
            3.959582661750005e-14,
            3.959582661750005e-14,
            3.959582661750005e-14,
            3.959582661750005e-14,
            3.959582661750005e-14,
            3.959582661750005e-14,
            3.959582661750005e-14,
            3.959582661750005e-14
        ]
    },
    "observation.state": {
        "min": [
            -0.30641043186187744,
            -7.849311828613281,
            -0.1538461595773697,
            0.12868288159370422,
            -8.772760391235352,
            -0.8937729001045227,
            -1.0855903625488281,
            -32.78242111206055,
            -0.5128205418586731,
            -8.640961647033691,
            -222.08935546875,
            -2.5054945945739746,
            -0.12088635563850403,
            -4.197493076324463,
            0.048351649194955826,
            -0.04395867511630058,
            -5.5966572761535645,
            0.026862027123570442,
            -0.02370723895728588,
            -6.925863265991211,
            -0.2769230902194977,
            -0.37088319659233093,
            -10.619657516479492,
            0.22954823076725006,
            0.20598925650119781,
            -19.854141235351562,
            -0.6593406796455383,
            0.48003605008125305,
            -19.854141235351562,
            -1.0109890699386597,
            0.6593801379203796,
            -4.197493076324463,
            -0.45665445923805237,
            0.0,
            -4.197493076324463,
            -0.008058608509600163,
            0.0,
            0.0,
            0.0,
            1.0,
            0.0,
            0.0,
            0.0
        ],
        "max": [
            -0.04265838861465454,
            6.925863265991211,
            0.4068376123905182,
            0.34847626090049744,
            9.696208953857422,
            -0.11233211308717728,
            0.12327319383621216,
            38.32311248779297,
            1.9780219793319702,
            9.030426025390625,
            234.09417724609375,
            1.3919414281845093,
            -0.09890701621770859,
            6.296239376068115,
            0.11819291859865189,
            -0.02197933755815029,
            4.897075176239014,
            0.10476190596818924,
            0.13014812767505646,
            5.0789666175842285,
            0.03760683909058571,
            -0.28296586871147156,
            9.696208953857422,
            0.5909646153450012,
            0.33786529302597046,
            16.160348892211914,
            -0.42490842938423157,
            0.5020154118537903,
            16.160348892211914,
            -0.8351648449897766,
            0.6813594698905945,
            4.197493076324463,
            -0.38144078850746155,
            0.03296900540590286,
            6.296239376068115,
            0.05909645929932594,
            0.0,
            0.0,
            0.0,
            1.0,
            0.0,
            0.0,
            0.0
        ],
        "mean": [
            -0.15563219785690308,
            -0.3555276393890381,
            0.1321367621421814,
            0.2460523545742035,
            -0.06464135646820068,
            -0.5105248093605042,
            -0.6398492455482483,
            -0.18930703401565552,
            1.018021821975708,
            0.8663106560707092,
            5.845432758331299,
            -0.48102572560310364,
            -0.11149042844772339,
            0.06296240538358688,
            0.07585841417312622,
            -0.033683329820632935,
            0.7555489540100098,
            0.06035900115966797,
            0.04080205038189888,
            -0.6464141607284546,
            -0.11169232428073883,
            -0.3146163523197174,
            -0.3278241455554962,
            0.42798537015914917,
            0.26269564032554626,
            -0.09234493225812912,
            -0.5532591938972473,
            0.48113471269607544,
            -0.07387588173151016,
            -0.9148722887039185,
            0.6735021471977234,
            -2.2053718851111626e-08,
            -0.4258840084075928,
            0.015880068764090538,
            0.4687201678752899,
            0.02534433826804161,
            0.0,
            0.0,
            0.0,
            1.0,
            0.0,
            0.0,
            0.0
        ],