{
    "action": {
        "min": [
            0.0,
            0.0,
            0.0,
            0.0,
            0.0,
            -9.980267524719238,
            0.0,
            0.0,
            0.0,
            0.0,
            0.0,
            0.0
        ],
        "max": [
            0.0,
            0.0,
            0.0,
            0.0,
            0.0,
            9.980267524719238,
            0.0,
            0.0,
            0.0,
            0.0,
            0.0,
            0.0
        ],
        "mean": [
            0.0,
            0.0,
            0.0,
            0.0,
            0.0,
            3.4809113458322827e-07,
            0.0,
            0.0,
            0.0,
            0.0,
            0.0,
            0.0
        ],
        "std": [
            0.0,
            0.0,
            0.0,
            0.0,
            0.0,
            7.07106876373291,
            0.0,
            0.0,
            0.0,
            0.0,
            0.0,
            0.0
        ],
        "count": [
            200
        ],
        "q01": [
            3.9995784462121265e-16,
            3.9995784462121265e-16,
            3.9995784462121265e-16,
            3.9995784462121265e-16,
            3.9995784462121265e-16,
            -9.980267524719238,
            3.9995784462121265e-16,
            3.9995784462121265e-16,
            3.9995784462121265e-16,
            3.9995784462121265e-16,
            3.9995784462121265e-16,
            3.9995784462121265e-16
        ],
        "q10": [
            3.999578446212126e-15,
            3.999578446212126e-15,
            3.999578446212126e-15,
            3.999578446212126e-15,
            3.999578446212126e-15,
            -9.511195182800293,
            3.999578446212126e-15,
            3.999578446212126e-15,
            3.999578446212126e-15,
            3.999578446212126e-15,
            3.999578446212126e-15,
            3.999578446212126e-15
        ],
        "q50": [
            1.9997892231060632e-14,
            1.9997892231060632e-14,
            1.9997892231060632e-14,
            1.9997892231060632e-14,
            1.9997892231060632e-14,
            -0.001995086669921875,
            1.9997892231060632e-14,
            1.9997892231060632e-14,
            1.9997892231060632e-14,
            1.9997892231060632e-14,
            1.9997892231060632e-14,
            1.9997892231060632e-14
        ],
        "q90": [
            3.599620601590914e-14,
            3.599620601590914e-14,
            3.599620601590914e-14,
            3.599620601590914e-14,
            3.599620601590914e-14,
            9.51119613647461,
            3.599620601590914e-14,
            3.599620601590914e-14,
            3.599620601590914e-14,
            3.599620601590914e-14,
            3.599620601590914e-14,
            3.599620601590914e-14
        ],
        "q99": [
            3.959582661750005e-14,
            3.959582661750005e-14,
            3.959582661750005e-14,
            3.959582661750005e-14,
            3.959582661750005e-14,
            9.979269981384277,
            3.959582661750005e-14,
            3.959582661750005e-14,
            3.959582661750005e-14,
            3.959582661750005e-14,
            3.959582661750005e-14,
            3.959582661750005e-14
        ]
    },
    "observation.state": {
        "min": [
            -0.174534410238266,
            -7.849311828613281,
            0.07863248139619827,
            0.23857957124710083,
            -9.696208953857422,
            -0.6886447072029114,
            -0.6679829359054565,
            -17.083797454833984,
            0.8644688725471497,
            0.08483558893203735,
            -19.854141235351562,
            -0.190476194024086,
            -0.5275040864944458,
            -12.59247875213623,
            -0.27130648493766785,
            -6.40697717666626,
            -132.9206085205078,
            -1.7863247394561768,
            0.020251436159014702,
            -6.002415180206299,
            -0.1538461595773697,
            -0.32692453265190125,
            -9.696208953857422,
            0.2588522732257843,
            0.2499479353427887,
            -14.313450813293457,
            -0.6300366520881653,
            0.48003605008125305,
            -23.547935485839844,
            -1.0402930974960327,
            0.6483904719352722,
            -4.897075176239014,
            -0.4512820541858673,
            0.03296900540590286,
            -4.197493076324463,
            -0.03492063656449318,
            0.0,
            0.0,
            0.0,
            1.0,
            0.0,
            0.0,
            0.0
        ],
        "max": [
            -0.15255507826805115,
            6.002415180206299,
            0.2290598303079605,
            0.2605589032173157,
            8.772760391235352,
            -0.34676435589790344,
            -0.6460036039352417,
            11.543106079101562,
            1.186813235282898,
            0.1068149283528328,
            18.930692672729492,
            0.04395604506134987,
            0.2088037133216858,
            16.090389251708984,
            0.3599511682987213,
            9.022518157958984,
            142.0151824951172,
            0.574847400188446,
            0.04223077371716499,
            5.0789666175842285,
            -0.03760683909058571,
            -0.3049452006816864,
            7.849311828613281,
            0.5714285969734192,
            0.27192726731300354,
            18.007244110107422,
            -0.4542124569416046,
            0.5020154118537903,
            15.236899375915527,
            -0.8058608174324036,
            0.6813594698905945,
            4.897075176239014,
            -0.3841269910335541,
            0.07692768424749374,
            5.5966572761535645,
            0.03492063656449318,
            0.0,
            0.0,
            0.0,
            1.0,
            0.0,
            0.0,
            0.0
        ],
        "mean": [
            -0.15706101059913635,
            -0.6233276128768921,
            0.1389743685722351,
            0.25550365447998047,
            -0.2400965839624405,
            -0.5310867428779602,
            -0.6675440073013306,
            -0.8911275267601013,
            1.0657877922058105,
            0.08681385964155197,
            0.9511517882347107,
            -0.05201472342014313,
            -0.24572914838790894,
            0.13991637527942657,
            0.14690838754177094,
            0.7386156320571899,
            -2.315617322921753,
            -0.3183956742286682,
            0.027065012603998184,
            -0.39708274602890015,
            -0.10235901921987534,
            -0.3087921738624573,
            -0.692586362361908,
            0.43023189902305603,
            0.2656627893447876,
            -0.43402087688446045,
            -0.5520870089530945,
            0.4828930199146271,
            -0.8449556827545166,
            -0.9200001358985901,
            0.6602590084075928,
            0.024485373869538307,
            -0.41914159059524536,
            0.05681668594479561,
            0.4792138338088989,
            -0.000711843662429601,
            0.0,
            0.0,
            0.0,
            1.0,
            0.0,
            0.0,
            0.0
        ],