{
    "action": {
        "min": [
            0.0,
            0.0,
            0.0,
            0.0,
            0.0,
            0.0,
            0.0,
            0.0,
            0.0,
            -9.999210357666016,
            0.0,
            0.0
        ],
        "max": [
            0.0,
            0.0,
            0.0,
            0.0,
            0.0,
            0.0,
            0.0,
            0.0,
            0.0,
            9.999210357666016,
            0.0,
            0.0
        ],
        "mean": [
            0.0,
            0.0,
            0.0,
            0.0,
            0.0,
            0.0,
            0.0,
            0.0,
            0.0,
            0.5275000929832458,
            0.0,
            0.0
        ],
        "std": [
            0.0,
            0.0,
            0.0,
            0.0,
            0.0,
            0.0,
            0.0,
            0.0,
            0.0,
            6.997615814208984,
            0.0,
            0.0
        ],
        "count": [
            200
        ],
        "q01": [
            3.9995784462121265e-16,
            3.9995784462121265e-16,
            3.9995784462121265e-16,
            3.9995784462121265e-16,
            3.9995784462121265e-16,
            3.9995784462121265e-16,
            3.9995784462121265e-16,
            3.9995784462121265e-16,
            3.9995784462121265e-16,
            -9.993210792541504,
            3.9995784462121265e-16,
            3.9995784462121265e-16
        ],
        "q10": [
            3.999578446212126e-15,
            3.999578446212126e-15,
            3.999578446212126e-15,
            3.999578446212126e-15,
            3.999578446212126e-15,
            3.999578446212126e-15,
            3.999578446212126e-15,
            3.999578446212126e-15,
            3.999578446212126e-15,
            -9.427255630493164,
            3.999578446212126e-15,
            3.999578446212126e-15
        ],
        "q50": [
            1.9997892231060632e-14,
            1.9997892231060632e-14,
            1.9997892231060632e-14,
            1.9997892231060632e-14,
            1.9997892231060632e-14,
            1.9997892231060632e-14,
            1.9997892231060632e-14,
            1.9997892231060632e-14,
            1.9997892231060632e-14,
            1.0019207000732422,
            1.9997892231060632e-14,
            1.9997892231060632e-14
        ],
        "q90": [
            3.599620601590914e-14,
            3.599620601590914e-14,
            3.599620601590914e-14,
            3.599620601590914e-14,
            3.599620601590914e-14,
            3.599620601590914e-14,
            3.599620601590914e-14,
            3.599620601590914e-14,
            3.599620601590914e-14,
            9.58524227142334,
            3.599620601590914e-14,
            3.599620601590914e-14
        ],
        "q99": [
            3.959582661750005e-14,
            3.959582661750005e-14,
            3.959582661750005e-14,
            3.959582661750005e-14,
            3.959582661750005e-14,
            3.959582661750005e-14,
            3.959582661750005e-14,
            3.959582661750005e-14,
            3.959582661750005e-14,
            9.995210647583008,
            3.959582661750005e-14,
            3.959582661750005e-14
        ]
    },
    "observation.state": {
        "min": [
            -0.24047242105007172,
            -6.002415180206299,
            -0.13333334028720856,
            0.216600239276886,
            -10.619657516479492,
            -0.7960928082466125,
            -0.7998589873313904,
            -17.083797454833984,
            0.8058608174324036,
            0.06285625696182251,
            -18.930692672729492,
            -0.190476194024086,
            -0.09890701621770859,
            -4.897075176239014,
            0.026862027123570442,
            -0.12088635563850403,
            -4.897075176239014,
            0.08595848828554153,
            -0.17756260931491852,
            -11.543106079101562,
            -0.5777778029441833,
            -0.39286255836486816,
            -10.619657516479492,
            -0.004884005058556795,
            -0.2775561809539795,
            -49.40449142456055,
            -4.351648330688477,
            -8.069926261901855,
            -266.4148864746094,
            -3.413919448852539,
            0.7033388018608093,
            -5.5966572761535645,
            -0.5023199319839478,
            0.02197933755815029,
            -4.197493076324463,
            -0.02954822964966297,
            0.0,
            0.0,
            0.0,
            1.0,
            0.0,
            0.0,
            0.0
        ],
        "max": [
            -0.06463772803544998,
            5.0789666175842285,
            0.33162394165992737,
            0.30451759696006775,
            10.619657516479492,
            -0.2686202824115753,
            -0.47016891837120056,
            16.160348892211914,
            1.274725317955017,
            0.08483558893203735,
            15.236899375915527,
            0.10256410390138626,
            -0.07692768424749374,
            4.197493076324463,
            0.09133089333772659,
            -0.09890701621770859,
            6.296239376068115,
            0.1477411538362503,
            0.24004481732845306,
            7.849311828613281,
            0.4683760702610016,
            -0.1950485110282898,
            11.543106079101562,
            0.7960928082466125,
            1.8104809522628784,
            33.705867767333984,
            1.4212454557418823,
            8.722288131713867,
            267.33831787109375,
            1.890109896659851,
            0.747297465801239,
            6.995821475982666,
            -0.41636142134666443,
            0.06593801081180573,
            6.296239376068115,
            0.045665446668863297,
            0.0,
            0.0,
            0.0,
            1.0,
            0.0,
            0.0,
            0.0
        ],
        "mean": [
            -0.15892916917800903,
            -0.36014485359191895,
            0.14181196689605713,
            0.2512175738811493,
            -0.6925863027572632,
            -0.521562933921814,
            -0.665015697479248,
            -0.697203516960144,
            1.0609526634216309,
            0.07582423090934753,
            0.16622067987918854,
            -0.027838867157697678,
            -0.08055442571640015,
            0.18888725340366364,
            0.05430160462856293,
            -0.10956720262765884,
            0.517690896987915,
            0.10627958923578262,
            0.007943016476929188,
            -0.3232068717479706,
            -0.07203420251607895,
            -0.313737154006958,
            -0.13851726055145264,
            0.4283760190010071,
            0.5282063484191895,
            -1.0942864418029785,
            -0.9975093603134155,
            0.8281888365745544,
            4.972771167755127,
            -0.7047616839408875,
            0.731691837310791,
            -0.10493732243776321,
            -0.46123450994491577,
            0.04472796991467476,
            0.7625444531440735,
            0.006057389546185732,
            0.0,
            0.0,
            0.0,
            1.0,
            0.0,
            0.0,
            0.0
        ],