{
    "action": {
        "min": [
            0.0,
            0.0,
            0.0,
            0.0,
            -9.999210357666016,
            0.0,
            0.0,
            0.0,
            0.0,
            0.0,
            0.0,
            0.0
        ],
        "max": [
            0.0,
            0.0,
            0.0,
            0.0,
            9.999210357666016,
            0.0,
            0.0,
            0.0,
            0.0,
            0.0,
            0.0,
            0.0
        ],
        "mean": [
            0.0,
            0.0,
            0.0,
            0.0,
            0.4336545169353485,
            0.0,
            0.0,
            0.0,
            0.0,
            0.0,
            0.0,
            0.0
        ],
        "std": [
            0.0,
            0.0,
            0.0,
            0.0,
            7.092873573303223,
            0.0,
            0.0,
            0.0,
            0.0,
            0.0,
            0.0,
            0.0
        ],
        "count": [
            200
        ],
        "q01": [
            3.9995784462121265e-16,
            3.9995784462121265e-16,
            3.9995784462121265e-16,
            3.9995784462121265e-16,
            -9.9912109375,
            3.9995784462121265e-16,
            3.9995784462121265e-16,
            3.9995784462121265e-16,
            3.9995784462121265e-16,
            3.9995784462121265e-16,
            3.9995784462121265e-16,
            3.9995784462121265e-16
        ],
        "q10": [
            3.999578446212126e-15,
            3.999578446212126e-15,
            3.999578446212126e-15,
            3.999578446212126e-15,
            -9.507248878479004,
            3.999578446212126e-15,
            3.999578446212126e-15,
            3.999578446212126e-15,
            3.999578446212126e-15,
            3.999578446212126e-15,
            3.999578446212126e-15,
            3.999578446212126e-15
        ],
        "q50": [
            1.9997892231060632e-14,
            1.9997892231060632e-14,
            1.9997892231060632e-14,
            1.9997892231060632e-14,
            1.0019207000732422,
            1.9997892231060632e-14,
            1.9997892231060632e-14,
            1.9997892231060632e-14,
            1.9997892231060632e-14,
            1.9997892231060632e-14,
            1.9997892231060632e-14,
            1.9997892231060632e-14
        ],
        "q90": [
            3.599620601590914e-14,
            3.599620601590914e-14,
            3.599620601590914e-14,
            3.599620601590914e-14,
            9.587242126464844,
            3.599620601590914e-14,
            3.599620601590914e-14,
            3.599620601590914e-14,
            3.599620601590914e-14,
            3.599620601590914e-14,
            3.599620601590914e-14,
            3.599620601590914e-14
        ],
        "q99": [
            3.959582661750005e-14,
            3.959582661750005e-14,
            3.959582661750005e-14,
            3.959582661750005e-14,
            9.995210647583008,
            3.959582661750005e-14,
            3.959582661750005e-14,
            3.959582661750005e-14,
            3.959582661750005e-14,
            3.959582661750005e-14,
            3.959582661750005e-14,
            3.959582661750005e-14
        ]
    },
    "observation.state": {
        "min": [
            -0.19651375710964203,
            -6.925863265991211,
            0.08547008782625198,
            0.23857957124710083,
            -8.772760391235352,
            -0.6691086888313293,
            -0.711941659450531,
            -18.930692672729492,
            0.8351648449897766,
            0.1068149283528328,
            -18.930692672729492,
            -0.21978022158145905,
            -9.275280952453613,
            -209.17506408691406,
            -0.4754578769207001,
            -0.7253181338310242,
            -28.68286895751953,
            -0.36263737082481384,
            0.020251436159014702,
            -6.002415180206299,
            -0.17435897886753082,
            -0.32692453265190125,
            -9.696208953857422,
            0.2686202824115753,
            0.22796858847141266,
            -18.930692672729492,
            -0.6593406796455383,
            0.48003605008125305,
            -17.083797454833984,
            -1.0695971250534058,
            0.6813594698905945,
            -4.897075176239014,
            -0.46471306681632996,
            0.04395867511630058,
            -4.197493076324463,
            -0.03492063656449318,
            0.0,
            0.0,
            0.0,
            1.0,
            0.0,
            0.0,
            0.0
        ],
        "max": [
            -0.15255507826805115,
            7.849311828613281,
            0.25641027092933655,
            0.2605589032173157,
            8.772760391235352,
            -0.35653236508369446,
            -0.602044939994812,
            18.930692672729492,
            1.216117262840271,
            0.12879426777362823,
            17.083797454833984,
            0.04395604506134987,
            9.077466011047363,
            217.57005310058594,
            0.574847400188446,
            0.4835454225540161,
            33.5799446105957,
            0.29816851019859314,
            0.04223077371716499,
            6.925863265991211,
            -0.017094017937779427,
            -0.3049452006816864,
            6.925863265991211,
            0.6105006337165833,
            0.33786529302597046,
            18.930692672729492,
            -0.48351648449897766,
            0.5020154118537903,
            15.236899375915527,
            -0.8351648449897766,
            0.7033388018608093,
            5.5966572761535645,
            -0.4056166112422943,
            0.06593801081180573,
            6.296239376068115,
            0.02954822964966297,
            0.0,
            0.0,
            0.0,
            1.0,
            0.0,
            0.0,
            0.0
        ],
        "mean": [
            -0.1746441125869751,
            -0.6325622797012329,
            0.16054704785346985,
            0.25363537669181824,
            0.0923449695110321,
            -0.5320631861686707,
            -0.6610597968101501,
            -0.8588071465492249,
            1.0467400550842285,
            0.11362871527671814,
            -0.027703426778316498,
            -0.0983150377869606,
            -0.027474137023091316,
            4.470329761505127,
            0.09623323380947113,
            0.006044314708560705,
            0.783531904220581,
            0.02867520973086357,
            0.04058225080370903,
            -0.31858983635902405,
            -0.10694018006324768,
            -0.3232978582382202,
            -0.5309829115867615,
            0.4394630193710327,
            0.2681904733181,
            -0.8495728373527527,
            -0.5541383624076843,
            0.49673977494239807,
            -1.2143348455429077,
            -0.9324542880058289,
            0.6847118139266968,
            0.1084352508187294,
            -0.4332846403121948,
            0.05236583203077316,
            0.47221797704696655,
            0.00010744812607299536,
            0.0,
            0.0,
            0.0,
            1.0,
            0.0,
            0.0,
            0.0
        ],