{
    "action": {
        "min": [
            -9.996841430664062,
            0.0,
            0.0,
            0.0,
            0.0,
            0.0,
            0.0,
            0.0,
            0.0,
            0.0,
            0.0,
            0.0
        ],
        "max": [
            10.0,
            0.0,
            0.0,
            0.0,
            0.0,
            0.0,
            0.0,
            0.0,
            0.0,
            0.0,
            0.0,
            0.0
        ],
        "mean": [
            0.8136031627655029,
            0.0,
            0.0,
            0.0,
            0.0,
            0.0,
            0.0,
            0.0,
            0.0,
            0.0,
            0.0,
            0.0
        ],
        "std": [
            6.9429826736450195,
            0.0,
            0.0,
            0.0,
            0.0,
            0.0,
            0.0,
            0.0,
            0.0,
            0.0,
            0.0,
            0.0
        ],
        "count": [
            200
        ],
        "q01": [
            -9.996841430664062,
            3.9995784462121265e-16,
            3.9995784462121265e-16,
            3.9995784462121265e-16,
            3.9995784462121265e-16,
            3.9995784462121265e-16,
            3.9995784462121265e-16,
            3.9995784462121265e-16,
            3.9995784462121265e-16,
            3.9995784462121265e-16,
            3.9995784462121265e-16,
            3.9995784462121265e-16
        ],
        "q10": [
            -9.34094524383545,
            3.999578446212126e-15,
            3.999578446212126e-15,
            3.999578446212126e-15,
            3.999578446212126e-15,
            3.999578446212126e-15,
            3.999578446212126e-15,
            3.999578446212126e-15,
            3.999578446212126e-15,
            3.999578446212126e-15,
            3.999578446212126e-15,
            3.999578446212126e-15
        ],
        "q50": [
            1.5053415298461914,
            1.9997892231060632e-14,
            1.9997892231060632e-14,
            1.9997892231060632e-14,
            1.9997892231060632e-14,
            1.9997892231060632e-14,
            1.9997892231060632e-14,
            1.9997892231060632e-14,
            1.9997892231060632e-14,
            1.9997892231060632e-14,
            1.9997892231060632e-14,
            1.9997892231060632e-14
        ],
        "q90": [
            9.588064193725586,
            3.599620601590914e-14,
            3.599620601590914e-14,
            3.599620601590914e-14,
            3.599620601590914e-14,
            3.599620601590914e-14,
            3.599620601590914e-14,
            3.599620601590914e-14,
            3.599620601590914e-14,
            3.599620601590914e-14,
            3.599620601590914e-14,
            3.599620601590914e-14
        ],
        "q99": [
            9.98800277709961,
            3.959582661750005e-14,
            3.959582661750005e-14,
            3.959582661750005e-14,
            3.959582661750005e-14,
            3.959582661750005e-14,
            3.959582661750005e-14,
            3.959582661750005e-14,
            3.959582661750005e-14,
            3.959582661750005e-14,
            3.959582661750005e-14,
            3.959582661750005e-14
        ]
    },
    "observation.state": {
        "min": [
            -8.878352165222168,
            -117.73967742919922,
            -1.2273504734039307,
            0.1726415604352951,
            -9.696208953857422,
            -0.8449328541755676,
            -0.7998589873313904,
            -17.083797454833984,
            0.8351648449897766,
            0.04087691754102707,
            -15.236899375915527,
            -0.1318681389093399,
            -0.12088635563850403,
            -3.497910737991333,
            0.051037851721048355,
            0.03296900540590286,
            -4.897075176239014,
            -0.013431013561785221,
            -0.04568657651543617,
            -5.0789666175842285,
            -0.1675213724374771,
            -0.3489038646221161,
            -7.849311828613281,
            0.2686202824115753,
            0.2499479353427887,
            -22.624486923217773,
            -0.6593406796455383,
            0.48003605008125305,
            -19.854141235351562,
            -1.0402930974960327,
            0.6923491358757019,
            -4.197493076324463,
            -0.48083028197288513,
            0.07692768424749374,
            -4.897075176239014,
            -0.056410256773233414,
            0.0,
            0.0,
            0.0,
            1.0,
            0.0,
            0.0,
            0.0
        ],
        "max": [
            9.078766822814941,
            107.58174896240234,
            0.9059829115867615,
            0.3264969289302826,
            9.696208953857422,
            -0.2686202824115753,
            -0.5361069440841675,
            16.160348892211914,
            1.3040293455123901,
            0.08483558893203735,
            19.854141235351562,
            0.10256410390138626,
            -0.09890701621770859,
            4.197493076324463,
            0.11282051354646683,
            0.0549483448266983,
            5.5966572761535645,
            0.04297924414277077,
            0.04223077371716499,
            5.0789666175842285,
            0.07179487496614456,
            -0.3049452006816864,
            6.925863265991211,
            0.6202686429023743,
            0.2939065992832184,
            15.236899375915527,
            -0.4542124569416046,
            0.5020154118537903,
            15.236899375915527,
            -0.8644688725471497,
            0.7143284678459167,
            4.897075176239014,
            -0.41098901629447937,
            0.1098966896533966,
            6.995821475982666,
            0.013431013561785221,
            0.0,
            0.0,
            0.0,
            1.0,
            0.0,
            0.0,
            0.0
        ],
        "mean": [
            0.9097064137458801,
            0.9603859186172485,
            -0.16437610983848572,
            0.2526461184024811,
            -0.5679208636283875,
            -0.5320146679878235,
            -0.6624876260757446,
            -0.22624480724334717,
            1.057143211364746,
            0.07109866291284561,
            0.5586863160133362,
            -0.02139194682240486,
            -0.11187499761581421,
            0.05596660077571869,
            0.0707411915063858,
            0.04758528620004654,
            0.5386784076690674,
            0.0058962153270840645,
            0.011679491028189659,
            -0.4478724002838135,
            -0.07128205895423889,
            -0.32483622431755066,
            -0.7664622664451599,
            0.44898658990859985,
            0.2687399387359619,
            -0.5679208636283875,
            -0.5554571151733398,
            0.501245379447937,
            -0.6140931248664856,
            -0.9424179792404175,
            0.7091625928878784,
            -0.038477007299661636,
            -0.44741398096084595,
            0.09176383912563324,
            0.577155351638794,
            -0.0222686305642128,
            0.0,
            0.0,
            0.0,
            1.0,
            0.0,
            0.0,
            0.0
        ],