{
    "action": {
        "min": [
            0.0,
            0.0,
            0.0,
            0.0,
            0.0,
            0.0,
            0.0,
            0.0,
            0.0,
            0.0,
            0.0,
            -10.0
        ],
        "max": [
            0.0,
            0.0,
            0.0,
            0.0,
            0.0,
            0.0,
            0.0,
            0.0,
            0.0,
            0.0,
            0.0,
            9.999210357666016
        ],
        "mean": [
            0.0,
            0.0,
            0.0,
            0.0,
            0.0,
            0.0,
            0.0,
            0.0,
            0.0,
            0.0,
            0.0,
            0.8925601243972778
        ],
        "std": [
            0.0,
            0.0,
            0.0,
            0.0,
            0.0,
            0.0,
            0.0,
            0.0,
            0.0,
            0.0,
            0.0,
            6.857784748077393
        ],
        "count": [
            200
        ],
        "q01": [
            3.9995784462121265e-16,
            3.9995784462121265e-16,
            3.9995784462121265e-16,
            3.9995784462121265e-16,
            3.9995784462121265e-16,
            3.9995784462121265e-16,
            3.9995784462121265e-16,
            3.9995784462121265e-16,
            3.9995784462121265e-16,
            3.9995784462121265e-16,
            3.9995784462121265e-16,
            -9.994000434875488
        ],
        "q10": [
            3.999578446212126e-15,
            3.999578446212126e-15,
            3.999578446212126e-15,
            3.999578446212126e-15,
            3.999578446212126e-15,
            3.999578446212126e-15,
            3.999578446212126e-15,
            3.999578446212126e-15,
            3.999578446212126e-15,
            3.999578446212126e-15,
            3.999578446212126e-15,
            -9.298027992248535
        ],
        "q50": [
            1.9997892231060632e-14,
            1.9997892231060632e-14,
            1.9997892231060632e-14,
            1.9997892231060632e-14,
            1.9997892231060632e-14,
            1.9997892231060632e-14,
            1.9997892231060632e-14,
            1.9997892231060632e-14,
            1.9997892231060632e-14,
            1.9997892231060632e-14,
            1.9997892231060632e-14,
            1.997525691986084
        ],
        "q90": [
            3.599620601590914e-14,
            3.599620601590914e-14,
            3.599620601590914e-14,
            3.599620601590914e-14,
            3.599620601590914e-14,
            3.599620601590914e-14,
            3.599620601590914e-14,
            3.599620601590914e-14,
            3.599620601590914e-14,
            3.599620601590914e-14,
            3.599620601590914e-14,
            9.347234725952148
        ],
        "q99": [
            3.959582661750005e-14,
            3.959582661750005e-14,
            3.959582661750005e-14,
            3.959582661750005e-14,
            3.959582661750005e-14,
            3.959582661750005e-14,
            3.959582661750005e-14,
            3.959582661750005e-14,
            3.959582661750005e-14,
            3.959582661750005e-14,
            3.959582661750005e-14,
            9.991209030151367
        ]
    },
    "observation.state": {
        "min": [
            -0.174534410238266,
            -6.925863265991211,
            0.07863248139619827,
            0.23857957124710083,
            -8.772760391235352,
            -0.6886447072029114,
            -0.6899623274803162,
            -18.007244110107422,
            0.8058608174324036,
            0.08483558893203735,
            -19.854141235351562,
            -0.16117216646671295,
            -0.1098966896533966,
            -4.197493076324463,
            0.051037851721048355,
            0.06593801081180573,
            -3.497910737991333,
            -0.03223443403840065,
            -0.02370723895728588,
            -6.002415180206299,
            -0.0991453006863594,
            -0.32692453265190125,
            -10.619657516479492,
            0.22954823076725006,
            0.2499479353427887,
            -17.083797454833984,
            -0.6593406796455383,
            0.48003605008125305,
            -18.930692672729492,
            -0.9816849827766418,
            -0.1538553684949875,
            -39.17660140991211,
            -0.34652015566825867,
            -7.0773468017578125,
            -62.262813568115234,
            -1.6761904954910278,
            0.0,
            0.0,
            0.0,
            1.0,
            0.0,
            0.0,
            0.0
        ],
        "max": [
            -0.15255507826805115,
            6.002415180206299,
            0.20170940458774567,
            0.2605589032173157,
            8.772760391235352,
            -0.3272283375263214,
            -0.6679829359054565,
            19.854141235351562,
            1.186813235282898,
            0.1068149283528328,
            19.854141235351562,
            0.04395604506134987,
            -0.08791735023260117,
            5.5966572761535645,
            0.08058608323335648,
            0.07692768424749374,
            5.5966572761535645,
            0.010744811035692692,
            -0.0017279012827202678,
            3.232069730758667,
            0.03760683909058571,
            -0.3049452006816864,
            10.619657516479492,
            0.5616605877876282,
            0.27192726731300354,
            19.854141235351562,
            -0.48351648449897766,
            0.5020154118537903,
            16.160348892211914,
            -0.8351648449897766,
            0.6813594698905945,
            19.588300704956055,
            0.18803419172763824,
            8.571941375732422,
            62.262813568115234,
            0.8649572730064392,
            0.0,
            0.0,
            0.0,
            1.0,
            0.0,
            0.0,
            0.0
        ],
        "mean": [
            -0.1544235348701477,
            -0.32782429456710815,
            0.13565810024738312,
            0.240227609872818,
            0.06002410873770714,
            -0.5122833847999573,
            -0.6682034134864807,
            -0.1846897006034851,
            1.0657883882522583,
            0.08769303560256958,
            -0.15236903727054596,
            -0.04791215807199478,
            -0.10330311954021454,
            -0.07695402950048447,
            0.06554337590932846,
            0.07044383883476257,
            0.650611400604248,
            -0.011040308512747288,
            -0.019750917330384254,
            -0.7479937672615051,
            -0.03459831699728966,
            -0.31373703479766846,
            -0.1939241588115692,
            0.43428584933280945,
            0.27060821652412415,
            -1.020410418510437,
            -0.5611713528633118,
            0.48014572262763977,
            -0.41093459725379944,
            -0.9150184392929077,
            0.14715179800987244,
            -0.059464454650878906,
            -0.083420030772686,
            0.8800526261329651,
            4.774648666381836,
            -0.1164335161447525,
            0.0,
            0.0,
            0.0,
            1.0,
            0.0,
            0.0,
            0.0
        ],