{
    "action": {
        "min": [
            -9.999802589416504,
            0.0,
            0.0,
            0.0,
            0.0,
            0.0,
            0.0,
            0.0,
            0.0,
            0.0,
            0.0,
            0.0
        ],
        "max": [
            9.999210357666016,
            0.0,
            0.0,
            0.0,
            0.0,
            0.0,
            0.0,
            0.0,
            0.0,
            0.0,
            0.0,
            0.0
        ],
        "mean": [
            0.23768490552902222,
            0.0,
            0.0,
            0.0,
            0.0,
            0.0,
            0.0,
            0.0,
            0.0,
            0.0,
            0.0,
            0.0
        ],
        "std": [
            7.011688232421875,
            0.0,
            0.0,
            0.0,
            0.0,
            0.0,
            0.0,
            0.0,
            0.0,
            0.0,
            0.0,
            0.0
        ],
        "count": [
            200
        ],
        "q01": [
            -9.991803169250488,
            3.9995784462121265e-16,
            3.9995784462121265e-16,
            3.9995784462121265e-16,
            3.9995784462121265e-16,
            3.9995784462121265e-16,
            3.9995784462121265e-16,
            3.9995784462121265e-16,
            3.9995784462121265e-16,
            3.9995784462121265e-16,
            3.9995784462121265e-16,
            3.9995784462121265e-16
        ],
        "q10": [
            -9.487828254699707,
            3.999578446212126e-15,
            3.999578446212126e-15,
            3.999578446212126e-15,
            3.999578446212126e-15,
            3.999578446212126e-15,
            3.999578446212126e-15,
            3.999578446212126e-15,
            3.999578446212126e-15,
            3.999578446212126e-15,
            3.999578446212126e-15,
            3.999578446212126e-15
        ],
        "q50": [
            0.5676746368408203,
            1.9997892231060632e-14,
            1.9997892231060632e-14,
            1.9997892231060632e-14,
            1.9997892231060632e-14,
            1.9997892231060632e-14,
            1.9997892231060632e-14,
            1.9997892231060632e-14,
            1.9997892231060632e-14,
            1.9997892231060632e-14,
            1.9997892231060632e-14,
            1.9997892231060632e-14
        ],
        "q90": [
            9.4512357711792,
            3.599620601590914e-14,
            3.599620601590914e-14,
            3.599620601590914e-14,
            3.599620601590914e-14,
            3.599620601590914e-14,
            3.599620601590914e-14,
            3.599620601590914e-14,
            3.599620601590914e-14,
            3.599620601590914e-14,
            3.599620601590914e-14,
            3.599620601590914e-14
        ],
        "q99": [
            9.995209693908691,
            3.959582661750005e-14,
            3.959582661750005e-14,
            3.959582661750005e-14,
            3.959582661750005e-14,
            3.959582661750005e-14,
            3.959582661750005e-14,
            3.959582661750005e-14,
            3.959582661750005e-14,
            3.959582661750005e-14,
            3.959582661750005e-14,
            3.959582661750005e-14
        ]
    },
    "observation.state": {
        "min": [
            -8.592620849609375,
            -120.51002502441406,
            -1.2478632926940918,
            0.15066221356391907,
            -9.696208953857422,
            -0.8937729001045227,
            -0.8438176512718201,
            -15.236899375915527,
            0.7765567898750305,
            0.04087691754102707,
            -15.236899375915527,
            -0.1318681389093399,
            -0.0549483448266983,
            -4.897075176239014,
            0.013431013561785221,
            -0.09890701621770859,
            -4.197493076324463,
            0.06715507060289383,
            -0.0017279012827202678,
            -4.155518054962158,
            -0.20170940458774567,
            -0.3489038646221161,
            -9.696208953857422,
            0.17094017565250397,
            0.2499479353427887,
            -15.236899375915527,
            -0.6300366520881653,
            0.48003605008125305,
            -16.160348892211914,
            -1.0109890699386597,
            0.6703698039054871,
            -5.5966572761535645,
            -0.45396825671195984,
            -0.010989668779075146,
            -4.897075176239014,
            0.002686202758923173,
            0.0,
            0.0,
            0.0,
            1.0,
            0.0,
            0.0,
            0.0
        ],
        "max": [
            8.705118179321289,
            122.35691833496094,
            1.0974359512329102,
            0.3264969289302826,
            7.849311828613281,
            -0.053724054247140884,
            -0.5361069440841675,
            21.701038360595703,
            1.3919414281845093,
            0.08483558893203735,
            22.624486923217773,
            0.10256410390138626,
            -0.03296900540590286,
            4.897075176239014,
            0.053724054247140884,
            -0.07692768424749374,
            5.5966572761535645,
            0.11282051354646683,
            0.06421010941267014,
            5.0789666175842285,
            -0.003418803447857499,
            -0.28296586871147156,
            10.619657516479492,
            0.5714285969734192,
            0.2939065992832184,
            17.083797454833984,
            -0.48351648449897766,
            0.5020154118537903,
            16.160348892211914,
            -0.8351648449897766,
            0.6923491358757019,
            6.296239376068115,
            -0.3975580036640167,
            0.010989668779075146,
            6.296239376068115,
            0.06715507060289383,
            0.0,
            0.0,
            0.0,
            1.0,
            0.0,
            0.0,
            0.0
        ],
        "mean": [
            0.04119257628917694,
            0.6510307788848877,
            -0.06140171363949776,
            0.24341487884521484,
            -1.668930060816365e-08,
            -0.5035898685455322,
            -0.6472116708755493,
            0.373996764421463,
            1.035897135734558,
            0.0642850399017334,
            0.8357208967208862,
            -0.011282051913440228,
            -0.049673356115818024,
            -0.10143938660621643,
            0.030918216332793236,
            -0.08703824132680893,
            0.640117883682251,
            0.09071306139230728,
            0.021790005266666412,
            -0.45248985290527344,
            -0.08803415298461914,
            -0.3121986389160156,
            -0.7526103258132935,
            0.4318925738334656,
            0.2690696716308594,
            -0.28626900911331177,
            -0.5572152137756348,
            0.49047577381134033,
            -0.4109344780445099,
            -0.9255679249763489,
            0.6781722903251648,
            6.437301891537572e-08,
            -0.42948344349861145,
            -0.005824523512274027,
            0.965423583984375,
            0.03692188113927841,
            0.0,
            0.0,
            0.0,
            1.0,
            0.0,
            0.0,
            0.0
        ],