{
    "action": {
        "min": [
            0.0,
            0.0,
            0.0,
            0.0,
            0.0,
            0.0,
            0.0,
            0.0,
            0.0,
            -9.999210357666016,
            0.0,
            0.0
        ],
        "max": [
            0.0,
            0.0,
            0.0,
            0.0,
            0.0,
            0.0,
            0.0,
            0.0,
            0.0,
            9.999210357666016,
            0.0,
            0.0
        ],
        "mean": [
            0.0,
            0.0,
            0.0,
            0.0,
            0.0,
            0.0,
            0.0,
            0.0,
            0.0,
            0.2524532377719879,
            0.0,
            0.0
        ],
        "std": [
            0.0,
            0.0,
            0.0,
            0.0,
            0.0,
            0.0,
            0.0,
            0.0,
            0.0,
            7.084749221801758,
            0.0,
            0.0
        ],
        "count": [
            200
        ],
        "q01": [
            3.9995784462121265e-16,
            3.9995784462121265e-16,
            3.9995784462121265e-16,
            3.9995784462121265e-16,
            3.9995784462121265e-16,
            3.9995784462121265e-16,
            3.9995784462121265e-16,
            3.9995784462121265e-16,
            3.9995784462121265e-16,
            -9.999210357666016,
            3.9995784462121265e-16,
            3.9995784462121265e-16
        ],
        "q10": [
            3.999578446212126e-15,
            3.999578446212126e-15,
            3.999578446212126e-15,
            3.999578446212126e-15,
            3.999578446212126e-15,
            3.999578446212126e-15,
            3.999578446212126e-15,
            3.999578446212126e-15,
            3.999578446212126e-15,
            -9.583243370056152,
            3.999578446212126e-15,
            3.999578446212126e-15
        ],
        "q50": [
            1.9997892231060632e-14,
            1.9997892231060632e-14,
            1.9997892231060632e-14,
            1.9997892231060632e-14,
            1.9997892231060632e-14,
            1.9997892231060632e-14,
            1.9997892231060632e-14,
            1.9997892231060632e-14,
            1.9997892231060632e-14,
            0.5039596557617188,
            1.9997892231060632e-14,
            1.9997892231060632e-14
        ],
        "q90": [
            3.599620601590914e-14,
            3.599620601590914e-14,
            3.599620601590914e-14,
            3.599620601590914e-14,
            3.599620601590914e-14,
            3.599620601590914e-14,
            3.599620601590914e-14,
            3.599620601590914e-14,
            3.599620601590914e-14,
            9.511247634887695,
            3.599620601590914e-14,
            3.599620601590914e-14
        ],
        "q99": [
            3.959582661750005e-14,
            3.959582661750005e-14,
            3.959582661750005e-14,
            3.959582661750005e-14,
            3.959582661750005e-14,
            3.959582661750005e-14,
            3.959582661750005e-14,
            3.959582661750005e-14,
            3.959582661750005e-14,
            9.995210647583008,
            3.959582661750005e-14,
            3.959582661750005e-14
        ]
    },
    "observation.state": {
        "min": [
            -0.26245176792144775,
            -7.849311828613281,
            -0.25641027092933655,
            0.216600239276886,
            -9.696208953857422,
            -0.6984127163887024,
            -0.8877763152122498,
            -17.083797454833984,
            0.8351648449897766,
            0.01889757812023163,
            -16.160348892211914,
            -0.10256410390138626,
            -0.1098966896533966,
            -4.197493076324463,
            0.03492063656449318,
            -0.1098966896533966,
            -4.197493076324463,
            0.0644688680768013,
            -0.17756260931491852,
            -8.772760391235352,
            -0.3589743673801422,
            -0.43682122230529785,
            -12.466554641723633,
            -0.03418803587555885,
            -0.18963882327079773,
            -26.318281173706055,
            -2.124542236328125,
            -8.399616241455078,
            -232.24728393554688,
            -2.798534870147705,
            0.6264111399650574,
            -4.197493076324463,
            -0.4485958516597748,
            0.06593801081180573,
            -4.197493076324463,
            -0.06715507060289383,
            0.0,
            0.0,
            0.0,
            1.0,
            0.0,
            0.0,
            0.0
        ],
        "max": [
            0.023279624059796333,
            6.925863265991211,
            0.3589743673801422,
            0.2825382351875305,
            9.696208953857422,
            -0.2588522732257843,
            -0.47016891837120056,
            21.701038360595703,
            1.4505494832992554,
            0.08483558893203735,
            19.854141235351562,
            0.10256410390138626,
            -0.08791735023260117,
            4.197493076324463,
            0.11550671607255936,
            -0.07692768424749374,
            4.897075176239014,
            0.13968254625797272,
            0.13014812767505646,
            6.002415180206299,
            0.3589743673801422,
            -0.1950485110282898,
            10.619657516479492,
            0.7472527623176575,
            0.9752660989761353,
            25.394832611083984,
            0.04395604506134987,
            8.942081451416016,
            247.94590759277344,
            2.212454319000244,
            0.6703698039054871,
            4.897075176239014,
            -0.36532357335090637,
            0.09890701621770859,
            5.5966572761535645,
            0.026862027123570442,
            0.0,
            0.0,
            0.0,
            1.0,
            0.0,
            0.0,
            0.0
        ],
        "mean": [
            -0.157170832157135,
            -0.5032795071601868,
            0.13449570536613464,
            0.24704141914844513,
            -0.2585657238960266,
            -0.5122344493865967,
            -0.6740276217460632,
            -0.4894278347492218,
            1.0675458908081055,
            0.0617574006319046,
            0.60947585105896,
            0.0019047618843615055,
            -0.09028015285730362,
            0.08045194298028946,
            0.06229306384921074,
            -0.09742362052202225,
            0.6051385998725891,
            0.0980464294552803,
            0.005635173991322517,
            -0.36476221680641174,
            -0.06211964040994644,
            -0.3186825215816498,
            -0.40631726384162903,
            0.44869351387023926,
            0.30984172224998474,
            -0.5032793879508972,
            -0.6287179589271545,
            0.8253312706947327,
            -4.4925737380981445,
            -0.6268130540847778,
            0.645478367805481,
            0.1678997278213501,
            -0.40803417563438416,
            0.0873129740357399,
            0.7065781354904175,
            -0.018857158720493317,
            0.0,
            0.0,
            0.0,
            1.0,
            0.0,
            0.0,
            0.0
        ],