{
    "action": {
        "min": [
            0.0,
            0.0,
            0.0,
            0.0,
            0.0,
            -5.0,
            0.0,
            0.0,
            0.0,
            0.0,
            0.0,
            0.0
        ],
        "max": [
            0.0,
            0.0,
            0.0,
            0.0,
            0.0,
            5.0,
            0.0,
            0.0,
            0.0,
            0.0,
            0.0,
            0.0
        ],
        "mean": [
            0.0,
            0.0,
            0.0,
            0.0,
            0.0,
            -0.02500000037252903,
            0.0,
            0.0,
            0.0,
            0.0,
            0.0,
            0.0
        ],
        "std": [
            0.0,
            0.0,
            0.0,
            0.0,
            0.0,
            4.077300071716309,
            0.0,
            0.0,
            0.0,
            0.0,
            0.0,
            0.0
        ],
        "count": [
            200
        ],
        "q01": [
            3.9995784462121265e-16,
            3.9995784462121265e-16,
            3.9995784462121265e-16,
            3.9995784462121265e-16,
            3.9995784462121265e-16,
            -5.0,
            3.9995784462121265e-16,
            3.9995784462121265e-16,
            3.9995784462121265e-16,
            3.9995784462121265e-16,
            3.9995784462121265e-16,
            3.9995784462121265e-16
        ],
        "q10": [
            3.999578446212126e-15,
            3.999578446212126e-15,
            3.999578446212126e-15,
            3.999578446212126e-15,
            3.999578446212126e-15,
            -5.0,
            3.999578446212126e-15,
            3.999578446212126e-15,
            3.999578446212126e-15,
            3.999578446212126e-15,
            3.999578446212126e-15,
            3.999578446212126e-15
        ],
        "q50": [
            1.9997892231060632e-14,
            1.9997892231060632e-14,
            1.9997892231060632e-14,
            1.9997892231060632e-14,
            1.9997892231060632e-14,
            0.0009852380894902926,
            1.9997892231060632e-14,
            1.9997892231060632e-14,
            1.9997892231060632e-14,
            1.9997892231060632e-14,
            1.9997892231060632e-14,
            1.9997892231060632e-14
        ],
        "q90": [
            3.599620601590914e-14,
            3.599620601590914e-14,
            3.599620601590914e-14,
            3.599620601590914e-14,
            3.599620601590914e-14,
            4.999393983320757,
            3.599620601590914e-14,
            3.599620601590914e-14,
            3.599620601590914e-14,
            3.599620601590914e-14,
            3.599620601590914e-14,
            3.599620601590914e-14
        ],
        "q99": [
            3.959582661750005e-14,
            3.959582661750005e-14,
            3.959582661750005e-14,
            3.959582661750005e-14,
            3.959582661750005e-14,
            4.999939398332075,
            3.959582661750005e-14,
            3.959582661750005e-14,
            3.959582661750005e-14,
            3.959582661750005e-14,
            3.959582661750005e-14,
            3.959582661750005e-14
        ]
    },
    "observation.state": {
        "min": [
            -0.174534410238266,
            -6.925863265991211,
            0.07863248139619827,
            0.23857957124710083,
            -8.772760391235352,
            -0.6788766980171204,
            -0.6899623274803162,
            -18.930692672729492,
            0.8937729001045227,
            0.12879426777362823,
            -18.930692672729492,
            -0.21978022158145905,
            -0.747297465801239,
            -28.68286895751953,
            -0.11282051354646683,
            -4.857433795928955,
            -95.84275817871094,
            -0.5103785395622253,
            -0.0017279012827202678,
            -5.0789666175842285,
            -0.14700855314731598,
            -0.3489038646221161,
            -9.696208953857422,
            0.3076923191547394,
            0.2499479353427887,
            -17.083797454833984,
            -0.6300366520881653,
            0.48003605008125305,
            -18.930692672729492,
            -1.0695971250534058,
            0.6703698039054871,
            -4.197493076324463,
            -0.46471306681632996,
            0.010989668779075146,
            -6.296239376068115,
            -0.013431013561785221,
            0.0,
            0.0,
            0.0,
            1.0,
            0.0,
            0.0,
            0.0
        ],
        "max": [
            -0.15255507826805115,
            6.925863265991211,
            0.2290598303079605,
            0.2605589032173157,
            9.696208953857422,
            -0.34676435589790344,
            -0.6679829359054565,
            18.930692672729492,
            1.216117262840271,
            0.15077359974384308,
            15.236899375915527,
            -0.04395604506134987,
            0.04395867511630058,
            30.7816162109375,
            0.28205129504203796,
            4.989309787750244,
            188.88719177246094,
            0.7736263871192932,
            -0.0017279012827202678,
            4.155518054962158,
            0.017094017937779427,
            -0.3049452006816864,
            9.696208953857422,
            0.6105006337165833,
            0.27192726731300354,
            17.083797454833984,
            -0.4542124569416046,
            0.5239947438240051,
            17.083797454833984,
            -0.8351648449897766,
            0.6923491358757019,
            4.897075176239014,
            -0.38949939608573914,
            0.03296900540590286,
            6.296239376068115,
            0.056410256773233414,
            0.0,
            0.0,
            0.0,
            1.0,
            0.0,
            0.0,
            0.0
        ],
        "mean": [
            -0.16673171520233154,
            -0.6833518147468567,
            0.1485127955675125,
            0.25176703929901123,
            -0.5817726850509644,
            -0.5246396660804749,
            -0.6695221662521362,
            -0.18930692970752716,
            1.071062684059143,
            0.1331900954246521,
            -0.1893070638179779,
            -0.13142864406108856,
            -0.09220337122678757,
            -0.0594644658267498,
            0.05671917274594307,
            -0.20363853871822357,
            3.2425644397735596,
            0.05432845279574394,
            -0.0017279008170589805,
            -0.3001208007335663,
            -0.04960685223340988,
            -0.3264845907688141,
            -0.2816518247127533,
            0.44908425211906433,
            0.2569809854030609,
            -0.15236908197402954,
            -0.544321596622467,
            0.5026740431785583,
            -1.029645562171936,
            -0.9572157263755798,
            0.6728429198265076,
            -0.06296242028474808,
            -0.42628681659698486,
            0.021484799683094025,
            0.7065778970718384,
            0.02110014669597149,
            0.0,
            0.0,
            0.0,
            1.0,
            0.0,
            0.0,
            0.0
        ],