{
    "action": {
        "min": [
            0.0,
            0.0,
            0.0,
            0.0,
            0.0,
            0.0,
            0.0,
            0.0,
            0.0,
            0.0,
            0.0,
            -10.0
        ],
        "max": [
            0.0,
            0.0,
            0.0,
            0.0,
            0.0,
            0.0,
            0.0,
            0.0,
            0.0,
            0.0,
            0.0,
            10.0
        ],
        "mean": [
            0.0,
            0.0,
            0.0,
            0.0,
            0.0,
            0.0,
            0.0,
            0.0,
            0.0,
            0.0,
            0.0,
            -2.1755695911451767e-08
        ],
        "std": [
            0.0,
            0.0,
            0.0,
            0.0,
            0.0,
            0.0,
            0.0,
            0.0,
            0.0,
            0.0,
            0.0,
            7.071067810058594
        ],
        "count": [
            200
        ],
        "q01": [
            3.9995784462121265e-16,
            3.9995784462121265e-16,
            3.9995784462121265e-16,
            3.9995784462121265e-16,
            3.9995784462121265e-16,
            3.9995784462121265e-16,
            3.9995784462121265e-16,
            3.9995784462121265e-16,
            3.9995784462121265e-16,
            3.9995784462121265e-16,
            3.9995784462121265e-16,
            -10.0
        ],
        "q10": [
            3.999578446212126e-15,
            3.999578446212126e-15,
            3.999578446212126e-15,
            3.999578446212126e-15,
            3.999578446212126e-15,
            3.999578446212126e-15,
            3.999578446212126e-15,
            3.999578446212126e-15,
            3.999578446212126e-15,
            3.999578446212126e-15,
            3.999578446212126e-15,
            -9.510000228881836
        ],
        "q50": [
            1.9997892231060632e-14,
            1.9997892231060632e-14,
            1.9997892231060632e-14,
            1.9997892231060632e-14,
            1.9997892231060632e-14,
            1.9997892231060632e-14,
            1.9997892231060632e-14,
            1.9997892231060632e-14,
            1.9997892231060632e-14,
            1.9997892231060632e-14,
            1.9997892231060632e-14,
            0.0013335545857747395
        ],
        "q90": [
            3.599620601590914e-14,
            3.599620601590914e-14,
            3.599620601590914e-14,
            3.599620601590914e-14,
            3.599620601590914e-14,
            3.599620601590914e-14,
            3.599620601590914e-14,
            3.599620601590914e-14,
            3.599620601590914e-14,
            3.599620601590914e-14,
            3.599620601590914e-14,
            9.510001182556152
        ],
        "q99": [
            3.959582661750005e-14,
            3.959582661750005e-14,
            3.959582661750005e-14,
            3.959582661750005e-14,
            3.959582661750005e-14,
            3.959582661750005e-14,
            3.959582661750005e-14,
            3.959582661750005e-14,
            3.959582661750005e-14,
            3.959582661750005e-14,
            3.959582661750005e-14,
            9.984001159667969
        ]
    },
    "observation.state": {
        "min": [
            -0.174534410238266,
            -6.002415180206299,
            0.0923076942563057,
            0.216600239276886,
            -8.772760391235352,
            -0.6398046612739563,
            -0.6679829359054565,
            -16.160348892211914,
            0.8351648449897766,
            0.04087691754102707,
            -17.083797454833984,
            -0.07326007634401321,
            -0.06593801081180573,
            -4.897075176239014,
            -0.002686202758923173,
            -0.1648450344800949,
            -4.197493076324463,
            0.09938950091600418,
            -0.0017279012827202678,
            -6.925863265991211,
            -0.14017094671726227,
            -0.32692453265190125,
            -8.772760391235352,
            0.21978022158145905,
            0.2499479353427887,
            -18.930692672729492,
            -0.6300366520881653,
            0.48003605008125305,
            -19.854141235351562,
            -1.0402930974960327,
            -0.14286570250988007,
            -43.37409591674805,
            -0.3142857253551483,
            -7.066357135772705,
            -85.3490219116211,
            -1.5875457525253296,
            0.0,
            0.0,
            0.0,
            1.0,
            0.0,
            0.0,
            0.0
        ],
        "max": [
            -0.15255507826805115,
            7.849311828613281,
            0.20854701101779938,
            0.23857957124710083,
            8.772760391235352,
            -0.3174603283405304,
            -0.6460036039352417,
            19.854141235351562,
            1.186813235282898,
            0.06285625696182251,
            15.236899375915527,
            0.1318681389093399,
            -0.03296900540590286,
            4.897075176239014,
            0.06715507060289383,
            -0.14286570250988007,
            5.5966572761535645,
            0.16923077404499054,
            0.020251436159014702,
            6.002415180206299,
            0.003418803447857499,
            -0.3049452006816864,
            9.696208953857422,
            0.5909646153450012,
            0.27192726731300354,
            18.930692672729492,
            -0.48351648449897766,
            0.5020154118537903,
            15.236899375915527,
            -0.8058608174324036,
            0.7253181338310242,
            18.888717651367188,
            0.20952381193637848,
            8.538972854614258,
            82.55069732666016,
            0.8568986654281616,
            0.0,
            0.0,
            0.0,
            1.0,
            0.0,
            0.0,
            0.0
        ],
        "mean": [
            -0.16914933919906616,
            -0.4432551860809326,
            0.14923077821731567,
            0.238469198346138,
            -0.41093453764915466,
            -0.4948962926864624,
            -0.6677638292312622,
            -0.8541901111602783,
            1.0537731647491455,
            0.0439540259540081,
            0.7249069809913635,
            0.02315019629895687,
            -0.04736549034714699,
            0.09794150292873383,
            0.030474986881017685,
            -0.14759159088134766,
            0.6016407608985901,
            0.13077780604362488,
            0.018383216112852097,
            -0.6325622797012329,
            -0.07702565938234329,
            -0.32549557089805603,
            -0.2724173367023468,
            0.4559706449508667,
            0.26467373967170715,
            -0.6602658629417419,
            -0.5522336363792419,
            0.48223361372947693,
            -0.40631747245788574,
            -0.9188281893730164,
            0.12204036116600037,
            0.010493747889995575,
            -0.07216484099626541,
            0.40447455644607544,
            -2.1162362098693848,
            -0.1533687263727188,
            0.0,
            0.0,
            0.0,
            1.0,
            0.0,
            0.0,
            0.0
        ],