{
    "action": {
        "min": [
            0.0,
            0.0,
            0.0,
            0.0,
            0.0,
            0.0,
            0.0,
            0.0,
            -9.999802589416504,
            0.0,
            0.0,
            0.0
        ],
        "max": [
            0.0,
            0.0,
            0.0,
            0.0,
            0.0,
            0.0,
            0.0,
            0.0,
            9.998223304748535,
            0.0,
            0.0,
            0.0
        ],
        "mean": [
            0.0,
            0.0,
            0.0,
            0.0,
            0.0,
            0.0,
            0.0,
            0.0,
            0.831305980682373,
            0.0,
            0.0,
            0.0
        ],
        "std": [
            0.0,
            0.0,
            0.0,
            0.0,
            0.0,
            0.0,
            0.0,
            0.0,
            7.094456195831299,
            0.0,
            0.0,
            0.0
        ],
        "count": [
            200
        ],
        "q01": [
            3.9995784462121265e-16,
            3.9995784462121265e-16,
            3.9995784462121265e-16,
            3.9995784462121265e-16,
            3.9995784462121265e-16,
            3.9995784462121265e-16,
            3.9995784462121265e-16,
            3.9995784462121265e-16,
            -9.999802589416504,
            3.9995784462121265e-16,
            3.9995784462121265e-16,
            3.9995784462121265e-16
        ],
        "q10": [
            3.999578446212126e-15,
            3.999578446212126e-15,
            3.999578446212126e-15,
            3.999578446212126e-15,
            3.999578446212126e-15,
            3.999578446212126e-15,
            3.999578446212126e-15,
            3.999578446212126e-15,
            -9.447856903076172,
            3.999578446212126e-15,
            3.999578446212126e-15,
            3.999578446212126e-15
        ],
        "q50": [
            1.9997892231060632e-14,
            1.9997892231060632e-14,
            1.9997892231060632e-14,
            1.9997892231060632e-14,
            1.9997892231060632e-14,
            1.9997892231060632e-14,
            1.9997892231060632e-14,
            1.9997892231060632e-14,
            1.5030622482299805,
            1.9997892231060632e-14,
            1.9997892231060632e-14,
            1.9997892231060632e-14
        ],
        "q90": [
            3.599620601590914e-14,
            3.599620601590914e-14,
            3.599620601590914e-14,
            3.599620601590914e-14,
            3.599620601590914e-14,
            3.599620601590914e-14,
            3.599620601590914e-14,
            3.599620601590914e-14,
            9.638258934020996,
            3.599620601590914e-14,
            3.599620601590914e-14,
            3.599620601590914e-14
        ],
        "q99": [
            3.959582661750005e-14,
            3.959582661750005e-14,
            3.959582661750005e-14,
            3.959582661750005e-14,
            3.959582661750005e-14,
            3.959582661750005e-14,
            3.959582661750005e-14,
            3.959582661750005e-14,
            9.994223594665527,
            3.959582661750005e-14,
            3.959582661750005e-14,
            3.959582661750005e-14
        ]
    },
    "observation.state": {
        "min": [
            -0.24047242105007172,
            -7.849311828613281,
            -0.0923076942563057,
            0.19462089240550995,
            -9.696208953857422,
            -0.7765567898750305,
            -0.8877763152122498,
            -23.547935485839844,
            0.6886447072029114,
            0.04087691754102707,
            -16.160348892211914,
            -0.190476194024086,
            -0.13187602162361145,
            -6.296239376068115,
            0.06178266182541847,
            0.04395867511630058,
            -4.197493076324463,
            -0.016117217019200325,
            -0.28745928406715393,
            -12.466554641723633,
            -0.632478654384613,
            -0.5686972737312317,
            -11.543106079101562,
            -0.15140415728092194,
            -10.234195709228516,
            -197.15625,
            -6.69597053527832,
            0.3481600284576416,
            -17.083797454833984,
            -1.186813235282898,
            0.5384937524795532,
            -6.296239376068115,
            -0.5050061345100403,
            -0.010989668779075146,
            -3.497910737991333,
            -0.013431013561785221,
            0.0,
            0.0,
            0.0,
            1.0,
            0.0,
            0.0,
            0.0
        ],
        "max": [
            -0.04265838861465454,
            9.696208953857422,
            0.2905983030796051,
            0.3264969289302826,
            8.772760391235352,
            -0.27838829159736633,
            -0.3382928967475891,
            26.318281173706055,
            1.4212454557418823,
            0.12879426777362823,
            20.777589797973633,
            0.07326007634401321,
            -0.1098966896533966,
            4.197493076324463,
            0.10744810849428177,
            0.06593801081180573,
            5.5966572761535645,
            0.024175824597477913,
            0.3059828281402588,
            9.696208953857422,
            0.43418803811073303,
            -0.08515182137489319,
            10.619657516479492,
            1.0402930974960327,
            11.10774040222168,
            204.54383850097656,
            4.146520137786865,
            0.6338914036750793,
            18.007244110107422,
            -0.6300366520881653,
            0.7692767977714539,
            5.5966572761535645,
            -0.333089143037796,
            0.07692768424749374,
            6.296239376068115,
            0.045665446668863297,
            0.0,
            0.0,
            0.0,
            1.0,
            0.0,
            0.0,
            0.0
        ],
        "mean": [
            -0.14804935455322266,
            -0.2631828486919403,
            0.12871791422367096,
            0.2515471875667572,
            -0.5817726254463196,
            -0.517411470413208,
            -0.6642462015151978,
            -1.061965823173523,
            1.0597805976867676,
            0.09230868518352509,
            0.3555276393890381,
            -0.05509163439273834,
            -0.12088639289140701,
            -0.04547286406159401,
            0.0777924582362175,
            0.050222817808389664,
            0.7800341844558716,
            0.0017460318049415946,
            0.018712863326072693,
            -0.7433760762214661,
            -0.07822220027446747,
            -0.2793394923210144,
            -0.42016905546188354,
            0.3681073784828186,
            0.941638171672821,
            6.815047740936279,
            -0.8574357628822327,
            0.49707043170928955,
            -0.3878484070301056,
            -0.936703085899353,
            0.6734470129013062,
            0.020987482741475105,
            -0.4257093667984009,
            0.02989189326763153,
            0.7485529184341431,
            0.015096474438905716,
            0.0,
            0.0,
            0.0,
            1.0,
            0.0,
            0.0,
            0.0
        ],