{
    "action": {
        "min": [
            -9.999210357666016,
            0.0,
            0.0,
            0.0,
            0.0,
            0.0,
            0.0,
            0.0,
            0.0,
            0.0,
            0.0,
            0.0
        ],
        "max": [
            9.999210357666016,
            0.0,
            0.0,
            0.0,
            0.0,
            0.0,
            0.0,
            0.0,
            0.0,
            0.0,
            0.0,
            0.0
        ],
        "mean": [
            0.2524532377719879,
            0.0,
            0.0,
            0.0,
            0.0,
            0.0,
            0.0,
            0.0,
            0.0,
            0.0,
            0.0,
            0.0
        ],
        "std": [
            7.084749221801758,
            0.0,
            0.0,
            0.0,
            0.0,
            0.0,
            0.0,
            0.0,
            0.0,
            0.0,
            0.0,
            0.0
        ],
        "count": [
            200
        ],
        "q01": [
            -9.999210357666016,
            3.9995784462121265e-16,
            3.9995784462121265e-16,
            3.9995784462121265e-16,
            3.9995784462121265e-16,
            3.9995784462121265e-16,
            3.9995784462121265e-16,
            3.9995784462121265e-16,
            3.9995784462121265e-16,
            3.9995784462121265e-16,
            3.9995784462121265e-16,
            3.9995784462121265e-16
        ],
        "q10": [
            -9.583243370056152,
            3.999578446212126e-15,
            3.999578446212126e-15,
            3.999578446212126e-15,
            3.999578446212126e-15,
            3.999578446212126e-15,
            3.999578446212126e-15,
            3.999578446212126e-15,
            3.999578446212126e-15,
            3.999578446212126e-15,
            3.999578446212126e-15,
            3.999578446212126e-15
        ],
        "q50": [
            0.5039596557617188,
            1.9997892231060632e-14,
            1.9997892231060632e-14,
            1.9997892231060632e-14,
            1.9997892231060632e-14,
            1.9997892231060632e-14,
            1.9997892231060632e-14,
            1.9997892231060632e-14,
            1.9997892231060632e-14,
            1.9997892231060632e-14,
            1.9997892231060632e-14,
            1.9997892231060632e-14
        ],
        "q90": [
            9.511247634887695,
            3.599620601590914e-14,
            3.599620601590914e-14,
            3.599620601590914e-14,
            3.599620601590914e-14,
            3.599620601590914e-14,
            3.599620601590914e-14,
            3.599620601590914e-14,
            3.599620601590914e-14,
            3.599620601590914e-14,
            3.599620601590914e-14,
            3.599620601590914e-14
        ],
        "q99": [
            9.995210647583008,
            3.959582661750005e-14,
            3.959582661750005e-14,
            3.959582661750005e-14,
            3.959582661750005e-14,
            3.959582661750005e-14,
            3.959582661750005e-14,
            3.959582661750005e-14,
            3.959582661750005e-14,
            3.959582661750005e-14,
            3.959582661750005e-14,
            3.959582661750005e-14
        ]
    },
    "observation.state": {
        "min": [
            -8.438765525817871,
            -135.2852020263672,
            -1.7059829235076904,
            0.0627448707818985,
            -9.696208953857422,
            -1.0012210607528687,
            -0.9097557067871094,
            -20.777589797973633,
            0.48351648449897766,
            0.01889757812023163,
            -16.160348892211914,
            -0.16117216646671295,
            -0.08791735023260117,
            -4.197493076324463,
            0.016117217019200325,
            -0.1098966896533966,
            -4.897075176239014,
            0.05909645929932594,
            -0.2654799520969391,
            -10.619657516479492,
            -0.4000000059604645,
            -0.37088319659233093,
            -11.543106079101562,
            0.02442002482712269,
            0.11807190626859665,
            -18.930692672729492,
            -0.6886447072029114,
            0.48003605008125305,
            -17.083797454833984,
            -1.0402930974960327,
            0.6923491358757019,
            -5.5966572761535645,
            -0.48351648449897766,
            -0.0549483448266983,
            -4.197493076324463,
            0.018803419545292854,
            0.0,
            0.0,
            0.0,
            1.0,
            0.0,
            0.0,
            0.0
        ],
        "max": [
            8.331469535827637,
            136.20864868164062,
            1.5418803691864014,
            0.41441425681114197,
            11.543106079101562,
            0.15140415728092194,
            -0.2723548710346222,
            30.935523986816406,
            1.4505494832992554,
            0.1068149283528328,
            19.854141235351562,
            0.10256410390138626,
            -0.0549483448266983,
            4.197493076324463,
            0.11819291859865189,
            -0.07692768424749374,
            6.995821475982666,
            0.14505495131015778,
            0.19608613848686218,
            6.002415180206299,
            0.6119658350944519,
            -0.1950485110282898,
            9.696208953857422,
            0.6886447072029114,
            0.38182395696640015,
            20.777589797973633,
            -0.3663003742694855,
            0.5239947438240051,
            20.777589797973633,
            -0.8351648449897766,
            0.7253181338310242,
            4.897075176239014,
            -0.3948718011379242,
            0.0,
            4.897075176239014,
            0.08864469081163406,
            0.0,
            0.0,
            0.0,
            1.0,
            0.0,
            0.0,
            0.0
        ],
        "mean": [
            0.5146278142929077,
            -2.922712802886963,
            -0.06601708382368088,
            0.2400081306695938,
            -0.3324414789676666,
            -0.5034921169281006,
            -0.646442711353302,
            0.018468938767910004,
            1.0219781398773193,
            0.06571370363235474,
            1.3020622730255127,
            -0.011282051913440228,
            -0.07165274024009705,
            -0.027983231469988823,
            0.04824421554803848,
            -0.095830038189888,
            0.8674815893173218,
            0.09686446934938431,
            -0.0016180068487301469,
            -0.4571070075035095,
            -0.055965814739465714,
            -0.3051651120185852,
            -0.2308620810508728,
            0.4153846502304077,
            0.2575307786464691,
            -0.32320693135261536,
            -0.5390470623970032,
            0.5025642514228821,
            -0.48481059074401855,
            -0.9469594359397888,
            0.7097124457359314,
            -0.1644018143415451,
            -0.44695720076560974,
            -0.023957474157214165,
            0.8150132894515991,
            0.050769247114658356,
            0.0,
            0.0,
            0.0,
            1.0,
            0.0,
            0.0,
            0.0
        ],