{
    "action": {
        "min": [
            0.0,
            -10.0,
            0.0,
            0.0,
            0.0,
            0.0,
            0.0,
            0.0,
            0.0,
            0.0,
            0.0,
            0.0
        ],
        "max": [
            0.0,
            10.0,
            0.0,
            0.0,
            0.0,
            0.0,
            0.0,
            0.0,
            0.0,
            0.0,
            0.0,
            0.0
        ],
        "mean": [
            0.0,
            1.5497207073167374e-08,
            0.0,
            0.0,
            0.0,
            0.0,
            0.0,
            0.0,
            0.0,
            0.0,
            0.0,
            0.0
        ],
        "std": [
            0.0,
            7.071067810058594,
            0.0,
            0.0,
            0.0,
            0.0,
            0.0,
            0.0,
            0.0,
            0.0,
            0.0,
            0.0
        ],
        "count": [
            200
        ],
        "q01": [
            3.9995784462121265e-16,
            -10.0,
            3.9995784462121265e-16,
            3.9995784462121265e-16,
            3.9995784462121265e-16,
            3.9995784462121265e-16,
            3.9995784462121265e-16,
            3.9995784462121265e-16,
            3.9995784462121265e-16,
            3.9995784462121265e-16,
            3.9995784462121265e-16,
            3.9995784462121265e-16
        ],
        "q10": [
            3.999578446212126e-15,
            -9.510000228881836,
            3.999578446212126e-15,
            3.999578446212126e-15,
            3.999578446212126e-15,
            3.999578446212126e-15,
            3.999578446212126e-15,
            3.999578446212126e-15,
            3.999578446212126e-15,
            3.999578446212126e-15,
            3.999578446212126e-15,
            3.999578446212126e-15
        ],
        "q50": [
            1.9997892231060632e-14,
            0.0,
            1.9997892231060632e-14,
            1.9997892231060632e-14,
            1.9997892231060632e-14,
            1.9997892231060632e-14,
            1.9997892231060632e-14,
            1.9997892231060632e-14,
            1.9997892231060632e-14,
            1.9997892231060632e-14,
            1.9997892231060632e-14,
            1.9997892231060632e-14
        ],
        "q90": [
            3.599620601590914e-14,
            9.510001182556152,
            3.599620601590914e-14,
            3.599620601590914e-14,
            3.599620601590914e-14,
            3.599620601590914e-14,
            3.599620601590914e-14,
            3.599620601590914e-14,
            3.599620601590914e-14,
            3.599620601590914e-14,
            3.599620601590914e-14,
            3.599620601590914e-14
        ],
        "q99": [
            3.959582661750005e-14,
            9.998400115966797,
            3.959582661750005e-14,
            3.959582661750005e-14,
            3.959582661750005e-14,
            3.959582661750005e-14,
            3.959582661750005e-14,
            3.959582661750005e-14,
            3.959582661750005e-14,
            3.959582661750005e-14,
            3.959582661750005e-14,
            3.959582661750005e-14
        ]
    },
    "observation.state": {
        "min": [
            -0.3503691256046295,
            -9.696208953857422,
            -0.24273504316806793,
            -8.201486587524414,
            -100.19416046142578,
            -1.3431013822555542,
            -0.7998589873313904,
            -18.007244110107422,
            0.7179487347602844,
            0.04087691754102707,
            -15.236899375915527,
            -0.10256410390138626,
            -0.09890701621770859,
            -5.5966572761535645,
            0.03223443403840065,
            -0.1098966896533966,
            -4.897075176239014,
            0.06715507060289383,
            -0.15558326244354248,
            -6.002415180206299,
            -0.2974359095096588,
            -0.37088319659233093,
            -10.619657516479492,
            0.190476194024086,
            0.16203057765960693,
            -18.007244110107422,
            -0.6886447072029114,
            0.48003605008125305,
            -22.624486923217773,
            -1.0109890699386597,
            0.6813594698905945,
            -4.897075176239014,
            -0.48351648449897766,
            -0.04395867511630058,
            -4.197493076324463,
            0.018803419545292854,
            0.0,
            0.0,
            0.0,
            1.0,
            0.0,
            0.0,
            0.0
        ],
        "max": [
            0.0013002868508920074,
            12.466554641723633,
            0.6119658350944519,
            8.239058494567871,
            99.27070617675781,
            1.3137973546981812,
            -0.36027222871780396,
            19.854141235351562,
            1.3333333730697632,
            0.08483558893203735,
            18.930692672729492,
            0.10256410390138626,
            -0.06593801081180573,
            4.197493076324463,
            0.11282051354646683,
            -0.07692768424749374,
            6.296239376068115,
            0.13968254625797272,
            0.10816878825426102,
            5.0789666175842285,
            0.2769230902194977,
            -0.23900718986988068,
            8.772760391235352,
            0.7570207715034485,
            0.3598446249961853,
            19.854141235351562,
            -0.42490842938423157,
            0.5020154118537903,
            19.854141235351562,
            -0.8351648449897766,
            0.7143284678459167,
            5.5966572761535645,
            -0.41098901629447937,
            0.0,
            5.5966572761535645,
            0.08864469081163406,
            0.0,
            0.0,
            0.0,
            1.0,
            0.0,
            0.0,
            0.0
        ],
        "mean": [
            -0.17728185653686523,
            -0.4894278645515442,
            0.16543591022491455,
            0.2648448646068573,
            -3.467550277709961,
            -0.15819285809993744,
            -0.6583120226860046,
            -0.42940348386764526,
            1.0498167276382446,
            0.06560380756855011,
            0.5402172803878784,
            -0.01274725329130888,
            -0.08544468879699707,
            -0.11543107032775879,
            0.05501346290111542,
            -0.09621476382017136,
            0.9759169816970825,
            0.09484979510307312,
            0.0010195171926170588,
            -0.6371797323226929,
            -0.0588718019425869,
            -0.31153908371925354,
            -0.22624485194683075,
            0.4256410598754883,
            0.2659929692745209,
            -0.350910484790802,
            -0.5536989569664001,
            0.496080219745636,
            -0.480193167924881,
            -0.9318678379058838,
            0.7019100189208984,
            0.01748952828347683,
            -0.4415310323238373,
            -0.028353340923786163,
            0.626126229763031,
            0.05076926201581955,
            0.0,
            0.0,
            0.0,
            1.0,
            0.0,
            0.0,
            0.0
        ],