{
    "action": {
        "min": [
            0.0,
            0.0,
            0.0,
            0.0,
            0.0,
            0.0,
            0.0,
            0.0,
            0.0,
            0.0,
            -10.0,
            0.0
        ],
        "max": [
            0.0,
            0.0,
            0.0,
            0.0,
            0.0,
            0.0,
            0.0,
            0.0,
            0.0,
            0.0,
            10.0,
            0.0
        ],
        "mean": [
            0.0,
            0.0,
            0.0,
            0.0,
            0.0,
            0.0,
            0.0,
            0.0,
            0.0,
            0.0,
            1.5497207073167374e-08,
            0.0
        ],
        "std": [
            0.0,
            0.0,
            0.0,
            0.0,
            0.0,
            0.0,
            0.0,
            0.0,
            0.0,
            0.0,
            7.071067810058594,
            0.0
        ],
        "count": [
            200
        ],
        "q01": [
            3.9995784462121265e-16,
            3.9995784462121265e-16,
            3.9995784462121265e-16,
            3.9995784462121265e-16,
            3.9995784462121265e-16,
            3.9995784462121265e-16,
            3.9995784462121265e-16,
            3.9995784462121265e-16,
            3.9995784462121265e-16,
            3.9995784462121265e-16,
            -10.0,
            3.9995784462121265e-16
        ],
        "q10": [
            3.999578446212126e-15,
            3.999578446212126e-15,
            3.999578446212126e-15,
            3.999578446212126e-15,
            3.999578446212126e-15,
            3.999578446212126e-15,
            3.999578446212126e-15,
            3.999578446212126e-15,
            3.999578446212126e-15,
            3.999578446212126e-15,
            -9.510000228881836,
            3.999578446212126e-15
        ],
        "q50": [
            1.9997892231060632e-14,
            1.9997892231060632e-14,
            1.9997892231060632e-14,
            1.9997892231060632e-14,
            1.9997892231060632e-14,
            1.9997892231060632e-14,
            1.9997892231060632e-14,
            1.9997892231060632e-14,
            1.9997892231060632e-14,
            1.9997892231060632e-14,
            0.0,
            1.9997892231060632e-14
        ],
        "q90": [
            3.599620601590914e-14,
            3.599620601590914e-14,
            3.599620601590914e-14,
            3.599620601590914e-14,
            3.599620601590914e-14,
            3.599620601590914e-14,
            3.599620601590914e-14,
            3.599620601590914e-14,
            3.599620601590914e-14,
            3.599620601590914e-14,
            9.510001182556152,
            3.599620601590914e-14
        ],
        "q99": [
            3.959582661750005e-14,
            3.959582661750005e-14,
            3.959582661750005e-14,
            3.959582661750005e-14,
            3.959582661750005e-14,
            3.959582661750005e-14,
            3.959582661750005e-14,
            3.959582661750005e-14,
            3.959582661750005e-14,
            3.959582661750005e-14,
            9.998400115966797,
            3.959582661750005e-14
        ]
    },
    "observation.state": {
        "min": [
            -0.174534410238266,
            -6.925863265991211,
            0.07179487496614456,
            0.23857957124710083,
            -10.619657516479492,
            -0.6788766980171204,
            -0.6679829359054565,
            -17.083797454833984,
            0.8351648449897766,
            0.06285625696182251,
            -16.160348892211914,
            -0.1318681389093399,
            -0.1098966896533966,
            -6.296239376068115,
            0.03492063656449318,
            -0.13187602162361145,
            -4.197493076324463,
            0.08595848828554153,
            -0.0017279012827202678,
            -6.002415180206299,
            -0.14700855314731598,
            -0.3489038646221161,
            -10.619657516479492,
            0.3076923191547394,
            0.2499479353427887,
            -21.701038360595703,
            -0.6300366520881653,
            0.4580567181110382,
            -21.701038360595703,
            -0.9816849827766418,
            -9.165384292602539,
            -170.6980438232422,
            -0.569474995136261,
            -0.0549483448266983,
            -7.695404052734375,
            -0.07521367818117142,
            0.0,
            0.0,
            0.0,
            1.0,
            0.0,
            0.0,
            0.0
        ],
        "max": [
            -0.15255507826805115,
            6.925863265991211,
            0.2222222238779068,
            0.2605589032173157,
            7.849311828613281,
            -0.3272283375263214,
            -0.6460036039352417,
            16.160348892211914,
            1.186813235282898,
            0.08483558893203735,
            18.007244110107422,
            0.10256410390138626,
            -0.08791735023260117,
            4.197493076324463,
            0.09938950091600418,
            -0.1098966896533966,
            6.296239376068115,
            0.15848596394062042,
            0.020251436159014702,
            4.155518054962158,
            -0.017094017937779427,
            -0.3049452006816864,
            8.772760391235352,
            0.5811966061592102,
            0.27192726731300354,
            19.854141235351562,
            -0.4542124569416046,
            0.48003605008125305,
            15.236899375915527,
            -0.8058608174324036,
            9.176373481750488,
            160.90390014648438,
            0.3975580036640167,
            0.13187602162361145,
            8.394986152648926,
            0.06178266182541847,
            0.0,
            0.0,
            0.0,
            1.0,
            0.0,
            0.0,
            0.0
        ],
        "mean": [
            -0.1645338088274002,
            -0.06925863027572632,
            0.14796583354473114,
            0.2445136457681656,
            -0.7249069213867188,
            -0.5115018486976624,
            -0.6676538586616516,
            -0.678734540939331,
            1.0678387880325317,
            0.06329596787691116,
            0.1569862961769104,
            -0.0051282052882015705,
            -0.0958850085735321,
            -0.09094571322202682,
            0.06219904124736786,
            -0.11588621884584427,
            0.6436156630516052,
            0.11052380502223969,
            0.018493110314011574,
            -0.4617239832878113,
            -0.07729914039373398,
            -0.32648465037345886,
            -0.3139723837375641,
            0.4484492242336273,
            0.2653330862522125,
            0.17545518279075623,
            -0.5509148836135864,
            0.47618934512138367,
            -0.046172283589839935,
            -0.8940662145614624,
            0.34463581442832947,
            -3.7182793617248535,
            -0.11894509196281433,
            0.05000302195549011,
            0.48620977997779846,
            0.003062270814552903,
            0.0,
            0.0,
            0.0,
            1.0,
            0.0,
            0.0,
            0.0
        ],