{
    "action": {
        "min": [
            -9.980267524719238,
            0.0,
            0.0,
            0.0,
            0.0,
            0.0,
            0.0,
            0.0,
            0.0,
            0.0,
            0.0,
            0.0
        ],
        "max": [
            9.980267524719238,
            0.0,
            0.0,
            0.0,
            0.0,
            0.0,
            0.0,
            0.0,
            0.0,
            0.0,
            0.0,
            0.0
        ],
        "mean": [
            3.4809113458322827e-07,
            0.0,
            0.0,
            0.0,
            0.0,
            0.0,
            0.0,
            0.0,
            0.0,
            0.0,
            0.0,
            0.0
        ],
        "std": [
            7.07106876373291,
            0.0,
            0.0,
            0.0,
            0.0,
            0.0,
            0.0,
            0.0,
            0.0,
            0.0,
            0.0,
            0.0
        ],
        "count": [
            200
        ],
        "q01": [
            -9.980267524719238,
            3.9995784462121265e-16,
            3.9995784462121265e-16,
            3.9995784462121265e-16,
            3.9995784462121265e-16,
            3.9995784462121265e-16,
            3.9995784462121265e-16,
            3.9995784462121265e-16,
            3.9995784462121265e-16,
            3.9995784462121265e-16,
            3.9995784462121265e-16,
            3.9995784462121265e-16
        ],
        "q10": [
            -9.511195182800293,
            3.999578446212126e-15,
            3.999578446212126e-15,
            3.999578446212126e-15,
            3.999578446212126e-15,
            3.999578446212126e-15,
            3.999578446212126e-15,
            3.999578446212126e-15,
            3.999578446212126e-15,
            3.999578446212126e-15,
            3.999578446212126e-15,
            3.999578446212126e-15
        ],
        "q50": [
            -0.001995086669921875,
            1.9997892231060632e-14,
            1.9997892231060632e-14,
            1.9997892231060632e-14,
            1.9997892231060632e-14,
            1.9997892231060632e-14,
            1.9997892231060632e-14,
            1.9997892231060632e-14,
            1.9997892231060632e-14,
            1.9997892231060632e-14,
            1.9997892231060632e-14,
            1.9997892231060632e-14
        ],
        "q90": [
            9.51119613647461,
            3.599620601590914e-14,
            3.599620601590914e-14,
            3.599620601590914e-14,
            3.599620601590914e-14,
            3.599620601590914e-14,
            3.599620601590914e-14,
            3.599620601590914e-14,
            3.599620601590914e-14,
            3.599620601590914e-14,
            3.599620601590914e-14,
            3.599620601590914e-14
        ],
        "q99": [
            9.979269981384277,
            3.959582661750005e-14,
            3.959582661750005e-14,
            3.959582661750005e-14,
            3.959582661750005e-14,
            3.959582661750005e-14,
            3.959582661750005e-14,
            3.959582661750005e-14,
            3.959582661750005e-14,
            3.959582661750005e-14,
            3.959582661750005e-14,
            3.959582661750005e-14
        ]
    },
    "observation.state": {
        "min": [
            -8.724496841430664,
            -109.42864227294922,
            -1.241025686264038,
            0.15066221356391907,
            -11.543106079101562,
            -1.6068376302719116,
            -0.7998589873313904,
            -15.236899375915527,
            0.7765567898750305,
            0.06285625696182251,
            -19.854141235351562,
            -0.10256410390138626,
            -0.07692768424749374,
            -5.5966572761535645,
            0.013431013561785221,
            -0.09890701621770859,
            -4.197493076324463,
            0.053724054247140884,
            -0.02370723895728588,
            -5.0789666175842285,
            -0.24957264959812164,
            -0.3489038646221161,
            -8.772760391235352,
            0.21978022158145905,
            0.22796858847141266,
            -20.777589797973633,
            -0.6593406796455383,
            0.48003605008125305,
            -19.854141235351562,
            -1.0402930974960327,
            0.6593801379203796,
            -4.897075176239014,
            -0.4593406617641449,
            -0.0549483448266983,
            -4.197493076324463,
            0.024175824597477913,
            0.0,
            0.0,
            0.0,
            1.0,
            0.0,
            0.0,
            0.0
        ],
        "max": [
            8.001779556274414,
            117.73967742919922,
            1.7606837749481201,
            0.3924349248409271,
            18.930692672729492,
            -0.11233211308717728,
            -0.5361069440841675,
            21.701038360595703,
            1.3040293455123901,
            0.08483558893203735,
            15.236899375915527,
            0.1318681389093399,
            -0.04395867511630058,
            4.897075176239014,
            0.09670329838991165,
            -0.06593801081180573,
            6.995821475982666,
            0.13162393867969513,
            0.06421010941267014,
            6.002415180206299,
            0.05128205195069313,
            -0.28296586871147156,
            12.466554641723633,
            0.6202686429023743,
            0.3158859610557556,
            20.777589797973633,
            -0.4542124569416046,
            0.5020154118537903,
            18.930692672729492,
            -0.8351648449897766,
            0.6813594698905945,
            6.296239376068115,
            -0.378754585981369,
            -0.02197933755815029,
            6.296239376068115,
            0.09133089333772659,
            0.0,
            0.0,
            0.0,
            1.0,
            0.0,
            0.0,
            0.0
        ],
        "mean": [
            0.053940821439027786,
            -3.375206708908081,
            0.09709405153989792,
            0.2552837133407593,
            -0.8865104913711548,
            -0.5309889912605286,
            -0.6600703597068787,
            -0.5217489004135132,
            1.0455678701400757,
            0.07065907120704651,
            0.5679208636283875,
            -0.018315019086003304,
            -0.06159714609384537,
            -0.2833308279514313,
            0.038667913526296616,
            -0.08203799277544022,
            0.9199502468109131,
            0.08589135110378265,
            0.02464730106294155,
            -0.12004828453063965,
            -0.09145300835371017,
            -0.31241849064826965,
            -0.7341415882110596,
            0.42188018560409546,
            0.26643216609954834,
            -0.04155518487095833,
            -0.5542848706245422,
            0.49102526903152466,
            -0.29088616371154785,
            -0.9274723529815674,
            0.6704251766204834,
            0.12242688983678818,
            -0.4236409366130829,
            -0.04302455857396126,
            0.500201404094696,
            0.05863980948925018,
            0.0,
            0.0,
            0.0,
            1.0,
            0.0,
            0.0,
            0.0
        ],