{
    "action": {
        "min": [
            0.0,
            0.0,
            0.0,
            0.0,
            0.0,
            0.0,
            0.0,
            0.0,
            0.0,
            0.0,
            -9.999210357666016,
            0.0
        ],
        "max": [
            0.0,
            0.0,
            0.0,
            0.0,
            0.0,
            0.0,
            0.0,
            0.0,
            0.0,
            0.0,
            9.999210357666016,
            0.0
        ],
        "mean": [
            0.0,
            0.0,
            0.0,
            0.0,
            0.0,
            0.0,
            0.0,
            0.0,
            0.0,
            0.0,
            0.2524532377719879,
            0.0
        ],
        "std": [
            0.0,
            0.0,
            0.0,
            0.0,
            0.0,
            0.0,
            0.0,
            0.0,
            0.0,
            0.0,
            7.084749221801758,
            0.0
        ],
        "count": [
            200
        ],
        "q01": [
            3.9995784462121265e-16,
            3.9995784462121265e-16,
            3.9995784462121265e-16,
            3.9995784462121265e-16,
            3.9995784462121265e-16,
            3.9995784462121265e-16,
            3.9995784462121265e-16,
            3.9995784462121265e-16,
            3.9995784462121265e-16,
            3.9995784462121265e-16,
            -9.999210357666016,
            3.9995784462121265e-16
        ],
        "q10": [
            3.999578446212126e-15,
            3.999578446212126e-15,
            3.999578446212126e-15,
            3.999578446212126e-15,
            3.999578446212126e-15,
            3.999578446212126e-15,
            3.999578446212126e-15,
            3.999578446212126e-15,
            3.999578446212126e-15,
            3.999578446212126e-15,
            -9.583243370056152,
            3.999578446212126e-15
        ],
        "q50": [
            1.9997892231060632e-14,
            1.9997892231060632e-14,
            1.9997892231060632e-14,
            1.9997892231060632e-14,
            1.9997892231060632e-14,
            1.9997892231060632e-14,
            1.9997892231060632e-14,
            1.9997892231060632e-14,
            1.9997892231060632e-14,
            1.9997892231060632e-14,
            0.5039596557617188,
            1.9997892231060632e-14
        ],
        "q90": [
            3.599620601590914e-14,
            3.599620601590914e-14,
            3.599620601590914e-14,
            3.599620601590914e-14,
            3.599620601590914e-14,
            3.599620601590914e-14,
            3.599620601590914e-14,
            3.599620601590914e-14,
            3.599620601590914e-14,
            3.599620601590914e-14,
            9.511247634887695,
            3.599620601590914e-14
        ],
        "q99": [
            3.959582661750005e-14,
            3.959582661750005e-14,
            3.959582661750005e-14,
            3.959582661750005e-14,
            3.959582661750005e-14,
            3.959582661750005e-14,
            3.959582661750005e-14,
            3.959582661750005e-14,
            3.959582661750005e-14,
            3.959582661750005e-14,
            9.995210647583008,
            3.959582661750005e-14
        ]
    },
    "observation.state": {
        "min": [
            -0.174534410238266,
            -10.619657516479492,
            0.06495726853609085,
            0.23857957124710083,
            -10.619657516479492,
            -0.6886447072029114,
            -0.6899623274803162,
            -20.777589797973633,
            0.8644688725471497,
            0.04087691754102707,
            -13.390002250671387,
            -0.07326007634401321,
            -0.09890701621770859,
            -5.5966572761535645,
            0.03223443403840065,
            -0.09890701621770859,
            -3.497910737991333,
            0.05909645929932594,
            -0.0017279012827202678,
            -6.002415180206299,
            -0.18803419172763824,
            -0.32692453265190125,
            -7.849311828613281,
            0.28815630078315735,
            0.20598925650119781,
            -15.236899375915527,
            -0.6593406796455383,
            0.48003605008125305,
            -21.701038360595703,
            -1.0402930974960327,
            -9.132414817810059,
            -164.4018096923828,
            -0.5479853749275208,
            -0.08791735023260117,
            -5.5966572761535645,
            -0.08595848828554153,
            0.0,
            0.0,
            0.0,
            1.0,
            0.0,
            0.0,
            0.0
        ],
        "max": [
            -0.15255507826805115,
            5.0789666175842285,
            0.20170940458774567,
            0.2605589032173157,
            9.696208953857422,
            -0.35653236508369446,
            -0.6679829359054565,
            14.313450813293457,
            1.216117262840271,
            0.06285625696182251,
            12.466554641723633,
            0.07326007634401321,
            -0.07692768424749374,
            4.897075176239014,
            0.11550671607255936,
            -0.08791735023260117,
            6.296239376068115,
            0.1477411538362503,
            0.06421010941267014,
            5.0789666175842285,
            0.017094017937779427,
            -0.3049452006816864,
            10.619657516479492,
            0.6007326245307922,
            0.33786529302597046,
            16.160348892211914,
            -0.4542124569416046,
            0.5020154118537903,
            18.007244110107422,
            -0.8351648449897766,
            9.220332145690918,
            158.10557556152344,
            0.40024420619010925,
            0.1538553684949875,
            6.995821475982666,
            0.06178266182541847,
            0.0,
            0.0,
            0.0,
            1.0,
            0.0,
            0.0,
            0.0
        ],
        "mean": [
            -0.15662145614624023,
            -0.6002415418624878,
            0.13623930513858795,
            0.2455027997493744,
            -0.3185896575450897,
            -0.5212209224700928,
            -0.6685330867767334,
            -0.8034008145332336,
            1.0732605457305908,
            0.06274648010730743,
            -0.018468933179974556,
            -0.0017582419095560908,
            -0.08863167464733124,
            0.15390807390213013,
            0.05735044181346893,
            -0.09808304160833359,
            0.48271188139915466,
            0.09501095861196518,
            0.02343844436109066,
            -0.46634137630462646,
            -0.0995555892586708,
            -0.3265944719314575,
            -0.1477517932653427,
            0.45494499802589417,
            0.26709145307540894,
            0.11081388592720032,
            -0.5542848110198975,
            0.49509134888648987,
            -0.7479931712150574,
            -0.9295239448547363,
            0.7394400238990784,
            -4.519300937652588,
            -0.11325029283761978,
            0.052695512771606445,
            0.6995822787284851,
            -0.00013431027764454484,
            0.0,
            0.0,
            0.0,
            1.0,
            0.0,
            0.0,
            0.0
        ],