{
    "action": {
        "min": [
            0.0,
            0.0,
            0.0,
            0.0,
            0.0,
            0.0,
            -10.0,
            0.0,
            0.0,
            0.0,
            0.0,
            0.0
        ],
        "max": [
            0.0,
            0.0,
            0.0,
            0.0,
            0.0,
            0.0,
            10.0,
            0.0,
            0.0,
            0.0,
            0.0,
            0.0
        ],
        "mean": [
            0.0,
            0.0,
            0.0,
            0.0,
            0.0,
            0.0,
            1.5497207073167374e-08,
            0.0,
            0.0,
            0.0,
            0.0,
            0.0
        ],
        "std": [
            0.0,
            0.0,
            0.0,
            0.0,
            0.0,
            0.0,
            7.071067810058594,
            0.0,
            0.0,
            0.0,
            0.0,
            0.0
        ],
        "count": [
            200
        ],
        "q01": [
            3.9995784462121265e-16,
            3.9995784462121265e-16,
            3.9995784462121265e-16,
            3.9995784462121265e-16,
            3.9995784462121265e-16,
            3.9995784462121265e-16,
            -10.0,
            3.9995784462121265e-16,
            3.9995784462121265e-16,
            3.9995784462121265e-16,
            3.9995784462121265e-16,
            3.9995784462121265e-16
        ],
        "q10": [
            3.999578446212126e-15,
            3.999578446212126e-15,
            3.999578446212126e-15,
            3.999578446212126e-15,
            3.999578446212126e-15,
            3.999578446212126e-15,
            -9.510000228881836,
            3.999578446212126e-15,
            3.999578446212126e-15,
            3.999578446212126e-15,
            3.999578446212126e-15,
            3.999578446212126e-15
        ],
        "q50": [
            1.9997892231060632e-14,
            1.9997892231060632e-14,
            1.9997892231060632e-14,
            1.9997892231060632e-14,
            1.9997892231060632e-14,
            1.9997892231060632e-14,
            0.0,
            1.9997892231060632e-14,
            1.9997892231060632e-14,
            1.9997892231060632e-14,
            1.9997892231060632e-14,
            1.9997892231060632e-14
        ],
        "q90": [
            3.599620601590914e-14,
            3.599620601590914e-14,
            3.599620601590914e-14,
            3.599620601590914e-14,
            3.599620601590914e-14,
            3.599620601590914e-14,
            9.510001182556152,
            3.599620601590914e-14,
            3.599620601590914e-14,
            3.599620601590914e-14,
            3.599620601590914e-14,
            3.599620601590914e-14
        ],
        "q99": [
            3.959582661750005e-14,
            3.959582661750005e-14,
            3.959582661750005e-14,
            3.959582661750005e-14,
            3.959582661750005e-14,
            3.959582661750005e-14,
            9.998400115966797,
            3.959582661750005e-14,
            3.959582661750005e-14,
            3.959582661750005e-14,
            3.959582661750005e-14,
            3.959582661750005e-14
        ]
    },
    "observation.state": {
        "min": [
            -0.2844310998916626,
            -11.543106079101562,
            -0.31794872879981995,
            0.1726415604352951,
            -13.390002250671387,
            -0.9914529919624329,
            -0.8438176512718201,
            -16.160348892211914,
            0.8351648449897766,
            0.04087691754102707,
            -18.007244110107422,
            -0.1318681389093399,
            -0.13187602162361145,
            -5.5966572761535645,
            0.026862027123570442,
            -0.17583470046520233,
            -4.197493076324463,
            0.09133089333772659,
            -8.309917449951172,
            -140.82589721679688,
            -1.2547008991241455,
            -0.5027592182159424,
            -10.619657516479492,
            -0.3760683834552765,
            -0.07974213361740112,
            -25.394832611083984,
            -1.3626374006271362,
            0.43607738614082336,
            -19.854141235351562,
            -1.0695971250534058,
            0.5934421420097351,
            -6.995821475982666,
            -0.4620268642902374,
            -0.02197933755815029,
            -3.497910737991333,
            -0.048351649194955826,
            0.0,
            0.0,
            0.0,
            1.0,
            0.0,
            0.0,
            0.0
        ],
        "max": [
            0.045258961617946625,
            8.772760391235352,
            0.4888888895511627,
            0.3264969289302826,
            7.849311828613281,
            -0.21001221239566803,
            -0.4921482503414154,
            22.624486923217773,
            1.3919414281845093,
            0.1068149283528328,
            18.007244110107422,
            0.1318681389093399,
            -0.09890701621770859,
            5.5966572761535645,
            0.12356532365083694,
            -0.13187602162361145,
            6.296239376068115,
            0.1746031790971756,
            8.152606010437012,
            129.7445068359375,
            1.6376068592071533,
            -0.08515182137489319,
            11.543106079101562,
            0.9035409092903137,
            0.6895346641540527,
            27.241729736328125,
            -0.04395604506134987,
            0.54597407579422,
            16.160348892211914,
            -0.8058608174324036,
            0.7033388018608093,
            4.897075176239014,
            -0.35457876324653625,
            0.08791735023260117,
            6.296239376068115,
            0.0644688680768013,
            0.0,
            0.0,
            0.0,
            1.0,
            0.0,
            0.0,
            0.0
        ],
        "mean": [
            -0.1624457687139511,
            -0.5586864352226257,
            0.1420513093471527,
            0.2560529410839081,
            -0.3832310438156128,
            -0.5340169668197632,
            -0.6664438843727112,
            -0.5679206848144531,
            1.0650546550750732,
            0.075274758040905,
            -0.42478621006011963,
            -0.026813216507434845,
            -0.11171022057533264,
            -0.03847701475024223,
            0.06918317079544067,
            -0.1498444676399231,
            0.661105215549469,
            0.1288437396287918,
            0.1192682683467865,
            -4.825018882751465,
            0.08263246715068817,
            -0.28879067301750183,
            -0.6048587560653687,
            0.39389505982398987,
            0.2880821228027344,
            -0.38784846663475037,
            -0.5891576409339905,
            0.4972892999649048,
            0.3278244137763977,
            -0.9349449276924133,
            0.6523468494415283,
            -0.1713976114988327,
            -0.41426604986190796,
            0.03450755402445793,
            1.0598669052124023,
            0.013296715915203094,
            0.0,
            0.0,
            0.0,
            1.0,
            0.0,
            0.0,
            0.0
        ],