{
    "action": {
        "min": [
            0.0,
            0.0,
            0.0,
            0.0,
            0.0,
            0.0,
            0.0,
            0.0,
            0.0,
            0.0,
            0.0,
            -9.999210357666016
        ],
        "max": [
            0.0,
            0.0,
            0.0,
            0.0,
            0.0,
            0.0,
            0.0,
            0.0,
            0.0,
            0.0,
            0.0,
            9.999210357666016
        ],
        "mean": [
            0.0,
            0.0,
            0.0,
            0.0,
            0.0,
            0.0,
            0.0,
            0.0,
            0.0,
            0.0,
            0.0,
            0.4336545169353485
        ],
        "std": [
            0.0,
            0.0,
            0.0,
            0.0,
            0.0,
            0.0,
            0.0,
            0.0,
            0.0,
            0.0,
            0.0,
            7.092873573303223
        ],
        "count": [
            200
        ],
        "q01": [
            3.9995784462121265e-16,
            3.9995784462121265e-16,
            3.9995784462121265e-16,
            3.9995784462121265e-16,
            3.9995784462121265e-16,
            3.9995784462121265e-16,
            3.9995784462121265e-16,
            3.9995784462121265e-16,
            3.9995784462121265e-16,
            3.9995784462121265e-16,
            3.9995784462121265e-16,
            -9.9912109375
        ],
        "q10": [
            3.999578446212126e-15,
            3.999578446212126e-15,
            3.999578446212126e-15,
            3.999578446212126e-15,
            3.999578446212126e-15,
            3.999578446212126e-15,
            3.999578446212126e-15,
            3.999578446212126e-15,
            3.999578446212126e-15,
            3.999578446212126e-15,
            3.999578446212126e-15,
            -9.507248878479004
        ],
        "q50": [
            1.9997892231060632e-14,
            1.9997892231060632e-14,
            1.9997892231060632e-14,
            1.9997892231060632e-14,
            1.9997892231060632e-14,
            1.9997892231060632e-14,
            1.9997892231060632e-14,
            1.9997892231060632e-14,
            1.9997892231060632e-14,
            1.9997892231060632e-14,
            1.9997892231060632e-14,
            1.0019207000732422
        ],
        "q90": [
            3.599620601590914e-14,
            3.599620601590914e-14,
            3.599620601590914e-14,
            3.599620601590914e-14,
            3.599620601590914e-14,
            3.599620601590914e-14,
            3.599620601590914e-14,
            3.599620601590914e-14,
            3.599620601590914e-14,
            3.599620601590914e-14,
            3.599620601590914e-14,
            9.587242126464844
        ],
        "q99": [
            3.959582661750005e-14,
            3.959582661750005e-14,
            3.959582661750005e-14,
            3.959582661750005e-14,
            3.959582661750005e-14,
            3.959582661750005e-14,
            3.959582661750005e-14,
            3.959582661750005e-14,
            3.959582661750005e-14,
            3.959582661750005e-14,
            3.959582661750005e-14,
            9.995210647583008
        ]
    },
    "observation.state": {
        "min": [
            -0.174534410238266,
            -8.772760391235352,
            0.07863248139619827,
            0.23857957124710083,
            -13.390002250671387,
            -0.6593406796455383,
            -0.6679829359054565,
            -21.701038360595703,
            0.8644688725471497,
            0.06285625696182251,
            -14.313450813293457,
            -0.1318681389093399,
            -0.12088635563850403,
            -6.296239376068115,
            0.04029304161667824,
            -0.04395867511630058,
            -4.197493076324463,
            0.024175824597477913,
            0.020251436159014702,
            -7.849311828613281,
            -0.20854701101779938,
            -0.3489038646221161,
            -12.466554641723633,
            0.18070818483829498,
            0.2499479353427887,
            -17.083797454833984,
            -0.6593406796455383,
            0.48003605008125305,
            -18.007244110107422,
            -1.0109890699386597,
            -0.1648450344800949,
            -34.27952575683594,
            -0.42710623145103455,
            -6.956460475921631,
            -189.58676147460938,
            -1.0879120826721191,
            0.0,
            0.0,
            0.0,
            1.0,
            0.0,
            0.0,
            0.0
        ],
        "max": [
            -0.15255507826805115,
            7.849311828613281,
            0.2290598303079605,
            0.2605589032173157,
            10.619657516479492,
            -0.29792430996894836,
            -0.6460036039352417,
            18.007244110107422,
            1.186813235282898,
            0.08483558893203735,
            18.007244110107422,
            0.07326007634401321,
            -0.08791735023260117,
            4.197493076324463,
            0.1101343110203743,
            -0.010989668779075146,
            5.5966572761535645,
            0.10207570344209671,
            0.06421010941267014,
            6.002415180206299,
            -0.023931624367833138,
            -0.28296586871147156,
            9.696208953857422,
            0.6691086888313293,
            0.27192726731300354,
            19.854141235351562,
            -0.4542124569416046,
            0.5020154118537903,
            18.930692672729492,
            -0.8058608174324036,
            0.7582871317863464,
            33.5799446105957,
            0.20415140688419342,
            8.473034858703613,
            218.26963806152344,
            0.6903541088104248,
            0.0,
            0.0,
            0.0,
            1.0,
            0.0,
            0.0,
            0.0
        ],
        "mean": [
            -0.16805043816566467,
            -0.7433760166168213,
            0.1528889387845993,
            0.2555036246776581,
            -0.4155517518520355,
            -0.528253972530365,
            -0.667873740196228,
            -0.6371791958808899,
            1.0590475797653198,
            0.06637308746576309,
            0.3047376871109009,
            -0.014212454669177532,
            -0.0994018092751503,
            0.0524686723947525,
            0.06377047300338745,
            -0.022583765909075737,
            0.7660424709320068,
            0.050446901470422745,
            0.03519733250141144,
            -0.28626900911331177,
            -0.10502567887306213,
            -0.3118689954280853,
            -0.7526108622550964,
            0.4201221764087677,
            0.2703884243965149,
            -0.32782432436943054,
            -0.5583873987197876,
            0.48322272300720215,
            -0.48481041193008423,
            -0.9180955290794373,
            0.14984415471553802,
            -0.6296237111091614,
            -0.08092185854911804,
            0.3206239640712738,
            4.169511318206787,
            -0.06542247533798218,
            0.0,
            0.0,
            0.0,
            1.0,
            0.0,
            0.0,
            0.0
        ],