{
    "action": {
        "min": [
            0.0,
            0.0,
            0.0,
            0.0,
            0.0,
            0.0,
            0.0,
            0.0,
            0.0,
            0.0,
            0.0,
            -9.999210357666016
        ],
        "max": [
            0.0,
            0.0,
            0.0,
            0.0,
            0.0,
            0.0,
            0.0,
            0.0,
            0.0,
            0.0,
            0.0,
            9.999210357666016
        ],
        "mean": [
            0.0,
            0.0,
            0.0,
            0.0,
            0.0,
            0.0,
            0.0,
            0.0,
            0.0,
            0.0,
            0.0,
            1.1843785047531128
        ],
        "std": [
            0.0,
            0.0,
            0.0,
            0.0,
            0.0,
            0.0,
            0.0,
            0.0,
            0.0,
            0.0,
            0.0,
            7.0770487785339355
        ],
        "count": [
            200
        ],
        "q01": [
            3.9995784462121265e-16,
            3.9995784462121265e-16,
            3.9995784462121265e-16,
            3.9995784462121265e-16,
            3.9995784462121265e-16,
            3.9995784462121265e-16,
            3.9995784462121265e-16,
            3.9995784462121265e-16,
            3.9995784462121265e-16,
            3.9995784462121265e-16,
            3.9995784462121265e-16,
            -9.993210792541504
        ],
        "q10": [
            3.999578446212126e-15,
            3.999578446212126e-15,
            3.999578446212126e-15,
            3.999578446212126e-15,
            3.999578446212126e-15,
            3.999578446212126e-15,
            3.999578446212126e-15,
            3.999578446212126e-15,
            3.999578446212126e-15,
            3.999578446212126e-15,
            3.999578446212126e-15,
            -9.34326171875
        ],
        "q50": [
            1.9997892231060632e-14,
            1.9997892231060632e-14,
            1.9997892231060632e-14,
            1.9997892231060632e-14,
            1.9997892231060632e-14,
            1.9997892231060632e-14,
            1.9997892231060632e-14,
            1.9997892231060632e-14,
            1.9997892231060632e-14,
            1.9997892231060632e-14,
            1.9997892231060632e-14,
            2.2438220977783203
        ],
        "q90": [
            3.599620601590914e-14,
            3.599620601590914e-14,
            3.599620601590914e-14,
            3.599620601590914e-14,
            3.599620601590914e-14,
            3.599620601590914e-14,
            3.599620601590914e-14,
            3.599620601590914e-14,
            3.599620601590914e-14,
            3.599620601590914e-14,
            3.599620601590914e-14,
            9.655237197875977
        ],
        "q99": [
            3.959582661750005e-14,
            3.959582661750005e-14,
            3.959582661750005e-14,
            3.959582661750005e-14,
            3.959582661750005e-14,
            3.959582661750005e-14,
            3.959582661750005e-14,
            3.959582661750005e-14,
            3.959582661750005e-14,
            3.959582661750005e-14,
            3.959582661750005e-14,
            9.995210647583008
        ]
    },
    "observation.state": {
        "min": [
            -0.174534410238266,
            -6.925863265991211,
            0.06495726853609085,
            0.23857957124710083,
            -11.543106079101562,
            -0.6984127163887024,
            -0.6899623274803162,
            -20.777589797973633,
            0.8644688725471497,
            0.1068149283528328,
            -16.160348892211914,
            -0.190476194024086,
            -0.13187602162361145,
            -4.897075176239014,
            0.056410256773233414,
            0.0549483448266983,
            -4.197493076324463,
            -0.021489622071385384,
            0.020251436159014702,
            -6.002415180206299,
            -0.17435897886753082,
            -0.32692453265190125,
            -9.696208953857422,
            0.14163614809513092,
            0.2499479353427887,
            -20.777589797973633,
            -0.6300366520881653,
            0.48003605008125305,
            -21.701038360595703,
            -1.0109890699386597,
            -0.12088635563850403,
            -32.88036346435547,
            -0.41904762387275696,
            -7.055367469787598,
            -100.73983001708984,
            -1.5472527742385864,
            0.0,
            0.0,
            0.0,
            1.0,
            0.0,
            0.0,
            0.0
        ],
        "max": [
            -0.15255507826805115,
            5.0789666175842285,
            0.20854701101779938,
            0.2605589032173157,
            9.696208953857422,
            -0.3858363926410675,
            -0.6679829359054565,
            18.007244110107422,
            1.186813235282898,
            0.12879426777362823,
            15.236899375915527,
            0.04395604506134987,
            -0.1098966896533966,
            5.5966572761535645,
            0.10207570344209671,
            0.06593801081180573,
            6.296239376068115,
            0.024175824597477913,
            0.04223077371716499,
            4.155518054962158,
            -0.017094017937779427,
            -0.28296586871147156,
            9.696208953857422,
            0.6007326245307922,
            0.27192726731300354,
            19.854141235351562,
            -0.48351648449897766,
            0.5020154118537903,
            18.930692672729492,
            -0.7765567898750305,
            0.6703698039054871,
            18.189136505126953,
            0.22564102709293365,
            8.527982711791992,
            91.645263671875,
            0.8327228426933289,
            0.0,
            0.0,
            0.0,
            1.0,
            0.0,
            0.0,
            0.0
        ],
        "mean": [
            -0.15475322306156158,
            -0.5725381374359131,
            0.13818803429603577,
            0.25187698006629944,
            -0.6048587560653687,
            -0.5334799885749817,
            -0.6694123148918152,
            -0.9280656576156616,
            1.075751543045044,
            0.10736464709043503,
            -0.055406998842954636,
            -0.08395610749721527,
            -0.11791922897100449,
            -0.006995814852416515,
            0.07556293159723282,
            0.06286094337701797,
            0.650611400604248,
            -0.0040830280631780624,
            0.022669170051813126,
            -0.36476218700408936,
            -0.09182906895875931,
            -0.30538544058799744,
            -0.10619653016328812,
            0.4176311790943146,
            0.2703883945941925,
            -0.7295243740081787,
            -0.5542848706245422,
            0.481684148311615,
            -0.5309827923774719,
            -0.9134065508842468,
            0.14248119294643402,
            -0.20987464487552643,
            -0.08335289359092712,
            1.1611133813858032,
            4.939050197601318,
            -0.08026374131441116,
            0.0,
            0.0,
            0.0,
            1.0,
            0.0,
            0.0,
            0.0
        ],