{
    "action": {
        "min": [
            0.0,
            -9.999802589416504,
            0.0,
            0.0,
            0.0,
            0.0,
            0.0,
            0.0,
            0.0,
            0.0,
            0.0,
            0.0
        ],
        "max": [
            0.0,
            9.999210357666016,
            0.0,
            0.0,
            0.0,
            0.0,
            0.0,
            0.0,
            0.0,
            0.0,
            0.0,
            0.0
        ],
        "mean": [
            0.0,
            0.23768490552902222,
            0.0,
            0.0,
            0.0,
            0.0,
            0.0,
            0.0,
            0.0,
            0.0,
            0.0,
            0.0
        ],
        "std": [
            0.0,
            7.011688232421875,
            0.0,
            0.0,
            0.0,
            0.0,
            0.0,
            0.0,
            0.0,
            0.0,
            0.0,
            0.0
        ],
        "count": [
            200
        ],
        "q01": [
            3.9995784462121265e-16,
            -9.991803169250488,
            3.9995784462121265e-16,
            3.9995784462121265e-16,
            3.9995784462121265e-16,
            3.9995784462121265e-16,
            3.9995784462121265e-16,
            3.9995784462121265e-16,
            3.9995784462121265e-16,
            3.9995784462121265e-16,
            3.9995784462121265e-16,
            3.9995784462121265e-16
        ],
        "q10": [
            3.999578446212126e-15,
            -9.487828254699707,
            3.999578446212126e-15,
            3.999578446212126e-15,
            3.999578446212126e-15,
            3.999578446212126e-15,
            3.999578446212126e-15,
            3.999578446212126e-15,
            3.999578446212126e-15,
            3.999578446212126e-15,
            3.999578446212126e-15,
            3.999578446212126e-15
        ],
        "q50": [
            1.9997892231060632e-14,
            0.5676746368408203,
            1.9997892231060632e-14,
            1.9997892231060632e-14,
            1.9997892231060632e-14,
            1.9997892231060632e-14,
            1.9997892231060632e-14,
            1.9997892231060632e-14,
            1.9997892231060632e-14,
            1.9997892231060632e-14,
            1.9997892231060632e-14,
            1.9997892231060632e-14
        ],
        "q90": [
            3.599620601590914e-14,
            9.4512357711792,
            3.599620601590914e-14,
            3.599620601590914e-14,
            3.599620601590914e-14,
            3.599620601590914e-14,
            3.599620601590914e-14,
            3.599620601590914e-14,
            3.599620601590914e-14,
            3.599620601590914e-14,
            3.599620601590914e-14,
            3.599620601590914e-14
        ],
        "q99": [
            3.959582661750005e-14,
            9.995209693908691,
            3.959582661750005e-14,
            3.959582661750005e-14,
            3.959582661750005e-14,
            3.959582661750005e-14,
            3.959582661750005e-14,
            3.959582661750005e-14,
            3.959582661750005e-14,
            3.959582661750005e-14,
            3.959582661750005e-14,
            3.959582661750005e-14
        ]
    },
    "observation.state": {
        "min": [
            -0.26245176792144775,
            -8.772760391235352,
            -0.06495726853609085,
            -8.553155899047852,
            -91.88312530517578,
            -1.177045226097107,
            -0.7998589873313904,
            -23.547935485839844,
            0.8351648449897766,
            0.06285625696182251,
            -14.313450813293457,
            -0.1318681389093399,
            -0.06593801081180573,
            -6.296239376068115,
            0.016117217019200325,
            -0.1098966896533966,
            -4.897075176239014,
            0.06715507060289383,
            -0.0017279012827202678,
            -6.925863265991211,
            -0.19487179815769196,
            -0.32692453265190125,
            -11.543106079101562,
            0.27838829159736633,
            0.2499479353427887,
            -16.160348892211914,
            -0.6300366520881653,
            0.48003605008125305,
            -21.701038360595703,
            -1.0402930974960327,
            0.6593801379203796,
            -4.897075176239014,
            -0.45396825671195984,
            -0.010989668779075146,
            -4.897075176239014,
            0.005372405517846346,
            0.0,
            0.0,
            0.0,
            1.0,
            0.0,
            0.0,
            0.0
        ],
        "max": [
            -0.08661706745624542,
            8.772760391235352,
            0.3658119738101959,
            8.590727806091309,
            89.11277770996094,
            1.0402930974960327,
            -0.5361069440841675,
            17.083797454833984,
            1.3333333730697632,
            0.08483558893203735,
            15.236899375915527,
            0.16117216646671295,
            -0.04395867511630058,
            4.897075176239014,
            0.09401709586381912,
            -0.08791735023260117,
            6.296239376068115,
            0.1557997614145279,
            0.06421010941267014,
            6.002415180206299,
            -0.023931624367833138,
            -0.3049452006816864,
            10.619657516479492,
            0.6007326245307922,
            0.27192726731300354,
            18.930692672729492,
            -0.4542124569416046,
            0.5020154118537903,
            17.083797454833984,
            -0.8058608174324036,
            0.6923491358757019,
            4.897075176239014,
            -0.3948718011379242,
            0.010989668779075146,
            7.695404052734375,
            0.07789988070726395,
            0.0,
            0.0,
            0.0,
            1.0,
            0.0,
            0.0,
            0.0
        ],
        "mean": [
            -0.16002805531024933,
            -0.6279450058937073,
            0.14239317178726196,
            0.09439506381750107,
            -0.02770214155316353,
            -0.10090353339910507,
            -0.674356997013092,
            -0.7202897667884827,
            1.076337218284607,
            0.06494442373514175,
            0.2354794442653656,
            -0.014945055358111858,
            -0.05819035694003105,
            -0.07345612347126007,
            0.037284523248672485,
            -0.09423651546239853,
            0.6191303730010986,
            0.09595117717981339,
            0.02849365957081318,
            -0.4016999900341034,
            -0.09976072609424591,
            -0.31241855025291443,
            -0.4571070075035095,
            0.43418797850608826,
            0.26478368043899536,
            -0.7156724333763123,
            -0.5490100979804993,
            0.4971792697906494,
            -1.2835936546325684,
            -0.934945285320282,
            0.6715238690376282,
            -0.03847702965140343,
            -0.4262869358062744,
            -0.0009341216646134853,
            0.7310633659362793,
            0.03504154086112976,
            0.0,
            0.0,
            0.0,
            1.0,
            0.0,
            0.0,
            0.0
        ],