{
    "action": {
        "min": [
            0.0,
            0.0,
            0.0,
            0.0,
            0.0,
            0.0,
            -10.0,
            0.0,
            0.0,
            0.0,
            0.0,
            0.0
        ],
        "max": [
            0.0,
            0.0,
            0.0,
            0.0,
            0.0,
            0.0,
            10.0,
            0.0,
            0.0,
            0.0,
            0.0,
            0.0
        ],
        "mean": [
            0.0,
            0.0,
            0.0,
            0.0,
            0.0,
            0.0,
            3.248453239734772e-08,
            0.0,
            0.0,
            0.0,
            0.0,
            0.0
        ],
        "std": [
            0.0,
            0.0,
            0.0,
            0.0,
            0.0,
            0.0,
            7.071067810058594,
            0.0,
            0.0,
            0.0,
            0.0,
            0.0
        ],
        "count": [
            200
        ],
        "q01": [
            3.9995784462121265e-16,
            3.9995784462121265e-16,
            3.9995784462121265e-16,
            3.9995784462121265e-16,
            3.9995784462121265e-16,
            3.9995784462121265e-16,
            -9.99399995803833,
            3.9995784462121265e-16,
            3.9995784462121265e-16,
            3.9995784462121265e-16,
            3.9995784462121265e-16,
            3.9995784462121265e-16
        ],
        "q10": [
            3.999578446212126e-15,
            3.999578446212126e-15,
            3.999578446212126e-15,
            3.999578446212126e-15,
            3.999578446212126e-15,
            3.999578446212126e-15,
            -9.510000228881836,
            3.999578446212126e-15,
            3.999578446212126e-15,
            3.999578446212126e-15,
            3.999578446212126e-15,
            3.999578446212126e-15
        ],
        "q50": [
            1.9997892231060632e-14,
            1.9997892231060632e-14,
            1.9997892231060632e-14,
            1.9997892231060632e-14,
            1.9997892231060632e-14,
            1.9997892231060632e-14,
            0.0020003318786621094,
            1.9997892231060632e-14,
            1.9997892231060632e-14,
            1.9997892231060632e-14,
            1.9997892231060632e-14,
            1.9997892231060632e-14
        ],
        "q90": [
            3.599620601590914e-14,
            3.599620601590914e-14,
            3.599620601590914e-14,
            3.599620601590914e-14,
            3.599620601590914e-14,
            3.599620601590914e-14,
            9.510001182556152,
            3.599620601590914e-14,
            3.599620601590914e-14,
            3.599620601590914e-14,
            3.599620601590914e-14,
            3.599620601590914e-14
        ],
        "q99": [
            3.959582661750005e-14,
            3.959582661750005e-14,
            3.959582661750005e-14,
            3.959582661750005e-14,
            3.959582661750005e-14,
            3.959582661750005e-14,
            9.994000434875488,
            3.959582661750005e-14,
            3.959582661750005e-14,
            3.959582661750005e-14,
            3.959582661750005e-14,
            3.959582661750005e-14
        ]
    },
    "observation.state": {
        "min": [
            -0.174534410238266,
            -6.925863265991211,
            0.07863248139619827,
            0.216600239276886,
            -7.849311828613281,
            -0.5909646153450012,
            -0.6899623274803162,
            -16.160348892211914,
            0.8937729001045227,
            0.01889757812023163,
            -21.701038360595703,
            -0.04395604506134987,
            -0.0549483448266983,
            -4.197493076324463,
            0.005372405517846346,
            -0.1648450344800949,
            -4.897075176239014,
            0.09938950091600418,
            -9.826492309570312,
            -35.552764892578125,
            -0.25641027092933655,
            -0.32692453265190125,
            -9.696208953857422,
            0.20024420320987701,
            0.2499479353427887,
            -16.160348892211914,
            -0.6593406796455383,
            0.48003605008125305,
            -19.854141235351562,
            -1.0402930974960327,
            0.3736487329006195,
            -4.897075176239014,
            -0.2766788899898529,
            -0.02197933755815029,
            -4.197493076324463,
            0.013431013561785221,
            0.0,
            0.0,
            0.0,
            1.0,
            0.0,
            0.0,
            0.0
        ],
        "max": [
            -0.15255507826805115,
            6.002415180206299,
            0.2290598303079605,
            0.23857957124710083,
            8.772760391235352,
            -0.2686202824115753,
            -0.6679829359054565,
            20.777589797973633,
            1.245421290397644,
            0.04087691754102707,
            18.007244110107422,
            0.16117216646671295,
            -0.02197933755815029,
            4.897075176239014,
            0.0644688680768013,
            -0.13187602162361145,
            6.296239376068115,
            0.15311355888843536,
            9.537304878234863,
            30.935523986816406,
            0.4888888895511627,
            -0.28296586871147156,
            11.543106079101562,
            0.6495726704597473,
            0.2939065992832184,
            14.313450813293457,
            -0.48351648449897766,
            0.5020154118537903,
            15.236899375915527,
            -0.8351648449897766,
            0.39562806487083435,
            4.897075176239014,
            -0.21489621698856354,
            0.0,
            5.5966572761535645,
            0.06984127312898636,
            0.0,
            0.0,
            0.0,
            1.0,
            0.0,
            0.0,
            0.0
        ],
        "mean": [
            -0.17024829983711243,
            -0.4478726089000702,
            0.1531965732574463,
            0.21681968867778778,
            -0.24471384286880493,
            -0.465641051530838,
            -0.6839182376861572,
            0.2631828784942627,
            1.0946528911590576,
            0.020216308534145355,
            0.8726592063903809,
            0.0594872422516346,
            -0.040826622396707535,
            -0.06995821744203568,
            0.02644568681716919,
            -0.14742672443389893,
            0.5666615962982178,
            0.12989138066768646,
            -0.05118170753121376,
            -1.7129974365234375,
            0.09654700011014938,
            -0.3064844012260437,
            -0.678734540939331,
            0.4213431179523468,
            0.27181705832481384,
            -0.3047380745410919,
            -0.5638086199760437,
            0.49212419986724854,
            -0.8403379321098328,
            -0.9293774366378784,
            0.39134272933006287,
            -0.09794151037931442,
            -0.24781566858291626,
            -0.011099563911557198,
            0.8674817681312561,
            0.04221367835998535,
            0.0,
            0.0,
            0.0,
            1.0,
            0.0,
            0.0,
            0.0
        ],