{
    "action": {
        "min": [
            0.0,
            0.0,
            0.0,
            -10.0,
            0.0,
            0.0,
            0.0,
            0.0,
            0.0,
            0.0,
            0.0,
            0.0
        ],
        "max": [
            0.0,
            0.0,
            0.0,
            10.0,
            0.0,
            0.0,
            0.0,
            0.0,
            0.0,
            0.0,
            0.0,
            0.0
        ],
        "mean": [
            0.0,
            0.0,
            0.0,
            1.5497207073167374e-08,
            0.0,
            0.0,
            0.0,
            0.0,
            0.0,
            0.0,
            0.0,
            0.0
        ],
        "std": [
            0.0,
            0.0,
            0.0,
            7.071067810058594,
            0.0,
            0.0,
            0.0,
            0.0,
            0.0,
            0.0,
            0.0,
            0.0
        ],
        "count": [
            200
        ],
        "q01": [
            3.9995784462121265e-16,
            3.9995784462121265e-16,
            3.9995784462121265e-16,
            -10.0,
            3.9995784462121265e-16,
            3.9995784462121265e-16,
            3.9995784462121265e-16,
            3.9995784462121265e-16,
            3.9995784462121265e-16,
            3.9995784462121265e-16,
            3.9995784462121265e-16,
            3.9995784462121265e-16
        ],
        "q10": [
            3.999578446212126e-15,
            3.999578446212126e-15,
            3.999578446212126e-15,
            -9.510000228881836,
            3.999578446212126e-15,
            3.999578446212126e-15,
            3.999578446212126e-15,
            3.999578446212126e-15,
            3.999578446212126e-15,
            3.999578446212126e-15,
            3.999578446212126e-15,
            3.999578446212126e-15
        ],
        "q50": [
            1.9997892231060632e-14,
            1.9997892231060632e-14,
            1.9997892231060632e-14,
            0.0,
            1.9997892231060632e-14,
            1.9997892231060632e-14,
            1.9997892231060632e-14,
            1.9997892231060632e-14,
            1.9997892231060632e-14,
            1.9997892231060632e-14,
            1.9997892231060632e-14,
            1.9997892231060632e-14
        ],
        "q90": [
            3.599620601590914e-14,
            3.599620601590914e-14,
            3.599620601590914e-14,
            9.510001182556152,
            3.599620601590914e-14,
            3.599620601590914e-14,
            3.599620601590914e-14,
            3.599620601590914e-14,
            3.599620601590914e-14,
            3.599620601590914e-14,
            3.599620601590914e-14,
            3.599620601590914e-14
        ],
        "q99": [
            3.959582661750005e-14,
            3.959582661750005e-14,
            3.959582661750005e-14,
            9.998400115966797,
            3.959582661750005e-14,
            3.959582661750005e-14,
            3.959582661750005e-14,
            3.959582661750005e-14,
            3.959582661750005e-14,
            3.959582661750005e-14,
            3.959582661750005e-14,
            3.959582661750005e-14
        ]
    },
    "observation.state": {
        "min": [
            -0.2844310998916626,
            -9.696208953857422,
            -0.24273504316806793,
            0.15066221356391907,
            -10.619657516479492,
            -0.8449328541755676,
            -1.0636110305786133,
            -35.552764892578125,
            -0.014652014710009098,
            -8.399188995361328,
            -255.33349609375,
            -2.4761905670166016,
            -0.09890701621770859,
            -5.5966572761535645,
            0.026862027123570442,
            -0.09890701621770859,
            -6.296239376068115,
            0.06715507060289383,
            -0.08964525163173676,
            -6.925863265991211,
            -0.27008548378944397,
            -0.3489038646221161,
            -9.696208953857422,
            0.28815630078315735,
            0.09609256684780121,
            -21.701038360595703,
            -0.8937729001045227,
            0.48003605008125305,
            -18.007244110107422,
            -1.0402930974960327,
            0.6813594698905945,
            -4.897075176239014,
            -0.4781440794467926,
            -0.010989668779075146,
            -3.497910737991333,
            -0.008058608509600163,
            0.0,
            0.0,
            0.0,
            1.0,
            0.0,
            0.0,
            0.0
        ],
        "max": [
            0.0013002868508920074,
            7.849311828613281,
            0.38632479310035706,
            0.3264969289302826,
            9.696208953857422,
            -0.18070818483829498,
            0.013376504182815552,
            30.012075424194336,
            1.802197813987732,
            8.942508697509766,
            259.02728271484375,
            1.5384615659713745,
            -0.07692768424749374,
            5.5966572761535645,
            0.09670329838991165,
            -0.07692768424749374,
            6.296239376068115,
            0.1369963437318802,
            0.10816878825426102,
            5.0789666175842285,
            0.14700855314731598,
            -0.3049452006816864,
            7.849311828613281,
            0.6202686429023743,
            0.49172064661979675,
            16.160348892211914,
            -0.3369963467121124,
            0.5239947438240051,
            20.777589797973633,
            -0.8644688725471497,
            0.7143284678459167,
            4.897075176239014,
            -0.4029304087162018,
            0.02197933755815029,
            6.995821475982666,
            0.06715507060289383,
            0.0,
            0.0,
            0.0,
            1.0,
            0.0,
            0.0,
            0.0
        ],
        "mean": [
            -0.16431401669979095,
            -0.6695000529289246,
            0.1482734978199005,
            0.24868984520435333,
            -0.25856560468673706,
            -0.5176556706428528,
            -0.6343543529510498,
            -0.8034003376960754,
            1.0054209232330322,
            0.5704687833786011,
            -6.0716729164123535,
            -0.41875454783439636,
            -0.08176326006650925,
            0.08045190572738647,
            0.05431502312421799,
            -0.09044504910707474,
            0.9269464612007141,
            0.09248596429824829,
            0.014426921494305134,
            -0.45710697770118713,
            -0.0748375877737999,
            -0.31824272871017456,
            -0.08311036974191666,
            0.4471794366836548,
            0.2669817805290222,
            0.13851720094680786,
            -0.555896520614624,
            0.5017949342727661,
            0.1846897155046463,
            -0.9447618126869202,
            0.6955373883247375,
            -0.11543106287717819,
            -0.43928831815719604,
            0.002747416729107499,
            0.7170718908309937,
            0.031280841678380966,
            0.0,
            0.0,
            0.0,
            1.0,
            0.0,
            0.0,
            0.0
        ],