{
    "action": {
        "min": [
            0.0,
            0.0,
            0.0,
            0.0,
            0.0,
            0.0,
            0.0,
            0.0,
            0.0,
            0.0,
            -5.0,
            0.0
        ],
        "max": [
            0.0,
            0.0,
            0.0,
            0.0,
            0.0,
            0.0,
            0.0,
            0.0,
            0.0,
            0.0,
            5.0,
            0.0
        ],
        "mean": [
            0.0,
            0.0,
            0.0,
            0.0,
            0.0,
            0.0,
            0.0,
            0.0,
            0.0,
            0.0,
            -0.02500000037252903,
            0.0
        ],
        "std": [
            0.0,
            0.0,
            0.0,
            0.0,
            0.0,
            0.0,
            0.0,
            0.0,
            0.0,
            0.0,
            4.077300071716309,
            0.0
        ],
        "count": [
            200
        ],
        "q01": [
            3.9995784462121265e-16,
            3.9995784462121265e-16,
            3.9995784462121265e-16,
            3.9995784462121265e-16,
            3.9995784462121265e-16,
            3.9995784462121265e-16,
            3.9995784462121265e-16,
            3.9995784462121265e-16,
            3.9995784462121265e-16,
            3.9995784462121265e-16,
            -5.0,
            3.9995784462121265e-16
        ],
        "q10": [
            3.999578446212126e-15,
            3.999578446212126e-15,
            3.999578446212126e-15,
            3.999578446212126e-15,
            3.999578446212126e-15,
            3.999578446212126e-15,
            3.999578446212126e-15,
            3.999578446212126e-15,
            3.999578446212126e-15,
            3.999578446212126e-15,
            -5.0,
            3.999578446212126e-15
        ],
        "q50": [
            1.9997892231060632e-14,
            1.9997892231060632e-14,
            1.9997892231060632e-14,
            1.9997892231060632e-14,
            1.9997892231060632e-14,
            1.9997892231060632e-14,
            1.9997892231060632e-14,
            1.9997892231060632e-14,
            1.9997892231060632e-14,
            1.9997892231060632e-14,
            0.0009852380894902926,
            1.9997892231060632e-14
        ],
        "q90": [
            3.599620601590914e-14,
            3.599620601590914e-14,
            3.599620601590914e-14,
            3.599620601590914e-14,
            3.599620601590914e-14,
            3.599620601590914e-14,
            3.599620601590914e-14,
            3.599620601590914e-14,
            3.599620601590914e-14,
            3.599620601590914e-14,
            4.999393983320757,
            3.599620601590914e-14
        ],
        "q99": [
            3.959582661750005e-14,
            3.959582661750005e-14,
            3.959582661750005e-14,
            3.959582661750005e-14,
            3.959582661750005e-14,
            3.959582661750005e-14,
            3.959582661750005e-14,
            3.959582661750005e-14,
            3.959582661750005e-14,
            3.959582661750005e-14,
            4.999939398332075,
            3.959582661750005e-14
        ]
    },
    "observation.state": {
        "min": [
            -0.174534410238266,
            -7.849311828613281,
            0.08547008782625198,
            0.23857957124710083,
            -8.772760391235352,
            -0.6788766980171204,
            -0.6899623274803162,
            -17.083797454833984,
            0.8937729001045227,
            0.08483558893203735,
            -19.854141235351562,
            -0.1318681389093399,
            -0.14286570250988007,
            -4.197493076324463,
            0.05909645929932594,
            0.02197933755815029,
            -4.197493076324463,
            -0.010744811035692692,
            -0.0017279012827202678,
            -5.0789666175842285,
            -0.1538461595773697,
            -0.32692453265190125,
            -12.466554641723633,
            0.22954823076725006,
            0.22796858847141266,
            -20.777589797973633,
            -0.6593406796455383,
            0.48003605008125305,
            -22.624486923217773,
            -1.0695971250534058,
            -4.593681812286377,
            -120.32813262939453,
            -0.6017094254493713,
            0.0,
            -9.094568252563477,
            -0.05909645929932594,
            0.0,
            0.0,
            0.0,
            1.0,
            0.0,
            0.0,
            0.0
        ],
        "max": [
            -0.15255507826805115,
            6.925863265991211,
            0.2222222238779068,
            0.2605589032173157,
            7.849311828613281,
            -0.3174603283405304,
            -0.6679829359054565,
            16.160348892211914,
            1.216117262840271,
            0.1068149283528328,
            18.930692672729492,
            0.07326007634401321,
            -0.1098966896533966,
            4.897075176239014,
            0.1369963437318802,
            0.0549483448266983,
            5.5966572761535645,
            0.053724054247140884,
            0.020251436159014702,
            6.925863265991211,
            -0.003418803447857499,
            -0.3049452006816864,
            8.772760391235352,
            0.5811966061592102,
            0.2939065992832184,
            18.930692672729492,
            -0.4542124569416046,
            0.5020154118537903,
            16.160348892211914,
            -0.8058608174324036,
            5.637700080871582,
            225.2654571533203,
            0.2739926874637604,
            0.13187602162361145,
            6.995821475982666,
            0.051037851721048355,
            0.0,
            0.0,
            0.0,
            1.0,
            0.0,
            0.0,
            0.0
        ],
        "mean": [
            -0.17046810686588287,
            -0.7803142666816711,
            0.15299145877361298,
            0.2517670691013336,
            -0.8357208967208862,
            -0.5150672197341919,
            -0.6689726114273071,
            -1.3528525829315186,
            1.0713554620742798,
            0.08494563400745392,
            0.8541897535324097,
            -0.03516488894820213,
            -0.12632623314857483,
            0.2623433470726013,
            0.08011601120233536,
            0.038628678768873215,
            0.8429967761039734,
            0.00898535642772913,
            0.020031671971082687,
            -0.2170102894306183,
            -0.08464960008859634,
            -0.30714380741119385,
            -0.7526101469993591,
            0.4210500717163086,
            0.26720139384269714,
            0.07387590408325195,
            -0.5585339069366455,
            0.48058533668518066,
            -0.7202897071838379,
            -0.9179487824440002,
            0.3791434168815613,
            2.406561851501465,
            -0.3516238331794739,
            0.06714697182178497,
            0.6506116390228271,
            -0.009106230922043324,
            0.0,
            0.0,
            0.0,
            1.0,
            0.0,
            0.0,
            0.0
        ],