{
    "action": {
        "min": [
            0.0,
            0.0,
            0.0,
            0.0,
            0.0,
            0.0,
            0.0,
            0.0,
            -9.999210357666016,
            0.0,
            0.0,
            0.0
        ],
        "max": [
            0.0,
            0.0,
            0.0,
            0.0,
            0.0,
            0.0,
            0.0,
            0.0,
            9.999802589416504,
            0.0,
            0.0,
            0.0
        ],
        "mean": [
            0.0,
            0.0,
            0.0,
            0.0,
            0.0,
            0.0,
            0.0,
            0.0,
            0.3128361999988556,
            0.0,
            0.0,
            0.0
        ],
        "std": [
            0.0,
            0.0,
            0.0,
            0.0,
            0.0,
            0.0,
            0.0,
            0.0,
            7.091442584991455,
            0.0,
            0.0,
            0.0
        ],
        "count": [
            200
        ],
        "q01": [
            3.9995784462121265e-16,
            3.9995784462121265e-16,
            3.9995784462121265e-16,
            3.9995784462121265e-16,
            3.9995784462121265e-16,
            3.9995784462121265e-16,
            3.9995784462121265e-16,
            3.9995784462121265e-16,
            -9.9912109375,
            3.9995784462121265e-16,
            3.9995784462121265e-16,
            3.9995784462121265e-16
        ],
        "q10": [
            3.999578446212126e-15,
            3.999578446212126e-15,
            3.999578446212126e-15,
            3.999578446212126e-15,
            3.999578446212126e-15,
            3.999578446212126e-15,
            3.999578446212126e-15,
            3.999578446212126e-15,
            -9.563231468200684,
            3.999578446212126e-15,
            3.999578446212126e-15,
            3.999578446212126e-15
        ],
        "q50": [
            1.9997892231060632e-14,
            1.9997892231060632e-14,
            1.9997892231060632e-14,
            1.9997892231060632e-14,
            1.9997892231060632e-14,
            1.9997892231060632e-14,
            1.9997892231060632e-14,
            1.9997892231060632e-14,
            0.6922607421875,
            1.9997892231060632e-14,
            1.9997892231060632e-14,
            1.9997892231060632e-14
        ],
        "q90": [
            3.599620601590914e-14,
            3.599620601590914e-14,
            3.599620601590914e-14,
            3.599620601590914e-14,
            3.599620601590914e-14,
            3.599620601590914e-14,
            3.599620601590914e-14,
            3.599620601590914e-14,
            9.531824111938477,
            3.599620601590914e-14,
            3.599620601590914e-14,
            3.599620601590914e-14
        ],
        "q99": [
            3.959582661750005e-14,
            3.959582661750005e-14,
            3.959582661750005e-14,
            3.959582661750005e-14,
            3.959582661750005e-14,
            3.959582661750005e-14,
            3.959582661750005e-14,
            3.959582661750005e-14,
            9.997135480244955,
            3.959582661750005e-14,
            3.959582661750005e-14,
            3.959582661750005e-14
        ]
    },
    "observation.state": {
        "min": [
            -0.41630712151527405,
            -10.619657516479492,
            -0.39316239953041077,
            0.10670354217290878,
            -9.696208953857422,
            -1.0500611066818237,
            -1.1295490264892578,
            -69.7203598022461,
            -2.857142925262451,
            -0.047040436416864395,
            -28.165178298950195,
            -0.5421245694160461,
            -0.13187602162361145,
            -9.094568252563477,
            0.013431013561785221,
            -0.1538553684949875,
            -9.794150352478027,
            0.056410256773233414,
            -0.4193353056907654,
            -17.083797454833984,
            -1.0905983448028564,
            -0.5906766057014465,
            -13.390002250671387,
            -0.4346764385700226,
            -10.102319717407227,
            -211.93142700195312,
            -7.223443031311035,
            0.21628400683403015,
            -25.394832611083984,
            -1.802197813987732,
            0.4395867586135864,
            -14.691225051879883,
            -0.5452991724014282,
            0.010989668779075146,
            -9.094568252563477,
            -0.083272285759449,
            0.0,
            0.0,
            0.0,
            1.0,
            0.0,
            0.0,
            0.0
        ],
        "max": [
            0.06723830103874207,
            14.313450813293457,
            0.632478654384613,
            0.3704555928707123,
            12.466554641723633,
            0.004884005058556795,
            1.244219422340393,
            78.0313949584961,
            2.124542236328125,
            0.2606703042984009,
            23.547935485839844,
            0.4542124569416046,
            -0.03296900540590286,
            8.394986152648926,
            0.1101343110203743,
            -0.08791735023260117,
            11.193314552307129,
            0.166544571518898,
            0.39390018582344055,
            22.624486923217773,
            0.8307692408561707,
            -0.019213806837797165,
            8.772760391235352,
            1.1477411985397339,
            10.931905746459961,
            209.16107177734375,
            5.5531134605407715,
            0.7437881231307983,
            34.62931823730469,
            -0.190476194024086,
            0.9011528491973877,
            14.691225051879883,
            -0.27130648493766785,
            0.1538553684949875,
            7.695404052734375,
            0.04297924414277077,
            0.0,
            0.0,
            0.0,
            1.0,
            0.0,
            0.0,
            0.0
        ],
        "mean": [
            -0.1667317897081375,
            -0.1154310330748558,
            0.1440684050321579,
            0.24044761061668396,
            -0.6510311961174011,
            -0.5083759427070618,
            -0.4984121322631836,
            -0.9742382764816284,
            0.7809522151947021,
            0.08824248611927032,
            -0.21701054275035858,
            -0.04380952939391136,
            -0.08692840486764908,
            -0.07695397734642029,
            0.05838463455438614,
            -0.12022719532251358,
            0.6016407012939453,
            0.11178633570671082,
            -0.02777343988418579,
            -0.7526106238365173,
            -0.00919658038765192,
            -0.2925269305706024,
            -0.6741174459457397,
            0.39702069759368896,
            1.1404409408569336,
            -4.589536190032959,
            -1.0019049644470215,
            0.5037736296653748,
            -0.13390004634857178,
            -0.9506223797798157,
            0.655753493309021,
            0.20637674629688263,
            -0.413339227437973,
            0.06352036446332932,
            0.8499921560287476,
            -0.006433457136154175,
            0.0,
            0.0,
            0.0,
            1.0,
            0.0,
            0.0,
            0.0
        ],