{
    "action": {
        "min": [
            0.0,
            0.0,
            0.0,
            0.0,
            0.0,
            0.0,
            0.0,
            0.0,
            0.0,
            -9.999802589416504,
            0.0,
            0.0
        ],
        "max": [
            0.0,
            0.0,
            0.0,
            0.0,
            0.0,
            0.0,
            0.0,
            0.0,
            0.0,
            9.998223304748535,
            0.0,
            0.0
        ],
        "mean": [
            0.0,
            0.0,
            0.0,
            0.0,
            0.0,
            0.0,
            0.0,
            0.0,
            0.0,
            0.831305980682373,
            0.0,
            0.0
        ],
        "std": [
            0.0,
            0.0,
            0.0,
            0.0,
            0.0,
            0.0,
            0.0,
            0.0,
            0.0,
            7.094456195831299,
            0.0,
            0.0
        ],
        "count": [
            200
        ],
        "q01": [
            3.9995784462121265e-16,
            3.9995784462121265e-16,
            3.9995784462121265e-16,
            3.9995784462121265e-16,
            3.9995784462121265e-16,
            3.9995784462121265e-16,
            3.9995784462121265e-16,
            3.9995784462121265e-16,
            3.9995784462121265e-16,
            -9.999802589416504,
            3.9995784462121265e-16,
            3.9995784462121265e-16
        ],
        "q10": [
            3.999578446212126e-15,
            3.999578446212126e-15,
            3.999578446212126e-15,
            3.999578446212126e-15,
            3.999578446212126e-15,
            3.999578446212126e-15,
            3.999578446212126e-15,
            3.999578446212126e-15,
            3.999578446212126e-15,
            -9.447856903076172,
            3.999578446212126e-15,
            3.999578446212126e-15
        ],
        "q50": [
            1.9997892231060632e-14,
            1.9997892231060632e-14,
            1.9997892231060632e-14,
            1.9997892231060632e-14,
            1.9997892231060632e-14,
            1.9997892231060632e-14,
            1.9997892231060632e-14,
            1.9997892231060632e-14,
            1.9997892231060632e-14,
            1.5030622482299805,
            1.9997892231060632e-14,
            1.9997892231060632e-14
        ],
        "q90": [
            3.599620601590914e-14,
            3.599620601590914e-14,
            3.599620601590914e-14,
            3.599620601590914e-14,
            3.599620601590914e-14,
            3.599620601590914e-14,
            3.599620601590914e-14,
            3.599620601590914e-14,
            3.599620601590914e-14,
            9.638258934020996,
            3.599620601590914e-14,
            3.599620601590914e-14
        ],
        "q99": [
            3.959582661750005e-14,
            3.959582661750005e-14,
            3.959582661750005e-14,
            3.959582661750005e-14,
            3.959582661750005e-14,
            3.959582661750005e-14,
            3.959582661750005e-14,
            3.959582661750005e-14,
            3.959582661750005e-14,
            9.994223594665527,
            3.959582661750005e-14,
            3.959582661750005e-14
        ]
    },
    "observation.state": {
        "min": [
            -0.174534410238266,
            -7.849311828613281,
            0.05811965838074684,
            0.23857957124710083,
            -8.772760391235352,
            -0.6984127163887024,
            -0.6899623274803162,
            -15.236899375915527,
            0.8644688725471497,
            0.06285625696182251,
            -18.007244110107422,
            -0.16117216646671295,
            -0.13187602162361145,
            -6.296239376068115,
            0.056410256773233414,
            0.04395867511630058,
            -4.897075176239014,
            -0.018803419545292854,
            -0.08964525163173676,
            -5.0789666175842285,
            -0.2837606966495514,
            -0.3489038646221161,
            -8.772760391235352,
            0.17094017565250397,
            -0.0138041190803051,
            -27.241729736328125,
            -1.0695971250534058,
            -9.058996200561523,
            -181.45762634277344,
            -2.212454319000244,
            0.6264111399650574,
            -4.897075176239014,
            -0.4432234466075897,
            0.010989668779075146,
            -4.897075176239014,
            -0.024175824597477913,
            0.0,
            0.0,
            0.0,
            1.0,
            0.0,
            0.0,
            0.0
        ],
        "max": [
            -0.1305757462978363,
            6.925863265991211,
            0.2290598303079605,
            0.2605589032173157,
            7.849311828613281,
            -0.3369963467121124,
            -0.6679829359054565,
            16.160348892211914,
            1.216117262840271,
            0.08483558893203735,
            23.547935485839844,
            0.1318681389093399,
            -0.1098966896533966,
            5.5966572761535645,
            0.09401709586381912,
            0.06593801081180573,
            5.5966572761535645,
            0.021489622071385384,
            0.10816878825426102,
            5.0789666175842285,
            0.1606837660074234,
            -0.2609865069389343,
            9.696208953857422,
            0.5909646153450012,
            0.6235966682434082,
            18.930692672729492,
            -0.1318681389093399,
            9.359688758850098,
            189.76866149902344,
            1.245421290397644,
            0.6703698039054871,
            4.897075176239014,
            -0.37338218092918396,
            0.04395867511630058,
            6.296239376068115,
            0.045665446668863297,
            0.0,
            0.0,
            0.0,
            1.0,
            0.0,
            0.0,
            0.0
        ],
        "mean": [
            -0.15343450009822845,
            -0.22162751853466034,
            0.13251283764839172,
            0.25022849440574646,
            -0.3509104549884796,
            -0.5194138884544373,
            -0.6706211566925049,
            -0.5032795071601868,
            1.0710628032684326,
            0.08307740837335587,
            0.2539483308792114,
            -0.036190539598464966,
            -0.11945772171020508,
            -0.1644017994403839,
            0.07630161941051483,
            0.048464447259902954,
            0.5771552920341492,
            0.0018400487024337053,
            0.0134378457441926,
            -0.39708277583122253,
            -0.075931616127491,
            -0.30626463890075684,
            0.15698634088039398,
            0.4075701832771301,
            0.27434515953063965,
            -0.7202901244163513,
            -0.5673255920410156,
            0.6313636302947998,
            7.410672664642334,
            -0.4051281809806824,
            0.6556982398033142,
            0.06646031141281128,
            -0.4133126437664032,
            0.03181508556008339,
            0.6471136212348938,
            0.013310153037309647,
            0.0,
            0.0,
            0.0,
            1.0,
            0.0,
            0.0,
            0.0
        ],