{
    "action": {
        "min": [
            0.0,
            0.0,
            0.0,
            0.0,
            0.0,
            -9.999210357666016,
            0.0,
            0.0,
            0.0,
            0.0,
            0.0,
            0.0
        ],
        "max": [
            0.0,
            0.0,
            0.0,
            0.0,
            0.0,
            9.999210357666016,
            0.0,
            0.0,
            0.0,
            0.0,
            0.0,
            0.0
        ],
        "mean": [
            0.0,
            0.0,
            0.0,
            0.0,
            0.0,
            0.5275000929832458,
            0.0,
            0.0,
            0.0,
            0.0,
            0.0,
            0.0
        ],
        "std": [
            0.0,
            0.0,
            0.0,
            0.0,
            0.0,
            6.997615814208984,
            0.0,
            0.0,
            0.0,
            0.0,
            0.0,
            0.0
        ],
        "count": [
            200
        ],
        "q01": [
            3.9995784462121265e-16,
            3.9995784462121265e-16,
            3.9995784462121265e-16,
            3.9995784462121265e-16,
            3.9995784462121265e-16,
            -9.993210792541504,
            3.9995784462121265e-16,
            3.9995784462121265e-16,
            3.9995784462121265e-16,
            3.9995784462121265e-16,
            3.9995784462121265e-16,
            3.9995784462121265e-16
        ],
        "q10": [
            3.999578446212126e-15,
            3.999578446212126e-15,
            3.999578446212126e-15,
            3.999578446212126e-15,
            3.999578446212126e-15,
            -9.427255630493164,
            3.999578446212126e-15,
            3.999578446212126e-15,
            3.999578446212126e-15,
            3.999578446212126e-15,
            3.999578446212126e-15,
            3.999578446212126e-15
        ],
        "q50": [
            1.9997892231060632e-14,
            1.9997892231060632e-14,
            1.9997892231060632e-14,
            1.9997892231060632e-14,
            1.9997892231060632e-14,
            1.0019207000732422,
            1.9997892231060632e-14,
            1.9997892231060632e-14,
            1.9997892231060632e-14,
            1.9997892231060632e-14,
            1.9997892231060632e-14,
            1.9997892231060632e-14
        ],
        "q90": [
            3.599620601590914e-14,
            3.599620601590914e-14,
            3.599620601590914e-14,
            3.599620601590914e-14,
            3.599620601590914e-14,
            9.58524227142334,
            3.599620601590914e-14,
            3.599620601590914e-14,
            3.599620601590914e-14,
            3.599620601590914e-14,
            3.599620601590914e-14,
            3.599620601590914e-14
        ],
        "q99": [
            3.959582661750005e-14,
            3.959582661750005e-14,
            3.959582661750005e-14,
            3.959582661750005e-14,
            3.959582661750005e-14,
            9.995210647583008,
            3.959582661750005e-14,
            3.959582661750005e-14,
            3.959582661750005e-14,
            3.959582661750005e-14,
            3.959582661750005e-14,
            3.959582661750005e-14
        ]
    },
    "observation.state": {
        "min": [
            -0.19651375710964203,
            -7.849311828613281,
            0.05811965838074684,
            0.216600239276886,
            -11.543106079101562,
            -0.6788766980171204,
            -0.6679829359054565,
            -18.930692672729492,
            0.8644688725471497,
            0.08483558893203735,
            -17.083797454833984,
            -0.16117216646671295,
            -0.5494834184646606,
            -20.987464904785156,
            -0.2954823076725006,
            -6.33004903793335,
            -179.09303283691406,
            -1.625152587890625,
            0.020251436159014702,
            -6.002415180206299,
            -0.1675213724374771,
            -0.32692453265190125,
            -7.849311828613281,
            0.23931623995304108,
            0.2499479353427887,
            -15.236899375915527,
            -0.6593406796455383,
            0.48003605008125305,
            -16.160348892211914,
            -1.0402930974960327,
            0.6813594698905945,
            -5.5966572761535645,
            -0.4754578769207001,
            0.04395867511630058,
            -5.5966572761535645,
            -0.03760683909058571,
            0.0,
            0.0,
            0.0,
            1.0,
            0.0,
            0.0,
            0.0
        ],
        "max": [
            -0.1305757462978363,
            6.002415180206299,
            0.2290598303079605,
            0.2825382351875305,
            7.849311828613281,
            -0.3663003742694855,
            -0.6460036039352417,
            15.236899375915527,
            1.216117262840271,
            0.1068149283528328,
            18.930692672729492,
            0.07326007634401321,
            0.12088635563850403,
            18.888717651367188,
            0.43785104155540466,
            9.055486679077148,
            193.7842559814453,
            0.6043956279754639,
            0.04223077371716499,
            5.0789666175842285,
            -0.03076923079788685,
            -0.3049452006816864,
            7.849311828613281,
            0.6202686429023743,
            0.27192726731300354,
            15.236899375915527,
            -0.48351648449897766,
            0.5020154118537903,
            18.007244110107422,
            -0.8351648449897766,
            0.7033388018608093,
            4.897075176239014,
            -0.3975580036640167,
            0.06593801081180573,
            6.296239376068115,
            0.03492063656449318,
            0.0,
            0.0,
            0.0,
            1.0,
            0.0,
            0.0,
            0.0
        ],
        "mean": [
            -0.1616765856742859,
            -0.6002415418624878,
            0.1425299495458603,
            0.24923932552337646,
            -0.7110554575920105,
            -0.5230768918991089,
            -0.6677638292312622,
            -0.6233273148536682,
            1.0619783401489258,
            0.08494563400745392,
            -0.2862689197063446,
            -0.0483517125248909,
            -0.2754012942314148,
            -0.43374103307724,
            0.1643552929162979,
            0.9831358194351196,
            3.686795711517334,
            -0.2594737112522125,
            0.021789999678730965,
            -0.5032795071601868,
            -0.09200000762939453,
            -0.31560543179512024,
            -0.3232070505619049,
            0.4337974190711975,
            0.27137747406959534,
            -1.0896687507629395,
            -0.562343418598175,
            0.4890472888946533,
            -0.9973242878913879,
            -0.9271795749664307,
            0.6990534067153931,
            -0.13991644978523254,
            -0.4397313594818115,
            0.05857500433921814,
            0.6226283311843872,
            -0.002820512978360057,
            0.0,
            0.0,
            0.0,
            1.0,
            0.0,
            0.0,
            0.0
        ],