{
    "action": {
        "min": [
            0.0,
            0.0,
            0.0,
            -9.999802589416504,
            0.0,
            0.0,
            0.0,
            0.0,
            0.0,
            0.0,
            0.0,
            0.0
        ],
        "max": [
            0.0,
            0.0,
            0.0,
            9.998223304748535,
            0.0,
            0.0,
            0.0,
            0.0,
            0.0,
            0.0,
            0.0,
            0.0
        ],
        "mean": [
            0.0,
            0.0,
            0.0,
            0.831305980682373,
            0.0,
            0.0,
            0.0,
            0.0,
            0.0,
            0.0,
            0.0,
            0.0
        ],
        "std": [
            0.0,
            0.0,
            0.0,
            7.094456195831299,
            0.0,
            0.0,
            0.0,
            0.0,
            0.0,
            0.0,
            0.0,
            0.0
        ],
        "count": [
            200
        ],
        "q01": [
            3.9995784462121265e-16,
            3.9995784462121265e-16,
            3.9995784462121265e-16,
            -9.999802589416504,
            3.9995784462121265e-16,
            3.9995784462121265e-16,
            3.9995784462121265e-16,
            3.9995784462121265e-16,
            3.9995784462121265e-16,
            3.9995784462121265e-16,
            3.9995784462121265e-16,
            3.9995784462121265e-16
        ],
        "q10": [
            3.999578446212126e-15,
            3.999578446212126e-15,
            3.999578446212126e-15,
            -9.447856903076172,
            3.999578446212126e-15,
            3.999578446212126e-15,
            3.999578446212126e-15,
            3.999578446212126e-15,
            3.999578446212126e-15,
            3.999578446212126e-15,
            3.999578446212126e-15,
            3.999578446212126e-15
        ],
        "q50": [
            1.9997892231060632e-14,
            1.9997892231060632e-14,
            1.9997892231060632e-14,
            1.5030622482299805,
            1.9997892231060632e-14,
            1.9997892231060632e-14,
            1.9997892231060632e-14,
            1.9997892231060632e-14,
            1.9997892231060632e-14,
            1.9997892231060632e-14,
            1.9997892231060632e-14,
            1.9997892231060632e-14
        ],
        "q90": [
            3.599620601590914e-14,
            3.599620601590914e-14,
            3.599620601590914e-14,
            9.638258934020996,
            3.599620601590914e-14,
            3.599620601590914e-14,
            3.599620601590914e-14,
            3.599620601590914e-14,
            3.599620601590914e-14,
            3.599620601590914e-14,
            3.599620601590914e-14,
            3.599620601590914e-14
        ],
        "q99": [
            3.959582661750005e-14,
            3.959582661750005e-14,
            3.959582661750005e-14,
            9.994223594665527,
            3.959582661750005e-14,
            3.959582661750005e-14,
            3.959582661750005e-14,
            3.959582661750005e-14,
            3.959582661750005e-14,
            3.959582661750005e-14,
            3.959582661750005e-14,
            3.959582661750005e-14
        ]
    },
    "observation.state": {
        "min": [
            -0.24047242105007172,
            -7.849311828613281,
            -0.07179487496614456,
            0.216600239276886,
            -7.849311828613281,
            -0.7472527623176575,
            -0.8438176512718201,
            -20.777589797973633,
            0.7179487347602844,
            -8.750858306884766,
            -186.07485961914062,
            -2.5347986221313477,
            -0.1098966896533966,
            -4.897075176239014,
            0.045665446668863297,
            0.0,
            -3.497910737991333,
            0.002686202758923173,
            -0.06766591221094131,
            -6.925863265991211,
            -0.31111112236976624,
            -0.3489038646221161,
            -11.543106079101562,
            0.15140415728092194,
            0.1400512456893921,
            -17.083797454833984,
            -0.7179487347602844,
            0.48003605008125305,
            -18.930692672729492,
            -1.0402930974960327,
            0.61542147397995,
            -5.5966572761535645,
            -0.43785104155540466,
            0.04395867511630058,
            -4.197493076324463,
            -0.03760683909058571,
            0.0,
            0.0,
            0.0,
            1.0,
            0.0,
            0.0,
            0.0
        ],
        "max": [
            -0.06463772803544998,
            7.849311828613281,
            0.3589743673801422,
            0.30451759696006775,
            9.696208953857422,
            -0.3076923191547394,
            -0.4481895864009857,
            18.007244110107422,
            1.3040293455123901,
            9.68980598449707,
            181.45762634277344,
            1.186813235282898,
            -0.08791735023260117,
            4.197493076324463,
            0.083272285759449,
            0.02197933755815029,
            5.5966572761535645,
            0.04297924414277077,
            0.10816878825426102,
            5.0789666175842285,
            0.08547008782625198,
            -0.28296586871147156,
            8.772760391235352,
            0.6691086888313293,
            0.3598446249961853,
            18.007244110107422,
            -0.3663003742694855,
            0.5020154118537903,
            15.236899375915527,
            -0.8351648449897766,
            0.6374008059501648,
            4.897075176239014,
            -0.3680097758769989,
            0.06593801081180573,
            5.5966572761535645,
            0.03492063656449318,
            0.0,
            0.0,
            0.0,
            1.0,
            0.0,
            0.0,
            0.0
        ],
        "mean": [
            -0.15475301444530487,
            -0.34167593717575073,
            0.13333331048488617,
            0.2545143961906433,
            -0.5078967809677124,
            -0.5302563309669495,
            -0.6703997254371643,
            -0.07849330455064774,
            1.0723812580108643,
            0.8925760388374329,
            8.500341415405273,
            -0.5970694422721863,
            -0.10094031691551208,
            -0.14341437816619873,
            0.06370332837104797,
            0.01752851903438568,
            0.6051385998725891,
            0.025908438488841057,
            0.030581694096326828,
            -0.4432554244995117,
            -0.10058122873306274,
            -0.31120944023132324,
            -0.2770344913005829,
            0.4249572455883026,
            0.2624760866165161,
            -0.48019322752952576,
            -0.5456401705741882,
            0.48728886246681213,
            -1.1358420848846436,
            -0.9254215955734253,
            0.6310808658599854,
            0.1119331642985344,
            -0.3992099463939667,
            0.05522315949201584,
            0.5456739068031311,
            -0.00012087911454727873,
            0.0,
            0.0,
            0.0,
            1.0,
            0.0,
            0.0,
            0.0
        ],