{
    "action": {
        "min": [
            0.0,
            0.0,
            0.0,
            0.0,
            0.0,
            0.0,
            0.0,
            -10.0,
            0.0,
            0.0,
            0.0,
            0.0
        ],
        "max": [
            0.0,
            0.0,
            0.0,
            0.0,
            0.0,
            0.0,
            0.0,
            10.0,
            0.0,
            0.0,
            0.0,
            0.0
        ],
        "mean": [
            0.0,
            0.0,
            0.0,
            0.0,
            0.0,
            0.0,
            0.0,
            1.5497207073167374e-08,
            0.0,
            0.0,
            0.0,
            0.0
        ],
        "std": [
            0.0,
            0.0,
            0.0,
            0.0,
            0.0,
            0.0,
            0.0,
            7.071067810058594,
            0.0,
            0.0,
            0.0,
            0.0
        ],
        "count": [
            200
        ],
        "q01": [
            3.9995784462121265e-16,
            3.9995784462121265e-16,
            3.9995784462121265e-16,
            3.9995784462121265e-16,
            3.9995784462121265e-16,
            3.9995784462121265e-16,
            3.9995784462121265e-16,
            -10.0,
            3.9995784462121265e-16,
            3.9995784462121265e-16,
            3.9995784462121265e-16,
            3.9995784462121265e-16
        ],
        "q10": [
            3.999578446212126e-15,
            3.999578446212126e-15,
            3.999578446212126e-15,
            3.999578446212126e-15,
            3.999578446212126e-15,
            3.999578446212126e-15,
            3.999578446212126e-15,
            -9.510000228881836,
            3.999578446212126e-15,
            3.999578446212126e-15,
            3.999578446212126e-15,
            3.999578446212126e-15
        ],
        "q50": [
            1.9997892231060632e-14,
            1.9997892231060632e-14,
            1.9997892231060632e-14,
            1.9997892231060632e-14,
            1.9997892231060632e-14,
            1.9997892231060632e-14,
            1.9997892231060632e-14,
            0.0,
            1.9997892231060632e-14,
            1.9997892231060632e-14,
            1.9997892231060632e-14,
            1.9997892231060632e-14
        ],
        "q90": [
            3.599620601590914e-14,
            3.599620601590914e-14,
            3.599620601590914e-14,
            3.599620601590914e-14,
            3.599620601590914e-14,
            3.599620601590914e-14,
            3.599620601590914e-14,
            9.510001182556152,
            3.599620601590914e-14,
            3.599620601590914e-14,
            3.599620601590914e-14,
            3.599620601590914e-14
        ],
        "q99": [
            3.959582661750005e-14,
            3.959582661750005e-14,
            3.959582661750005e-14,
            3.959582661750005e-14,
            3.959582661750005e-14,
            3.959582661750005e-14,
            3.959582661750005e-14,
            9.998400115966797,
            3.959582661750005e-14,
            3.959582661750005e-14,
            3.959582661750005e-14,
            3.959582661750005e-14
        ]
    },
    "observation.state": {
        "min": [
            -0.26245176792144775,
            -9.696208953857422,
            -0.26324787735939026,
            0.1726415604352951,
            -10.619657516479492,
            -0.7863247990608215,
            -0.8218383193016052,
            -21.701038360595703,
            0.8351648449897766,
            0.04087691754102707,
            -18.007244110107422,
            -0.1318681389093399,
            -0.12088635563850403,
            -4.197493076324463,
            0.04297924414277077,
            -0.1538553684949875,
            -4.197493076324463,
            0.09401709586381912,
            -0.2215212732553482,
            -10.619657516479492,
            -0.5982906222343445,
            -8.195527076721191,
            -99.27070617675781,
            -0.9328449368476868,
            0.09609256684780121,
            -16.160348892211914,
            -0.8937729001045227,
            0.4580567181110382,
            -19.854141235351562,
            -1.0402930974960327,
            0.6483904719352722,
            -4.897075176239014,
            -0.45396825671195984,
            -0.010989668779075146,
            -6.296239376068115,
            -0.053724054247140884,
            0.0,
            0.0,
            0.0,
            1.0,
            0.0,
            0.0,
            0.0
        ],
        "max": [
            0.0013002868508920074,
            12.466554641723633,
            0.33162394165992737,
            0.3264969289302826,
            9.696208953857422,
            -0.27838829159736633,
            -0.5141276121139526,
            23.547935485839844,
            1.274725317955017,
            0.08483558893203735,
            17.083797454833984,
            0.10256410390138626,
            -0.08791735023260117,
            5.5966572761535645,
            0.10744810849428177,
            -0.13187602162361145,
            6.296239376068115,
            0.1557997614145279,
            0.2620241641998291,
            6.002415180206299,
            0.4888888895511627,
            8.069182395935059,
            104.8114013671875,
            1.225885272026062,
            0.49172064661979675,
            18.930692672729492,
            -0.3076923191547394,
            0.5020154118537903,
            16.160348892211914,
            -0.8351648449897766,
            0.6923491358757019,
            4.897075176239014,
            -0.38144078850746155,
            0.08791735023260117,
            5.5966572761535645,
            0.045665446668863297,
            0.0,
            0.0,
            0.0,
            1.0,
            0.0,
            0.0,
            0.0
        ],
        "mean": [
            -0.1606874316930771,
            -0.07387589663267136,
            0.13873502612113953,
            0.2518768608570099,
            -0.2631828188896179,
            -0.529670238494873,
            -0.6727081537246704,
            -0.45248961448669434,
            1.0715017318725586,
            0.0647246241569519,
            0.18930691480636597,
            -0.006153845693916082,
            -0.10632523894309998,
            0.5002012252807617,
            0.0668327584862709,
            -0.14456939697265625,
            0.5351803302764893,
            0.12805134057998657,
            0.0022283822763711214,
            -0.3924654722213745,
            -0.054222214967012405,
            0.03056938573718071,
            -2.9965906143188477,
            0.13577531278133392,
            0.28401586413383484,
            -0.13851703703403473,
            -0.5862269997596741,
            0.4876185655593872,
            -0.6510313153266907,
            -0.9232237339019775,
            0.6680620312690735,
            -3.993511299427155e-08,
            -0.421223521232605,
            0.045387353748083115,
            0.790527880191803,
            0.006366303656250238,
            0.0,
            0.0,
            0.0,
            1.0,
            0.0,
            0.0,
            0.0
        ],