{
    "action": {
        "min": [
            0.0,
            0.0,
            0.0,
            0.0,
            0.0,
            0.0,
            -10.0,
            0.0,
            0.0,
            0.0,
            0.0,
            0.0
        ],
        "max": [
            0.0,
            0.0,
            0.0,
            0.0,
            0.0,
            0.0,
            9.996841430664062,
            0.0,
            0.0,
            0.0,
            0.0,
            0.0
        ],
        "mean": [
            0.0,
            0.0,
            0.0,
            0.0,
            0.0,
            0.0,
            0.6386131048202515,
            0.0,
            0.0,
            0.0,
            0.0,
            0.0
        ],
        "std": [
            0.0,
            0.0,
            0.0,
            0.0,
            0.0,
            0.0,
            7.09650182723999,
            0.0,
            0.0,
            0.0,
            0.0,
            0.0
        ],
        "count": [
            200
        ],
        "q01": [
            3.9995784462121265e-16,
            3.9995784462121265e-16,
            3.9995784462121265e-16,
            3.9995784462121265e-16,
            3.9995784462121265e-16,
            3.9995784462121265e-16,
            -10.0,
            3.9995784462121265e-16,
            3.9995784462121265e-16,
            3.9995784462121265e-16,
            3.9995784462121265e-16,
            3.9995784462121265e-16
        ],
        "q10": [
            3.999578446212126e-15,
            3.999578446212126e-15,
            3.999578446212126e-15,
            3.999578446212126e-15,
            3.999578446212126e-15,
            3.999578446212126e-15,
            -9.42809009552002,
            3.999578446212126e-15,
            3.999578446212126e-15,
            3.999578446212126e-15,
            3.999578446212126e-15,
            3.999578446212126e-15
        ],
        "q50": [
            1.9997892231060632e-14,
            1.9997892231060632e-14,
            1.9997892231060632e-14,
            1.9997892231060632e-14,
            1.9997892231060632e-14,
            1.9997892231060632e-14,
            1.3782024383544922,
            1.9997892231060632e-14,
            1.9997892231060632e-14,
            1.9997892231060632e-14,
            1.9997892231060632e-14,
            1.9997892231060632e-14
        ],
        "q90": [
            3.599620601590914e-14,
            3.599620601590914e-14,
            3.599620601590914e-14,
            3.599620601590914e-14,
            3.599620601590914e-14,
            3.599620601590914e-14,
            9.548912048339844,
            3.599620601590914e-14,
            3.599620601590914e-14,
            3.599620601590914e-14,
            3.599620601590914e-14,
            3.599620601590914e-14
        ],
        "q99": [
            3.959582661750005e-14,
            3.959582661750005e-14,
            3.959582661750005e-14,
            3.959582661750005e-14,
            3.959582661750005e-14,
            3.959582661750005e-14,
            9.994841575622559,
            3.959582661750005e-14,
            3.959582661750005e-14,
            3.959582661750005e-14,
            3.959582661750005e-14,
            3.959582661750005e-14
        ]
    },
    "observation.state": {
        "min": [
            -0.24047242105007172,
            -7.849311828613281,
            0.010256410576403141,
            0.23857957124710083,
            -9.696208953857422,
            -0.6788766980171204,
            -0.6899623274803162,
            -19.854141235351562,
            0.8644688725471497,
            0.08483558893203735,
            -20.777589797973633,
            -0.190476194024086,
            -0.13187602162361145,
            -4.197493076324463,
            0.06178266182541847,
            0.04395867511630058,
            -3.497910737991333,
            -0.018803419545292854,
            -8.749504089355469,
            -127.89761352539062,
            -1.0153846740722656,
            -0.39286255836486816,
            -8.772760391235352,
            -0.1318681389093399,
            0.07411323487758636,
            -17.083797454833984,
            -0.9816849827766418,
            0.4580567181110382,
            -16.160348892211914,
            -1.0109890699386597,
            0.61542147397995,
            -5.5966572761535645,
            -0.43785104155540466,
            0.07692768424749374,
            -4.197493076324463,
            -0.06715507060289383,
            0.0,
            0.0,
            0.0,
            1.0,
            0.0,
            0.0,
            0.0
        ],
        "max": [
            -0.10859639942646027,
            8.772760391235352,
            0.2974359095096588,
            0.2605589032173157,
            8.772760391235352,
            -0.34676435589790344,
            -0.6240242719650269,
            18.930692672729492,
            1.216117262840271,
            0.1068149283528328,
            19.854141235351562,
            0.07326007634401321,
            -0.1098966896533966,
            4.897075176239014,
            0.11550671607255936,
            0.06593801081180573,
            5.5966572761535645,
            0.045665446668863297,
            8.548234939575195,
            131.59140014648438,
            1.2273504734039307,
            -0.17306916415691376,
            7.849311828613281,
            0.7374847531318665,
            0.5356793403625488,
            16.160348892211914,
            -0.2490842491388321,
            0.5020154118537903,
            17.083797454833984,
            -0.8351648449897766,
            0.6483904719352722,
            6.296239376068115,
            -0.3518925607204437,
            0.1098966896533966,
            6.296239376068115,
            0.010744811035692692,
            0.0,
            0.0,
            0.0,
            1.0,
            0.0,
            0.0,
            0.0
        ],
        "mean": [
            -0.16475361585617065,
            -0.6002416014671326,
            0.14772649109363556,
            0.24737104773521423,
            -0.4571068584918976,
            -0.5246397852897644,
            -0.6687526702880859,
            0.07387584447860718,
            1.0640296936035156,
            0.1047271192073822,
            1.0296449661254883,
            -0.07311362028121948,
            -0.1215457171201706,
            0.024485358968377113,
            0.07866549491882324,
            0.0482446514070034,
            0.8290051221847534,
            0.003021978074684739,
            0.1593806892633438,
            4.2432451248168945,
            0.10225643962621689,
            -0.2986811697483063,
            -0.15236911177635193,
            0.3987790644168854,
            0.25841009616851807,
            -0.6925861835479736,
            -0.5437362790107727,
            0.4837721884250641,
            0.15698619186878204,
            -0.9151650071144104,
            0.6351478099822998,
            0.04197497293353081,
            -0.40094253420829773,
            0.08940103650093079,
            0.6646031141281128,
            -0.020388295873999596,
            0.0,
            0.0,
            0.0,
            1.0,
            0.0,
            0.0,
            0.0
        ],