{
    "action": {
        "min": [
            0.0,
            0.0,
            -9.999802589416504,
            0.0,
            0.0,
            0.0,
            0.0,
            0.0,
            0.0,
            0.0,
            0.0,
            0.0
        ],
        "max": [
            0.0,
            0.0,
            9.999210357666016,
            0.0,
            0.0,
            0.0,
            0.0,
            0.0,
            0.0,
            0.0,
            0.0,
            0.0
        ],
        "mean": [
            0.0,
            0.0,
            0.23768490552902222,
            0.0,
            0.0,
            0.0,
            0.0,
            0.0,
            0.0,
            0.0,
            0.0,
            0.0
        ],
        "std": [
            0.0,
            0.0,
            7.011688232421875,
            0.0,
            0.0,
            0.0,
            0.0,
            0.0,
            0.0,
            0.0,
            0.0,
            0.0
        ],
        "count": [
            200
        ],
        "q01": [
            3.9995784462121265e-16,
            3.9995784462121265e-16,
            -9.991803169250488,
            3.9995784462121265e-16,
            3.9995784462121265e-16,
            3.9995784462121265e-16,
            3.9995784462121265e-16,
            3.9995784462121265e-16,
            3.9995784462121265e-16,
            3.9995784462121265e-16,
            3.9995784462121265e-16,
            3.9995784462121265e-16
        ],
        "q10": [
            3.999578446212126e-15,
            3.999578446212126e-15,
            -9.487828254699707,
            3.999578446212126e-15,
            3.999578446212126e-15,
            3.999578446212126e-15,
            3.999578446212126e-15,
            3.999578446212126e-15,
            3.999578446212126e-15,
            3.999578446212126e-15,
            3.999578446212126e-15,
            3.999578446212126e-15
        ],
        "q50": [
            1.9997892231060632e-14,
            1.9997892231060632e-14,
            0.5676746368408203,
            1.9997892231060632e-14,
            1.9997892231060632e-14,
            1.9997892231060632e-14,
            1.9997892231060632e-14,
            1.9997892231060632e-14,
            1.9997892231060632e-14,
            1.9997892231060632e-14,
            1.9997892231060632e-14,
            1.9997892231060632e-14
        ],
        "q90": [
            3.599620601590914e-14,
            3.599620601590914e-14,
            9.4512357711792,
            3.599620601590914e-14,
            3.599620601590914e-14,
            3.599620601590914e-14,
            3.599620601590914e-14,
            3.599620601590914e-14,
            3.599620601590914e-14,
            3.599620601590914e-14,
            3.599620601590914e-14,
            3.599620601590914e-14
        ],
        "q99": [
            3.959582661750005e-14,
            3.959582661750005e-14,
            9.995209693908691,
            3.959582661750005e-14,
            3.959582661750005e-14,
            3.959582661750005e-14,
            3.959582661750005e-14,
            3.959582661750005e-14,
            3.959582661750005e-14,
            3.959582661750005e-14,
            3.959582661750005e-14,
            3.959582661750005e-14
        ]
    },
    "observation.state": {
        "min": [
            -0.6580798625946045,
            -18.930692672729492,
            -0.7555555701255798,
            0.018786191940307617,
            -10.619657516479492,
            -2.124542236328125,
            -11.086189270019531,
            -211.0079803466797,
            -6.754578590393066,
            -0.28881314396858215,
            -38.32311248779297,
            -0.8937729001045227,
            -0.08791735023260117,
            -5.5966572761535645,
            -0.013431013561785221,
            -0.1098966896533966,
            -4.897075176239014,
            0.04297924414277077,
            -0.3094386160373688,
            -11.543106079101562,
            -0.6256410479545593,
            -0.5247385501861572,
            -14.313450813293457,
            -0.3760683834552765,
            -1.8161097764968872,
            -81.72518920898438,
            -5.435897350311279,
            0.3481600284576416,
            -22.624486923217773,
            -1.3040293455123901,
            0.5494834184646606,
            -10.493732452392578,
            -0.5157509446144104,
            -0.010989668779075146,
            -5.5966572761535645,
            -0.051037851721048355,
            0.0,
            0.0,
            0.0,
            1.0,
            0.0,
            0.0,
            0.0
        ],
        "max": [
            0.3090110123157501,
            13.390002250671387,
            1.172649621963501,
            0.7221249938011169,
            14.313450813293457,
            0.3076923191547394,
            8.519380569458008,
            223.01280212402344,
            8.395604133605957,
            0.34858763217926025,
            38.32311248779297,
            0.9230769276618958,
            0.02197933755815029,
            8.394986152648926,
            0.07252747565507889,
            -0.04395867511630058,
            10.493732452392578,
            0.1289377361536026,
            0.32796216011047363,
            14.313450813293457,
            0.4615384638309479,
            -0.06317248195409775,
            10.619657516479492,
            0.8937729001045227,
            2.337985038757324,
            69.7203598022461,
            4.263736248016357,
            0.6338914036750793,
            20.777589797973633,
            -0.6007326245307922,
            0.7802664637565613,
            8.394986152648926,
            -0.3304029405117035,
            0.1098966896533966,
            8.394986152648926,
            0.056410256773233414,
            0.0,
            0.0,
            0.0,
            1.0,
            0.0,
            0.0,
            0.0
        ],
        "mean": [
            -0.14804935455322266,
            -0.48481038212776184,
            0.11565813422203064,
            0.2735264301300049,
            -0.19392409920692444,
            -0.567179262638092,
            -0.692709743976593,
            -0.503278911113739,
            1.2375088930130005,
            0.07989039272069931,
            0.2354794293642044,
            -0.03487181290984154,
            -0.04884910583496094,
            0.013991679064929485,
            0.032274745404720306,
            -0.07994994521141052,
            0.8464944958686829,
            0.08742249757051468,
            0.03179055079817772,
            -0.4571070969104767,
            -0.09856411814689636,
            -0.28197693824768066,
            -0.4709586799144745,
            0.379047691822052,
            0.3286338448524475,
            0.7064381241798401,
            -0.6685714721679688,
            0.5028951168060303,
            -0.20315858721733093,
            -0.9460804462432861,
            0.6566333174705505,
            0.06646034866571426,
            -0.4148035943508148,
            0.05011291056871414,
            0.8150135278701782,
            0.0036532371304929256,
            0.0,
            0.0,
            0.0,
            1.0,
            0.0,
            0.0,
            0.0
        ],