{
    "action": {
        "min": [
            0.0,
            0.0,
            0.0,
            0.0,
            0.0,
            0.0,
            0.0,
            0.0,
            0.0,
            0.0,
            -9.980267524719238,
            0.0
        ],
        "max": [
            0.0,
            0.0,
            0.0,
            0.0,
            0.0,
            0.0,
            0.0,
            0.0,
            0.0,
            0.0,
            9.980267524719238,
            0.0
        ],
        "mean": [
            0.0,
            0.0,
            0.0,
            0.0,
            0.0,
            0.0,
            0.0,
            0.0,
            0.0,
            0.0,
            3.4809113458322827e-07,
            0.0
        ],
        "std": [
            0.0,
            0.0,
            0.0,
            0.0,
            0.0,
            0.0,
            0.0,
            0.0,
            0.0,
            0.0,
            7.07106876373291,
            0.0
        ],
        "count": [
            200
        ],
        "q01": [
            3.9995784462121265e-16,
            3.9995784462121265e-16,
            3.9995784462121265e-16,
            3.9995784462121265e-16,
            3.9995784462121265e-16,
            3.9995784462121265e-16,
            3.9995784462121265e-16,
            3.9995784462121265e-16,
            3.9995784462121265e-16,
            3.9995784462121265e-16,
            -9.980267524719238,
            3.9995784462121265e-16
        ],
        "q10": [
            3.999578446212126e-15,
            3.999578446212126e-15,
            3.999578446212126e-15,
            3.999578446212126e-15,
            3.999578446212126e-15,
            3.999578446212126e-15,
            3.999578446212126e-15,
            3.999578446212126e-15,
            3.999578446212126e-15,
            3.999578446212126e-15,
            -9.511195182800293,
            3.999578446212126e-15
        ],
        "q50": [
            1.9997892231060632e-14,
            1.9997892231060632e-14,
            1.9997892231060632e-14,
            1.9997892231060632e-14,
            1.9997892231060632e-14,
            1.9997892231060632e-14,
            1.9997892231060632e-14,
            1.9997892231060632e-14,
            1.9997892231060632e-14,
            1.9997892231060632e-14,
            -0.001995086669921875,
            1.9997892231060632e-14
        ],
        "q90": [
            3.599620601590914e-14,
            3.599620601590914e-14,
            3.599620601590914e-14,
            3.599620601590914e-14,
            3.599620601590914e-14,
            3.599620601590914e-14,
            3.599620601590914e-14,
            3.599620601590914e-14,
            3.599620601590914e-14,
            3.599620601590914e-14,
            9.51119613647461,
            3.599620601590914e-14
        ],
        "q99": [
            3.959582661750005e-14,
            3.959582661750005e-14,
            3.959582661750005e-14,
            3.959582661750005e-14,
            3.959582661750005e-14,
            3.959582661750005e-14,
            3.959582661750005e-14,
            3.959582661750005e-14,
            3.959582661750005e-14,
            3.959582661750005e-14,
            9.979269981384277,
            3.959582661750005e-14
        ]
    },
    "observation.state": {
        "min": [
            -0.174534410238266,
            -6.002415180206299,
            0.07179487496614456,
            0.23857957124710083,
            -11.543106079101562,
            -0.7374847531318665,
            -0.6899623274803162,
            -17.083797454833984,
            0.8644688725471497,
            0.06285625696182251,
            -13.390002250671387,
            -0.10256410390138626,
            -0.06593801081180573,
            -4.897075176239014,
            0.016117217019200325,
            -0.1098966896533966,
            -3.497910737991333,
            0.07521367818117142,
            -0.0017279012827202678,
            -6.925863265991211,
            -0.14700855314731598,
            -0.3049452006816864,
            -10.619657516479492,
            0.21001221239566803,
            0.2499479353427887,
            -17.083797454833984,
            -0.6593406796455383,
            0.48003605008125305,
            -19.854141235351562,
            -1.0109890699386597,
            -9.165384292602539,
            -136.41851806640625,
            -0.5721611976623535,
            0.0,
            -9.094568252563477,
            -0.05909645929932594,
            0.0,
            0.0,
            0.0,
            1.0,
            0.0,
            0.0,
            0.0
        ],
        "max": [
            -0.15255507826805115,
            6.002415180206299,
            0.2153846174478531,
            0.2605589032173157,
            7.849311828613281,
            -0.34676435589790344,
            -0.6460036039352417,
            31.858972549438477,
            1.216117262840271,
            0.08483558893203735,
            20.777589797973633,
            0.10256410390138626,
            -0.04395867511630058,
            5.5966572761535645,
            0.0644688680768013,
            -0.08791735023260117,
            8.394986152648926,
            0.11550671607255936,
            0.020251436159014702,
            5.0789666175842285,
            0.003418803447857499,
            -0.28296586871147156,
            9.696208953857422,
            0.5811966061592102,
            0.27192726731300354,
            17.083797454833984,
            -0.48351648449897766,
            0.5020154118537903,
            18.930692672729492,
            -0.8058608174324036,
            9.352208137512207,
            135.0193634033203,
            0.3518925607204437,
            0.12088635563850403,
            8.394986152648926,
            0.056410256773233414,
            0.0,
            0.0,
            0.0,
            1.0,
            0.0,
            0.0,
            0.0
        ],
        "mean": [
            -0.16980871558189392,
            -0.6464138627052307,
            0.14926494657993317,
            0.2455027550458908,
            -0.8588071465492249,
            -0.5155067443847656,
            -0.6679836511611938,
            -0.40631741285324097,
            1.0681322813034058,
            0.06648298352956772,
            0.747993528842926,
            -0.013479853048920631,
            -0.056322112679481506,
            -0.02448536828160286,
            0.036895010620355606,
            -0.09203856438398361,
            0.8499924540519714,
            0.09596459567546844,
            0.020031671971082687,
            -0.40170010924339294,
            -0.08211967349052429,
            -0.30351725220680237,
            -0.2585657238960266,
            0.4120146930217743,
            0.2639044523239136,
            -0.7664620876312256,
            -0.5509148240089417,
            0.4843217134475708,
            0.16160352528095245,
            -0.9246890544891357,
            0.37370383739471436,
            -3.183098077774048,
            -0.12755434215068817,
            0.05027777701616287,
            0.8534899353981018,
            0.0034249082673341036,
            0.0,
            0.0,
            0.0,
            1.0,
            0.0,
            0.0,
            0.0
        ],