{
    "action": {
        "min": [
            0.0,
            0.0,
            0.0,
            0.0,
            0.0,
            0.0,
            0.0,
            0.0,
            -10.0,
            0.0,
            0.0,
            0.0
        ],
        "max": [
            0.0,
            0.0,
            0.0,
            0.0,
            0.0,
            0.0,
            0.0,
            0.0,
            10.0,
            0.0,
            0.0,
            0.0
        ],
        "mean": [
            0.0,
            0.0,
            0.0,
            0.0,
            0.0,
            0.0,
            0.0,
            0.0,
            1.5497207073167374e-08,
            0.0,
            0.0,
            0.0
        ],
        "std": [
            0.0,
            0.0,
            0.0,
            0.0,
            0.0,
            0.0,
            0.0,
            0.0,
            7.071067810058594,
            0.0,
            0.0,
            0.0
        ],
        "count": [
            200
        ],
        "q01": [
            3.9995784462121265e-16,
            3.9995784462121265e-16,
            3.9995784462121265e-16,
            3.9995784462121265e-16,
            3.9995784462121265e-16,
            3.9995784462121265e-16,
            3.9995784462121265e-16,
            3.9995784462121265e-16,
            -10.0,
            3.9995784462121265e-16,
            3.9995784462121265e-16,
            3.9995784462121265e-16
        ],
        "q10": [
            3.999578446212126e-15,
            3.999578446212126e-15,
            3.999578446212126e-15,
            3.999578446212126e-15,
            3.999578446212126e-15,
            3.999578446212126e-15,
            3.999578446212126e-15,
            3.999578446212126e-15,
            -9.510000228881836,
            3.999578446212126e-15,
            3.999578446212126e-15,
            3.999578446212126e-15
        ],
        "q50": [
            1.9997892231060632e-14,
            1.9997892231060632e-14,
            1.9997892231060632e-14,
            1.9997892231060632e-14,
            1.9997892231060632e-14,
            1.9997892231060632e-14,
            1.9997892231060632e-14,
            1.9997892231060632e-14,
            0.0,
            1.9997892231060632e-14,
            1.9997892231060632e-14,
            1.9997892231060632e-14
        ],
        "q90": [
            3.599620601590914e-14,
            3.599620601590914e-14,
            3.599620601590914e-14,
            3.599620601590914e-14,
            3.599620601590914e-14,
            3.599620601590914e-14,
            3.599620601590914e-14,
            3.599620601590914e-14,
            9.510001182556152,
            3.599620601590914e-14,
            3.599620601590914e-14,
            3.599620601590914e-14
        ],
        "q99": [
            3.959582661750005e-14,
            3.959582661750005e-14,
            3.959582661750005e-14,
            3.959582661750005e-14,
            3.959582661750005e-14,
            3.959582661750005e-14,
            3.959582661750005e-14,
            3.959582661750005e-14,
            9.998400115966797,
            3.959582661750005e-14,
            3.959582661750005e-14,
            3.959582661750005e-14
        ]
    },
    "observation.state": {
        "min": [
            -0.5042244791984558,
            -27.241729736328125,
            -0.5299145579338074,
            -0.0031931453850120306,
            -11.543106079101562,
            -1.20634925365448,
            -2.931854724884033,
            -81.72518920898438,
            -5.113553047180176,
            -0.11297845095396042,
            -25.394832611083984,
            -0.8058608174324036,
            -0.17583470046520233,
            -6.995821475982666,
            0.026862027123570442,
            -0.2088037133216858,
            -6.296239376068115,
            0.06984127312898636,
            -0.46329399943351746,
            -18.007244110107422,
            -1.2478632926940918,
            -0.5247385501861572,
            -10.619657516479492,
            -0.21001221239566803,
            -8.21209716796875,
            -230.400390625,
            -9.069597244262695,
            0.26024267077445984,
            -27.241729736328125,
            -2.095238208770752,
            0.505524754524231,
            -13.292060852050781,
            -0.5641025900840759,
            -0.06593801081180573,
            -6.995821475982666,
            -0.04297924414277077,
            0.0,
            0.0,
            0.0,
            1.0,
            0.0,
            0.0,
            0.0
        ],
        "max": [
            0.22109366953372955,
            11.543106079101562,
            0.7692307829856873,
            0.41441425681114197,
            7.849311828613281,
            0.16117216646671295,
            1.969537615776062,
            104.8114013671875,
            5.641025543212891,
            0.2826496362686157,
            31.858972549438477,
            0.5421245694160461,
            -0.06593801081180573,
            10.493732452392578,
            0.1289377361536026,
            -0.08791735023260117,
            11.193314552307129,
            0.18534798920154572,
            0.43785884976387024,
            15.236899375915527,
            1.1111111640930176,
            -0.08515182137489319,
            9.696208953857422,
            1.0891331434249878,
            8.755951881408691,
            260.8741760253906,
            5.5531134605407715,
            0.787746787071228,
            24.471384048461914,
            -0.16117216646671295,
            0.8901631832122803,
            18.888717651367188,
            -0.3196581304073334,
            0.08791735023260117,
            8.394986152648926,
            0.08058608323335648,
            0.0,
            0.0,
            0.0,
            1.0,
            0.0,
            0.0,
            0.0
        ],
        "mean": [
            -0.18794184923171997,
            -0.3232070505619049,
            0.17623934149742126,
            0.24825026094913483,
            -0.7249069809913635,
            -0.5247860550880432,
            -0.6428167223930359,
            -2.470224618911743,
            1.0921610593795776,
            0.07967058569192886,
            0.8311038017272949,
            -0.03164835274219513,
            -0.10187438875436783,
            0.07695408165454865,
            0.06667156517505646,
            -0.12934856116771698,
            0.6855908036231995,
            0.1176825538277626,
            -0.012058177031576633,
            -0.3093551695346832,
            -0.03517947718501091,
            -0.30153849720954895,
            -0.7387586236000061,
            0.4049816429615021,
            0.7205252647399902,
            -6.828902721405029,
            -0.9509154558181763,
            0.4991585910320282,
            -0.868041455745697,
            -0.944322407245636,
            0.7134494185447693,
            0.23785793781280518,
            -0.45016735792160034,
            0.02670489065349102,
            0.776536226272583,
            0.01661417819559574,
            0.0,
            0.0,
            0.0,
            1.0,
            0.0,
            0.0,
            0.0
        ],