{
    "action": {
        "min": [
            0.0,
            -9.999210357666016,
            0.0,
            0.0,
            0.0,
            0.0,
            0.0,
            0.0,
            0.0,
            0.0,
            0.0,
            0.0
        ],
        "max": [
            0.0,
            9.999802589416504,
            0.0,
            0.0,
            0.0,
            0.0,
            0.0,
            0.0,
            0.0,
            0.0,
            0.0,
            0.0
        ],
        "mean": [
            0.0,
            0.3128361999988556,
            0.0,
            0.0,
            0.0,
            0.0,
            0.0,
            0.0,
            0.0,
            0.0,
            0.0,
            0.0
        ],
        "std": [
            0.0,
            7.091442584991455,
            0.0,
            0.0,
            0.0,
            0.0,
            0.0,
            0.0,
            0.0,
            0.0,
            0.0,
            0.0
        ],
        "count": [
            200
        ],
        "q01": [
            3.9995784462121265e-16,
            -9.9912109375,
            3.9995784462121265e-16,
            3.9995784462121265e-16,
            3.9995784462121265e-16,
            3.9995784462121265e-16,
            3.9995784462121265e-16,
            3.9995784462121265e-16,
            3.9995784462121265e-16,
            3.9995784462121265e-16,
            3.9995784462121265e-16,
            3.9995784462121265e-16
        ],
        "q10": [
            3.999578446212126e-15,
            -9.563231468200684,
            3.999578446212126e-15,
            3.999578446212126e-15,
            3.999578446212126e-15,
            3.999578446212126e-15,
            3.999578446212126e-15,
            3.999578446212126e-15,
            3.999578446212126e-15,
            3.999578446212126e-15,
            3.999578446212126e-15,
            3.999578446212126e-15
        ],
        "q50": [
            1.9997892231060632e-14,
            0.6922607421875,
            1.9997892231060632e-14,
            1.9997892231060632e-14,
            1.9997892231060632e-14,
            1.9997892231060632e-14,
            1.9997892231060632e-14,
            1.9997892231060632e-14,
            1.9997892231060632e-14,
            1.9997892231060632e-14,
            1.9997892231060632e-14,
            1.9997892231060632e-14
        ],
        "q90": [
            3.599620601590914e-14,
            9.531824111938477,
            3.599620601590914e-14,
            3.599620601590914e-14,
            3.599620601590914e-14,
            3.599620601590914e-14,
            3.599620601590914e-14,
            3.599620601590914e-14,
            3.599620601590914e-14,
            3.599620601590914e-14,
            3.599620601590914e-14,
            3.599620601590914e-14
        ],
        "q99": [
            3.959582661750005e-14,
            9.997135480244955,
            3.959582661750005e-14,
            3.959582661750005e-14,
            3.959582661750005e-14,
            3.959582661750005e-14,
            3.959582661750005e-14,
            3.959582661750005e-14,
            3.959582661750005e-14,
            3.959582661750005e-14,
            3.959582661750005e-14,
            3.959582661750005e-14
        ]
    },
    "observation.state": {
        "min": [
            -0.26245176792144775,
            -9.696208953857422,
            -0.07863248139619827,
            -8.77294921875,
            -81.72518920898438,
            -0.9230769276618958,
            -0.7339209914207458,
            -24.471384048461914,
            0.8351648449897766,
            0.06285625696182251,
            -16.160348892211914,
            -0.1318681389093399,
            -0.06593801081180573,
            -4.897075176239014,
            0.016117217019200325,
            -0.1098966896533966,
            -4.897075176239014,
            0.083272285759449,
            0.020251436159014702,
            -6.002415180206299,
            -0.20170940458774567,
            -0.32692453265190125,
            -8.772760391235352,
            0.28815630078315735,
            0.2499479353427887,
            -16.160348892211914,
            -0.6300366520881653,
            0.48003605008125305,
            -19.854141235351562,
            -1.0402930974960327,
            0.6374008059501648,
            -5.5966572761535645,
            -0.4432234466075897,
            0.02197933755815029,
            -4.197493076324463,
            -0.013431013561785221,
            0.0,
            0.0,
            0.0,
            1.0,
            0.0,
            0.0,
            0.0
        ],
        "max": [
            -0.10859639942646027,
            9.696208953857422,
            0.44102564454078674,
            8.876459121704102,
            81.72518920898438,
            1.0305250883102417,
            -0.5800656080245972,
            21.701038360595703,
            1.245421290397644,
            0.08483558893203735,
            19.854141235351562,
            0.10256410390138626,
            -0.04395867511630058,
            5.5966572761535645,
            0.06178266182541847,
            -0.08791735023260117,
            7.695404052734375,
            0.1289377361536026,
            0.06421010941267014,
            6.002415180206299,
            -0.023931624367833138,
            -0.3049452006816864,
            7.849311828613281,
            0.6007326245307922,
            0.27192726731300354,
            14.313450813293457,
            -0.48351648449897766,
            0.5020154118537903,
            19.854141235351562,
            -0.8058608174324036,
            0.6593801379203796,
            4.197493076324463,
            -0.37069597840309143,
            0.04395867511630058,
            6.296239376068115,
            0.051037851721048355,
            0.0,
            0.0,
            0.0,
            1.0,
            0.0,
            0.0,
            0.0
        ],
        "mean": [
            -0.16816039383411407,
            -0.7110555768013,
            0.1516239494085312,
            0.6381640434265137,
            -3.4306118488311768,
            -0.12722831964492798,
            -0.6690821647644043,
            0.3509104549884796,
            1.0715023279190063,
            0.07208773493766785,
            0.2770344913005829,
            -0.020659342408180237,
            -0.05873986333608627,
            0.003497892525047064,
            0.03763372078537941,
            -0.10445702821016312,
            0.7520509362220764,
            0.10132353007793427,
            0.02904314361512661,
            -0.5725380778312683,
            -0.09917949885129929,
            -0.32022085785865784,
            -0.2170105129480362,
            0.4418070316314697,
            0.2683003544807434,
            -0.8772760629653931,
            -0.5535523295402527,
            0.4983881711959839,
            -0.8911277055740356,
            -0.9389011263847351,
            0.6549843549728394,
            0.02448536455631256,
            -0.41261401772499084,
            0.03461745008826256,
            0.6541094779968262,
            0.013175835832953453,
            0.0,
            0.0,
            0.0,
            1.0,
            0.0,
            0.0,
            0.0
        ],