{
    "action": {
        "min": [
            0.0,
            0.0,
            0.0,
            0.0,
            0.0,
            -10.0,
            0.0,
            0.0,
            0.0,
            0.0,
            0.0,
            0.0
        ],
        "max": [
            0.0,
            0.0,
            0.0,
            0.0,
            0.0,
            9.996841430664062,
            0.0,
            0.0,
            0.0,
            0.0,
            0.0,
            0.0
        ],
        "mean": [
            0.0,
            0.0,
            0.0,
            0.0,
            0.0,
            0.6386131048202515,
            0.0,
            0.0,
            0.0,
            0.0,
            0.0,
            0.0
        ],
        "std": [
            0.0,
            0.0,
            0.0,
            0.0,
            0.0,
            7.09650182723999,
            0.0,
            0.0,
            0.0,
            0.0,
            0.0,
            0.0
        ],
        "count": [
            200
        ],
        "q01": [
            3.9995784462121265e-16,
            3.9995784462121265e-16,
            3.9995784462121265e-16,
            3.9995784462121265e-16,
            3.9995784462121265e-16,
            -10.0,
            3.9995784462121265e-16,
            3.9995784462121265e-16,
            3.9995784462121265e-16,
            3.9995784462121265e-16,
            3.9995784462121265e-16,
            3.9995784462121265e-16
        ],
        "q10": [
            3.999578446212126e-15,
            3.999578446212126e-15,
            3.999578446212126e-15,
            3.999578446212126e-15,
            3.999578446212126e-15,
            -9.42809009552002,
            3.999578446212126e-15,
            3.999578446212126e-15,
            3.999578446212126e-15,
            3.999578446212126e-15,
            3.999578446212126e-15,
            3.999578446212126e-15
        ],
        "q50": [
            1.9997892231060632e-14,
            1.9997892231060632e-14,
            1.9997892231060632e-14,
            1.9997892231060632e-14,
            1.9997892231060632e-14,
            1.3782024383544922,
            1.9997892231060632e-14,
            1.9997892231060632e-14,
            1.9997892231060632e-14,
            1.9997892231060632e-14,
            1.9997892231060632e-14,
            1.9997892231060632e-14
        ],
        "q90": [
            3.599620601590914e-14,
            3.599620601590914e-14,
            3.599620601590914e-14,
            3.599620601590914e-14,
            3.599620601590914e-14,
            9.548912048339844,
            3.599620601590914e-14,
            3.599620601590914e-14,
            3.599620601590914e-14,
            3.599620601590914e-14,
            3.599620601590914e-14,
            3.599620601590914e-14
        ],
        "q99": [
            3.959582661750005e-14,
            3.959582661750005e-14,
            3.959582661750005e-14,
            3.959582661750005e-14,
            3.959582661750005e-14,
            9.994841575622559,
            3.959582661750005e-14,
            3.959582661750005e-14,
            3.959582661750005e-14,
            3.959582661750005e-14,
            3.959582661750005e-14,
            3.959582661750005e-14
        ]
    },
    "observation.state": {
        "min": [
            -0.174534410238266,
            -7.849311828613281,
            0.05811965838074684,
            0.23857957124710083,
            -7.849311828613281,
            -0.6984127163887024,
            -0.6899623274803162,
            -21.701038360595703,
            0.8644688725471497,
            0.08483558893203735,
            -21.701038360595703,
            -0.190476194024086,
            -0.6703698039054871,
            -12.59247875213623,
            -0.23369963467121124,
            -6.40697717666626,
            -137.11810302734375,
            -1.7487179040908813,
            0.020251436159014702,
            -5.0789666175842285,
            -0.19487179815769196,
            -0.32692453265190125,
            -9.696208953857422,
            0.29792430996894836,
            0.2499479353427887,
            -16.160348892211914,
            -0.6300366520881653,
            0.4580567181110382,
            -17.083797454833984,
            -1.0109890699386597,
            0.6264111399650574,
            -4.897075176239014,
            -0.4512820541858673,
            0.07692768424749374,
            -4.897075176239014,
            -0.06984127312898636,
            0.0,
            0.0,
            0.0,
            1.0,
            0.0,
            0.0,
            0.0
        ],
        "max": [
            -0.1305757462978363,
            6.002415180206299,
            0.2290598303079605,
            0.2605589032173157,
            8.772760391235352,
            -0.28815630078315735,
            -0.6460036039352417,
            13.390002250671387,
            1.186813235282898,
            0.1068149283528328,
            18.007244110107422,
            0.04395604506134987,
            0.2088037133216858,
            17.489553451538086,
            0.39218559861183167,
            9.011528015136719,
            156.70640563964844,
            0.5855922102928162,
            0.04223077371716499,
            5.0789666175842285,
            -0.03076923079788685,
            -0.3049452006816864,
            9.696208953857422,
            0.5909646153450012,
            0.27192726731300354,
            16.160348892211914,
            -0.4542124569416046,
            0.5020154118537903,
            15.236899375915527,
            -0.7765567898750305,
            0.6593801379203796,
            4.897075176239014,
            -0.37069597840309143,
            0.09890701621770859,
            5.5966572761535645,
            0.021489622071385384,
            0.0,
            0.0,
            0.0,
            1.0,
            0.0,
            0.0,
            0.0
        ],
        "mean": [
            -0.1562916785478592,
            -0.4801933765411377,
            0.1367179900407791,
            0.24737106263637543,
            -0.6648827195167542,
            -0.5158975720405579,
            -0.6679836511611938,
            -0.4017000198364258,
            1.069451093673706,
            0.10571618378162384,
            0.8588072061538696,
            -0.07150188833475113,
            -0.2324315905570984,
            -0.006995930802077055,
            0.14016605913639069,
            0.8941192030906677,
            5.260858058929443,
            -0.27076923847198486,
            0.03937338665127754,
            -0.4940449595451355,
            -0.10772649943828583,
            -0.31593501567840576,
            -0.4432551860809326,
            0.43150168657302856,
            0.2587393522262573,
            -0.4755759537220001,
            -0.5437353253364563,
            0.48014572262763977,
            -0.9696208834648132,
            -0.9112092852592468,
            0.6458081603050232,
            0.1644018143415451,
            -0.4049316644668579,
            0.08665356040000916,
            0.5771554708480835,
            -0.021691102534532547,
            0.0,
            0.0,
            0.0,
            1.0,
            0.0,
            0.0,
            0.0
        ],