{
    "action": {
        "min": [
            0.0,
            0.0,
            0.0,
            0.0,
            0.0,
            0.0,
            0.0,
            -9.999210357666016,
            0.0,
            0.0,
            0.0,
            0.0
        ],
        "max": [
            0.0,
            0.0,
            0.0,
            0.0,
            0.0,
            0.0,
            0.0,
            9.999210357666016,
            0.0,
            0.0,
            0.0,
            0.0
        ],
        "mean": [
            0.0,
            0.0,
            0.0,
            0.0,
            0.0,
            0.0,
            0.0,
            1.1843785047531128,
            0.0,
            0.0,
            0.0,
            0.0
        ],
        "std": [
            0.0,
            0.0,
            0.0,
            0.0,
            0.0,
            0.0,
            0.0,
            7.0770487785339355,
            0.0,
            0.0,
            0.0,
            0.0
        ],
        "count": [
            200
        ],
        "q01": [
            3.9995784462121265e-16,
            3.9995784462121265e-16,
            3.9995784462121265e-16,
            3.9995784462121265e-16,
            3.9995784462121265e-16,
            3.9995784462121265e-16,
            3.9995784462121265e-16,
            -9.993210792541504,
            3.9995784462121265e-16,
            3.9995784462121265e-16,
            3.9995784462121265e-16,
            3.9995784462121265e-16
        ],
        "q10": [
            3.999578446212126e-15,
            3.999578446212126e-15,
            3.999578446212126e-15,
            3.999578446212126e-15,
            3.999578446212126e-15,
            3.999578446212126e-15,
            3.999578446212126e-15,
            -9.34326171875,
            3.999578446212126e-15,
            3.999578446212126e-15,
            3.999578446212126e-15,
            3.999578446212126e-15
        ],
        "q50": [
            1.9997892231060632e-14,
            1.9997892231060632e-14,
            1.9997892231060632e-14,
            1.9997892231060632e-14,
            1.9997892231060632e-14,
            1.9997892231060632e-14,
            1.9997892231060632e-14,
            2.2438220977783203,
            1.9997892231060632e-14,
            1.9997892231060632e-14,
            1.9997892231060632e-14,
            1.9997892231060632e-14
        ],
        "q90": [
            3.599620601590914e-14,
            3.599620601590914e-14,
            3.599620601590914e-14,
            3.599620601590914e-14,
            3.599620601590914e-14,
            3.599620601590914e-14,
            3.599620601590914e-14,
            9.655237197875977,
            3.599620601590914e-14,
            3.599620601590914e-14,
            3.599620601590914e-14,
            3.599620601590914e-14
        ],
        "q99": [
            3.959582661750005e-14,
            3.959582661750005e-14,
            3.959582661750005e-14,
            3.959582661750005e-14,
            3.959582661750005e-14,
            3.959582661750005e-14,
            3.959582661750005e-14,
            9.995210647583008,
            3.959582661750005e-14,
            3.959582661750005e-14,
            3.959582661750005e-14,
            3.959582661750005e-14
        ]
    },
    "observation.state": {
        "min": [
            -0.174534410238266,
            -6.002415180206299,
            0.07179487496614456,
            0.23857957124710083,
            -8.772760391235352,
            -0.6788766980171204,
            -0.6899623274803162,
            -18.007244110107422,
            0.8937729001045227,
            0.1068149283528328,
            -18.930692672729492,
            -0.190476194024086,
            -0.13187602162361145,
            -6.296239376068115,
            0.05909645929932594,
            0.0549483448266983,
            -3.497910737991333,
            -0.026862027123570442,
            0.020251436159014702,
            -7.849311828613281,
            -0.2769230902194977,
            -9.470329284667969,
            -54.02173614501953,
            -0.42490842938423157,
            0.22796858847141266,
            -17.083797454833984,
            -0.6593406796455383,
            0.48003605008125305,
            -20.777589797973633,
            -1.0402930974960327,
            0.5714628100395203,
            -5.5966572761535645,
            -0.4056166112422943,
            0.04395867511630058,
            -4.197493076324463,
            -0.045665446668863297,
            0.0,
            0.0,
            0.0,
            1.0,
            0.0,
            0.0,
            0.0
        ],
        "max": [
            -0.1305757462978363,
            7.849311828613281,
            0.19487179815769196,
            0.2605589032173157,
            10.619657516479492,
            -0.34676435589790344,
            -0.6679829359054565,
            14.313450813293457,
            1.216117262840271,
            0.1068149283528328,
            18.007244110107422,
            0.014652014710009098,
            -0.1098966896533966,
            5.5966572761535645,
            0.09401709586381912,
            0.07692768424749374,
            6.296239376068115,
            0.008058608509600163,
            0.10816878825426102,
            5.0789666175842285,
            -0.05128205195069313,
            9.21210765838623,
            54.94518280029297,
            0.9035409092903137,
            0.33786529302597046,
            17.083797454833984,
            -0.4542124569416046,
            0.5020154118537903,
            21.701038360595703,
            -0.8058608174324036,
            0.6044318079948425,
            5.5966572761535645,
            -0.34383395314216614,
            0.06593801081180573,
            6.296239376068115,
            0.03223443403840065,
            0.0,
            0.0,
            0.0,
            1.0,
            0.0,
            0.0,
            0.0
        ],
        "mean": [
            -0.15651153028011322,
            -0.309355229139328,
            0.13805125653743744,
            0.252646267414093,
            -0.04155521094799042,
            -0.528693437576294,
            -0.6684232354164124,
            -0.3924656808376312,
            1.0591944456100464,
            0.1068151667714119,
            1.7360835075378418,
            -0.08249089866876602,
            -0.12132593244314194,
            -0.03497912734746933,
            0.07686574012041092,
            0.06659740209579468,
            0.7275657057762146,
            -0.007910875603556633,
            0.06058340519666672,
            -0.5494517683982849,
            -0.14017091691493988,
            0.7102803587913513,
            3.38905668258667,
            0.15282048285007477,
            0.2696191370487213,
            -0.0738757774233818,
            -0.5583875179290771,
            0.49761879444122314,
            -0.6833518147468567,
            -0.9350911974906921,
            0.5872326493263245,
            -0.12242688983678818,
            -0.37116608023643494,
            0.05819034203886986,
            0.7450552582740784,
            -0.001168498070910573,
            0.0,
            0.0,
            0.0,
            1.0,
            0.0,
            0.0,
            0.0
        ],