{
    "action": {
        "min": [
            0.0,
            0.0,
            0.0,
            0.0,
            0.0,
            0.0,
            0.0,
            0.0,
            0.0,
            0.0,
            -9.999802589416504,
            0.0
        ],
        "max": [
            0.0,
            0.0,
            0.0,
            0.0,
            0.0,
            0.0,
            0.0,
            0.0,
            0.0,
            0.0,
            9.999210357666016,
            0.0
        ],
        "mean": [
            0.0,
            0.0,
            0.0,
            0.0,
            0.0,
            0.0,
            0.0,
            0.0,
            0.0,
            0.0,
            0.23768490552902222,
            0.0
        ],
        "std": [
            0.0,
            0.0,
            0.0,
            0.0,
            0.0,
            0.0,
            0.0,
            0.0,
            0.0,
            0.0,
            7.011688232421875,
            0.0
        ],
        "count": [
            200
        ],
        "q01": [
            3.9995784462121265e-16,
            3.9995784462121265e-16,
            3.9995784462121265e-16,
            3.9995784462121265e-16,
            3.9995784462121265e-16,
            3.9995784462121265e-16,
            3.9995784462121265e-16,
            3.9995784462121265e-16,
            3.9995784462121265e-16,
            3.9995784462121265e-16,
            -9.991803169250488,
            3.9995784462121265e-16
        ],
        "q10": [
            3.999578446212126e-15,
            3.999578446212126e-15,
            3.999578446212126e-15,
            3.999578446212126e-15,
            3.999578446212126e-15,
            3.999578446212126e-15,
            3.999578446212126e-15,
            3.999578446212126e-15,
            3.999578446212126e-15,
            3.999578446212126e-15,
            -9.487828254699707,
            3.999578446212126e-15
        ],
        "q50": [
            1.9997892231060632e-14,
            1.9997892231060632e-14,
            1.9997892231060632e-14,
            1.9997892231060632e-14,
            1.9997892231060632e-14,
            1.9997892231060632e-14,
            1.9997892231060632e-14,
            1.9997892231060632e-14,
            1.9997892231060632e-14,
            1.9997892231060632e-14,
            0.5676746368408203,
            1.9997892231060632e-14
        ],
        "q90": [
            3.599620601590914e-14,
            3.599620601590914e-14,
            3.599620601590914e-14,
            3.599620601590914e-14,
            3.599620601590914e-14,
            3.599620601590914e-14,
            3.599620601590914e-14,
            3.599620601590914e-14,
            3.599620601590914e-14,
            3.599620601590914e-14,
            9.4512357711792,
            3.599620601590914e-14
        ],
        "q99": [
            3.959582661750005e-14,
            3.959582661750005e-14,
            3.959582661750005e-14,
            3.959582661750005e-14,
            3.959582661750005e-14,
            3.959582661750005e-14,
            3.959582661750005e-14,
            3.959582661750005e-14,
            3.959582661750005e-14,
            3.959582661750005e-14,
            9.995209693908691,
            3.959582661750005e-14
        ]
    },
    "observation.state": {
        "min": [
            -0.174534410238266,
            -8.772760391235352,
            0.05811965838074684,
            0.23857957124710083,
            -10.619657516479492,
            -0.6495726704597473,
            -0.6899623274803162,
            -18.930692672729492,
            0.8644688725471497,
            0.06285625696182251,
            -17.083797454833984,
            -0.1318681389093399,
            -0.13187602162361145,
            -6.296239376068115,
            0.051037851721048355,
            -0.02197933755815029,
            -4.897075176239014,
            0.016117217019200325,
            -0.0017279012827202678,
            -6.002415180206299,
            -0.14700855314731598,
            -0.32692453265190125,
            -8.772760391235352,
            0.22954823076725006,
            0.20598925650119781,
            -15.236899375915527,
            -0.6300366520881653,
            0.4580567181110382,
            -18.007244110107422,
            -0.9816849827766418,
            -9.099445343017578,
            -142.7147674560547,
            -0.5506715774536133,
            -0.010989668779075146,
            -6.995821475982666,
            -0.06984127312898636,
            0.0,
            0.0,
            0.0,
            1.0,
            0.0,
            0.0,
            0.0
        ],
        "max": [
            -0.1305757462978363,
            6.925863265991211,
            0.24273504316806793,
            0.2605589032173157,
            10.619657516479492,
            -0.34676435589790344,
            -0.6460036039352417,
            17.083797454833984,
            1.186813235282898,
            0.08483558893203735,
            17.083797454833984,
            0.1318681389093399,
            -0.1098966896533966,
            4.197493076324463,
            0.1101343110203743,
            0.010989668779075146,
            6.995821475982666,
            0.08595848828554153,
            0.020251436159014702,
            4.155518054962158,
            -0.003418803447857499,
            -0.3049452006816864,
            8.772760391235352,
            0.5714285969734192,
            0.2939065992832184,
            18.007244110107422,
            -0.4542124569416046,
            0.48003605008125305,
            15.236899375915527,
            -0.8058608174324036,
            9.363198280334473,
            143.41433715820312,
            0.37069597840309143,
            0.13187602162361145,
            7.695404052734375,
            0.06984127312898636,
            0.0,
            0.0,
            0.0,
            1.0,
            0.0,
            0.0,
            0.0
        ],
        "mean": [
            -0.1536542922258377,
            -0.4063171446323395,
            0.13333335518836975,
            0.25495418906211853,
            -0.3878484070301056,
            -0.5291818380355835,
            -0.6677638292312622,
            -0.23086215555667877,
            1.0622713565826416,
            0.07318670302629471,
            0.6094763278961182,
            -0.019487179815769196,
            -0.11247948557138443,
            -0.06995819509029388,
            0.0727289617061615,
            -0.009615958668291569,
            0.7205696702003479,
            0.04138096421957016,
            0.015306098386645317,
            -0.6233276724815369,
            -0.0748034417629242,
            -0.3213196098804474,
            -0.4894275963306427,
            0.44151416420936584,
            0.26643210649490356,
            -0.5586861968040466,
            -0.5531127452850342,
            0.4728924036026001,
            -0.7479932904243469,
            -0.8947988152503967,
            0.30084216594696045,
            0.6820942759513855,
            -0.12286693602800369,
            0.043354254215955734,
            0.710075855255127,
            0.006420025136321783,
            0.0,
            0.0,
            0.0,
            1.0,
            0.0,
            0.0,
            0.0
        ],