{
    "action": {
        "min": [
            -9.999802589416504,
            0.0,
            0.0,
            0.0,
            0.0,
            0.0,
            0.0,
            0.0,
            0.0,
            0.0,
            0.0,
            0.0
        ],
        "max": [
            9.998223304748535,
            0.0,
            0.0,
            0.0,
            0.0,
            0.0,
            0.0,
            0.0,
            0.0,
            0.0,
            0.0,
            0.0
        ],
        "mean": [
            0.4759037494659424,
            0.0,
            0.0,
            0.0,
            0.0,
            0.0,
            0.0,
            0.0,
            0.0,
            0.0,
            0.0,
            0.0
        ],
        "std": [
            6.963190078735352,
            0.0,
            0.0,
            0.0,
            0.0,
            0.0,
            0.0,
            0.0,
            0.0,
            0.0,
            0.0,
            0.0
        ],
        "count": [
            200
        ],
        "q01": [
            -9.999802589416504,
            3.9995784462121265e-16,
            3.9995784462121265e-16,
            3.9995784462121265e-16,
            3.9995784462121265e-16,
            3.9995784462121265e-16,
            3.9995784462121265e-16,
            3.9995784462121265e-16,
            3.9995784462121265e-16,
            3.9995784462121265e-16,
            3.9995784462121265e-16,
            3.9995784462121265e-16
        ],
        "q10": [
            -9.42785930633545,
            3.999578446212126e-15,
            3.999578446212126e-15,
            3.999578446212126e-15,
            3.999578446212126e-15,
            3.999578446212126e-15,
            3.999578446212126e-15,
            3.999578446212126e-15,
            3.999578446212126e-15,
            3.999578446212126e-15,
            3.999578446212126e-15,
            3.999578446212126e-15
        ],
        "q50": [
            1.0071115493774414,
            1.9997892231060632e-14,
            1.9997892231060632e-14,
            1.9997892231060632e-14,
            1.9997892231060632e-14,
            1.9997892231060632e-14,
            1.9997892231060632e-14,
            1.9997892231060632e-14,
            1.9997892231060632e-14,
            1.9997892231060632e-14,
            1.9997892231060632e-14,
            1.9997892231060632e-14
        ],
        "q90": [
            9.346287727355957,
            3.599620601590914e-14,
            3.599620601590914e-14,
            3.599620601590914e-14,
            3.599620601590914e-14,
            3.599620601590914e-14,
            3.599620601590914e-14,
            3.599620601590914e-14,
            3.599620601590914e-14,
            3.599620601590914e-14,
            3.599620601590914e-14,
            3.599620601590914e-14
        ],
        "q99": [
            9.994223594665527,
            3.959582661750005e-14,
            3.959582661750005e-14,
            3.959582661750005e-14,
            3.959582661750005e-14,
            3.959582661750005e-14,
            3.959582661750005e-14,
            3.959582661750005e-14,
            3.959582661750005e-14,
            3.959582661750005e-14,
            3.959582661750005e-14,
            3.959582661750005e-14
        ]
    },
    "observation.state": {
        "min": [
            -9.273980140686035,
            -73.41415405273438,
            -0.8717948794364929,
            0.216600239276886,
            -11.543106079101562,
            -0.8449328541755676,
            -0.6899623274803162,
            -17.083797454833984,
            0.8644688725471497,
            0.06285625696182251,
            -18.930692672729492,
            -0.1318681389093399,
            -0.04395867511630058,
            -4.197493076324463,
            -0.010744811035692692,
            -0.14286570250988007,
            -4.897075176239014,
            0.09133089333772659,
            0.020251436159014702,
            -6.002415180206299,
            -0.1675213724374771,
            -0.32692453265190125,
            -11.543106079101562,
            0.2490842491388321,
            0.2499479353427887,
            -16.160348892211914,
            -0.6886447072029114,
            0.5020154118537903,
            -16.160348892211914,
            -1.0695971250534058,
            0.5494834184646606,
            -5.5966572761535645,
            -0.38144078850746155,
            -0.08791735023260117,
            -4.897075176239014,
            0.053724054247140884,
            0.0,
            0.0,
            0.0,
            1.0,
            0.0,
            0.0,
            0.0
        ],
        "max": [
            9.650229454040527,
            73.41415405273438,
            0.8717948794364929,
            0.2825382351875305,
            7.849311828613281,
            -0.28815630078315735,
            -0.6240242719650269,
            19.854141235351562,
            1.186813235282898,
            0.08483558893203735,
            15.236899375915527,
            0.1318681389093399,
            -0.02197933755815029,
            4.897075176239014,
            0.07789988070726395,
            -0.12088635563850403,
            5.5966572761535645,
            0.166544571518898,
            0.06421010941267014,
            5.0789666175842285,
            -0.05128205195069313,
            -0.3049452006816864,
            7.849311828613281,
            0.5714285969734192,
            0.27192726731300354,
            18.930692672729492,
            -0.48351648449897766,
            0.5239947438240051,
            20.777589797973633,
            -0.8351648449897766,
            0.5714628100395203,
            4.197493076324463,
            -0.32503053545951843,
            -0.06593801081180573,
            6.995821475982666,
            0.11282051354646683,
            0.0,
            0.0,
            0.0,
            1.0,
            0.0,
            0.0,
            0.0
        ],
        "mean": [
            0.27900928258895874,
            1.9854140281677246,
            -0.14533334970474243,
            0.24561266601085663,
            -0.7295243740081787,
            -0.5164346098899841,
            -0.6655658483505249,
            0.10619667172431946,
            1.060512900352478,
            0.07626381516456604,
            0.6048587560653687,
            -0.02139194682240486,
            -0.03318879380822182,
            2.38418573772492e-09,
            0.02174483798444271,
            -0.1320957988500595,
            0.650611400604248,
            0.11914649605751038,
            0.040142666548490524,
            -0.34629306197166443,
            -0.10967521369457245,
            -0.3174735903739929,
            -0.5078968405723572,
            0.4292062520980835,
            0.2672014534473419,
            -0.244713693857193,
            -0.5539916753768921,
            0.502124547958374,
            0.17083783447742462,
            -0.9469598531723022,
            0.5564068555831909,
            -0.11892901360988617,
            -0.35444459319114685,
            -0.08022468537092209,
            0.6925864219665527,
            0.08308425545692444,
            0.0,
            0.0,
            0.0,
            1.0,
            0.0,
            0.0,
            0.0
        ],