{
    "action": {
        "min": [
            0.0,
            0.0,
            0.0,
            0.0,
            0.0,
            0.0,
            0.0,
            0.0,
            0.0,
            -10.0,
            0.0,
            0.0
        ],
        "max": [
            0.0,
            0.0,
            0.0,
            0.0,
            0.0,
            0.0,
            0.0,
            0.0,
            0.0,
            10.0,
            0.0,
            0.0
        ],
        "mean": [
            0.0,
            0.0,
            0.0,
            0.0,
            0.0,
            0.0,
            0.0,
            0.0,
            0.0,
            1.5497207073167374e-08,
            0.0,
            0.0
        ],
        "std": [
            0.0,
            0.0,
            0.0,
            0.0,
            0.0,
            0.0,
            0.0,
            0.0,
            0.0,
            7.071067810058594,
            0.0,
            0.0
        ],
        "count": [
            200
        ],
        "q01": [
            3.9995784462121265e-16,
            3.9995784462121265e-16,
            3.9995784462121265e-16,
            3.9995784462121265e-16,
            3.9995784462121265e-16,
            3.9995784462121265e-16,
            3.9995784462121265e-16,
            3.9995784462121265e-16,
            3.9995784462121265e-16,
            -10.0,
            3.9995784462121265e-16,
            3.9995784462121265e-16
        ],
        "q10": [
            3.999578446212126e-15,
            3.999578446212126e-15,
            3.999578446212126e-15,
            3.999578446212126e-15,
            3.999578446212126e-15,
            3.999578446212126e-15,
            3.999578446212126e-15,
            3.999578446212126e-15,
            3.999578446212126e-15,
            -9.510000228881836,
            3.999578446212126e-15,
            3.999578446212126e-15
        ],
        "q50": [
            1.9997892231060632e-14,
            1.9997892231060632e-14,
            1.9997892231060632e-14,
            1.9997892231060632e-14,
            1.9997892231060632e-14,
            1.9997892231060632e-14,
            1.9997892231060632e-14,
            1.9997892231060632e-14,
            1.9997892231060632e-14,
            0.0,
            1.9997892231060632e-14,
            1.9997892231060632e-14
        ],
        "q90": [
            3.599620601590914e-14,
            3.599620601590914e-14,
            3.599620601590914e-14,
            3.599620601590914e-14,
            3.599620601590914e-14,
            3.599620601590914e-14,
            3.599620601590914e-14,
            3.599620601590914e-14,
            3.599620601590914e-14,
            9.510001182556152,
            3.599620601590914e-14,
            3.599620601590914e-14
        ],
        "q99": [
            3.959582661750005e-14,
            3.959582661750005e-14,
            3.959582661750005e-14,
            3.959582661750005e-14,
            3.959582661750005e-14,
            3.959582661750005e-14,
            3.959582661750005e-14,
            3.959582661750005e-14,
            3.959582661750005e-14,
            9.998400115966797,
            3.959582661750005e-14,
            3.959582661750005e-14
        ]
    },
    "observation.state": {
        "min": [
            -0.24047242105007172,
            -8.772760391235352,
            -0.003418803447857499,
            0.216600239276886,
            -8.772760391235352,
            -0.7179487347602844,
            -0.7778796553611755,
            -18.007244110107422,
            0.8058608174324036,
            0.04087691754102707,
            -14.313450813293457,
            -0.10256410390138626,
            -0.1098966896533966,
            -4.897075176239014,
            0.03492063656449318,
            -0.13187602162361145,
            -3.497910737991333,
            0.07789988070726395,
            -0.08964525163173676,
            -6.002415180206299,
            -0.24957264959812164,
            -0.37088319659233093,
            -11.543106079101562,
            0.23931623995304108,
            -0.03578345850110054,
            -30.012075424194336,
            -1.216117262840271,
            -8.311698913574219,
            -237.78797912597656,
            -2.9450550079345703,
            0.6923491358757019,
            -4.197493076324463,
            -0.48083028197288513,
            0.010989668779075146,
            -4.197493076324463,
            -0.021489622071385384,
            0.0,
            0.0,
            0.0,
            1.0,
            0.0,
            0.0,
            0.0
        ],
        "max": [
            -0.10859639942646027,
            8.772760391235352,
            0.31111112236976624,
            0.2825382351875305,
            7.849311828613281,
            -0.3174603283405304,
            -0.5141276121139526,
            19.854141235351562,
            1.274725317955017,
            0.08483558893203735,
            18.930692672729492,
            0.1318681389093399,
            -0.08791735023260117,
            4.197493076324463,
            0.09670329838991165,
            -0.1098966896533966,
            6.296239376068115,
            0.1477411538362503,
            0.08618944883346558,
            5.0789666175842285,
            0.18803419172763824,
            -0.28296586871147156,
            10.619657516479492,
            0.6984127163887024,
            0.6675553321838379,
            20.777589797973633,
            -0.04395604506134987,
            8.854164123535156,
            235.01763916015625,
            1.5677655935287476,
            0.7363077998161316,
            5.5966572761535645,
            -0.4136752188205719,
            0.0549483448266983,
            6.296239376068115,
            0.04029304161667824,
            0.0,
            0.0,
            0.0,
            1.0,
            0.0,
            0.0,
            0.0
        ],
        "mean": [
            -0.1669514775276184,
            -0.9973244667053223,
            0.1487179398536682,
            0.24879978597164154,
            -0.58177250623703,
            -0.5197557806968689,
            -0.6531469821929932,
            0.7987833619117737,
            1.0452746152877808,
            0.06417514383792877,
            0.7849315404891968,
            -0.009523809887468815,
            -0.09555530548095703,
            0.14341434836387634,
            0.06219905987381935,
            -0.11489715427160263,
            0.6261261105537415,
            0.108535997569561,
            0.010360730811953545,
            -0.38323113322257996,
            -0.06929916143417358,
            -0.32978206872940063,
            -0.6695002913475037,
            0.45616623759269714,
            0.2996212840080261,
            -0.8865100741386414,
            -0.6118679642677307,
            0.5750967264175415,
            -7.655386924743652,
            -0.6556776165962219,
            0.7185037136077881,
            0.13292062282562256,
            -0.4519939124584198,
            0.034397657960653305,
            0.580653190612793,
            0.011564111337065697,
            0.0,
            0.0,
            0.0,
            1.0,
            0.0,
            0.0,
            0.0
        ],