{
    "action": {
        "min": [
            0.0,
            0.0,
            0.0,
            0.0,
            0.0,
            -9.999210357666016,
            0.0,
            0.0,
            0.0,
            0.0,
            0.0,
            0.0
        ],
        "max": [
            0.0,
            0.0,
            0.0,
            0.0,
            0.0,
            9.999210357666016,
            0.0,
            0.0,
            0.0,
            0.0,
            0.0,
            0.0
        ],
        "mean": [
            0.0,
            0.0,
            0.0,
            0.0,
            0.0,
            0.2524532377719879,
            0.0,
            0.0,
            0.0,
            0.0,
            0.0,
            0.0
        ],
        "std": [
            0.0,
            0.0,
            0.0,
            0.0,
            0.0,
            7.084749221801758,
            0.0,
            0.0,
            0.0,
            0.0,
            0.0,
            0.0
        ],
        "count": [
            200
        ],
        "q01": [
            3.9995784462121265e-16,
            3.9995784462121265e-16,
            3.9995784462121265e-16,
            3.9995784462121265e-16,
            3.9995784462121265e-16,
            -9.999210357666016,
            3.9995784462121265e-16,
            3.9995784462121265e-16,
            3.9995784462121265e-16,
            3.9995784462121265e-16,
            3.9995784462121265e-16,
            3.9995784462121265e-16
        ],
        "q10": [
            3.999578446212126e-15,
            3.999578446212126e-15,
            3.999578446212126e-15,
            3.999578446212126e-15,
            3.999578446212126e-15,
            -9.583243370056152,
            3.999578446212126e-15,
            3.999578446212126e-15,
            3.999578446212126e-15,
            3.999578446212126e-15,
            3.999578446212126e-15,
            3.999578446212126e-15
        ],
        "q50": [
            1.9997892231060632e-14,
            1.9997892231060632e-14,
            1.9997892231060632e-14,
            1.9997892231060632e-14,
            1.9997892231060632e-14,
            0.5039596557617188,
            1.9997892231060632e-14,
            1.9997892231060632e-14,
            1.9997892231060632e-14,
            1.9997892231060632e-14,
            1.9997892231060632e-14,
            1.9997892231060632e-14
        ],
        "q90": [
            3.599620601590914e-14,
            3.599620601590914e-14,
            3.599620601590914e-14,
            3.599620601590914e-14,
            3.599620601590914e-14,
            9.511247634887695,
            3.599620601590914e-14,
            3.599620601590914e-14,
            3.599620601590914e-14,
            3.599620601590914e-14,
            3.599620601590914e-14,
            3.599620601590914e-14
        ],
        "q99": [
            3.959582661750005e-14,
            3.959582661750005e-14,
            3.959582661750005e-14,
            3.959582661750005e-14,
            3.959582661750005e-14,
            9.995210647583008,
            3.959582661750005e-14,
            3.959582661750005e-14,
            3.959582661750005e-14,
            3.959582661750005e-14,
            3.959582661750005e-14,
            3.959582661750005e-14
        ]
    },
    "observation.state": {
        "min": [
            -0.174534410238266,
            -6.925863265991211,
            0.03760683909058571,
            0.216600239276886,
            -8.772760391235352,
            -0.7179487347602844,
            -0.6899623274803162,
            -16.160348892211914,
            0.8644688725471497,
            0.06285625696182251,
            -11.543106079101562,
            -0.10256410390138626,
            -0.5714628100395203,
            -13.991642951965332,
            -0.24981684982776642,
            -6.363018035888672,
            -159.50473022460938,
            -1.6788766384124756,
            -0.0017279012827202678,
            -6.002415180206299,
            -0.14700855314731598,
            -0.32692453265190125,
            -7.849311828613281,
            0.27838829159736633,
            0.2499479353427887,
            -16.160348892211914,
            -0.6593406796455383,
            0.48003605008125305,
            -18.930692672729492,
            -1.0109890699386597,
            0.6813594698905945,
            -5.5966572761535645,
            -0.4754578769207001,
            0.06593801081180573,
            -4.897075176239014,
            -0.06178266182541847,
            0.0,
            0.0,
            0.0,
            1.0,
            0.0,
            0.0,
            0.0
        ],
        "max": [
            -0.1305757462978363,
            6.002415180206299,
            0.24273504316806793,
            0.2605589032173157,
            7.849311828613281,
            -0.2686202824115753,
            -0.6679829359054565,
            16.160348892211914,
            1.216117262840271,
            0.08483558893203735,
            18.007244110107422,
            0.10256410390138626,
            0.17583470046520233,
            20.987464904785156,
            0.41098901629447937,
            9.0444974899292,
            165.1013946533203,
            0.5802198052406311,
            0.020251436159014702,
            4.155518054962158,
            0.017094017937779427,
            -0.3049452006816864,
            10.619657516479492,
            0.6007326245307922,
            0.27192726731300354,
            18.930692672729492,
            -0.4542124569416046,
            0.5020154118537903,
            18.007244110107422,
            -0.8644688725471497,
            0.7033388018608093,
            5.5966572761535645,
            -0.3975580036640167,
            0.08791735023260117,
            6.296239376068115,
            0.013431013561785221,
            0.0,
            0.0,
            0.0,
            1.0,
            0.0,
            0.0,
            0.0
        ],
        "mean": [
            -0.1620062291622162,
            -0.2816517949104309,
            0.14109399914741516,
            0.24132660031318665,
            -0.6602657437324524,
            -0.5074968934059143,
            -0.6690825819969177,
            0.03693794086575508,
            1.0637366771697998,
            0.06296627223491669,
            0.009234528988599777,
            -0.002783882897347212,
            -0.2652907073497772,
            -0.10843525826931,
            0.15389250218868256,
            1.0264346599578857,
            -2.067265510559082,
            -0.2688888907432556,
            0.019482187926769257,
            -0.3924656808376312,
            -0.07859830558300018,
            -0.3090117871761322,
            -0.09696215391159058,
            0.43013423681259155,
            0.26511332392692566,
            0.2770345211029053,
            -0.5507684350013733,
            0.5012453198432922,
            -0.5956239104270935,
            -0.9394874572753906,
            0.693064272403717,
            0.01049373485147953,
            -0.43738093972206116,
            0.07962024211883545,
            0.6051386594772339,
            -0.015190496109426022,
            0.0,
            0.0,
            0.0,
            1.0,
            0.0,
            0.0,
            0.0
        ],