{
    "action": {
        "min": [
            0.0,
            0.0,
            0.0,
            0.0,
            0.0,
            0.0,
            0.0,
            0.0,
            0.0,
            0.0,
            -9.998223304748535,
            0.0
        ],
        "max": [
            0.0,
            0.0,
            0.0,
            0.0,
            0.0,
            0.0,
            0.0,
            0.0,
            0.0,
            0.0,
            9.999802589416504,
            0.0
        ],
        "mean": [
            0.0,
            0.0,
            0.0,
            0.0,
            0.0,
            0.0,
            0.0,
            0.0,
            0.0,
            0.0,
            0.6345770955085754,
            0.0
        ],
        "std": [
            0.0,
            0.0,
            0.0,
            0.0,
            0.0,
            0.0,
            0.0,
            0.0,
            0.0,
            0.0,
            7.118222713470459,
            0.0
        ],
        "count": [
            200
        ],
        "q01": [
            3.9995784462121265e-16,
            3.9995784462121265e-16,
            3.9995784462121265e-16,
            3.9995784462121265e-16,
            3.9995784462121265e-16,
            3.9995784462121265e-16,
            3.9995784462121265e-16,
            3.9995784462121265e-16,
            3.9995784462121265e-16,
            3.9995784462121265e-16,
            -9.998223304748535,
            3.9995784462121265e-16
        ],
        "q10": [
            3.999578446212126e-15,
            3.999578446212126e-15,
            3.999578446212126e-15,
            3.999578446212126e-15,
            3.999578446212126e-15,
            3.999578446212126e-15,
            3.999578446212126e-15,
            3.999578446212126e-15,
            3.999578446212126e-15,
            3.999578446212126e-15,
            -9.65025806427002,
            3.999578446212126e-15
        ],
        "q50": [
            1.9997892231060632e-14,
            1.9997892231060632e-14,
            1.9997892231060632e-14,
            1.9997892231060632e-14,
            1.9997892231060632e-14,
            1.9997892231060632e-14,
            1.9997892231060632e-14,
            1.9997892231060632e-14,
            1.9997892231060632e-14,
            1.9997892231060632e-14,
            1.5046415328979492,
            1.9997892231060632e-14
        ],
        "q90": [
            3.599620601590914e-14,
            3.599620601590914e-14,
            3.599620601590914e-14,
            3.599620601590914e-14,
            3.599620601590914e-14,
            3.599620601590914e-14,
            3.599620601590914e-14,
            3.599620601590914e-14,
            3.599620601590914e-14,
            3.599620601590914e-14,
            9.587843894958496,
            3.599620601590914e-14
        ],
        "q99": [
            3.959582661750005e-14,
            3.959582661750005e-14,
            3.959582661750005e-14,
            3.959582661750005e-14,
            3.959582661750005e-14,
            3.959582661750005e-14,
            3.959582661750005e-14,
            3.959582661750005e-14,
            3.959582661750005e-14,
            3.959582661750005e-14,
            9.991803169250488,
            3.959582661750005e-14
        ]
    },
    "observation.state": {
        "min": [
            -0.174534410238266,
            -6.002415180206299,
            0.05811965838074684,
            0.216600239276886,
            -8.772760391235352,
            -0.6886447072029114,
            -0.6679829359054565,
            -16.160348892211914,
            0.8644688725471497,
            0.08483558893203735,
            -17.083797454833984,
            -0.190476194024086,
            -0.08791735023260117,
            -4.897075176239014,
            0.021489622071385384,
            -0.13187602162361145,
            -4.197493076324463,
            0.09133089333772659,
            -0.02370723895728588,
            -5.0789666175842285,
            -0.14017094671726227,
            -0.32692453265190125,
            -9.696208953857422,
            0.28815630078315735,
            0.22796858847141266,
            -17.083797454833984,
            -0.6593406796455383,
            0.48003605008125305,
            -20.777589797973633,
            -1.0109890699386597,
            -9.319239616394043,
            -90.24610137939453,
            -0.5829060077667236,
            -0.04395867511630058,
            -8.394986152648926,
            -0.07252747565507889,
            0.0,
            0.0,
            0.0,
            1.0,
            0.0,
            0.0,
            0.0
        ],
        "max": [
            -0.15255507826805115,
            8.772760391235352,
            0.2222222238779068,
            0.2605589032173157,
            8.772760391235352,
            -0.2686202824115753,
            -0.6460036039352417,
            15.236899375915527,
            1.186813235282898,
            0.1068149283528328,
            18.007244110107422,
            0.04395604506134987,
            -0.06593801081180573,
            4.897075176239014,
            0.083272285759449,
            -0.1098966896533966,
            6.995821475982666,
            0.1477411538362503,
            -0.0017279012827202678,
            5.0789666175842285,
            0.04444444552063942,
            -0.3049452006816864,
            9.696208953857422,
            0.6398046612739563,
            0.3158859610557556,
            17.083797454833984,
            -0.4542124569416046,
            0.5020154118537903,
            15.236899375915527,
            -0.8351648449897766,
            10.418206214904785,
            93.74401092529297,
            0.4593406617641449,
            0.13187602162361145,
            8.394986152648926,
            0.11282051354646683,
            0.0,
            0.0,
            0.0,
            1.0,
            0.0,
            0.0,
            0.0
        ],
        "mean": [
            -0.15629173815250397,
            -0.3924656808376312,
            0.13770939409732819,
            0.2384692132472992,
            -0.6140933036804199,
            -0.500415027141571,
            -0.6668846011161804,
            -0.646414041519165,
            1.0575827360153198,
            0.08747325092554092,
            0.5494518876075745,
            -0.05216125026345253,
            -0.07286155968904495,
            -0.12942270934581757,
            0.04759952053427696,
            -0.12110619246959686,
            0.5002013444900513,
            0.11397555470466614,
            -0.0018377979286015034,
            -0.5771552920341492,
            -0.04967522248625755,
            -0.3236274719238281,
            -0.4201689660549164,
            0.44639790058135986,
            0.27027854323387146,
            -0.004617285914719105,
            -0.5572152733802795,
            0.48080503940582275,
            -0.6925866007804871,
            -0.9163368940353394,
            1.1975990533828735,
            -5.082463264465332,
            -0.16440902650356293,
            0.04577198624610901,
            0.668100893497467,
            0.006782661657780409,
            0.0,
            0.0,
            0.0,
            1.0,
            0.0,
            0.0,
            0.0
        ],