{
    "action": {
        "min": [
            0.0,
            0.0,
            0.0,
            0.0,
            0.0,
            0.0,
            0.0,
            0.0,
            -10.0,
            0.0,
            0.0,
            0.0
        ],
        "max": [
            0.0,
            0.0,
            0.0,
            0.0,
            0.0,
            0.0,
            0.0,
            0.0,
            10.0,
            0.0,
            0.0,
            0.0
        ],
        "mean": [
            0.0,
            0.0,
            0.0,
            0.0,
            0.0,
            0.0,
            0.0,
            0.0,
            2.5033950024067053e-08,
            0.0,
            0.0,
            0.0
        ],
        "std": [
            0.0,
            0.0,
            0.0,
            0.0,
            0.0,
            0.0,
            0.0,
            0.0,
            7.07106876373291,
            0.0,
            0.0,
            0.0
        ],
        "count": [
            200
        ],
        "q01": [
            3.9995784462121265e-16,
            3.9995784462121265e-16,
            3.9995784462121265e-16,
            3.9995784462121265e-16,
            3.9995784462121265e-16,
            3.9995784462121265e-16,
            3.9995784462121265e-16,
            3.9995784462121265e-16,
            -9.99399995803833,
            3.9995784462121265e-16,
            3.9995784462121265e-16,
            3.9995784462121265e-16
        ],
        "q10": [
            3.999578446212126e-15,
            3.999578446212126e-15,
            3.999578446212126e-15,
            3.999578446212126e-15,
            3.999578446212126e-15,
            3.999578446212126e-15,
            3.999578446212126e-15,
            3.999578446212126e-15,
            -9.510000228881836,
            3.999578446212126e-15,
            3.999578446212126e-15,
            3.999578446212126e-15
        ],
        "q50": [
            1.9997892231060632e-14,
            1.9997892231060632e-14,
            1.9997892231060632e-14,
            1.9997892231060632e-14,
            1.9997892231060632e-14,
            1.9997892231060632e-14,
            1.9997892231060632e-14,
            1.9997892231060632e-14,
            0.0020003318786621094,
            1.9997892231060632e-14,
            1.9997892231060632e-14,
            1.9997892231060632e-14
        ],
        "q90": [
            3.599620601590914e-14,
            3.599620601590914e-14,
            3.599620601590914e-14,
            3.599620601590914e-14,
            3.599620601590914e-14,
            3.599620601590914e-14,
            3.599620601590914e-14,
            3.599620601590914e-14,
            9.510001182556152,
            3.599620601590914e-14,
            3.599620601590914e-14,
            3.599620601590914e-14
        ],
        "q99": [
            3.959582661750005e-14,
            3.959582661750005e-14,
            3.959582661750005e-14,
            3.959582661750005e-14,
            3.959582661750005e-14,
            3.959582661750005e-14,
            3.959582661750005e-14,
            3.959582661750005e-14,
            9.994000434875488,
            3.959582661750005e-14,
            3.959582661750005e-14,
            3.959582661750005e-14
        ]
    },
    "observation.state": {
        "min": [
            -0.5701624751091003,
            -18.007244110107422,
            -0.8307692408561707,
            -0.0031931453850120306,
            -11.543106079101562,
            -1.255189299583435,
            -3.6351935863494873,
            -104.8114013671875,
            -7.340659141540527,
            -0.24485448002815247,
            -25.394832611083984,
            -0.8644688725471497,
            -0.17583470046520233,
            -5.5966572761535645,
            0.018803419545292854,
            -0.1648450344800949,
            -7.695404052734375,
            0.07252747565507889,
            -0.8589220643043518,
            -24.471384048461914,
            -1.3709402084350586,
            -0.6346352696418762,
            -12.466554641723633,
            -0.7374847531318665,
            -5.464679718017578,
            -222.08935546875,
            -12.820512771606445,
            0.15034599602222443,
            -30.012075424194336,
            -1.9194139242172241,
            0.29672107100486755,
            -15.39080810546875,
            -0.5775336027145386,
            -0.08791735023260117,
            -5.5966572761535645,
            -0.03223443403840065,
            0.0,
            0.0,
            0.0,
            1.0,
            0.0,
            0.0,
            0.0
        ],
        "max": [
            0.3090110123157501,
            17.083797454833984,
            1.056410312652588,
            0.45837295055389404,
            9.696208953857422,
            0.3369963467121124,
            2.497041702270508,
            125.12726593017578,
            8.395604133605957,
            0.39254632592201233,
            30.935523986816406,
            0.6300366520881653,
            -0.04395867511630058,
            4.897075176239014,
            0.13431014120578766,
            -0.07692768424749374,
            9.094568252563477,
            0.17997558414936066,
            0.525776207447052,
            19.854141235351562,
            1.8222222328186035,
            0.09068287909030914,
            14.313450813293457,
            1.4114774465560913,
            6.623955726623535,
            223.93624877929688,
            10.036629676818848,
            0.9196228384971619,
            20.777589797973633,
            -0.07326007634401321,
            0.9231321811676025,
            12.59247875213623,
            -0.19877900183200836,
            0.09890701621770859,
            7.695404052734375,
            0.10744810849428177,
            0.0,
            0.0,
            0.0,
            1.0,
            0.0,
            0.0,
            0.0
        ],
        "mean": [
            -0.18233703076839447,
            -0.6325623393058777,
            0.174017071723938,
            0.24429407715797424,
            -0.5633037686347961,
            -0.49924296140670776,
            -0.5908356308937073,
            0.24933063983917236,
            0.9180953502655029,
            0.09428679198026657,
            0.9142143726348877,
            -0.05435897409915924,
            -0.08302704989910126,
            -0.16789975762367249,
            0.05330772325396538,
            -0.11632579565048218,
            0.6995821595191956,
            0.10958364605903625,
            -0.10470115393400192,
            -0.8126347064971924,
            0.10694017261266708,
            -0.2893400490283966,
            -0.5863898396492004,
            0.38183143734931946,
            0.8125088214874268,
            -4.608007907867432,
            -1.2279852628707886,
            0.5038840174674988,
            -1.8422797918319702,
            -0.9536996483802795,
            0.6460826992988586,
            0.20637677609920502,
            -0.40885353088378906,
            0.024616854265332222,
            0.7030799388885498,
            0.021046411246061325,
            0.0,
            0.0,
            0.0,
            1.0,
            0.0,
            0.0,
            0.0
        ],