{
    "action": {
        "min": [
            0.0,
            0.0,
            0.0,
            0.0,
            0.0,
            0.0,
            0.0,
            -10.0,
            0.0,
            0.0,
            0.0,
            0.0
        ],
        "max": [
            0.0,
            0.0,
            0.0,
            0.0,
            0.0,
            0.0,
            0.0,
            9.999210357666016,
            0.0,
            0.0,
            0.0,
            0.0
        ],
        "mean": [
            0.0,
            0.0,
            0.0,
            0.0,
            0.0,
            0.0,
            0.0,
            0.8925601243972778,
            0.0,
            0.0,
            0.0,
            0.0
        ],
        "std": [
            0.0,
            0.0,
            0.0,
            0.0,
            0.0,
            0.0,
            0.0,
            6.857784748077393,
            0.0,
            0.0,
            0.0,
            0.0
        ],
        "count": [
            200
        ],
        "q01": [
            3.9995784462121265e-16,
            3.9995784462121265e-16,
            3.9995784462121265e-16,
            3.9995784462121265e-16,
            3.9995784462121265e-16,
            3.9995784462121265e-16,
            3.9995784462121265e-16,
            -9.994000434875488,
            3.9995784462121265e-16,
            3.9995784462121265e-16,
            3.9995784462121265e-16,
            3.9995784462121265e-16
        ],
        "q10": [
            3.999578446212126e-15,
            3.999578446212126e-15,
            3.999578446212126e-15,
            3.999578446212126e-15,
            3.999578446212126e-15,
            3.999578446212126e-15,
            3.999578446212126e-15,
            -9.298027992248535,
            3.999578446212126e-15,
            3.999578446212126e-15,
            3.999578446212126e-15,
            3.999578446212126e-15
        ],
        "q50": [
            1.9997892231060632e-14,
            1.9997892231060632e-14,
            1.9997892231060632e-14,
            1.9997892231060632e-14,
            1.9997892231060632e-14,
            1.9997892231060632e-14,
            1.9997892231060632e-14,
            1.997525691986084,
            1.9997892231060632e-14,
            1.9997892231060632e-14,
            1.9997892231060632e-14,
            1.9997892231060632e-14
        ],
        "q90": [
            3.599620601590914e-14,
            3.599620601590914e-14,
            3.599620601590914e-14,
            3.599620601590914e-14,
            3.599620601590914e-14,
            3.599620601590914e-14,
            3.599620601590914e-14,
            9.347234725952148,
            3.599620601590914e-14,
            3.599620601590914e-14,
            3.599620601590914e-14,
            3.599620601590914e-14
        ],
        "q99": [
            3.959582661750005e-14,
            3.959582661750005e-14,
            3.959582661750005e-14,
            3.959582661750005e-14,
            3.959582661750005e-14,
            3.959582661750005e-14,
            3.959582661750005e-14,
            9.991209030151367,
            3.959582661750005e-14,
            3.959582661750005e-14,
            3.959582661750005e-14,
            3.959582661750005e-14
        ]
    },
    "observation.state": {
        "min": [
            -0.174534410238266,
            -6.002415180206299,
            0.05811965838074684,
            0.23857957124710083,
            -9.696208953857422,
            -0.6593406796455383,
            -0.6899623274803162,
            -18.930692672729492,
            0.8058608174324036,
            0.1068149283528328,
            -18.930692672729492,
            -0.190476194024086,
            -0.1098966896533966,
            -5.5966572761535645,
            0.045665446668863297,
            0.06593801081180573,
            -4.197493076324463,
            -0.03223443403840065,
            -0.02370723895728588,
            -6.002415180206299,
            -0.14017094671726227,
            -9.953874588012695,
            -31.858972549438477,
            -0.4444444477558136,
            0.22796858847141266,
            -14.313450813293457,
            -0.6300366520881653,
            0.48003605008125305,
            -18.930692672729492,
            -1.0402930974960327,
            0.4835454225540161,
            -4.897075176239014,
            -0.34383395314216614,
            -0.010989668779075146,
            -4.897075176239014,
            8.881784197001252e-16,
            0.0,
            0.0,
            0.0,
            1.0,
            0.0,
            0.0,
            0.0
        ],
        "max": [
            -0.1305757462978363,
            5.0789666175842285,
            0.20854701101779938,
            0.2605589032173157,
            8.772760391235352,
            -0.3663003742694855,
            -0.6460036039352417,
            16.160348892211914,
            1.216117262840271,
            0.12879426777362823,
            15.236899375915527,
            0.04395604506134987,
            -0.08791735023260117,
            4.897075176239014,
            0.09401709586381912,
            0.08791735023260117,
            5.5966572761535645,
            0.016117217019200325,
            0.04223077371716499,
            5.0789666175842285,
            0.010256410576403141,
            9.519818305969238,
            33.705867767333984,
            0.8058608174324036,
            0.3158859610557556,
            23.547935485839844,
            -0.48351648449897766,
            0.5020154118537903,
            14.313450813293457,
            -0.8351648449897766,
            0.505524754524231,
            4.197493076324463,
            -0.287423700094223,
            0.02197933755815029,
            4.897075176239014,
            0.06984127312898636,
            0.0,
            0.0,
            0.0,
            1.0,
            0.0,
            0.0,
            0.0
        ],
        "mean": [
            -0.1548631489276886,
            -0.6371793746948242,
            0.13271790742874146,
            0.24264539778232574,
            -0.4432551860809326,
            -0.5170207023620605,
            -0.6684232354164124,
            -0.6279455423355103,
            1.0624181032180786,
            0.10835371166467667,
            0.692586362361908,
            -0.08439560979604721,
            -0.10627029091119766,
            0.03148120269179344,
            0.06589257717132568,
            0.07637833803892136,
            0.7800338268280029,
            -0.01490844413638115,
            0.005854967050254345,
            -0.29088637232780457,
            -0.06772652268409729,
            0.38168853521347046,
            2.5025460720062256,
            0.2064468413591385,
            0.26928946375846863,
            -0.2585654854774475,
            -0.5610247254371643,
            0.49651992321014404,
            -1.3020623922348022,
            -0.9364104270935059,
            0.49041450023651123,
            -0.18189136683940887,
            -0.3113577961921692,
            0.006758645176887512,
            0.49670344591140747,
            0.028151411563158035,
            0.0,
            0.0,
            0.0,
            1.0,
            0.0,
            0.0,
            0.0
        ],