{
    "action": {
        "min": [
            0.0,
            0.0,
            0.0,
            0.0,
            0.0,
            0.0,
            0.0,
            0.0,
            0.0,
            0.0,
            0.0,
            -5.0
        ],
        "max": [
            0.0,
            0.0,
            0.0,
            0.0,
            0.0,
            0.0,
            0.0,
            0.0,
            0.0,
            0.0,
            0.0,
            5.0
        ],
        "mean": [
            0.0,
            0.0,
            0.0,
            0.0,
            0.0,
            0.0,
            0.0,
            0.0,
            0.0,
            0.0,
            0.0,
            -0.02500000037252903
        ],
        "std": [
            0.0,
            0.0,
            0.0,
            0.0,
            0.0,
            0.0,
            0.0,
            0.0,
            0.0,
            0.0,
            0.0,
            4.077300071716309
        ],
        "count": [
            200
        ],
        "q01": [
            3.9995784462121265e-16,
            3.9995784462121265e-16,
            3.9995784462121265e-16,
            3.9995784462121265e-16,
            3.9995784462121265e-16,
            3.9995784462121265e-16,
            3.9995784462121265e-16,
            3.9995784462121265e-16,
            3.9995784462121265e-16,
            3.9995784462121265e-16,
            3.9995784462121265e-16,
            -5.0
        ],
        "q10": [
            3.999578446212126e-15,
            3.999578446212126e-15,
            3.999578446212126e-15,
            3.999578446212126e-15,
            3.999578446212126e-15,
            3.999578446212126e-15,
            3.999578446212126e-15,
            3.999578446212126e-15,
            3.999578446212126e-15,
            3.999578446212126e-15,
            3.999578446212126e-15,
            -5.0
        ],
        "q50": [
            1.9997892231060632e-14,
            1.9997892231060632e-14,
            1.9997892231060632e-14,
            1.9997892231060632e-14,
            1.9997892231060632e-14,
            1.9997892231060632e-14,
            1.9997892231060632e-14,
            1.9997892231060632e-14,
            1.9997892231060632e-14,
            1.9997892231060632e-14,
            1.9997892231060632e-14,
            0.0009852380894902926
        ],
        "q90": [
            3.599620601590914e-14,
            3.599620601590914e-14,
            3.599620601590914e-14,
            3.599620601590914e-14,
            3.599620601590914e-14,
            3.599620601590914e-14,
            3.599620601590914e-14,
            3.599620601590914e-14,
            3.599620601590914e-14,
            3.599620601590914e-14,
            3.599620601590914e-14,
            4.999393983320757
        ],
        "q99": [
            3.959582661750005e-14,
            3.959582661750005e-14,
            3.959582661750005e-14,
            3.959582661750005e-14,
            3.959582661750005e-14,
            3.959582661750005e-14,
            3.959582661750005e-14,
            3.959582661750005e-14,
            3.959582661750005e-14,
            3.959582661750005e-14,
            3.959582661750005e-14,
            4.999939398332075
        ]
    },
    "observation.state": {
        "min": [
            -0.174534410238266,
            -6.002415180206299,
            0.07179487496614456,
            0.23857957124710083,
            -11.543106079101562,
            -0.6984127163887024,
            -0.6899623274803162,
            -20.777589797973633,
            0.8351648449897766,
            0.06285625696182251,
            -17.083797454833984,
            -0.16117216646671295,
            -0.14286570250988007,
            -5.5966572761535645,
            0.045665446668863297,
            0.02197933755815029,
            -4.197493076324463,
            -0.013431013561785221,
            -0.0017279012827202678,
            -6.002415180206299,
            -0.1538461595773697,
            -0.32692453265190125,
            -10.619657516479492,
            0.18070818483829498,
            0.2499479353427887,
            -16.160348892211914,
            -0.6300366520881653,
            0.4580567181110382,
            -17.083797454833984,
            -1.0109890699386597,
            -0.12088635563850403,
            -39.876182556152344,
            -0.41904762387275696,
            -5.066237449645996,
            -116.8302230834961,
            -0.2766788899898529,
            0.0,
            0.0,
            0.0,
            1.0,
            0.0,
            0.0,
            0.0
        ],
        "max": [
            -0.15255507826805115,
            6.925863265991211,
            0.23589743673801422,
            0.2605589032173157,
            9.696208953857422,
            -0.3174603283405304,
            -0.6679829359054565,
            18.930692672729492,
            1.186813235282898,
            0.1068149283528328,
            14.313450813293457,
            0.07326007634401321,
            -0.1098966896533966,
            5.5966572761535645,
            0.13162393867969513,
            0.0549483448266983,
            6.296239376068115,
            0.048351649194955826,
            0.020251436159014702,
            5.0789666175842285,
            -0.010256410576403141,
            -0.28296586871147156,
            13.390002250671387,
            0.6202686429023743,
            0.27192726731300354,
            18.007244110107422,
            -0.48351648449897766,
            0.5020154118537903,
            22.624486923217773,
            -0.8351648449897766,
            0.6813594698905945,
            11.89289665222168,
            0.2471306473016739,
            5.209103107452393,
            214.0721435546875,
            0.5023199319839478,
            0.0,
            0.0,
            0.0,
            1.0,
            0.0,
            0.0,
            0.0
        ],
        "mean": [
            -0.16794052720069885,
            -0.4478725492954254,
            0.147897407412529,
            0.2494591772556305,
            -0.6233277320861816,
            -0.5286445021629333,
            -0.6688628196716309,
            -0.4571070075035095,
            1.0690113306045532,
            0.0848357304930687,
            0.06002421677112579,
            -0.035897497087717056,
            -0.126216322183609,
            0.05946444347500801,
            0.08011603355407715,
            0.03873857483267784,
            0.5071972012519836,
            0.010059838183224201,
            0.01937229186296463,
            -0.44325530529022217,
            -0.07712823897600174,
            -0.30615469813346863,
            -0.7572277188301086,
            0.424078106880188,
            0.2677508294582367,
            -1.5975656509399414,
            -0.5510613918304443,
            0.48080509901046753,
            -0.22624488174915314,
            -0.9136998653411865,
            0.5174490213394165,
            -0.03847702592611313,
            -0.325514018535614,
            -0.07192768901586533,
            3.312523126602173,
            -0.016735047101974487,
            0.0,
            0.0,
            0.0,
            1.0,
            0.0,
            0.0,
            0.0
        ],