{
    "action": {
        "min": [
            -9.999210357666016,
            0.0,
            0.0,
            0.0,
            0.0,
            0.0,
            0.0,
            0.0,
            0.0,
            0.0,
            0.0,
            0.0
        ],
        "max": [
            9.999210357666016,
            0.0,
            0.0,
            0.0,
            0.0,
            0.0,
            0.0,
            0.0,
            0.0,
            0.0,
            0.0,
            0.0
        ],
        "mean": [
            0.5275000929832458,
            0.0,
            0.0,
            0.0,
            0.0,
            0.0,
            0.0,
            0.0,
            0.0,
            0.0,
            0.0,
            0.0
        ],
        "std": [
            6.997615814208984,
            0.0,
            0.0,
            0.0,
            0.0,
            0.0,
            0.0,
            0.0,
            0.0,
            0.0,
            0.0,
            0.0
        ],
        "count": [
            200
        ],
        "q01": [
            -9.993210792541504,
            3.9995784462121265e-16,
            3.9995784462121265e-16,
            3.9995784462121265e-16,
            3.9995784462121265e-16,
            3.9995784462121265e-16,
            3.9995784462121265e-16,
            3.9995784462121265e-16,
            3.9995784462121265e-16,
            3.9995784462121265e-16,
            3.9995784462121265e-16,
            3.9995784462121265e-16
        ],
        "q10": [
            -9.427255630493164,
            3.999578446212126e-15,
            3.999578446212126e-15,
            3.999578446212126e-15,
            3.999578446212126e-15,
            3.999578446212126e-15,
            3.999578446212126e-15,
            3.999578446212126e-15,
            3.999578446212126e-15,
            3.999578446212126e-15,
            3.999578446212126e-15,
            3.999578446212126e-15
        ],
        "q50": [
            1.0019207000732422,
            1.9997892231060632e-14,
            1.9997892231060632e-14,
            1.9997892231060632e-14,
            1.9997892231060632e-14,
            1.9997892231060632e-14,
            1.9997892231060632e-14,
            1.9997892231060632e-14,
            1.9997892231060632e-14,
            1.9997892231060632e-14,
            1.9997892231060632e-14,
            1.9997892231060632e-14
        ],
        "q90": [
            9.58524227142334,
            3.599620601590914e-14,
            3.599620601590914e-14,
            3.599620601590914e-14,
            3.599620601590914e-14,
            3.599620601590914e-14,
            3.599620601590914e-14,
            3.599620601590914e-14,
            3.599620601590914e-14,
            3.599620601590914e-14,
            3.599620601590914e-14,
            3.599620601590914e-14
        ],
        "q99": [
            9.995210647583008,
            3.959582661750005e-14,
            3.959582661750005e-14,
            3.959582661750005e-14,
            3.959582661750005e-14,
            3.959582661750005e-14,
            3.959582661750005e-14,
            3.959582661750005e-14,
            3.959582661750005e-14,
            3.959582661750005e-14,
            3.959582661750005e-14,
            3.959582661750005e-14
        ]
    },
    "observation.state": {
        "min": [
            -8.021158218383789,
            -162.06520080566406,
            -2.020512819290161,
            0.018786191940307617,
            -9.696208953857422,
            -1.264957308769226,
            -0.9756937026977539,
            -29.088626861572266,
            0.1318681389093399,
            0.01889757812023163,
            -20.777589797973633,
            -0.21978022158145905,
            -0.1098966896533966,
            -5.5966572761535645,
            0.04029304161667824,
            -0.13187602162361145,
            -4.897075176239014,
            0.08864469081163406,
            -0.24350062012672424,
            -9.696208953857422,
            -0.45470085740089417,
            -0.39286255836486816,
            -8.772760391235352,
            0.03418803587555885,
            0.16203057765960693,
            -19.854141235351562,
            -0.7765567898750305,
            0.48003605008125305,
            -16.160348892211914,
            -1.0695971250534058,
            0.6593801379203796,
            -4.897075176239014,
            -0.46471306681632996,
            0.0,
            -7.695404052734375,
            -0.021489622071385384,
            0.0,
            0.0,
            0.0,
            1.0,
            0.0,
            0.0,
            0.0
        ],
        "max": [
            7.9138617515563965,
            146.3665771484375,
            1.480341911315918,
            0.5243109464645386,
            10.619657516479492,
            0.34676435589790344,
            -0.05256151035428047,
            37.399662017822266,
            1.6263736486434937,
            0.15077359974384308,
            18.007244110107422,
            0.1318681389093399,
            -0.07692768424749374,
            4.897075176239014,
            0.08058608323335648,
            -0.09890701621770859,
            5.5966572761535645,
            0.1369963437318802,
            0.24004481732845306,
            6.925863265991211,
            0.4752136766910553,
            -0.1950485110282898,
            7.849311828613281,
            0.8449328541755676,
            0.42578262090682983,
            11.543106079101562,
            -0.3956044018268585,
            0.5239947438240051,
            16.160348892211914,
            -0.8351648449897766,
            0.7143284678459167,
            4.197493076324463,
            -0.3975580036640167,
            0.0549483448266983,
            6.296239376068115,
            0.0644688680768013,
            0.0,
            0.0,
            0.0,
            1.0,
            0.0,
            0.0,
            0.0
        ],
        "mean": [
            0.4200066328048706,
            2.2255117893218994,
            -0.05128204822540283,
            0.2387992888689041,
            -0.2631828188896179,
            -0.5021733045578003,
            -0.630837619304657,
            -0.6648828983306885,
            0.9966301918029785,
            0.08263785392045975,
            0.9973241686820984,
            -0.035604435950517654,
            -0.09269799292087555,
            0.013991654850542545,
            0.05897562950849533,
            -0.11324871331453323,
            0.769540548324585,
            0.10660192370414734,
            0.018932640552520752,
            -0.60947585105896,
            -0.07671791315078735,
            -0.31450656056404114,
            -0.018468979746103287,
            0.4306715130805969,
            0.2643442749977112,
            -2.183955192565918,
            -0.5573616027832031,
            0.4986079931259155,
            -1.1773967742919922,
            -0.9361173510551453,
            0.6833925843238831,
            0.12592476606369019,
            -0.4320352077484131,
            0.02368273213505745,
            0.9304443597793579,
            0.01956900954246521,
            0.0,
            0.0,
            0.0,
            1.0,
            0.0,
            0.0,
            0.0
        ],