{
    "action": {
        "min": [
            0.0,
            0.0,
            0.0,
            0.0,
            0.0,
            0.0,
            0.0,
            0.0,
            -9.999802589416504,
            0.0,
            0.0,
            0.0
        ],
        "max": [
            0.0,
            0.0,
            0.0,
            0.0,
            0.0,
            0.0,
            0.0,
            0.0,
            9.999210357666016,
            0.0,
            0.0,
            0.0
        ],
        "mean": [
            0.0,
            0.0,
            0.0,
            0.0,
            0.0,
            0.0,
            0.0,
            0.0,
            2.041501998901367,
            0.0,
            0.0,
            0.0
        ],
        "std": [
            0.0,
            0.0,
            0.0,
            0.0,
            0.0,
            0.0,
            0.0,
            0.0,
            6.960394859313965,
            0.0,
            0.0,
            0.0
        ],
        "count": [
            200
        ],
        "q01": [
            3.9995784462121265e-16,
            3.9995784462121265e-16,
            3.9995784462121265e-16,
            3.9995784462121265e-16,
            3.9995784462121265e-16,
            3.9995784462121265e-16,
            3.9995784462121265e-16,
            3.9995784462121265e-16,
            -9.991803169250488,
            3.9995784462121265e-16,
            3.9995784462121265e-16,
            3.9995784462121265e-16
        ],
        "q10": [
            3.999578446212126e-15,
            3.999578446212126e-15,
            3.999578446212126e-15,
            3.999578446212126e-15,
            3.999578446212126e-15,
            3.999578446212126e-15,
            3.999578446212126e-15,
            3.999578446212126e-15,
            -9.07184886932373,
            3.999578446212126e-15,
            3.999578446212126e-15,
            3.999578446212126e-15
        ],
        "q50": [
            1.9997892231060632e-14,
            1.9997892231060632e-14,
            1.9997892231060632e-14,
            1.9997892231060632e-14,
            1.9997892231060632e-14,
            1.9997892231060632e-14,
            1.9997892231060632e-14,
            1.9997892231060632e-14,
            3.9155092239379883,
            1.9997892231060632e-14,
            1.9997892231060632e-14,
            1.9997892231060632e-14
        ],
        "q90": [
            3.599620601590914e-14,
            3.599620601590914e-14,
            3.599620601590914e-14,
            3.599620601590914e-14,
            3.599620601590914e-14,
            3.599620601590914e-14,
            3.599620601590914e-14,
            3.599620601590914e-14,
            9.731221199035645,
            3.599620601590914e-14,
            3.599620601590914e-14,
            3.599620601590914e-14
        ],
        "q99": [
            3.959582661750005e-14,
            3.959582661750005e-14,
            3.959582661750005e-14,
            3.959582661750005e-14,
            3.959582661750005e-14,
            3.959582661750005e-14,
            3.959582661750005e-14,
            3.959582661750005e-14,
            9.996543248494467,
            3.959582661750005e-14,
            3.959582661750005e-14,
            3.959582661750005e-14
        ]
    },
    "observation.state": {
        "min": [
            -0.174534410238266,
            -6.925863265991211,
            0.07179487496614456,
            0.23857957124710083,
            -13.390002250671387,
            -0.6691086888313293,
            -0.6899623274803162,
            -18.930692672729492,
            0.8644688725471497,
            0.1068149283528328,
            -14.313450813293457,
            -0.21978022158145905,
            -0.13187602162361145,
            -6.296239376068115,
            0.053724054247140884,
            0.0549483448266983,
            -4.197493076324463,
            -0.024175824597477913,
            -0.06766591221094131,
            -6.925863265991211,
            -0.2222222238779068,
            -0.28296586871147156,
            -10.619657516479492,
            0.053724054247140884,
            -8.431890487670898,
            -90.95967102050781,
            -3.355311393737793,
            0.4580567181110382,
            -18.930692672729492,
            -1.0695971250534058,
            0.4725557565689087,
            -6.296239376068115,
            -0.35457876324653625,
            0.08791735023260117,
            -6.995821475982666,
            -0.0644688680768013,
            0.0,
            0.0,
            0.0,
            1.0,
            0.0,
            0.0,
            0.0
        ],
        "max": [
            -0.1305757462978363,
            6.002415180206299,
            0.20170940458774567,
            0.2605589032173157,
            9.696208953857422,
            -0.3076923191547394,
            -0.6460036039352417,
            15.236899375915527,
            1.186813235282898,
            0.12879426777362823,
            21.701038360595703,
            0.014652014710009098,
            -0.09890701621770859,
            5.5966572761535645,
            0.10207570344209671,
            0.07692768424749374,
            5.5966572761535645,
            0.013431013561785221,
            0.06421010941267014,
            4.155518054962158,
            0.14017094671726227,
            -0.17306916415691376,
            6.925863265991211,
            0.5616605877876282,
            10.184608459472656,
            93.73001861572266,
            1.890109896659851,
            0.5239947438240051,
            18.007244110107422,
            -0.8058608174324036,
            0.5275040864944458,
            5.5966572761535645,
            -0.29010990262031555,
            0.12088635563850403,
            4.897075176239014,
            0.002686202758923173,
            0.0,
            0.0,
            0.0,
            1.0,
            0.0,
            0.0,
            0.0
        ],
        "mean": [
            -0.15651150047779083,
            -0.23547933995723724,
            0.13801711797714233,
            0.24693146347999573,
            -0.5125139355659485,
            -0.5109156370162964,
            -0.6663351655006409,
            -0.9880897402763367,
            1.0531868934631348,
            0.11681569367647171,
            1.140458583831787,
            -0.09655681252479553,
            -0.117479607462883,
            0.02448536828160286,
            0.07279613614082336,
            0.0684656873345375,
            0.9269464612007141,
            -0.009052512235939503,
            -0.016673818230628967,
            -0.27241724729537964,
            -0.03203420341014862,
            -0.24230392277240753,
            -0.30473795533180237,
            0.31081804633140564,
            2.23764967918396,
            6.671910285949707,
            -0.9881319403648376,
            0.48970648646354675,
            0.3555276095867157,
            -0.9267398118972778,
            0.5056893825531006,
            0.07695402950048447,
            -0.32165926694869995,
            0.10203930735588074,
            0.5666615962982178,
            -0.03130771219730377,
            0.0,
            0.0,
            0.0,
            1.0,
            0.0,
            0.0,
            0.0
        ],