{
    "action": {
        "min": [
            0.0,
            0.0,
            0.0,
            -10.0,
            0.0,
            0.0,
            0.0,
            0.0,
            0.0,
            0.0,
            0.0,
            0.0
        ],
        "max": [
            0.0,
            0.0,
            0.0,
            9.999210357666016,
            0.0,
            0.0,
            0.0,
            0.0,
            0.0,
            0.0,
            0.0,
            0.0
        ],
        "mean": [
            0.0,
            0.0,
            0.0,
            0.8925601243972778,
            0.0,
            0.0,
            0.0,
            0.0,
            0.0,
            0.0,
            0.0,
            0.0
        ],
        "std": [
            0.0,
            0.0,
            0.0,
            6.857784748077393,
            0.0,
            0.0,
            0.0,
            0.0,
            0.0,
            0.0,
            0.0,
            0.0
        ],
        "count": [
            200
        ],
        "q01": [
            3.9995784462121265e-16,
            3.9995784462121265e-16,
            3.9995784462121265e-16,
            -9.994000434875488,
            3.9995784462121265e-16,
            3.9995784462121265e-16,
            3.9995784462121265e-16,
            3.9995784462121265e-16,
            3.9995784462121265e-16,
            3.9995784462121265e-16,
            3.9995784462121265e-16,
            3.9995784462121265e-16
        ],
        "q10": [
            3.999578446212126e-15,
            3.999578446212126e-15,
            3.999578446212126e-15,
            -9.298027992248535,
            3.999578446212126e-15,
            3.999578446212126e-15,
            3.999578446212126e-15,
            3.999578446212126e-15,
            3.999578446212126e-15,
            3.999578446212126e-15,
            3.999578446212126e-15,
            3.999578446212126e-15
        ],
        "q50": [
            1.9997892231060632e-14,
            1.9997892231060632e-14,
            1.9997892231060632e-14,
            1.997525691986084,
            1.9997892231060632e-14,
            1.9997892231060632e-14,
            1.9997892231060632e-14,
            1.9997892231060632e-14,
            1.9997892231060632e-14,
            1.9997892231060632e-14,
            1.9997892231060632e-14,
            1.9997892231060632e-14
        ],
        "q90": [
            3.599620601590914e-14,
            3.599620601590914e-14,
            3.599620601590914e-14,
            9.347234725952148,
            3.599620601590914e-14,
            3.599620601590914e-14,
            3.599620601590914e-14,
            3.599620601590914e-14,
            3.599620601590914e-14,
            3.599620601590914e-14,
            3.599620601590914e-14,
            3.599620601590914e-14
        ],
        "q99": [
            3.959582661750005e-14,
            3.959582661750005e-14,
            3.959582661750005e-14,
            9.991209030151367,
            3.959582661750005e-14,
            3.959582661750005e-14,
            3.959582661750005e-14,
            3.959582661750005e-14,
            3.959582661750005e-14,
            3.959582661750005e-14,
            3.959582661750005e-14,
            3.959582661750005e-14
        ]
    },
    "observation.state": {
        "min": [
            -0.19651375710964203,
            -6.925863265991211,
            0.003418803447857499,
            0.23857957124710083,
            -8.772760391235352,
            -0.6398046612739563,
            -0.8218383193016052,
            -21.701038360595703,
            0.8644688725471497,
            -8.72887897491455,
            -72.49070739746094,
            -2.036630153656006,
            -0.04395867511630058,
            -5.5966572761535645,
            0.002686202758923173,
            -0.06593801081180573,
            -4.197493076324463,
            0.04029304161667824,
            -0.04568657651543617,
            -6.002415180206299,
            -0.1538461595773697,
            -0.3489038646221161,
            -7.849311828613281,
            0.3076923191547394,
            0.18400992453098297,
            -18.007244110107422,
            -0.6886447072029114,
            0.48003605008125305,
            -20.777589797973633,
            -1.0402930974960327,
            0.49453508853912354,
            -4.197493076324463,
            -0.3599511682987213,
            -0.0549483448266983,
            -5.5966572761535645,
            0.016117217019200325,
            0.0,
            0.0,
            0.0,
            1.0,
            0.0,
            0.0,
            0.0
        ],
        "max": [
            -0.08661706745624542,
            5.0789666175842285,
            0.2222222238779068,
            0.2825382351875305,
            8.772760391235352,
            -0.3076923191547394,
            -0.5580862760543823,
            17.083797454833984,
            1.245421290397644,
            10.063454627990723,
            89.11277770996094,
            1.0109890699386597,
            -0.02197933755815029,
            6.296239376068115,
            0.056410256773233414,
            -0.04395867511630058,
            5.5966572761535645,
            0.10476190596818924,
            0.020251436159014702,
            5.0789666175842285,
            0.07179487496614456,
            -0.32692453265190125,
            8.772760391235352,
            0.6007326245307922,
            0.38182395696640015,
            16.160348892211914,
            -0.48351648449897766,
            0.5020154118537903,
            15.236899375915527,
            -0.8351648449897766,
            0.5165144205093384,
            4.897075176239014,
            -0.2766788899898529,
            -0.03296900540590286,
            6.296239376068115,
            0.10476190596818924,
            0.0,
            0.0,
            0.0,
            1.0,
            0.0,
            0.0,
            0.0
        ],
        "mean": [
            -0.1544235199689865,
            -0.3693794310092926,
            0.13705988228321075,
            0.2477007359266281,
            -0.5540689826011658,
            -0.5212697982788086,
            -0.674027681350708,
            -0.369379460811615,
            1.0725276470184326,
            0.9164233207702637,
            7.678469657897949,
            -0.5364100933074951,
            -0.038079194724559784,
            -0.09444360435009003,
            0.02308792807161808,
            -0.05203612893819809,
            0.710076093673706,
            0.06773262470960617,
            -0.020520202815532684,
            -0.41555169224739075,
            -0.032307714223861694,
            -0.32890236377716064,
            -0.5217483639717102,
            0.4522589147090912,
            0.26544302701950073,
            -0.8911276459693909,
            -0.5583873987197876,
            0.4999266564846039,
            -0.5540690422058105,
            -0.9412456750869751,
            0.5037664771080017,
            7.1525572131747595e-09,
            -0.32067880034446716,
            -0.04890405759215355,
            0.6646031737327576,
            0.06487181037664413,
            0.0,
            0.0,
            0.0,
            1.0,
            0.0,
            0.0,
            0.0
        ],