{
    "action": {
        "min": [
            0.0,
            0.0,
            0.0,
            0.0,
            -9.999802589416504,
            0.0,
            0.0,
            0.0,
            0.0,
            0.0,
            0.0,
            0.0
        ],
        "max": [
            0.0,
            0.0,
            0.0,
            0.0,
            9.999210357666016,
            0.0,
            0.0,
            0.0,
            0.0,
            0.0,
            0.0,
            0.0
        ],
        "mean": [
            0.0,
            0.0,
            0.0,
            0.0,
            2.041501998901367,
            0.0,
            0.0,
            0.0,
            0.0,
            0.0,
            0.0,
            0.0
        ],
        "std": [
            0.0,
            0.0,
            0.0,
            0.0,
            6.960394859313965,
            0.0,
            0.0,
            0.0,
            0.0,
            0.0,
            0.0,
            0.0
        ],
        "count": [
            200
        ],
        "q01": [
            3.9995784462121265e-16,
            3.9995784462121265e-16,
            3.9995784462121265e-16,
            3.9995784462121265e-16,
            -9.991803169250488,
            3.9995784462121265e-16,
            3.9995784462121265e-16,
            3.9995784462121265e-16,
            3.9995784462121265e-16,
            3.9995784462121265e-16,
            3.9995784462121265e-16,
            3.9995784462121265e-16
        ],
        "q10": [
            3.999578446212126e-15,
            3.999578446212126e-15,
            3.999578446212126e-15,
            3.999578446212126e-15,
            -9.07184886932373,
            3.999578446212126e-15,
            3.999578446212126e-15,
            3.999578446212126e-15,
            3.999578446212126e-15,
            3.999578446212126e-15,
            3.999578446212126e-15,
            3.999578446212126e-15
        ],
        "q50": [
            1.9997892231060632e-14,
            1.9997892231060632e-14,
            1.9997892231060632e-14,
            1.9997892231060632e-14,
            3.9155092239379883,
            1.9997892231060632e-14,
            1.9997892231060632e-14,
            1.9997892231060632e-14,
            1.9997892231060632e-14,
            1.9997892231060632e-14,
            1.9997892231060632e-14,
            1.9997892231060632e-14
        ],
        "q90": [
            3.599620601590914e-14,
            3.599620601590914e-14,
            3.599620601590914e-14,
            3.599620601590914e-14,
            9.731221199035645,
            3.599620601590914e-14,
            3.599620601590914e-14,
            3.599620601590914e-14,
            3.599620601590914e-14,
            3.599620601590914e-14,
            3.599620601590914e-14,
            3.599620601590914e-14
        ],
        "q99": [
            3.959582661750005e-14,
            3.959582661750005e-14,
            3.959582661750005e-14,
            3.959582661750005e-14,
            9.996543248494467,
            3.959582661750005e-14,
            3.959582661750005e-14,
            3.959582661750005e-14,
            3.959582661750005e-14,
            3.959582661750005e-14,
            3.959582661750005e-14,
            3.959582661750005e-14
        ]
    },
    "observation.state": {
        "min": [
            -0.174534410238266,
            -6.002415180206299,
            0.05811965838074684,
            0.23857957124710083,
            -11.543106079101562,
            -0.6593406796455383,
            -0.711941659450531,
            -18.007244110107422,
            0.8058608174324036,
            0.1068149283528328,
            -16.160348892211914,
            -0.21978022158145905,
            -9.75882625579834,
            -73.45613098144531,
            -0.2927961051464081,
            -0.4395867586135864,
            -11.89289665222168,
            -0.2739926874637604,
            -0.02370723895728588,
            -5.0789666175842285,
            -0.0991453006863594,
            -0.32692453265190125,
            -10.619657516479492,
            0.22954823076725006,
            0.2499479353427887,
            -17.083797454833984,
            -0.6300366520881653,
            0.48003605008125305,
            -18.007244110107422,
            -1.0402930974960327,
            0.4835454225540161,
            -5.5966572761535645,
            -0.3572649657726288,
            0.12088635563850403,
            -4.897075176239014,
            -0.09401709586381912,
            0.0,
            0.0,
            0.0,
            1.0,
            0.0,
            0.0,
            0.0
        ],
        "max": [
            -0.1305757462978363,
            6.002415180206299,
            0.20854701101779938,
            0.2605589032173157,
            7.849311828613281,
            -0.3369963467121124,
            -0.602044939994812,
            17.083797454833984,
            1.186813235282898,
            0.12879426777362823,
            18.007244110107422,
            0.014652014710009098,
            9.341218948364258,
            60.164066314697266,
            0.5103785395622253,
            0.3296900689601898,
            13.991642951965332,
            0.30085471272468567,
            -0.0017279012827202678,
            5.0789666175842285,
            0.017094017937779427,
            -0.3049452006816864,
            6.925863265991211,
            0.5909646153450012,
            0.27192726731300354,
            15.236899375915527,
            -0.48351648449897766,
            0.5020154118537903,
            18.007244110107422,
            -0.8351648449897766,
            0.5165144205093384,
            5.5966572761535645,
            -0.26324787735939026,
            0.14286570250988007,
            6.296239376068115,
            -0.013431013561785221,
            0.0,
            0.0,
            0.0,
            1.0,
            0.0,
            0.0,
            0.0
        ],
        "mean": [
            -0.15288501977920532,
            -0.2400965690612793,
            0.1297777146100998,
            0.24616214632987976,
            -0.5263656377792358,
            -0.5155555605888367,
            -0.6649065613746643,
            -0.9788554310798645,
            1.057875633239746,
            0.12000258266925812,
            0.5402173399925232,
            -0.09978029131889343,
            1.6200975179672241,
            3.8581960201263428,
            0.12948840856552124,
            0.03154034540057182,
            0.24835172295570374,
            0.0145995132625103,
            -0.007332636509090662,
            -0.4894276559352875,
            -0.04147010296583176,
            -0.31571513414382935,
            -0.4571070373058319,
            0.4310135245323181,
            0.2681904733181,
            -0.4294034242630005,
            -0.5586804747581482,
            0.48783817887306213,
            -1.205100178718567,
            -0.9261539578437805,
            0.49744752049446106,
            -0.06995821744203568,
            -0.3166091740131378,
            0.13434873521327972,
            0.8604863882064819,
            -0.049197807908058167,
            0.0,
            0.0,
            0.0,
            1.0,
            0.0,
            0.0,
            0.0
        ],