{
    "action": {
        "min": [
            -10.0,
            0.0,
            0.0,
            0.0,
            0.0,
            0.0,
            0.0,
            0.0,
            0.0,
            0.0,
            0.0,
            0.0
        ],
        "max": [
            9.996841430664062,
            0.0,
            0.0,
            0.0,
            0.0,
            0.0,
            0.0,
            0.0,
            0.0,
            0.0,
            0.0,
            0.0
        ],
        "mean": [
            0.6386131048202515,
            0.0,
            0.0,
            0.0,
            0.0,
            0.0,
            0.0,
            0.0,
            0.0,
            0.0,
            0.0,
            0.0
        ],
        "std": [
            7.09650182723999,
            0.0,
            0.0,
            0.0,
            0.0,
            0.0,
            0.0,
            0.0,
            0.0,
            0.0,
            0.0,
            0.0
        ],
        "count": [
            200
        ],
        "q01": [
            -10.0,
            3.9995784462121265e-16,
            3.9995784462121265e-16,
            3.9995784462121265e-16,
            3.9995784462121265e-16,
            3.9995784462121265e-16,
            3.9995784462121265e-16,
            3.9995784462121265e-16,
            3.9995784462121265e-16,
            3.9995784462121265e-16,
            3.9995784462121265e-16,
            3.9995784462121265e-16
        ],
        "q10": [
            -9.42809009552002,
            3.999578446212126e-15,
            3.999578446212126e-15,
            3.999578446212126e-15,
            3.999578446212126e-15,
            3.999578446212126e-15,
            3.999578446212126e-15,
            3.999578446212126e-15,
            3.999578446212126e-15,
            3.999578446212126e-15,
            3.999578446212126e-15,
            3.999578446212126e-15
        ],
        "q50": [
            1.3782024383544922,
            1.9997892231060632e-14,
            1.9997892231060632e-14,
            1.9997892231060632e-14,
            1.9997892231060632e-14,
            1.9997892231060632e-14,
            1.9997892231060632e-14,
            1.9997892231060632e-14,
            1.9997892231060632e-14,
            1.9997892231060632e-14,
            1.9997892231060632e-14,
            1.9997892231060632e-14
        ],
        "q90": [
            9.548912048339844,
            3.599620601590914e-14,
            3.599620601590914e-14,
            3.599620601590914e-14,
            3.599620601590914e-14,
            3.599620601590914e-14,
            3.599620601590914e-14,
            3.599620601590914e-14,
            3.599620601590914e-14,
            3.599620601590914e-14,
            3.599620601590914e-14,
            3.599620601590914e-14
        ],
        "q99": [
            9.994841575622559,
            3.959582661750005e-14,
            3.959582661750005e-14,
            3.959582661750005e-14,
            3.959582661750005e-14,
            3.959582661750005e-14,
            3.959582661750005e-14,
            3.959582661750005e-14,
            3.959582661750005e-14,
            3.959582661750005e-14,
            3.959582661750005e-14,
            3.959582661750005e-14
        ]
    },
    "observation.state": {
        "min": [
            -8.57064151763916,
            -124.20381927490234,
            -1.3641026020050049,
            0.12868288159370422,
            -10.619657516479492,
            -0.8253968358039856,
            -0.8657969832420349,
            -18.930692672729492,
            0.7472527623176575,
            0.04087691754102707,
            -16.160348892211914,
            -0.1318681389093399,
            -0.12088635563850403,
            -4.197493076324463,
            0.048351649194955826,
            -0.010989668779075146,
            -4.197493076324463,
            0.016117217019200325,
            -0.0017279012827202678,
            -6.925863265991211,
            -0.26324787735939026,
            -0.3489038646221161,
            -9.696208953857422,
            0.2490842491388321,
            0.2499479353427887,
            -20.777589797973633,
            -0.6300366520881653,
            0.48003605008125305,
            -14.313450813293457,
            -1.0402930974960327,
            0.6703698039054871,
            -5.5966572761535645,
            -0.470085471868515,
            0.06593801081180573,
            -4.197493076324463,
            -0.048351649194955826,
            0.0,
            0.0,
            0.0,
            1.0,
            0.0,
            0.0,
            0.0
        ],
        "max": [
            8.551262855529785,
            125.12726593017578,
            1.288888931274414,
            0.30451759696006775,
            8.772760391235352,
            -0.04395604506134987,
            -0.4921482503414154,
            18.007244110107422,
            1.4505494832992554,
            0.08483558893203735,
            15.236899375915527,
            0.1318681389093399,
            -0.09890701621770859,
            5.5966572761535645,
            0.1101343110203743,
            0.010989668779075146,
            5.5966572761535645,
            0.08058608323335648,
            0.08618944883346558,
            5.0789666175842285,
            -0.023931624367833138,
            -0.3049452006816864,
            10.619657516479492,
            0.5811966061592102,
            0.2939065992832184,
            17.083797454833984,
            -0.4542124569416046,
            0.5020154118537903,
            16.160348892211914,
            -0.8058608174324036,
            0.6923491358757019,
            5.5966572761535645,
            -0.38144078850746155,
            0.08791735023260117,
            5.5966572761535645,
            0.021489622071385384,
            0.0,
            0.0,
            0.0,
            1.0,
            0.0,
            0.0,
            0.0
        ],
        "mean": [
            0.3312099575996399,
            4.164752006530762,
            -0.06027352809906006,
            0.23429365456104279,
            -0.327824205160141,
            -0.4888399839401245,
            -0.6428158283233643,
            -1.1358414888381958,
            1.025787591934204,
            0.06802153587341309,
            0.2724173069000244,
            -0.012161172926425934,
            -0.11149037629365921,
            0.20287881791591644,
            0.07084863632917404,
            -0.007967508397996426,
            0.7275654673576355,
            0.0392051562666893,
            0.0421208031475544,
            -0.3739965856075287,
            -0.11753848195075989,
            -0.32099002599716187,
            -0.41093456745147705,
            0.44029316306114197,
            0.2681904137134552,
            -0.29550349712371826,
            -0.5567758083343506,
            0.4935527741909027,
            -0.6371791958808899,
            -0.9273261427879333,
            0.6821835041046143,
            0.03847699612379074,
            -0.42985954880714417,
            0.07610364258289337,
            0.7030802965164185,
            -0.013390732929110527,
            0.0,
            0.0,
            0.0,
            1.0,
            0.0,
            0.0,
            0.0
        ],