{
    "action": {
        "min": [
            -10.0,
            0.0,
            0.0,
            0.0,
            0.0,
            0.0,
            0.0,
            0.0,
            0.0,
            0.0,
            0.0,
            0.0
        ],
        "max": [
            10.0,
            0.0,
            0.0,
            0.0,
            0.0,
            0.0,
            0.0,
            0.0,
            0.0,
            0.0,
            0.0,
            0.0
        ],
        "mean": [
            -1.633167272530045e-07,
            0.0,
            0.0,
            0.0,
            0.0,
            0.0,
            0.0,
            0.0,
            0.0,
            0.0,
            0.0,
            0.0
        ],
        "std": [
            7.071068286895752,
            0.0,
            0.0,
            0.0,
            0.0,
            0.0,
            0.0,
            0.0,
            0.0,
            0.0,
            0.0,
            0.0
        ],
        "count": [
            200
        ],
        "q01": [
            -10.0,
            3.9995784462121265e-16,
            3.9995784462121265e-16,
            3.9995784462121265e-16,
            3.9995784462121265e-16,
            3.9995784462121265e-16,
            3.9995784462121265e-16,
            3.9995784462121265e-16,
            3.9995784462121265e-16,
            3.9995784462121265e-16,
            3.9995784462121265e-16,
            3.9995784462121265e-16
        ],
        "q10": [
            -9.510000228881836,
            3.999578446212126e-15,
            3.999578446212126e-15,
            3.999578446212126e-15,
            3.999578446212126e-15,
            3.999578446212126e-15,
            3.999578446212126e-15,
            3.999578446212126e-15,
            3.999578446212126e-15,
            3.999578446212126e-15,
            3.999578446212126e-15,
            3.999578446212126e-15
        ],
        "q50": [
            0.0013335545857747395,
            1.9997892231060632e-14,
            1.9997892231060632e-14,
            1.9997892231060632e-14,
            1.9997892231060632e-14,
            1.9997892231060632e-14,
            1.9997892231060632e-14,
            1.9997892231060632e-14,
            1.9997892231060632e-14,
            1.9997892231060632e-14,
            1.9997892231060632e-14,
            1.9997892231060632e-14
        ],
        "q90": [
            9.510001182556152,
            3.599620601590914e-14,
            3.599620601590914e-14,
            3.599620601590914e-14,
            3.599620601590914e-14,
            3.599620601590914e-14,
            3.599620601590914e-14,
            3.599620601590914e-14,
            3.599620601590914e-14,
            3.599620601590914e-14,
            3.599620601590914e-14,
            3.599620601590914e-14
        ],
        "q99": [
            9.984001159667969,
            3.959582661750005e-14,
            3.959582661750005e-14,
            3.959582661750005e-14,
            3.959582661750005e-14,
            3.959582661750005e-14,
            3.959582661750005e-14,
            3.959582661750005e-14,
            3.959582661750005e-14,
            3.959582661750005e-14,
            3.959582661750005e-14,
            3.959582661750005e-14
        ]
    },
    "observation.state": {
        "min": [
            -7.845323085784912,
            -168.5293426513672,
            -1.9726495742797852,
            -0.04715181887149811,
            -13.390002250671387,
            -1.3528693914413452,
            -1.0855903625488281,
            -39.246559143066406,
            -0.6300366520881653,
            -0.025061096996068954,
            -16.160348892211914,
            -0.27838829159736633,
            -0.08791735023260117,
            -4.197493076324463,
            0.018803419545292854,
            -0.12088635563850403,
            -4.897075176239014,
            0.07252747565507889,
            -0.3094386160373688,
            -14.313450813293457,
            -0.6461538672447205,
            -0.37088319659233093,
            -9.696208953857422,
            -0.21001221239566803,
            0.09609256684780121,
            -19.854141235351562,
            -0.9230769276618958,
            0.48003605008125305,
            -16.160348892211914,
            -1.0695971250534058,
            0.6923491358757019,
            -5.5966572761535645,
            -0.4862026870250702,
            -0.010989668779075146,
            -5.5966572761535645,
            -0.03223443403840065,
            0.0,
            0.0,
            0.0,
            1.0,
            0.0,
            0.0,
            0.0
        ],
        "max": [
            7.760006427764893,
            153.75416564941406,
            1.9794871807098389,
            0.5462902784347534,
            16.160348892211914,
            0.3663003742694855,
            0.16723187267780304,
            37.399662017822266,
            1.9487179517745972,
            0.17275294661521912,
            20.777589797973633,
            0.190476194024086,
            -0.0549483448266983,
            4.897075176239014,
            0.09938950091600418,
            -0.07692768424749374,
            6.995821475982666,
            0.15311355888843536,
            0.28400349617004395,
            11.543106079101562,
            0.7008547186851501,
            -0.1510898321866989,
            8.772760391235352,
            0.8742368817329407,
            0.49172064661979675,
            17.083797454833984,
            -0.27838829159736633,
            0.5239947438240051,
            25.394832611083984,
            -0.7765567898750305,
            0.7582871317863464,
            4.897075176239014,
            -0.41636142134666443,
            0.06593801081180573,
            5.5966572761535645,
            0.053724054247140884,
            0.0,
            0.0,
            0.0,
            1.0,
            0.0,
            0.0,
            0.0
        ],
        "mean": [
            0.2556012272834778,
            -3.96159291267395,
            -0.07733328640460968,
            0.23605182766914368,
            -0.3278242349624634,
            -0.48571446537971497,
            -0.5528111457824707,
            -0.8264861106872559,
            0.8613919019699097,
            0.07637372612953186,
            0.04617251828312874,
            -0.029304038733243942,
            -0.07258690148591995,
            0.21687045693397522,
            0.04810991883277893,
            -0.10500652343034744,
            0.8744779825210571,
            0.10309647768735886,
            0.010470634326338768,
            -0.36476218700408936,
            -0.07866664230823517,
            -0.3053848147392273,
            -0.6279448866844177,
            0.4121122658252716,
            0.27775198221206665,
            -0.6371793746948242,
            -0.5783149600028992,
            0.4992673993110657,
            0.2031586766242981,
            -0.9367032647132874,
            0.7231195569038391,
            -0.15390805900096893,
            -0.4559830129146576,
            0.025715820491313934,
            0.7065775990486145,
            0.018588537350296974,
            0.0,
            0.0,
            0.0,
            1.0,
            0.0,
            0.0,
            0.0
        ],