{
    "action": {
        "min": [
            0.0,
            -9.996841430664062,
            0.0,
            0.0,
            0.0,
            0.0,
            0.0,
            0.0,
            0.0,
            0.0,
            0.0,
            0.0
        ],
        "max": [
            0.0,
            10.0,
            0.0,
            0.0,
            0.0,
            0.0,
            0.0,
            0.0,
            0.0,
            0.0,
            0.0,
            0.0
        ],
        "mean": [
            0.0,
            0.8136031627655029,
            0.0,
            0.0,
            0.0,
            0.0,
            0.0,
            0.0,
            0.0,
            0.0,
            0.0,
            0.0
        ],
        "std": [
            0.0,
            6.9429826736450195,
            0.0,
            0.0,
            0.0,
            0.0,
            0.0,
            0.0,
            0.0,
            0.0,
            0.0,
            0.0
        ],
        "count": [
            200
        ],
        "q01": [
            3.9995784462121265e-16,
            -9.996841430664062,
            3.9995784462121265e-16,
            3.9995784462121265e-16,
            3.9995784462121265e-16,
            3.9995784462121265e-16,
            3.9995784462121265e-16,
            3.9995784462121265e-16,
            3.9995784462121265e-16,
            3.9995784462121265e-16,
            3.9995784462121265e-16,
            3.9995784462121265e-16
        ],
        "q10": [
            3.999578446212126e-15,
            -9.34094524383545,
            3.999578446212126e-15,
            3.999578446212126e-15,
            3.999578446212126e-15,
            3.999578446212126e-15,
            3.999578446212126e-15,
            3.999578446212126e-15,
            3.999578446212126e-15,
            3.999578446212126e-15,
            3.999578446212126e-15,
            3.999578446212126e-15
        ],
        "q50": [
            1.9997892231060632e-14,
            1.5053415298461914,
            1.9997892231060632e-14,
            1.9997892231060632e-14,
            1.9997892231060632e-14,
            1.9997892231060632e-14,
            1.9997892231060632e-14,
            1.9997892231060632e-14,
            1.9997892231060632e-14,
            1.9997892231060632e-14,
            1.9997892231060632e-14,
            1.9997892231060632e-14
        ],
        "q90": [
            3.599620601590914e-14,
            9.588064193725586,
            3.599620601590914e-14,
            3.599620601590914e-14,
            3.599620601590914e-14,
            3.599620601590914e-14,
            3.599620601590914e-14,
            3.599620601590914e-14,
            3.599620601590914e-14,
            3.599620601590914e-14,
            3.599620601590914e-14,
            3.599620601590914e-14
        ],
        "q99": [
            3.959582661750005e-14,
            9.98800277709961,
            3.959582661750005e-14,
            3.959582661750005e-14,
            3.959582661750005e-14,
            3.959582661750005e-14,
            3.959582661750005e-14,
            3.959582661750005e-14,
            3.959582661750005e-14,
            3.959582661750005e-14,
            3.959582661750005e-14,
            3.959582661750005e-14
        ]
    },
    "observation.state": {
        "min": [
            -0.26245176792144775,
            -6.925863265991211,
            -0.05811965838074684,
            -8.838887214660645,
            -82.64863586425781,
            -0.8644688725471497,
            -0.7339209914207458,
            -16.160348892211914,
            0.8937729001045227,
            0.06285625696182251,
            -18.930692672729492,
            -0.10256410390138626,
            -0.13187602162361145,
            -5.5966572761535645,
            0.045665446668863297,
            0.02197933755815029,
            -5.5966572761535645,
            -0.010744811035692692,
            -0.0017279012827202678,
            -6.002415180206299,
            -0.20170940458774567,
            -0.32692453265190125,
            -8.772760391235352,
            0.21001221239566803,
            0.2499479353427887,
            -18.007244110107422,
            -0.6300366520881653,
            0.48003605008125305,
            -17.083797454833984,
            -1.0695971250534058,
            0.6923491358757019,
            -4.897075176239014,
            -0.4754578769207001,
            0.07692768424749374,
            -4.897075176239014,
            -0.06984127312898636,
            0.0,
            0.0,
            0.0,
            1.0,
            0.0,
            0.0,
            0.0
        ],
        "max": [
            -0.10859639942646027,
            10.619657516479492,
            0.37264958024024963,
            8.854479789733887,
            78.0313949584961,
            0.9328449368476868,
            -0.602044939994812,
            16.160348892211914,
            1.245421290397644,
            0.08483558893203735,
            22.624486923217773,
            0.10256410390138626,
            -0.09890701621770859,
            5.5966572761535645,
            0.09133089333772659,
            0.0549483448266983,
            6.296239376068115,
            0.024175824597477913,
            0.04223077371716499,
            6.925863265991211,
            -0.017094017937779427,
            -0.3049452006816864,
            8.772760391235352,
            0.5714285969734192,
            0.27192726731300354,
            16.160348892211914,
            -0.48351648449897766,
            0.5020154118537903,
            17.083797454833984,
            -0.8351648449897766,
            0.7143284678459167,
            4.897075176239014,
            -0.40024420619010925,
            0.09890701621770859,
            5.5966572761535645,
            0.024175824597477913,
            0.0,
            0.0,
            0.0,
            1.0,
            0.0,
            0.0,
            0.0
        ],
        "mean": [
            -0.16222599148750305,
            -0.5771551132202148,
            0.14690595865249634,
            0.8681780099868774,
            -0.6187085509300232,
            -0.129181906580925,
            -0.6745768785476685,
            -0.9234487414360046,
            1.0833702087402344,
            0.07285701483488083,
            -0.26318275928497314,
            -0.021098904311656952,
            -0.11561146378517151,
            -0.06296238303184509,
            0.07357511669397354,
            0.038244038820266724,
            0.6785946488380432,
            0.010476204566657543,
            0.0209108367562294,
            -0.24471387267112732,
            -0.08225640654563904,
            -0.3187922239303589,
            -0.4478726089000702,
            0.43365079164505005,
            0.27016863226890564,
            -0.286268949508667,
            -0.5602921843528748,
            0.5010255575180054,
            -0.10157936066389084,
            -0.941099226474762,
            0.7016907334327698,
            0.21687044203281403,
            -0.4431159496307373,
            0.09121432900428772,
            0.517690896987915,
            -0.022617854177951813,
            0.0,
            0.0,
            0.0,
            1.0,
            0.0,
            0.0,
            0.0
        ],