{
    "action": {
        "min": [
            0.0,
            0.0,
            0.0,
            0.0,
            0.0,
            -9.998223304748535,
            0.0,
            0.0,
            0.0,
            0.0,
            0.0,
            0.0
        ],
        "max": [
            0.0,
            0.0,
            0.0,
            0.0,
            0.0,
            9.999802589416504,
            0.0,
            0.0,
            0.0,
            0.0,
            0.0,
            0.0
        ],
        "mean": [
            0.0,
            0.0,
            0.0,
            0.0,
            0.0,
            0.6345770955085754,
            0.0,
            0.0,
            0.0,
            0.0,
            0.0,
            0.0
        ],
        "std": [
            0.0,
            0.0,
            0.0,
            0.0,
            0.0,
            7.118222713470459,
            0.0,
            0.0,
            0.0,
            0.0,
            0.0,
            0.0
        ],
        "count": [
            200
        ],
        "q01": [
            3.9995784462121265e-16,
            3.9995784462121265e-16,
            3.9995784462121265e-16,
            3.9995784462121265e-16,
            3.9995784462121265e-16,
            -9.998223304748535,
            3.9995784462121265e-16,
            3.9995784462121265e-16,
            3.9995784462121265e-16,
            3.9995784462121265e-16,
            3.9995784462121265e-16,
            3.9995784462121265e-16
        ],
        "q10": [
            3.999578446212126e-15,
            3.999578446212126e-15,
            3.999578446212126e-15,
            3.999578446212126e-15,
            3.999578446212126e-15,
            -9.65025806427002,
            3.999578446212126e-15,
            3.999578446212126e-15,
            3.999578446212126e-15,
            3.999578446212126e-15,
            3.999578446212126e-15,
            3.999578446212126e-15
        ],
        "q50": [
            1.9997892231060632e-14,
            1.9997892231060632e-14,
            1.9997892231060632e-14,
            1.9997892231060632e-14,
            1.9997892231060632e-14,
            1.5046415328979492,
            1.9997892231060632e-14,
            1.9997892231060632e-14,
            1.9997892231060632e-14,
            1.9997892231060632e-14,
            1.9997892231060632e-14,
            1.9997892231060632e-14
        ],
        "q90": [
            3.599620601590914e-14,
            3.599620601590914e-14,
            3.599620601590914e-14,
            3.599620601590914e-14,
            3.599620601590914e-14,
            9.587843894958496,
            3.599620601590914e-14,
            3.599620601590914e-14,
            3.599620601590914e-14,
            3.599620601590914e-14,
            3.599620601590914e-14,
            3.599620601590914e-14
        ],
        "q99": [
            3.959582661750005e-14,
            3.959582661750005e-14,
            3.959582661750005e-14,
            3.959582661750005e-14,
            3.959582661750005e-14,
            9.991803169250488,
            3.959582661750005e-14,
            3.959582661750005e-14,
            3.959582661750005e-14,
            3.959582661750005e-14,
            3.959582661750005e-14,
            3.959582661750005e-14
        ]
    },
    "observation.state": {
        "min": [
            -0.174534410238266,
            -5.0789666175842285,
            0.05811965838074684,
            0.216600239276886,
            -9.696208953857422,
            -0.6691086888313293,
            -0.6679829359054565,
            -13.390002250671387,
            0.8351648449897766,
            0.08483558893203735,
            -19.854141235351562,
            -0.190476194024086,
            -0.4835454225540161,
            -20.287883758544922,
            -0.2578754723072052,
            -6.439946174621582,
            -74.15570831298828,
            -1.960927963256836,
            -0.0017279012827202678,
            -6.002415180206299,
            -0.13333334028720856,
            -0.32692453265190125,
            -11.543106079101562,
            0.23931623995304108,
            0.2499479353427887,
            -18.007244110107422,
            -0.6593406796455383,
            0.5020154118537903,
            -17.083797454833984,
            -1.0402930974960327,
            0.5494834184646606,
            -5.5966572761535645,
            -0.3841269910335541,
            -0.06593801081180573,
            -4.897075176239014,
            0.03760683909058571,
            0.0,
            0.0,
            0.0,
            1.0,
            0.0,
            0.0,
            0.0
        ],
        "max": [
            -0.1305757462978363,
            7.849311828613281,
            0.19487179815769196,
            0.2605589032173157,
            10.619657516479492,
            -0.28815630078315735,
            -0.6460036039352417,
            14.313450813293457,
            1.186813235282898,
            0.1068149283528328,
            20.777589797973633,
            0.07326007634401321,
            0.18682436645030975,
            20.987464904785156,
            0.3572649657726288,
            9.0444974899292,
            77.65361785888672,
            0.6258852481842041,
            -0.0017279012827202678,
            6.002415180206299,
            0.017094017937779427,
            -0.3049452006816864,
            8.772760391235352,
            0.6007326245307922,
            0.27192726731300354,
            19.854141235351562,
            -0.4542124569416046,
            0.5239947438240051,
            19.854141235351562,
            -0.8351648449897766,
            0.5714628100395203,
            4.197493076324463,
            -0.31697192788124084,
            -0.04395867511630058,
            5.5966572761535645,
            0.09938950091600418,
            0.0,
            0.0,
            0.0,
            1.0,
            0.0,
            0.0,
            0.0
        ],
        "mean": [
            -0.15332461893558502,
            -0.38323116302490234,
            0.13111113011837006,
            0.23945830762386322,
            -0.32320713996887207,
            -0.5061290860176086,
            -0.667873740196228,
            -0.48481038212776184,
            1.067692518234253,
            0.08505552262067795,
            0.16160352528095245,
            -0.048644762486219406,
            -0.2370471954345703,
            -0.3253055810928345,
            0.14488035440444946,
            1.4108531475067139,
            -1.8433986902236938,
            -0.2683650851249695,
            -0.0017279008170589805,
            -0.40170031785964966,
            -0.05565815046429634,
            -0.32362744212150574,
            -0.4709586799144745,
            0.43760696053504944,
            0.27049827575683594,
            -0.346293181180954,
            -0.5557500720024109,
            0.5025641918182373,
            -0.041555289179086685,
            -0.9556040167808533,
            0.561516523361206,
            -0.20637674629688263,
            -0.3539073169231415,
            -0.06225648522377014,
            0.6331220865249634,
            0.07048597931861877,
            0.0,
            0.0,
            0.0,
            1.0,
            0.0,
            0.0,
            0.0
        ],