{
    "action": {
        "min": [
            0.0,
            0.0,
            0.0,
            0.0,
            -9.980267524719238,
            0.0,
            0.0,
            0.0,
            0.0,
            0.0,
            0.0,
            0.0
        ],
        "max": [
            0.0,
            0.0,
            0.0,
            0.0,
            9.980267524719238,
            0.0,
            0.0,
            0.0,
            0.0,
            0.0,
            0.0,
            0.0
        ],
        "mean": [
            0.0,
            0.0,
            0.0,
            0.0,
            3.4809113458322827e-07,
            0.0,
            0.0,
            0.0,
            0.0,
            0.0,
            0.0,
            0.0
        ],
        "std": [
            0.0,
            0.0,
            0.0,
            0.0,
            7.07106876373291,
            0.0,
            0.0,
            0.0,
            0.0,
            0.0,
            0.0,
            0.0
        ],
        "count": [
            200
        ],
        "q01": [
            3.9995784462121265e-16,
            3.9995784462121265e-16,
            3.9995784462121265e-16,
            3.9995784462121265e-16,
            -9.980267524719238,
            3.9995784462121265e-16,
            3.9995784462121265e-16,
            3.9995784462121265e-16,
            3.9995784462121265e-16,
            3.9995784462121265e-16,
            3.9995784462121265e-16,
            3.9995784462121265e-16
        ],
        "q10": [
            3.999578446212126e-15,
            3.999578446212126e-15,
            3.999578446212126e-15,
            3.999578446212126e-15,
            -9.511195182800293,
            3.999578446212126e-15,
            3.999578446212126e-15,
            3.999578446212126e-15,
            3.999578446212126e-15,
            3.999578446212126e-15,
            3.999578446212126e-15,
            3.999578446212126e-15
        ],
        "q50": [
            1.9997892231060632e-14,
            1.9997892231060632e-14,
            1.9997892231060632e-14,
            1.9997892231060632e-14,
            -0.001995086669921875,
            1.9997892231060632e-14,
            1.9997892231060632e-14,
            1.9997892231060632e-14,
            1.9997892231060632e-14,
            1.9997892231060632e-14,
            1.9997892231060632e-14,
            1.9997892231060632e-14
        ],
        "q90": [
            3.599620601590914e-14,
            3.599620601590914e-14,
            3.599620601590914e-14,
            3.599620601590914e-14,
            9.51119613647461,
            3.599620601590914e-14,
            3.599620601590914e-14,
            3.599620601590914e-14,
            3.599620601590914e-14,
            3.599620601590914e-14,
            3.599620601590914e-14,
            3.599620601590914e-14
        ],
        "q99": [
            3.959582661750005e-14,
            3.959582661750005e-14,
            3.959582661750005e-14,
            3.959582661750005e-14,
            9.979269981384277,
            3.959582661750005e-14,
            3.959582661750005e-14,
            3.959582661750005e-14,
            3.959582661750005e-14,
            3.959582661750005e-14,
            3.959582661750005e-14,
            3.959582661750005e-14
        ]
    },
    "observation.state": {
        "min": [
            -0.174534410238266,
            -6.925863265991211,
            0.08547008782625198,
            0.23857957124710083,
            -8.772760391235352,
            -0.6886447072029114,
            -0.6899623274803162,
            -21.701038360595703,
            0.8058608174324036,
            0.08483558893203735,
            -16.160348892211914,
            -0.16117216646671295,
            -9.528042793273926,
            -135.71893310546875,
            -0.40024420619010925,
            -0.5824524760246277,
            -20.287883758544922,
            -0.30085471272468567,
            0.020251436159014702,
            -6.002415180206299,
            -0.1538461595773697,
            -0.32692453265190125,
            -8.772760391235352,
            0.22954823076725006,
            0.2499479353427887,
            -19.854141235351562,
            -0.6300366520881653,
            0.48003605008125305,
            -17.083797454833984,
            -1.0109890699386597,
            0.6374008059501648,
            -5.5966572761535645,
            -0.4485958516597748,
            0.04395867511630058,
            -4.197493076324463,
            -0.03492063656449318,
            0.0,
            0.0,
            0.0,
            1.0,
            0.0,
            0.0,
            0.0
        ],
        "max": [
            -0.15255507826805115,
            5.0789666175842285,
            0.20170940458774567,
            0.2605589032173157,
            7.849311828613281,
            -0.35653236508369446,
            -0.6460036039352417,
            17.083797454833984,
            1.186813235282898,
            0.1068149283528328,
            18.930692672729492,
            0.04395604506134987,
            9.297260284423828,
            128.72311401367188,
            0.5372405648231506,
            0.28573140501976013,
            16.090389251708984,
            0.3115995228290558,
            0.04223077371716499,
            4.155518054962158,
            -0.04444444552063942,
            -0.3049452006816864,
            9.696208953857422,
            0.5714285969734192,
            0.27192726731300354,
            15.236899375915527,
            -0.48351648449897766,
            0.5020154118537903,
            18.007244110107422,
            -0.8058608174324036,
            0.6593801379203796,
            4.197493076324463,
            -0.38144078850746155,
            0.06593801081180573,
            6.296239376068115,
            0.024175824597477913,
            0.0,
            0.0,
            0.0,
            1.0,
            0.0,
            0.0,
            0.0
        ],
        "mean": [
            -0.15859952569007874,
            -0.6417966485023499,
            0.13955554366111755,
            0.2582511603832245,
            -0.5910074710845947,
            -0.5267398357391357,
            -0.6676539778709412,
            -0.6695001125335693,
            1.0606597661972046,
            0.08703365176916122,
            0.5309828519821167,
            -0.0539194792509079,
            -0.024671880528330803,
            -3.8407039642333984,
            0.09881196916103363,
            -0.006428960710763931,
            0.86748206615448,
            0.037674013525247574,
            0.029372822493314743,
            -0.6140931844711304,
            -0.10010255873203278,
            -0.3079129159450531,
            -0.290886253118515,
            0.4265199601650238,
            0.26467370986938477,
            -0.4617241621017456,
            -0.5507684946060181,
            0.4823435842990875,
            -0.2585656940937042,
            -0.9188280701637268,
            0.6525115370750427,
            -0.1644018590450287,
            -0.4133527874946594,
            0.05599243938922882,
            0.710075855255127,
            -2.6862095182877965e-05,
            0.0,
            0.0,
            0.0,
            1.0,
            0.0,
            0.0,
            0.0
        ],