{
    "action": {
        "min": [
            0.0,
            0.0,
            0.0,
            0.0,
            0.0,
            0.0,
            0.0,
            0.0,
            -10.0,
            0.0,
            0.0,
            0.0
        ],
        "max": [
            0.0,
            0.0,
            0.0,
            0.0,
            0.0,
            0.0,
            0.0,
            0.0,
            9.996841430664062,
            0.0,
            0.0,
            0.0
        ],
        "mean": [
            0.0,
            0.0,
            0.0,
            0.0,
            0.0,
            0.0,
            0.0,
            0.0,
            0.6386131048202515,
            0.0,
            0.0,
            0.0
        ],
        "std": [
            0.0,
            0.0,
            0.0,
            0.0,
            0.0,
            0.0,
            0.0,
            0.0,
            7.09650182723999,
            0.0,
            0.0,
            0.0
        ],
        "count": [
            200
        ],
        "q01": [
            3.9995784462121265e-16,
            3.9995784462121265e-16,
            3.9995784462121265e-16,
            3.9995784462121265e-16,
            3.9995784462121265e-16,
            3.9995784462121265e-16,
            3.9995784462121265e-16,
            3.9995784462121265e-16,
            -10.0,
            3.9995784462121265e-16,
            3.9995784462121265e-16,
            3.9995784462121265e-16
        ],
        "q10": [
            3.999578446212126e-15,
            3.999578446212126e-15,
            3.999578446212126e-15,
            3.999578446212126e-15,
            3.999578446212126e-15,
            3.999578446212126e-15,
            3.999578446212126e-15,
            3.999578446212126e-15,
            -9.42809009552002,
            3.999578446212126e-15,
            3.999578446212126e-15,
            3.999578446212126e-15
        ],
        "q50": [
            1.9997892231060632e-14,
            1.9997892231060632e-14,
            1.9997892231060632e-14,
            1.9997892231060632e-14,
            1.9997892231060632e-14,
            1.9997892231060632e-14,
            1.9997892231060632e-14,
            1.9997892231060632e-14,
            1.3782024383544922,
            1.9997892231060632e-14,
            1.9997892231060632e-14,
            1.9997892231060632e-14
        ],
        "q90": [
            3.599620601590914e-14,
            3.599620601590914e-14,
            3.599620601590914e-14,
            3.599620601590914e-14,
            3.599620601590914e-14,
            3.599620601590914e-14,
            3.599620601590914e-14,
            3.599620601590914e-14,
            9.548912048339844,
            3.599620601590914e-14,
            3.599620601590914e-14,
            3.599620601590914e-14
        ],
        "q99": [
            3.959582661750005e-14,
            3.959582661750005e-14,
            3.959582661750005e-14,
            3.959582661750005e-14,
            3.959582661750005e-14,
            3.959582661750005e-14,
            3.959582661750005e-14,
            3.959582661750005e-14,
            9.994841575622559,
            3.959582661750005e-14,
            3.959582661750005e-14,
            3.959582661750005e-14
        ]
    },
    "observation.state": {
        "min": [
            -0.5262038111686707,
            -20.777589797973633,
            -0.5299145579338074,
            0.0627448707818985,
            -10.619657516479492,
            -1.1379731893539429,
            -2.7340407371520996,
            -88.1893310546875,
            -4.644688606262207,
            -0.09099911153316498,
            -33.705867767333984,
            -0.8937729001045227,
            -0.18682436645030975,
            -6.995821475982666,
            0.053724054247140884,
            -0.0549483448266983,
            -4.197493076324463,
            -0.016117217019200325,
            -0.5072526931762695,
            -19.854141235351562,
            -1.056410312652588,
            -0.5247385501861572,
            -12.466554641723633,
            -0.4932844936847687,
            -9.003353118896484,
            -233.1707305908203,
            -8.600732803344727,
            0.238263338804245,
            -22.624486923217773,
            -1.860805869102478,
            0.428597092628479,
            -13.991642951965332,
            -0.5399267673492432,
            -0.04395867511630058,
            -6.296239376068115,
            -0.056410256773233414,
            0.0,
            0.0,
            0.0,
            1.0,
            0.0,
            0.0,
            0.0
        ],
        "max": [
            0.17713499069213867,
            10.619657516479492,
            0.8717948794364929,
            0.45837295055389404,
            10.619657516479492,
            0.02442002482712269,
            1.617868185043335,
            100.19416046142578,
            5.523809432983398,
            0.2606703042984009,
            37.399662017822266,
            0.5714285969734192,
            -0.09890701621770859,
            9.094568252563477,
            0.12356532365083694,
            0.0549483448266983,
            7.695404052734375,
            0.07789988070726395,
            0.43785884976387024,
            12.466554641723633,
            1.0153846740722656,
            0.04672420769929886,
            12.466554641723633,
            1.0305250883102417,
            9.591166496276855,
            222.08935546875,
            6.1978020668029785,
            0.7437881231307983,
            26.318281173706055,
            -0.07326007634401321,
            0.857194185256958,
            11.193314552307129,
            -0.2847374975681305,
            0.14286570250988007,
            7.695404052734375,
            0.053724054247140884,
            0.0,
            0.0,
            0.0,
            1.0,
            0.0,
            0.0,
            0.0
        ],
        "mean": [
            -0.16596248745918274,
            -0.46634146571159363,
            0.15442734956741333,
            0.24901962280273438,
            -0.3278241753578186,
            -0.5185347199440002,
            -0.6346843838691711,
            0.6695003509521484,
            0.9446154832839966,
            0.08681388944387436,
            -0.08311022073030472,
            -0.04439561069011688,
            -0.1264362782239914,
            -0.08744778484106064,
            0.08097560703754425,
            0.011703995056450367,
            0.7870297431945801,
            0.026794882491230965,
            0.018053503707051277,
            -0.5725380778312683,
            -0.08885469287633896,
            -0.2653825581073761,
            -0.07849321514368057,
            0.33553096652030945,
            0.740526556968689,
            5.50375509262085,
            -0.7119417786598206,
            0.5012460947036743,
            -0.22162769734859467,
            -0.9450549483299255,
            0.6634463667869568,
            0.23785802721977234,
            -0.4194774925708771,
            0.060553159564733505,
            0.7765361666679382,
            -0.003975581377744675,
            0.0,
            0.0,
            0.0,
            1.0,
            0.0,
            0.0,
            0.0
        ],