{
    "action": {
        "min": [
            -10.0,
            0.0,
            0.0,
            0.0,
            0.0,
            0.0,
            0.0,
            0.0,
            0.0,
            0.0,
            0.0,
            0.0
        ],
        "max": [
            9.999210357666016,
            0.0,
            0.0,
            0.0,
            0.0,
            0.0,
            0.0,
            0.0,
            0.0,
            0.0,
            0.0,
            0.0
        ],
        "mean": [
            0.4162852466106415,
            0.0,
            0.0,
            0.0,
            0.0,
            0.0,
            0.0,
            0.0,
            0.0,
            0.0,
            0.0,
            0.0
        ],
        "std": [
            7.1016669273376465,
            0.0,
            0.0,
            0.0,
            0.0,
            0.0,
            0.0,
            0.0,
            0.0,
            0.0,
            0.0,
            0.0
        ],
        "count": [
            200
        ],
        "q01": [
            -9.994000434875488,
            3.9995784462121265e-16,
            3.9995784462121265e-16,
            3.9995784462121265e-16,
            3.9995784462121265e-16,
            3.9995784462121265e-16,
            3.9995784462121265e-16,
            3.9995784462121265e-16,
            3.9995784462121265e-16,
            3.9995784462121265e-16,
            3.9995784462121265e-16,
            3.9995784462121265e-16
        ],
        "q10": [
            -9.550017833709717,
            3.999578446212126e-15,
            3.999578446212126e-15,
            3.999578446212126e-15,
            3.999578446212126e-15,
            3.999578446212126e-15,
            3.999578446212126e-15,
            3.999578446212126e-15,
            3.999578446212126e-15,
            3.999578446212126e-15,
            3.999578446212126e-15,
            3.999578446212126e-15
        ],
        "q50": [
            1.0055646896362305,
            1.9997892231060632e-14,
            1.9997892231060632e-14,
            1.9997892231060632e-14,
            1.9997892231060632e-14,
            1.9997892231060632e-14,
            1.9997892231060632e-14,
            1.9997892231060632e-14,
            1.9997892231060632e-14,
            1.9997892231060632e-14,
            1.9997892231060632e-14,
            1.9997892231060632e-14
        ],
        "q90": [
            9.585225105285645,
            3.599620601590914e-14,
            3.599620601590914e-14,
            3.599620601590914e-14,
            3.599620601590914e-14,
            3.599620601590914e-14,
            3.599620601590914e-14,
            3.599620601590914e-14,
            3.599620601590914e-14,
            3.599620601590914e-14,
            3.599620601590914e-14,
            3.599620601590914e-14
        ],
        "q99": [
            9.996542612711588,
            3.959582661750005e-14,
            3.959582661750005e-14,
            3.959582661750005e-14,
            3.959582661750005e-14,
            3.959582661750005e-14,
            3.959582661750005e-14,
            3.959582661750005e-14,
            3.959582661750005e-14,
            3.959582661750005e-14,
            3.959582661750005e-14,
            3.959582661750005e-14
        ]
    },
    "observation.state": {
        "min": [
            -9.076166152954102,
            -87.26587677001953,
            -0.94017094373703,
            0.19462089240550995,
            -10.619657516479492,
            -0.7081807255744934,
            -0.7778796553611755,
            -21.701038360595703,
            0.8351648449897766,
            0.06285625696182251,
            -19.854141235351562,
            -0.1318681389093399,
            -0.07692768424749374,
            -4.897075176239014,
            0.008058608509600163,
            -0.14286570250988007,
            -3.497910737991333,
            0.06984127312898636,
            -0.0017279012827202678,
            -6.925863265991211,
            -0.17435897886753082,
            -0.32692453265190125,
            -9.696208953857422,
            0.18070818483829498,
            0.2499479353427887,
            -18.007244110107422,
            -0.6300366520881653,
            0.48003605008125305,
            -22.624486923217773,
            -1.0402930974960327,
            0.5824524760246277,
            -5.5966572761535645,
            -0.41098901629447937,
            -0.04395867511630058,
            -3.497910737991333,
            -0.002686202758923173,
            0.0,
            0.0,
            0.0,
            1.0,
            0.0,
            0.0,
            0.0
        ],
        "max": [
            9.562312126159668,
            87.26587677001953,
            0.8239316344261169,
            0.2825382351875305,
            7.849311828613281,
            -0.20024420320987701,
            -0.5800656080245972,
            18.007244110107422,
            1.216117262840271,
            0.08483558893203735,
            17.083797454833984,
            0.07326007634401321,
            -0.0549483448266983,
            4.897075176239014,
            0.083272285759449,
            -0.12088635563850403,
            5.5966572761535645,
            0.166544571518898,
            0.04223077371716499,
            5.0789666175842285,
            -0.010256410576403141,
            -0.3049452006816864,
            8.772760391235352,
            0.5714285969734192,
            0.27192726731300354,
            15.236899375915527,
            -0.4542124569416046,
            0.5020154118537903,
            17.083797454833984,
            -0.8644688725471497,
            0.6044318079948425,
            6.296239376068115,
            -0.3304029405117035,
            -0.010989668779075146,
            6.296239376068115,
            0.08595848828554153,
            0.0,
            0.0,
            0.0,
            1.0,
            0.0,
            0.0,
            0.0
        ],
        "mean": [
            0.8547582030296326,
            -5.000473499298096,
            -0.17668382823467255,
            0.24506321549415588,
            -0.267799973487854,
            -0.5072039365768433,
            -0.672709047794342,
            -0.6879692077636719,
            1.0672529935836792,
            0.06714236736297607,
            0.26780009269714355,
            -0.016410255804657936,
            -0.06319063901901245,
            -0.13641852140426636,
            0.040024448186159134,
            -0.12506237626075745,
            0.7170713543891907,
            0.11668866872787476,
            0.02157021127641201,
            -0.47095879912376404,
            -0.08905983716249466,
            -0.313847154378891,
            -0.7710792422294617,
            0.43316251039505005,
            0.26676174998283386,
            -0.055406976491212845,
            -0.5550174117088318,
            0.48673945665359497,
            -0.018468713387846947,
            -0.926300585269928,
            0.5953662395477295,
            -0.09094567596912384,
            -0.3783113956451416,
            -0.030716119334101677,
            0.8674819469451904,
            0.05303908884525299,
            0.0,
            0.0,
            0.0,
            1.0,
            0.0,
            0.0,
            0.0
        ],