{
    "action": {
        "min": [
            0.0,
            0.0,
            0.0,
            -10.0,
            0.0,
            0.0,
            0.0,
            0.0,
            0.0,
            0.0,
            0.0,
            0.0
        ],
        "max": [
            0.0,
            0.0,
            0.0,
            10.0,
            0.0,
            0.0,
            0.0,
            0.0,
            0.0,
            0.0,
            0.0,
            0.0
        ],
        "mean": [
            0.0,
            0.0,
            0.0,
            -1.633167272530045e-07,
            0.0,
            0.0,
            0.0,
            0.0,
            0.0,
            0.0,
            0.0,
            0.0
        ],
        "std": [
            0.0,
            0.0,
            0.0,
            7.071068286895752,
            0.0,
            0.0,
            0.0,
            0.0,
            0.0,
            0.0,
            0.0,
            0.0
        ],
        "count": [
            200
        ],
        "q01": [
            3.9995784462121265e-16,
            3.9995784462121265e-16,
            3.9995784462121265e-16,
            -10.0,
            3.9995784462121265e-16,
            3.9995784462121265e-16,
            3.9995784462121265e-16,
            3.9995784462121265e-16,
            3.9995784462121265e-16,
            3.9995784462121265e-16,
            3.9995784462121265e-16,
            3.9995784462121265e-16
        ],
        "q10": [
            3.999578446212126e-15,
            3.999578446212126e-15,
            3.999578446212126e-15,
            -9.510000228881836,
            3.999578446212126e-15,
            3.999578446212126e-15,
            3.999578446212126e-15,
            3.999578446212126e-15,
            3.999578446212126e-15,
            3.999578446212126e-15,
            3.999578446212126e-15,
            3.999578446212126e-15
        ],
        "q50": [
            1.9997892231060632e-14,
            1.9997892231060632e-14,
            1.9997892231060632e-14,
            0.0013335545857747395,
            1.9997892231060632e-14,
            1.9997892231060632e-14,
            1.9997892231060632e-14,
            1.9997892231060632e-14,
            1.9997892231060632e-14,
            1.9997892231060632e-14,
            1.9997892231060632e-14,
            1.9997892231060632e-14
        ],
        "q90": [
            3.599620601590914e-14,
            3.599620601590914e-14,
            3.599620601590914e-14,
            9.510001182556152,
            3.599620601590914e-14,
            3.599620601590914e-14,
            3.599620601590914e-14,
            3.599620601590914e-14,
            3.599620601590914e-14,
            3.599620601590914e-14,
            3.599620601590914e-14,
            3.599620601590914e-14
        ],
        "q99": [
            3.959582661750005e-14,
            3.959582661750005e-14,
            3.959582661750005e-14,
            9.984001159667969,
            3.959582661750005e-14,
            3.959582661750005e-14,
            3.959582661750005e-14,
            3.959582661750005e-14,
            3.959582661750005e-14,
            3.959582661750005e-14,
            3.959582661750005e-14,
            3.959582661750005e-14
        ]
    },
    "observation.state": {
        "min": [
            -0.37234845757484436,
            -10.619657516479492,
            -0.25641027092933655,
            0.10670354217290878,
            -9.696208953857422,
            -0.9426129460334778,
            -1.3713217973709106,
            -73.41415405273438,
            -3.413919448852539,
            -7.8936638832092285,
            -267.33831787109375,
            -3.1794872283935547,
            -0.08791735023260117,
            -4.197493076324463,
            0.021489622071385384,
            -0.09890701621770859,
            -4.897075176239014,
            0.06178266182541847,
            -0.1116245910525322,
            -6.925863265991211,
            -0.3042735159397125,
            -0.3489038646221161,
            -9.696208953857422,
            0.23931623995304108,
            0.1400512456893921,
            -21.701038360595703,
            -0.8058608174324036,
            0.48003605008125305,
            -16.160348892211914,
            -1.0402930974960327,
            0.6813594698905945,
            -4.897075176239014,
            -0.4781440794467926,
            0.0549483448266983,
            -4.197493076324463,
            -0.04029304161667824,
            0.0,
            0.0,
            0.0,
            1.0,
            0.0,
            0.0,
            0.0
        ],
        "max": [
            0.023279624059796333,
            16.160348892211914,
            0.632478654384613,
            0.3924349248409271,
            12.466554641723633,
            0.16117216646671295,
            1.112343430519104,
            50.32794189453125,
            3.1794872283935547,
            8.546880722045898,
            267.33831787109375,
            2.3589744567871094,
            -0.0549483448266983,
            4.197493076324463,
            0.10207570344209671,
            -0.07692768424749374,
            4.897075176239014,
            0.13968254625797272,
            0.08618944883346558,
            6.002415180206299,
            0.19487179815769196,
            -0.28296586871147156,
            8.772760391235352,
            0.6300366520881653,
            0.44776198267936707,
            19.854141235351562,
            -0.3663003742694855,
            0.5239947438240051,
            15.236899375915527,
            -0.8351648449897766,
            0.7143284678459167,
            5.5966572761535645,
            -0.4056166112422943,
            0.08791735023260117,
            6.296239376068115,
            0.018803419545292854,
            0.0,
            0.0,
            0.0,
            1.0,
            0.0,
            0.0,
            0.0
        ],
        "mean": [
            -0.1733255833387375,
            -0.3924656808376312,
            0.16010256111621857,
            0.24253572523593903,
            -0.40631717443466187,
            -0.509645938873291,
            -0.30378541350364685,
            -0.10619655251502991,
            0.4341392517089844,
            0.500464916229248,
            -5.4160261154174805,
            -0.3437363803386688,
            -0.07368587702512741,
            0.08744779229164124,
            0.04933212697505951,
            -0.08632387220859528,
            0.7730385661125183,
            0.09129060059785843,
            0.013987363316118717,
            -0.15236897766590118,
            -0.078769251704216,
            -0.31659430265426636,
            -0.22624510526657104,
            0.4380953311920166,
            0.2765429615974426,
            -1.0065590143203735,
            -0.575383722782135,
            0.5011354684829712,
            -0.5817725658416748,
            -0.9456408619880676,
            0.6941630840301514,
            -0.3742765784263611,
            -0.43814659118652344,
            0.07456501573324203,
            0.7310635447502136,
            -0.012463987804949284,
            0.0,
            0.0,
            0.0,
            1.0,
            0.0,
            0.0,
            0.0
        ],