{
    "action": {
        "min": [
            0.0,
            0.0,
            0.0,
            0.0,
            0.0,
            0.0,
            0.0,
            0.0,
            0.0,
            0.0,
            -9.999210357666016,
            0.0
        ],
        "max": [
            0.0,
            0.0,
            0.0,
            0.0,
            0.0,
            0.0,
            0.0,
            0.0,
            0.0,
            0.0,
            9.999210357666016,
            0.0
        ],
        "mean": [
            0.0,
            0.0,
            0.0,
            0.0,
            0.0,
            0.0,
            0.0,
            0.0,
            0.0,
            0.0,
            0.4336545169353485,
            0.0
        ],
        "std": [
            0.0,
            0.0,
            0.0,
            0.0,
            0.0,
            0.0,
            0.0,
            0.0,
            0.0,
            0.0,
            7.092873573303223,
            0.0
        ],
        "count": [
            200
        ],
        "q01": [
            3.9995784462121265e-16,
            3.9995784462121265e-16,
            3.9995784462121265e-16,
            3.9995784462121265e-16,
            3.9995784462121265e-16,
            3.9995784462121265e-16,
            3.9995784462121265e-16,
            3.9995784462121265e-16,
            3.9995784462121265e-16,
            3.9995784462121265e-16,
            -9.9912109375,
            3.9995784462121265e-16
        ],
        "q10": [
            3.999578446212126e-15,
            3.999578446212126e-15,
            3.999578446212126e-15,
            3.999578446212126e-15,
            3.999578446212126e-15,
            3.999578446212126e-15,
            3.999578446212126e-15,
            3.999578446212126e-15,
            3.999578446212126e-15,
            3.999578446212126e-15,
            -9.507248878479004,
            3.999578446212126e-15
        ],
        "q50": [
            1.9997892231060632e-14,
            1.9997892231060632e-14,
            1.9997892231060632e-14,
            1.9997892231060632e-14,
            1.9997892231060632e-14,
            1.9997892231060632e-14,
            1.9997892231060632e-14,
            1.9997892231060632e-14,
            1.9997892231060632e-14,
            1.9997892231060632e-14,
            1.0019207000732422,
            1.9997892231060632e-14
        ],
        "q90": [
            3.599620601590914e-14,
            3.599620601590914e-14,
            3.599620601590914e-14,
            3.599620601590914e-14,
            3.599620601590914e-14,
            3.599620601590914e-14,
            3.599620601590914e-14,
            3.599620601590914e-14,
            3.599620601590914e-14,
            3.599620601590914e-14,
            9.587242126464844,
            3.599620601590914e-14
        ],
        "q99": [
            3.959582661750005e-14,
            3.959582661750005e-14,
            3.959582661750005e-14,
            3.959582661750005e-14,
            3.959582661750005e-14,
            3.959582661750005e-14,
            3.959582661750005e-14,
            3.959582661750005e-14,
            3.959582661750005e-14,
            3.959582661750005e-14,
            9.995210647583008,
            3.959582661750005e-14
        ]
    },
    "observation.state": {
        "min": [
            -0.174534410238266,
            -6.925863265991211,
            0.08547008782625198,
            0.23857957124710083,
            -8.772760391235352,
            -0.6691086888313293,
            -0.6899623274803162,
            -14.313450813293457,
            0.8937729001045227,
            0.06285625696182251,
            -20.777589797973633,
            -0.10256410390138626,
            -0.1098966896533966,
            -4.897075176239014,
            0.03492063656449318,
            -0.03296900540590286,
            -4.897075176239014,
            0.024175824597477913,
            -0.06766591221094131,
            -6.002415180206299,
            -0.24957264959812164,
            -0.32692453265190125,
            -9.696208953857422,
            0.22954823076725006,
            0.11807190626859665,
            -20.777589797973633,
            -0.7765567898750305,
            0.48003605008125305,
            -16.160348892211914,
            -1.0109890699386597,
            -9.341218948364258,
            -197.28216552734375,
            -0.5829060077667236,
            -0.12088635563850403,
            -6.995821475982666,
            -0.09938950091600418,
            0.0,
            0.0,
            0.0,
            1.0,
            0.0,
            0.0,
            0.0
        ],
        "max": [
            -0.15255507826805115,
            7.849311828613281,
            0.2290598303079605,
            0.2605589032173157,
            8.772760391235352,
            -0.41514042019844055,
            -0.6460036039352417,
            17.083797454833984,
            1.216117262840271,
            0.08483558893203735,
            22.624486923217773,
            0.10256410390138626,
            -0.08791735023260117,
            4.897075176239014,
            0.10476190596818924,
            -0.010989668779075146,
            6.296239376068115,
            0.08595848828554153,
            0.08618944883346558,
            5.0789666175842285,
            0.023931624367833138,
            -0.28296586871147156,
            12.466554641723633,
            0.6202686429023743,
            0.4697413146495819,
            16.160348892211914,
            -0.3956044018268585,
            0.5020154118537903,
            13.390002250671387,
            -0.8351648449897766,
            8.92361068725586,
            187.48802185058594,
            0.4217338263988495,
            0.1648450344800949,
            7.695404052734375,
            0.0644688680768013,
            0.0,
            0.0,
            0.0,
            1.0,
            0.0,
            0.0,
            0.0
        ],
        "mean": [
            -0.16936908662319183,
            -0.24471376836299896,
            0.15087173879146576,
            0.25462448596954346,
            -0.43402087688446045,
            -0.5327472686767578,
            -0.667763888835907,
            -0.4801931083202362,
            1.049670696258545,
            0.06846113502979279,
            0.637179434299469,
            -0.01684981770813465,
            -0.0994018018245697,
            -0.20987464487552643,
            0.06613434106111526,
            -0.02247386984527111,
            0.8185114860534668,
            0.05189744010567665,
            0.03871401771903038,
            -0.33244141936302185,
            -0.1102563887834549,
            -0.3039568364620209,
            -0.41555163264274597,
            0.41719168424606323,
            0.26676177978515625,
            -1.0157932043075562,
            -0.5557499527931213,
            0.48443153500556946,
            -0.5125138759613037,
            -0.919121265411377,
            0.3981006145477295,
            3.406965732574463,
            -0.08449449390172958,
            0.05753098428249359,
            0.6925861835479736,
            -0.0031562880612909794,
            0.0,
            0.0,
            0.0,
            1.0,
            0.0,
            0.0,
            0.0
        ],