{
    "action": {
        "min": [
            0.0,
            -9.999210357666016,
            0.0,
            0.0,
            0.0,
            0.0,
            0.0,
            0.0,
            0.0,
            0.0,
            0.0,
            0.0
        ],
        "max": [
            0.0,
            9.999210357666016,
            0.0,
            0.0,
            0.0,
            0.0,
            0.0,
            0.0,
            0.0,
            0.0,
            0.0,
            0.0
        ],
        "mean": [
            0.0,
            0.4336545169353485,
            0.0,
            0.0,
            0.0,
            0.0,
            0.0,
            0.0,
            0.0,
            0.0,
            0.0,
            0.0
        ],
        "std": [
            0.0,
            7.092873573303223,
            0.0,
            0.0,
            0.0,
            0.0,
            0.0,
            0.0,
            0.0,
            0.0,
            0.0,
            0.0
        ],
        "count": [
            200
        ],
        "q01": [
            3.9995784462121265e-16,
            -9.9912109375,
            3.9995784462121265e-16,
            3.9995784462121265e-16,
            3.9995784462121265e-16,
            3.9995784462121265e-16,
            3.9995784462121265e-16,
            3.9995784462121265e-16,
            3.9995784462121265e-16,
            3.9995784462121265e-16,
            3.9995784462121265e-16,
            3.9995784462121265e-16
        ],
        "q10": [
            3.999578446212126e-15,
            -9.507248878479004,
            3.999578446212126e-15,
            3.999578446212126e-15,
            3.999578446212126e-15,
            3.999578446212126e-15,
            3.999578446212126e-15,
            3.999578446212126e-15,
            3.999578446212126e-15,
            3.999578446212126e-15,
            3.999578446212126e-15,
            3.999578446212126e-15
        ],
        "q50": [
            1.9997892231060632e-14,
            1.0019207000732422,
            1.9997892231060632e-14,
            1.9997892231060632e-14,
            1.9997892231060632e-14,
            1.9997892231060632e-14,
            1.9997892231060632e-14,
            1.9997892231060632e-14,
            1.9997892231060632e-14,
            1.9997892231060632e-14,
            1.9997892231060632e-14,
            1.9997892231060632e-14
        ],
        "q90": [
            3.599620601590914e-14,
            9.587242126464844,
            3.599620601590914e-14,
            3.599620601590914e-14,
            3.599620601590914e-14,
            3.599620601590914e-14,
            3.599620601590914e-14,
            3.599620601590914e-14,
            3.599620601590914e-14,
            3.599620601590914e-14,
            3.599620601590914e-14,
            3.599620601590914e-14
        ],
        "q99": [
            3.959582661750005e-14,
            9.995210647583008,
            3.959582661750005e-14,
            3.959582661750005e-14,
            3.959582661750005e-14,
            3.959582661750005e-14,
            3.959582661750005e-14,
            3.959582661750005e-14,
            3.959582661750005e-14,
            3.959582661750005e-14,
            3.959582661750005e-14,
            3.959582661750005e-14
        ]
    },
    "observation.state": {
        "min": [
            -0.41630712151527405,
            -12.466554641723633,
            -0.4273504316806793,
            -7.322312831878662,
            -126.05071258544922,
            -1.7240537405014038,
            -0.9756937026977539,
            -35.552764892578125,
            0.190476194024086,
            -0.0030817596707493067,
            -17.083797454833984,
            -0.1318681389093399,
            -0.09890701621770859,
            -6.995821475982666,
            0.024175824597477913,
            -0.12088635563850403,
            -3.497910737991333,
            0.0644688680768013,
            -0.08964525163173676,
            -8.772760391235352,
            -0.4273504316806793,
            -0.39286255836486816,
            -9.696208953857422,
            -0.053724054247140884,
            0.1400512456893921,
            -14.313450813293457,
            -0.8058608174324036,
            0.48003605008125305,
            -18.007244110107422,
            -1.0402930974960327,
            0.6483904719352722,
            -4.197493076324463,
            -0.46471306681632996,
            0.0,
            -6.296239376068115,
            -0.045665446668863297,
            0.0,
            0.0,
            0.0,
            1.0,
            0.0,
            0.0,
            0.0
        ],
        "max": [
            0.11119697242975235,
            15.236899375915527,
            0.6940171122550964,
            7.777492523193359,
            118.66312408447266,
            1.2942613363265991,
            -0.1184995248913765,
            25.394832611083984,
            1.5970696210861206,
            0.12879426777362823,
            16.160348892211914,
            0.16117216646671295,
            -0.06593801081180573,
            6.296239376068115,
            0.10744810849428177,
            -0.08791735023260117,
            5.5966572761535645,
            0.1557997614145279,
            0.13014812767505646,
            6.925863265991211,
            0.20854701101779938,
            -0.1950485110282898,
            8.772760391235352,
            0.7960928082466125,
            0.403803288936615,
            22.624486923217773,
            -0.3956044018268585,
            0.5239947438240051,
            15.236899375915527,
            -0.8351648449897766,
            0.6923491358757019,
            4.197493076324463,
            -0.3841269910335541,
            0.07692768424749374,
            6.296239376068115,
            0.048351649194955826,
            0.0,
            0.0,
            0.0,
            1.0,
            0.0,
            0.0,
            0.0
        ],
        "mean": [
            -0.1800292730331421,
            -0.600241482257843,
            0.16447864472866058,
            0.2691308259963989,
            1.6298871040344238,
            -0.2067888081073761,
            -0.6289694309234619,
            0.193924218416214,
            1.0051279067993164,
            0.0638454481959343,
            0.7526103258132935,
            -0.008205127902328968,
            -0.08071926981210709,
            -0.1259249448776245,
            0.05420759692788124,
            -0.10995188355445862,
            0.7135738134384155,
            0.10599758476018906,
            0.008162783458828926,
            -0.5217483639717102,
            -0.06936754286289215,
            -0.30505526065826416,
            -0.09234479069709778,
            0.41924288868904114,
            0.26797109842300415,
            -0.4063173532485962,
            -0.5597063302993774,
            0.5022345185279846,
            -0.6325622797012329,
            -0.9453477263450623,
            0.6725130677223206,
            0.20987467467784882,
            -0.4243394434452057,
            0.037749506533145905,
            0.7345614433288574,
            0.00813919585198164,
            0.0,
            0.0,
            0.0,
            1.0,
            0.0,
            0.0,
            0.0
        ],