{
    "action": {
        "min": [
            0.0,
            0.0,
            0.0,
            0.0,
            0.0,
            0.0,
            0.0,
            0.0,
            0.0,
            0.0,
            0.0,
            -10.0
        ],
        "max": [
            0.0,
            0.0,
            0.0,
            0.0,
            0.0,
            0.0,
            0.0,
            0.0,
            0.0,
            0.0,
            0.0,
            9.996841430664062
        ],
        "mean": [
            0.0,
            0.0,
            0.0,
            0.0,
            0.0,
            0.0,
            0.0,
            0.0,
            0.0,
            0.0,
            0.0,
            0.6386131048202515
        ],
        "std": [
            0.0,
            0.0,
            0.0,
            0.0,
            0.0,
            0.0,
            0.0,
            0.0,
            0.0,
            0.0,
            0.0,
            7.09650182723999
        ],
        "count": [
            200
        ],
        "q01": [
            3.9995784462121265e-16,
            3.9995784462121265e-16,
            3.9995784462121265e-16,
            3.9995784462121265e-16,
            3.9995784462121265e-16,
            3.9995784462121265e-16,
            3.9995784462121265e-16,
            3.9995784462121265e-16,
            3.9995784462121265e-16,
            3.9995784462121265e-16,
            3.9995784462121265e-16,
            -10.0
        ],
        "q10": [
            3.999578446212126e-15,
            3.999578446212126e-15,
            3.999578446212126e-15,
            3.999578446212126e-15,
            3.999578446212126e-15,
            3.999578446212126e-15,
            3.999578446212126e-15,
            3.999578446212126e-15,
            3.999578446212126e-15,
            3.999578446212126e-15,
            3.999578446212126e-15,
            -9.42809009552002
        ],
        "q50": [
            1.9997892231060632e-14,
            1.9997892231060632e-14,
            1.9997892231060632e-14,
            1.9997892231060632e-14,
            1.9997892231060632e-14,
            1.9997892231060632e-14,
            1.9997892231060632e-14,
            1.9997892231060632e-14,
            1.9997892231060632e-14,
            1.9997892231060632e-14,
            1.9997892231060632e-14,
            1.3782024383544922
        ],
        "q90": [
            3.599620601590914e-14,
            3.599620601590914e-14,
            3.599620601590914e-14,
            3.599620601590914e-14,
            3.599620601590914e-14,
            3.599620601590914e-14,
            3.599620601590914e-14,
            3.599620601590914e-14,
            3.599620601590914e-14,
            3.599620601590914e-14,
            3.599620601590914e-14,
            9.548912048339844
        ],
        "q99": [
            3.959582661750005e-14,
            3.959582661750005e-14,
            3.959582661750005e-14,
            3.959582661750005e-14,
            3.959582661750005e-14,
            3.959582661750005e-14,
            3.959582661750005e-14,
            3.959582661750005e-14,
            3.959582661750005e-14,
            3.959582661750005e-14,
            3.959582661750005e-14,
            9.994841575622559
        ]
    },
    "observation.state": {
        "min": [
            -0.174534410238266,
            -7.849311828613281,
            0.0923076942563057,
            0.23857957124710083,
            -13.390002250671387,
            -0.6495726704597473,
            -0.6899623274803162,
            -18.930692672729492,
            0.8644688725471497,
            0.06285625696182251,
            -15.236899375915527,
            -0.1318681389093399,
            -0.13187602162361145,
            -4.197493076324463,
            0.053724054247140884,
            -0.02197933755815029,
            -3.497910737991333,
            0.018803419545292854,
            0.020251436159014702,
            -7.849311828613281,
            -0.18119658529758453,
            -0.32692453265190125,
            -10.619657516479492,
            0.18070818483829498,
            0.2499479353427887,
            -18.930692672729492,
            -0.6593406796455383,
            0.4580567181110382,
            -20.777589797973633,
            -1.0109890699386597,
            -0.04395867511630058,
            -22.386629104614258,
            -0.45665445923805237,
            -6.989429473876953,
            -135.71893310546875,
            -1.316239356994629,
            0.0,
            0.0,
            0.0,
            1.0,
            0.0,
            0.0,
            0.0
        ],
        "max": [
            -0.15255507826805115,
            6.925863265991211,
            0.2153846174478531,
            0.2605589032173157,
            9.696208953857422,
            -0.3272283375263214,
            -0.6679829359054565,
            13.390002250671387,
            1.157509207725525,
            0.08483558893203735,
            16.160348892211914,
            0.10256410390138626,
            -0.1098966896533966,
            4.197493076324463,
            0.11282051354646683,
            0.0,
            6.995821475982666,
            0.09401709586381912,
            0.04223077371716499,
            4.155518054962158,
            0.010256410576403141,
            -0.28296586871147156,
            8.772760391235352,
            0.6105006337165833,
            0.27192726731300354,
            19.854141235351562,
            -0.4542124569416046,
            0.5020154118537903,
            16.160348892211914,
            -0.7765567898750305,
            0.747297465801239,
            31.481197357177734,
            0.19609279930591583,
            8.429076194763184,
            159.50473022460938,
            0.7548229694366455,
            0.0,
            0.0,
            0.0,
            1.0,
            0.0,
            0.0,
            0.0
        ],
        "mean": [
            -0.17321544885635376,
            -0.4017000198364258,
            0.15740171074867249,
            0.24660179018974304,
            -0.5956243276596069,
            -0.5103296637535095,
            -0.6680935621261597,
            -0.9003623127937317,
            1.0704766511917114,
            0.06417514383792877,
            0.17545486986637115,
            -0.011868131347000599,
            -0.128249391913414,
            -0.17839348316192627,
            0.08035776764154434,
            -0.013737083412706852,
            0.6401178240776062,
            0.04404032602906227,
            0.022449379786849022,
            -0.5402175784111023,
            -0.09264959394931793,
            -0.30868226289749146,
            -0.438637912273407,
            0.4264223873615265,
            0.2703884243965149,
            -0.3370587229728699,
            -0.5604387521743774,
            0.4799259305000305,
            -0.35091033577919006,
            -0.9087184071540833,
            0.13577741384506226,
            -0.29382437467575073,
            -0.07936391979455948,
            0.5856944918632507,
            5.057980060577393,
            -0.08578388392925262,
            0.0,
            0.0,
            0.0,
            1.0,
            0.0,
            0.0,
            0.0
        ],