{
    "action": {
        "min": [
            0.0,
            -10.0,
            0.0,
            0.0,
            0.0,
            0.0,
            0.0,
            0.0,
            0.0,
            0.0,
            0.0,
            0.0
        ],
        "max": [
            0.0,
            10.0,
            0.0,
            0.0,
            0.0,
            0.0,
            0.0,
            0.0,
            0.0,
            0.0,
            0.0,
            0.0
        ],
        "mean": [
            0.0,
            -8.791685246478664e-08,
            0.0,
            0.0,
            0.0,
            0.0,
            0.0,
            0.0,
            0.0,
            0.0,
            0.0,
            0.0
        ],
        "std": [
            0.0,
            7.0710673332214355,
            0.0,
            0.0,
            0.0,
            0.0,
            0.0,
            0.0,
            0.0,
            0.0,
            0.0,
            0.0
        ],
        "count": [
            200
        ],
        "q01": [
            3.9995784462121265e-16,
            -9.99399995803833,
            3.9995784462121265e-16,
            3.9995784462121265e-16,
            3.9995784462121265e-16,
            3.9995784462121265e-16,
            3.9995784462121265e-16,
            3.9995784462121265e-16,
            3.9995784462121265e-16,
            3.9995784462121265e-16,
            3.9995784462121265e-16,
            3.9995784462121265e-16
        ],
        "q10": [
            3.999578446212126e-15,
            -9.510000228881836,
            3.999578446212126e-15,
            3.999578446212126e-15,
            3.999578446212126e-15,
            3.999578446212126e-15,
            3.999578446212126e-15,
            3.999578446212126e-15,
            3.999578446212126e-15,
            3.999578446212126e-15,
            3.999578446212126e-15,
            3.999578446212126e-15
        ],
        "q50": [
            1.9997892231060632e-14,
            0.0020003318786621094,
            1.9997892231060632e-14,
            1.9997892231060632e-14,
            1.9997892231060632e-14,
            1.9997892231060632e-14,
            1.9997892231060632e-14,
            1.9997892231060632e-14,
            1.9997892231060632e-14,
            1.9997892231060632e-14,
            1.9997892231060632e-14,
            1.9997892231060632e-14
        ],
        "q90": [
            3.599620601590914e-14,
            9.510001182556152,
            3.599620601590914e-14,
            3.599620601590914e-14,
            3.599620601590914e-14,
            3.599620601590914e-14,
            3.599620601590914e-14,
            3.599620601590914e-14,
            3.599620601590914e-14,
            3.599620601590914e-14,
            3.599620601590914e-14,
            3.599620601590914e-14
        ],
        "q99": [
            3.959582661750005e-14,
            9.994000434875488,
            3.959582661750005e-14,
            3.959582661750005e-14,
            3.959582661750005e-14,
            3.959582661750005e-14,
            3.959582661750005e-14,
            3.959582661750005e-14,
            3.959582661750005e-14,
            3.959582661750005e-14,
            3.959582661750005e-14,
            3.959582661750005e-14
        ]
    },
    "observation.state": {
        "min": [
            -0.21849308907985687,
            -6.925863265991211,
            0.003418803447857499,
            -9.080659866333008,
            -69.7203598022461,
            -0.7667887806892395,
            -0.7339209914207458,
            -21.701038360595703,
            0.8351648449897766,
            0.06285625696182251,
            -18.007244110107422,
            -0.16117216646671295,
            -0.0549483448266983,
            -3.497910737991333,
            0.005372405517846346,
            -0.1098966896533966,
            -4.897075176239014,
            0.07252747565507889,
            -0.0017279012827202678,
            -7.849311828613281,
            -0.20854701101779938,
            -0.3489038646221161,
            -11.543106079101562,
            0.29792430996894836,
            0.2499479353427887,
            -19.854141235351562,
            -0.6593406796455383,
            0.48003605008125305,
            -19.854141235351562,
            -1.0402930974960327,
            0.5934421420097351,
            -6.296239376068115,
            -0.4136752188205719,
            -0.04395867511630058,
            -4.897075176239014,
            0.024175824597477913,
            0.0,
            0.0,
            0.0,
            1.0,
            0.0,
            0.0,
            0.0
        ],
        "max": [
            -0.1305757462978363,
            6.925863265991211,
            0.2837606966495514,
            9.09625244140625,
            66.95001220703125,
            0.7179487347602844,
            -0.6460036039352417,
            17.083797454833984,
            1.245421290397644,
            0.08483558893203735,
            25.394832611083984,
            0.07326007634401321,
            -0.04395867511630058,
            4.897075176239014,
            0.06984127312898636,
            -0.08791735023260117,
            5.5966572761535645,
            0.13968254625797272,
            0.04223077371716499,
            4.155518054962158,
            -0.017094017937779427,
            -0.32692453265190125,
            8.772760391235352,
            0.6300366520881653,
            0.2939065992832184,
            22.624486923217773,
            -0.5128205418586731,
            0.5020154118537903,
            22.624486923217773,
            -0.8351648449897766,
            0.6264111399650574,
            4.897075176239014,
            -0.3492063581943512,
            -0.02197933755815029,
            5.5966572761535645,
            0.08864469081163406,
            0.0,
            0.0,
            0.0,
            1.0,
            0.0,
            0.0,
            0.0
        ],
        "mean": [
            -0.16222600638866425,
            -0.2539483904838562,
            0.14519661664962769,
            0.21396246552467346,
            -3.6337709426879883,
            -0.11711844801902771,
            -0.6696318984031677,
            -0.5679208040237427,
            1.0663739442825317,
            0.0836268812417984,
            0.11543114483356476,
            -0.03018319047987461,
            -0.04472794383764267,
            -0.04897076264023781,
            0.0295213982462883,
            -0.0990171730518341,
            0.5876491069793701,
            0.09852992743253708,
            0.021350419148802757,
            -0.8495725393295288,
            -0.08988033980131149,
            -0.3295617699623108,
            -0.7110555171966553,
            0.45719170570373535,
            0.2724764347076416,
            -0.664883017539978,
            -0.5665925145149231,
            0.4991573095321655,
            -0.06464134156703949,
            -0.939487099647522,
            0.6130596995353699,
            -0.2168705016374588,
            -0.3862491250038147,
            -0.031924981623888016,
            0.7975234985351562,
            0.05315997079014778,
            0.0,
            0.0,
            0.0,
            1.0,
            0.0,
            0.0,
            0.0
        ],