{
    "action": {
        "min": [
            0.0,
            0.0,
            0.0,
            0.0,
            0.0,
            0.0,
            -10.0,
            0.0,
            0.0,
            0.0,
            0.0,
            0.0
        ],
        "max": [
            0.0,
            0.0,
            0.0,
            0.0,
            0.0,
            0.0,
            9.999210357666016,
            0.0,
            0.0,
            0.0,
            0.0,
            0.0
        ],
        "mean": [
            0.0,
            0.0,
            0.0,
            0.0,
            0.0,
            0.0,
            0.8925601243972778,
            0.0,
            0.0,
            0.0,
            0.0,
            0.0
        ],
        "std": [
            0.0,
            0.0,
            0.0,
            0.0,
            0.0,
            0.0,
            6.857784748077393,
            0.0,
            0.0,
            0.0,
            0.0,
            0.0
        ],
        "count": [
            200
        ],
        "q01": [
            3.9995784462121265e-16,
            3.9995784462121265e-16,
            3.9995784462121265e-16,
            3.9995784462121265e-16,
            3.9995784462121265e-16,
            3.9995784462121265e-16,
            -9.994000434875488,
            3.9995784462121265e-16,
            3.9995784462121265e-16,
            3.9995784462121265e-16,
            3.9995784462121265e-16,
            3.9995784462121265e-16
        ],
        "q10": [
            3.999578446212126e-15,
            3.999578446212126e-15,
            3.999578446212126e-15,
            3.999578446212126e-15,
            3.999578446212126e-15,
            3.999578446212126e-15,
            -9.298027992248535,
            3.999578446212126e-15,
            3.999578446212126e-15,
            3.999578446212126e-15,
            3.999578446212126e-15,
            3.999578446212126e-15
        ],
        "q50": [
            1.9997892231060632e-14,
            1.9997892231060632e-14,
            1.9997892231060632e-14,
            1.9997892231060632e-14,
            1.9997892231060632e-14,
            1.9997892231060632e-14,
            1.997525691986084,
            1.9997892231060632e-14,
            1.9997892231060632e-14,
            1.9997892231060632e-14,
            1.9997892231060632e-14,
            1.9997892231060632e-14
        ],
        "q90": [
            3.599620601590914e-14,
            3.599620601590914e-14,
            3.599620601590914e-14,
            3.599620601590914e-14,
            3.599620601590914e-14,
            3.599620601590914e-14,
            9.347234725952148,
            3.599620601590914e-14,
            3.599620601590914e-14,
            3.599620601590914e-14,
            3.599620601590914e-14,
            3.599620601590914e-14
        ],
        "q99": [
            3.959582661750005e-14,
            3.959582661750005e-14,
            3.959582661750005e-14,
            3.959582661750005e-14,
            3.959582661750005e-14,
            3.959582661750005e-14,
            9.991209030151367,
            3.959582661750005e-14,
            3.959582661750005e-14,
            3.959582661750005e-14,
            3.959582661750005e-14,
            3.959582661750005e-14
        ]
    },
    "observation.state": {
        "min": [
            -0.174534410238266,
            -6.925863265991211,
            0.08547008782625198,
            0.23857957124710083,
            -8.772760391235352,
            -0.6788766980171204,
            -0.6679829359054565,
            -17.083797454833984,
            0.8937729001045227,
            0.1068149283528328,
            -16.160348892211914,
            -0.21978022158145905,
            -0.12088635563850403,
            -5.5966572761535645,
            0.04297924414277077,
            0.06593801081180573,
            -4.197493076324463,
            -0.04297924414277077,
            -9.804512977600098,
            -42.01690673828125,
            -0.31111112236976624,
            -0.3489038646221161,
            -8.772760391235352,
            0.23931623995304108,
            0.2499479353427887,
            -15.236899375915527,
            -0.6593406796455383,
            0.48003605008125305,
            -19.854141235351562,
            -1.0402930974960327,
            0.4835454225540161,
            -5.5966572761535645,
            -0.3518925607204437,
            -0.0549483448266983,
            -4.197493076324463,
            0.03223443403840065,
            0.0,
            0.0,
            0.0,
            1.0,
            0.0,
            0.0,
            0.0
        ],
        "max": [
            -0.15255507826805115,
            6.002415180206299,
            0.20854701101779938,
            0.2605589032173157,
            8.772760391235352,
            -0.28815630078315735,
            -0.6679829359054565,
            18.007244110107422,
            1.216117262840271,
            0.12879426777362823,
            14.313450813293457,
            0.014652014710009098,
            -0.09890701621770859,
            5.5966572761535645,
            0.10476190596818924,
            0.09890701621770859,
            6.296239376068115,
            0.016117217019200325,
            9.559284210205078,
            41.09345626831055,
            0.43418803811073303,
            -0.3049452006816864,
            9.696208953857422,
            0.6202686429023743,
            0.2939065992832184,
            18.007244110107422,
            -0.4542124569416046,
            0.5020154118537903,
            23.547935485839844,
            -0.8351648449897766,
            0.505524754524231,
            4.897075176239014,
            -0.28205129504203796,
            -0.04395867511630058,
            5.5966572761535645,
            0.09938950091600418,
            0.0,
            0.0,
            0.0,
            1.0,
            0.0,
            0.0,
            0.0
        ],
        "mean": [
            -0.16002817451953888,
            -0.30473795533180237,
            0.14201708137989044,
            0.24385429918766022,
            -0.4017001688480377,
            -0.5146275758743286,
            -0.6679836511611938,
            -0.6879691481590271,
            1.0713555812835693,
            0.10747453570365906,
            -0.06925871223211288,
            -0.0902564525604248,
            -0.11061126738786697,
            -0.038477011024951935,
            0.06763861328363419,
            0.07984013855457306,
            1.031883955001831,
            -0.0183736439794302,
            0.44774994254112244,
            3.3059449195861816,
            0.12157262116670609,
            -0.3300014138221741,
            -0.24471382796764374,
            0.4606594741344452,
            0.27148735523223877,
            -0.6187106370925903,
            -0.564248263835907,
            0.5008057951927185,
            -0.2170104831457138,
            -0.9381682872772217,
            0.49689772725105286,
            -0.013991612941026688,
            -0.31682419776916504,
            -0.046870965510606766,
            0.6226281523704529,
            0.06394508481025696,
            0.0,
            0.0,
            0.0,
            1.0,
            0.0,
            0.0,
            0.0
        ],