{
    "action": {
        "min": [
            0.0,
            0.0,
            -10.0,
            0.0,
            0.0,
            0.0,
            0.0,
            0.0,
            0.0,
            0.0,
            0.0,
            0.0
        ],
        "max": [
            0.0,
            0.0,
            10.0,
            0.0,
            0.0,
            0.0,
            0.0,
            0.0,
            0.0,
            0.0,
            0.0,
            0.0
        ],
        "mean": [
            0.0,
            0.0,
            -1.633167272530045e-07,
            0.0,
            0.0,
            0.0,
            0.0,
            0.0,
            0.0,
            0.0,
            0.0,
            0.0
        ],
        "std": [
            0.0,
            0.0,
            7.071068286895752,
            0.0,
            0.0,
            0.0,
            0.0,
            0.0,
            0.0,
            0.0,
            0.0,
            0.0
        ],
        "count": [
            200
        ],
        "q01": [
            3.9995784462121265e-16,
            3.9995784462121265e-16,
            -10.0,
            3.9995784462121265e-16,
            3.9995784462121265e-16,
            3.9995784462121265e-16,
            3.9995784462121265e-16,
            3.9995784462121265e-16,
            3.9995784462121265e-16,
            3.9995784462121265e-16,
            3.9995784462121265e-16,
            3.9995784462121265e-16
        ],
        "q10": [
            3.999578446212126e-15,
            3.999578446212126e-15,
            -9.510000228881836,
            3.999578446212126e-15,
            3.999578446212126e-15,
            3.999578446212126e-15,
            3.999578446212126e-15,
            3.999578446212126e-15,
            3.999578446212126e-15,
            3.999578446212126e-15,
            3.999578446212126e-15,
            3.999578446212126e-15
        ],
        "q50": [
            1.9997892231060632e-14,
            1.9997892231060632e-14,
            0.0013335545857747395,
            1.9997892231060632e-14,
            1.9997892231060632e-14,
            1.9997892231060632e-14,
            1.9997892231060632e-14,
            1.9997892231060632e-14,
            1.9997892231060632e-14,
            1.9997892231060632e-14,
            1.9997892231060632e-14,
            1.9997892231060632e-14
        ],
        "q90": [
            3.599620601590914e-14,
            3.599620601590914e-14,
            9.510001182556152,
            3.599620601590914e-14,
            3.599620601590914e-14,
            3.599620601590914e-14,
            3.599620601590914e-14,
            3.599620601590914e-14,
            3.599620601590914e-14,
            3.599620601590914e-14,
            3.599620601590914e-14,
            3.599620601590914e-14
        ],
        "q99": [
            3.959582661750005e-14,
            3.959582661750005e-14,
            9.984001159667969,
            3.959582661750005e-14,
            3.959582661750005e-14,
            3.959582661750005e-14,
            3.959582661750005e-14,
            3.959582661750005e-14,
            3.959582661750005e-14,
            3.959582661750005e-14,
            3.959582661750005e-14,
            3.959582661750005e-14
        ]
    },
    "observation.state": {
        "min": [
            -0.6141211986541748,
            -21.701038360595703,
            -1.432478666305542,
            -0.09111049771308899,
            -13.390002250671387,
            -1.9682539701461792,
            -8.272833824157715,
            -232.24728393554688,
            -8.747252464294434,
            -0.3767305016517639,
            -35.552764892578125,
            -1.3919414281845093,
            -0.14286570250988007,
            -9.794150352478027,
            -0.010744811035692692,
            -0.1538553684949875,
            -4.897075176239014,
            0.051037851721048355,
            -0.7929840683937073,
            -17.083797454833984,
            -1.1042735576629639,
            -0.5906766057014465,
            -18.007244110107422,
            -0.7570207715034485,
            -2.937056064605713,
            -121.4334716796875,
            -7.897435665130615,
            0.21628400683403015,
            -26.318281173706055,
            -1.5091575384140015,
            0.39562806487083435,
            -12.59247875213623,
            -0.5990232229232788,
            -0.09890701621770859,
            -9.094568252563477,
            -0.09401709586381912,
            0.0,
            0.0,
            0.0,
            1.0,
            0.0,
            0.0,
            0.0
        ],
        "max": [
            0.5507837533950806,
            25.394832611083984,
            1.2478632926940918,
            0.7221249938011169,
            15.236899375915527,
            0.3858363926410675,
            6.892909049987793,
            235.01763916015625,
            11.589743614196777,
            0.436504989862442,
            27.241729736328125,
            0.7765567898750305,
            0.02197933755815029,
            10.493732452392578,
            0.12087912112474442,
            -0.03296900540590286,
            13.292060852050781,
            0.15311355888843536,
            0.525776207447052,
            22.624486923217773,
            1.4871795177459717,
            0.13464155793190002,
            15.236899375915527,
            1.3333333730697632,
            3.678724527359009,
            103.88795471191406,
            6.871794700622559,
            0.787746787071228,
            34.62931823730469,
            -0.21978022158145905,
            0.9231321811676025,
            12.59247875213623,
            -0.25518926978111267,
            0.23078304529190063,
            14.691225051879883,
            0.10744810849428177,
            0.0,
            0.0,
            0.0,
            1.0,
            0.0,
            0.0,
            0.0
        ],
        "mean": [
            -0.14211495220661163,
            -0.6602654457092285,
            0.1212649717926979,
            0.2564924359321594,
            -0.7156728506088257,
            -0.5227349996566772,
            -0.3302704691886902,
            -5.028177261352539,
            0.7954575419425964,
            0.09637482464313507,
            -0.39246562123298645,
            -0.06402931362390518,
            -0.07494962960481644,
            -1.907348590179936e-08,
            0.048324812203645706,
            -0.09725865721702576,
            0.7345612049102783,
            0.09756292402744293,
            0.005964824929833412,
            -0.29088619351387024,
            -0.07114532589912415,
            -0.3056047260761261,
            -0.3509105443954468,
            0.4056166708469391,
            0.5465590953826904,
            -1.542159080505371,
            -1.0303298234939575,
            0.5081695914268494,
            -0.5817725658416748,
            -0.9591209292411804,
            0.6933383941650391,
            0.038477081805467606,
            -0.43887174129486084,
            0.052200961858034134,
            0.6960839629173279,
            0.0015042737359181046,
            0.0,
            0.0,
            0.0,
            1.0,
            0.0,
            0.0,
            0.0
        ],