{
    "action": {
        "min": [
            0.0,
            0.0,
            0.0,
            0.0,
            0.0,
            0.0,
            0.0,
            -9.996841430664062,
            0.0,
            0.0,
            0.0,
            0.0
        ],
        "max": [
            0.0,
            0.0,
            0.0,
            0.0,
            0.0,
            0.0,
            0.0,
            10.0,
            0.0,
            0.0,
            0.0,
            0.0
        ],
        "mean": [
            0.0,
            0.0,
            0.0,
            0.0,
            0.0,
            0.0,
            0.0,
            0.8136031627655029,
            0.0,
            0.0,
            0.0,
            0.0
        ],
        "std": [
            0.0,
            0.0,
            0.0,
            0.0,
            0.0,
            0.0,
            0.0,
            6.9429826736450195,
            0.0,
            0.0,
            0.0,
            0.0
        ],
        "count": [
            200
        ],
        "q01": [
            3.9995784462121265e-16,
            3.9995784462121265e-16,
            3.9995784462121265e-16,
            3.9995784462121265e-16,
            3.9995784462121265e-16,
            3.9995784462121265e-16,
            3.9995784462121265e-16,
            -9.996841430664062,
            3.9995784462121265e-16,
            3.9995784462121265e-16,
            3.9995784462121265e-16,
            3.9995784462121265e-16
        ],
        "q10": [
            3.999578446212126e-15,
            3.999578446212126e-15,
            3.999578446212126e-15,
            3.999578446212126e-15,
            3.999578446212126e-15,
            3.999578446212126e-15,
            3.999578446212126e-15,
            -9.34094524383545,
            3.999578446212126e-15,
            3.999578446212126e-15,
            3.999578446212126e-15,
            3.999578446212126e-15
        ],
        "q50": [
            1.9997892231060632e-14,
            1.9997892231060632e-14,
            1.9997892231060632e-14,
            1.9997892231060632e-14,
            1.9997892231060632e-14,
            1.9997892231060632e-14,
            1.9997892231060632e-14,
            1.5053415298461914,
            1.9997892231060632e-14,
            1.9997892231060632e-14,
            1.9997892231060632e-14,
            1.9997892231060632e-14
        ],
        "q90": [
            3.599620601590914e-14,
            3.599620601590914e-14,
            3.599620601590914e-14,
            3.599620601590914e-14,
            3.599620601590914e-14,
            3.599620601590914e-14,
            3.599620601590914e-14,
            9.588064193725586,
            3.599620601590914e-14,
            3.599620601590914e-14,
            3.599620601590914e-14,
            3.599620601590914e-14
        ],
        "q99": [
            3.959582661750005e-14,
            3.959582661750005e-14,
            3.959582661750005e-14,
            3.959582661750005e-14,
            3.959582661750005e-14,
            3.959582661750005e-14,
            3.959582661750005e-14,
            9.98800277709961,
            3.959582661750005e-14,
            3.959582661750005e-14,
            3.959582661750005e-14,
            3.959582661750005e-14
        ]
    },
    "observation.state": {
        "min": [
            -0.19651375710964203,
            -7.849311828613281,
            0.03760683909058571,
            0.23857957124710083,
            -8.772760391235352,
            -0.6788766980171204,
            -0.6899623274803162,
            -18.007244110107422,
            0.8644688725471497,
            0.08483558893203735,
            -17.083797454833984,
            -0.1318681389093399,
            -0.09890701621770859,
            -4.897075176239014,
            0.024175824597477913,
            -0.14286570250988007,
            -4.897075176239014,
            0.09133089333772659,
            -0.15558326244354248,
            -6.002415180206299,
            -0.24957264959812164,
            -8.898866653442383,
            -83.57208251953125,
            -0.6593406796455383,
            0.22796858847141266,
            -18.007244110107422,
            -0.6593406796455383,
            0.48003605008125305,
            -25.394832611083984,
            -1.0109890699386597,
            0.6703698039054871,
            -4.897075176239014,
            -0.470085471868515,
            0.07692768424749374,
            -5.5966572761535645,
            -0.056410256773233414,
            0.0,
            0.0,
            0.0,
            1.0,
            0.0,
            0.0,
            0.0
        ],
        "max": [
            -0.1305757462978363,
            6.002415180206299,
            0.2290598303079605,
            0.2605589032173157,
            6.925863265991211,
            -0.3760683834552765,
            -0.6460036039352417,
            16.160348892211914,
            1.216117262840271,
            0.08483558893203735,
            17.083797454833984,
            0.04395604506134987,
            -0.07692768424749374,
            4.897075176239014,
            0.10207570344209671,
            -0.13187602162361145,
            4.897075176239014,
            0.16923077404499054,
            0.08618944883346558,
            6.925863265991211,
            0.27008548378944397,
            8.794500350952148,
            84.49553680419922,
            1.0500611066818237,
            0.3158859610557556,
            17.083797454833984,
            -0.4542124569416046,
            0.5020154118537903,
            19.854141235351562,
            -0.8351648449897766,
            0.7033388018608093,
            4.897075176239014,
            -0.40024420619010925,
            0.12088635563850403,
            5.5966572761535645,
            0.018803419545292854,
            0.0,
            0.0,
            0.0,
            1.0,
            0.0,
            0.0,
            0.0
        ],
        "mean": [
            -0.16475355625152588,
            -0.2631828486919403,
            0.14639317989349365,
            0.2485799789428711,
            -0.7202898263931274,
            -0.5265443921089172,
            -0.6685330867767334,
            -1.0619652271270752,
            1.0616852045059204,
            0.0848357304930687,
            -0.687969446182251,
            -0.043516553938388824,
            -0.08731290698051453,
            0.017489543184638023,
            0.054274749010801315,
            -0.14193184673786163,
            0.7590469121932983,
            0.1230415403842926,
            -0.005024785175919533,
            -0.23086212575435638,
            -0.05398290231823921,
            0.6645631194114685,
            1.0065598487854004,
            0.10788770765066147,
            0.26654213666915894,
            -0.6787344217300415,
            -0.5564826130867004,
            0.5012454390525818,
            -0.22162753343582153,
            -0.9397804737091064,
            0.6850961446762085,
            -0.05246865749359131,
            -0.4313773214817047,
            0.09780826419591904,
            0.6471134424209595,
            -0.026432249695062637,
            0.0,
            0.0,
            0.0,
            1.0,
            0.0,
            0.0,
            0.0
        ],