{
    "action": {
        "min": [
            0.0,
            -9.999802589416504,
            0.0,
            0.0,
            0.0,
            0.0,
            0.0,
            0.0,
            0.0,
            0.0,
            0.0,
            0.0
        ],
        "max": [
            0.0,
            9.998223304748535,
            0.0,
            0.0,
            0.0,
            0.0,
            0.0,
            0.0,
            0.0,
            0.0,
            0.0,
            0.0
        ],
        "mean": [
            0.0,
            0.4759037494659424,
            0.0,
            0.0,
            0.0,
            0.0,
            0.0,
            0.0,
            0.0,
            0.0,
            0.0,
            0.0
        ],
        "std": [
            0.0,
            6.963190078735352,
            0.0,
            0.0,
            0.0,
            0.0,
            0.0,
            0.0,
            0.0,
            0.0,
            0.0,
            0.0
        ],
        "count": [
            200
        ],
        "q01": [
            3.9995784462121265e-16,
            -9.999802589416504,
            3.9995784462121265e-16,
            3.9995784462121265e-16,
            3.9995784462121265e-16,
            3.9995784462121265e-16,
            3.9995784462121265e-16,
            3.9995784462121265e-16,
            3.9995784462121265e-16,
            3.9995784462121265e-16,
            3.9995784462121265e-16,
            3.9995784462121265e-16
        ],
        "q10": [
            3.999578446212126e-15,
            -9.42785930633545,
            3.999578446212126e-15,
            3.999578446212126e-15,
            3.999578446212126e-15,
            3.999578446212126e-15,
            3.999578446212126e-15,
            3.999578446212126e-15,
            3.999578446212126e-15,
            3.999578446212126e-15,
            3.999578446212126e-15,
            3.999578446212126e-15
        ],
        "q50": [
            1.9997892231060632e-14,
            1.0071115493774414,
            1.9997892231060632e-14,
            1.9997892231060632e-14,
            1.9997892231060632e-14,
            1.9997892231060632e-14,
            1.9997892231060632e-14,
            1.9997892231060632e-14,
            1.9997892231060632e-14,
            1.9997892231060632e-14,
            1.9997892231060632e-14,
            1.9997892231060632e-14
        ],
        "q90": [
            3.599620601590914e-14,
            9.346287727355957,
            3.599620601590914e-14,
            3.599620601590914e-14,
            3.599620601590914e-14,
            3.599620601590914e-14,
            3.599620601590914e-14,
            3.599620601590914e-14,
            3.599620601590914e-14,
            3.599620601590914e-14,
            3.599620601590914e-14,
            3.599620601590914e-14
        ],
        "q99": [
            3.959582661750005e-14,
            9.994223594665527,
            3.959582661750005e-14,
            3.959582661750005e-14,
            3.959582661750005e-14,
            3.959582661750005e-14,
            3.959582661750005e-14,
            3.959582661750005e-14,
            3.959582661750005e-14,
            3.959582661750005e-14,
            3.959582661750005e-14,
            3.959582661750005e-14
        ]
    },
    "observation.state": {
        "min": [
            -0.21849308907985687,
            -6.925863265991211,
            0.003418803447857499,
            -9.3663911819458,
            -54.94518280029297,
            -0.8937729001045227,
            -0.7559003233909607,
            -19.854141235351562,
            0.8644688725471497,
            0.06285625696182251,
            -18.007244110107422,
            -0.1318681389093399,
            -0.0549483448266983,
            -4.197493076324463,
            0.005372405517846346,
            -0.14286570250988007,
            -4.897075176239014,
            0.083272285759449,
            0.020251436159014702,
            -6.925863265991211,
            -0.17435897886753082,
            -0.32692453265190125,
            -10.619657516479492,
            0.2686202824115753,
            0.2499479353427887,
            -20.777589797973633,
            -0.6300366520881653,
            0.5020154118537903,
            -15.236899375915527,
            -1.0989011526107788,
            0.5384937524795532,
            -5.5966572761535645,
            -0.3948718011379242,
            -0.07692768424749374,
            -4.897075176239014,
            0.02954822964966297,
            0.0,
            0.0,
            0.0,
            1.0,
            0.0,
            0.0,
            0.0
        ],
        "max": [
            -0.10859639942646027,
            6.002415180206299,
            0.27008548378944397,
            9.469901084899902,
            52.17483901977539,
            0.5323565602302551,
            -0.5580862760543823,
            17.083797454833984,
            1.245421290397644,
            0.08483558893203735,
            19.854141235351562,
            0.10256410390138626,
            -0.03296900540590286,
            4.897075176239014,
            0.06984127312898636,
            -0.1098966896533966,
            6.995821475982666,
            0.1557997614145279,
            0.04223077371716499,
            6.002415180206299,
            -0.03760683909058571,
            -0.3049452006816864,
            7.849311828613281,
            0.5811966061592102,
            0.27192726731300354,
            19.854141235351562,
            -0.4542124569416046,
            0.5239947438240051,
            18.930692672729492,
            -0.8644688725471497,
            0.5604730844497681,
            5.5966572761535645,
            -0.29816851019859314,
            -0.0549483448266983,
            5.5966572761535645,
            0.11550671607255936,
            0.0,
            0.0,
            0.0,
            1.0,
            0.0,
            0.0,
            0.0
        ],
        "mean": [
            -0.15178580582141876,
            -0.13851730525493622,
            0.1281709223985672,
            0.20088517665863037,
            1.5098382234573364,
            -0.15018315613269806,
            -0.6711704730987549,
            -1.362086534500122,
            1.068865180015564,
            0.06999968737363815,
            1.0296458005905151,
            -0.02080586366355419,
            -0.043793827295303345,
            -0.2798328399658203,
            0.028809547424316406,
            -0.1223699152469635,
            0.7765361666679382,
            0.11541273444890976,
            0.034537941217422485,
            -0.4017001688480377,
            -0.10300856828689575,
            -0.31505584716796875,
            -0.5725380182266235,
            0.42915740609169006,
            0.2663222551345825,
            -0.4940448999404907,
            -0.5591199994087219,
            0.5025641322135925,
            -0.37861397862434387,
            -0.9566296935081482,
            0.5549781322479248,
            -0.034979090094566345,
            -0.35273879766464233,
            -0.068905308842659,
            0.6995822191238403,
            0.0782357007265091,
            0.0,
            0.0,
            0.0,
            1.0,
            0.0,
            0.0,
            0.0
        ],