{
    "action": {
        "min": [
            0.0,
            0.0,
            0.0,
            0.0,
            0.0,
            0.0,
            0.0,
            0.0,
            0.0,
            -10.0,
            0.0,
            0.0
        ],
        "max": [
            0.0,
            0.0,
            0.0,
            0.0,
            0.0,
            0.0,
            0.0,
            0.0,
            0.0,
            10.0,
            0.0,
            0.0
        ],
        "mean": [
            0.0,
            0.0,
            0.0,
            0.0,
            0.0,
            0.0,
            0.0,
            0.0,
            0.0,
            -8.791685246478664e-08,
            0.0,
            0.0
        ],
        "std": [
            0.0,
            0.0,
            0.0,
            0.0,
            0.0,
            0.0,
            0.0,
            0.0,
            0.0,
            7.0710673332214355,
            0.0,
            0.0
        ],
        "count": [
            200
        ],
        "q01": [
            3.9995784462121265e-16,
            3.9995784462121265e-16,
            3.9995784462121265e-16,
            3.9995784462121265e-16,
            3.9995784462121265e-16,
            3.9995784462121265e-16,
            3.9995784462121265e-16,
            3.9995784462121265e-16,
            3.9995784462121265e-16,
            -9.99399995803833,
            3.9995784462121265e-16,
            3.9995784462121265e-16
        ],
        "q10": [
            3.999578446212126e-15,
            3.999578446212126e-15,
            3.999578446212126e-15,
            3.999578446212126e-15,
            3.999578446212126e-15,
            3.999578446212126e-15,
            3.999578446212126e-15,
            3.999578446212126e-15,
            3.999578446212126e-15,
            -9.510000228881836,
            3.999578446212126e-15,
            3.999578446212126e-15
        ],
        "q50": [
            1.9997892231060632e-14,
            1.9997892231060632e-14,
            1.9997892231060632e-14,
            1.9997892231060632e-14,
            1.9997892231060632e-14,
            1.9997892231060632e-14,
            1.9997892231060632e-14,
            1.9997892231060632e-14,
            1.9997892231060632e-14,
            0.0020003318786621094,
            1.9997892231060632e-14,
            1.9997892231060632e-14
        ],
        "q90": [
            3.599620601590914e-14,
            3.599620601590914e-14,
            3.599620601590914e-14,
            3.599620601590914e-14,
            3.599620601590914e-14,
            3.599620601590914e-14,
            3.599620601590914e-14,
            3.599620601590914e-14,
            3.599620601590914e-14,
            9.510001182556152,
            3.599620601590914e-14,
            3.599620601590914e-14
        ],
        "q99": [
            3.959582661750005e-14,
            3.959582661750005e-14,
            3.959582661750005e-14,
            3.959582661750005e-14,
            3.959582661750005e-14,
            3.959582661750005e-14,
            3.959582661750005e-14,
            3.959582661750005e-14,
            3.959582661750005e-14,
            9.994000434875488,
            3.959582661750005e-14,
            3.959582661750005e-14
        ]
    },
    "observation.state": {
        "min": [
            -0.174534410238266,
            -7.849311828613281,
            0.05811965838074684,
            0.23857957124710083,
            -8.772760391235352,
            -0.6593406796455383,
            -0.6899623274803162,
            -16.160348892211914,
            0.8351648449897766,
            0.06285625696182251,
            -18.930692672729492,
            -0.16117216646671295,
            -0.0549483448266983,
            -4.897075176239014,
            0.005372405517846346,
            -0.1648450344800949,
            -4.897075176239014,
            0.10476190596818924,
            -0.04568657651543617,
            -6.002415180206299,
            -0.19487179815769196,
            -0.3489038646221161,
            -10.619657516479492,
            0.18070818483829498,
            0.09609256684780121,
            -27.241729736328125,
            -0.7765567898750305,
            -9.212851524353027,
            -160.2183074951172,
            -2.153846263885498,
            0.61542147397995,
            -5.5966572761535645,
            -0.43516483902931213,
            -0.010989668779075146,
            -3.497910737991333,
            -0.010744811035692692,
            0.0,
            0.0,
            0.0,
            1.0,
            0.0,
            0.0,
            0.0
        ],
        "max": [
            -0.1305757462978363,
            6.925863265991211,
            0.20854701101779938,
            0.2605589032173157,
            8.772760391235352,
            -0.34676435589790344,
            -0.6460036039352417,
            13.390002250671387,
            1.186813235282898,
            0.08483558893203735,
            18.930692672729492,
            0.10256410390138626,
            -0.03296900540590286,
            5.5966572761535645,
            0.07252747565507889,
            -0.14286570250988007,
            6.296239376068115,
            0.18266178667545319,
            0.04223077371716499,
            5.0789666175842285,
            0.08547008782625198,
            -0.28296586871147156,
            9.696208953857422,
            0.6007326245307922,
            0.42578262090682983,
            19.854141235351562,
            -0.3369963467121124,
            9.403647422790527,
            159.29486083984375,
            1.0989011526107788,
            0.6483904719352722,
            5.5966572761535645,
            -0.3518925607204437,
            0.02197933755815029,
            6.296239376068115,
            0.07252747565507889,
            0.0,
            0.0,
            0.0,
            1.0,
            0.0,
            0.0,
            0.0
        ],
        "mean": [
            -0.15420374274253845,
            -0.19854144752025604,
            0.13261541724205017,
            0.2419860064983368,
            -0.3555276393890381,
            -0.5164344906806946,
            -0.6680935621261597,
            -0.35552769899368286,
            1.0660808086395264,
            0.07747268676757812,
            0.5263656377792358,
            -0.02080586738884449,
            -0.04972830414772034,
            -0.08744776993989944,
            0.03149574622511864,
            -0.151932492852211,
            0.5211888551712036,
            0.13265809416770935,
            0.0024481744039803743,
            -0.39246559143066406,
            -0.058837637305259705,
            -0.31813281774520874,
            -0.9003620147705078,
            0.43731385469436646,
            0.2736856937408447,
            -0.1939241737127304,
            -0.5706954002380371,
            0.34618183970451355,
            -6.510312080383301,
            -0.40424907207489014,
            0.6312469244003296,
            0.12942272424697876,
            -0.4010097086429596,
            0.0021979333832859993,
            0.8919674158096313,
            0.03318805620074272,
            0.0,
            0.0,
            0.0,
            1.0,
            0.0,
            0.0,
            0.0
        ],