{
    "action": {
        "min": [
            0.0,
            0.0,
            0.0,
            0.0,
            0.0,
            -9.999210357666016,
            0.0,
            0.0,
            0.0,
            0.0,
            0.0,
            0.0
        ],
        "max": [
            0.0,
            0.0,
            0.0,
            0.0,
            0.0,
            9.999802589416504,
            0.0,
            0.0,
            0.0,
            0.0,
            0.0,
            0.0
        ],
        "mean": [
            0.0,
            0.0,
            0.0,
            0.0,
            0.0,
            0.3128361999988556,
            0.0,
            0.0,
            0.0,
            0.0,
            0.0,
            0.0
        ],
        "std": [
            0.0,
            0.0,
            0.0,
            0.0,
            0.0,
            7.091442584991455,
            0.0,
            0.0,
            0.0,
            0.0,
            0.0,
            0.0
        ],
        "count": [
            200
        ],
        "q01": [
            3.9995784462121265e-16,
            3.9995784462121265e-16,
            3.9995784462121265e-16,
            3.9995784462121265e-16,
            3.9995784462121265e-16,
            -9.9912109375,
            3.9995784462121265e-16,
            3.9995784462121265e-16,
            3.9995784462121265e-16,
            3.9995784462121265e-16,
            3.9995784462121265e-16,
            3.9995784462121265e-16
        ],
        "q10": [
            3.999578446212126e-15,
            3.999578446212126e-15,
            3.999578446212126e-15,
            3.999578446212126e-15,
            3.999578446212126e-15,
            -9.563231468200684,
            3.999578446212126e-15,
            3.999578446212126e-15,
            3.999578446212126e-15,
            3.999578446212126e-15,
            3.999578446212126e-15,
            3.999578446212126e-15
        ],
        "q50": [
            1.9997892231060632e-14,
            1.9997892231060632e-14,
            1.9997892231060632e-14,
            1.9997892231060632e-14,
            1.9997892231060632e-14,
            0.6922607421875,
            1.9997892231060632e-14,
            1.9997892231060632e-14,
            1.9997892231060632e-14,
            1.9997892231060632e-14,
            1.9997892231060632e-14,
            1.9997892231060632e-14
        ],
        "q90": [
            3.599620601590914e-14,
            3.599620601590914e-14,
            3.599620601590914e-14,
            3.599620601590914e-14,
            3.599620601590914e-14,
            9.531824111938477,
            3.599620601590914e-14,
            3.599620601590914e-14,
            3.599620601590914e-14,
            3.599620601590914e-14,
            3.599620601590914e-14,
            3.599620601590914e-14
        ],
        "q99": [
            3.959582661750005e-14,
            3.959582661750005e-14,
            3.959582661750005e-14,
            3.959582661750005e-14,
            3.959582661750005e-14,
            9.997135480244955,
            3.959582661750005e-14,
            3.959582661750005e-14,
            3.959582661750005e-14,
            3.959582661750005e-14,
            3.959582661750005e-14,
            3.959582661750005e-14
        ]
    },
    "observation.state": {
        "min": [
            -0.174534410238266,
            -7.849311828613281,
            0.05128205195069313,
            0.23857957124710083,
            -9.696208953857422,
            -0.6788766980171204,
            -0.6899623274803162,
            -18.007244110107422,
            0.8351648449897766,
            0.06285625696182251,
            -15.236899375915527,
            -0.1318681389093399,
            -0.505524754524231,
            -14.691225051879883,
            -0.23369963467121124,
            -6.395987510681152,
            -122.4268798828125,
            -1.7728937864303589,
            0.020251436159014702,
            -5.0789666175842285,
            -0.20170940458774567,
            -0.3489038646221161,
            -11.543106079101562,
            0.21001221239566803,
            0.2499479353427887,
            -15.236899375915527,
            -0.6300366520881653,
            0.48003605008125305,
            -15.236899375915527,
            -1.0402930974960327,
            0.6483904719352722,
            -5.5966572761535645,
            -0.4485958516597748,
            0.03296900540590286,
            -4.197493076324463,
            -0.03223443403840065,
            0.0,
            0.0,
            0.0,
            1.0,
            0.0,
            0.0,
            0.0
        ],
        "max": [
            -0.15255507826805115,
            6.925863265991211,
            0.24957264959812164,
            0.2605589032173157,
            8.772760391235352,
            -0.34676435589790344,
            -0.6460036039352417,
            16.160348892211914,
            1.186813235282898,
            0.08483558893203735,
            16.160348892211914,
            0.07326007634401321,
            0.1648450344800949,
            18.888717651367188,
            0.3948718011379242,
            9.033507347106934,
            143.41433715820312,
            0.5641025900840759,
            0.04223077371716499,
            5.0789666175842285,
            -0.03076923079788685,
            -0.3049452006816864,
            9.696208953857422,
            0.6300366520881653,
            0.27192726731300354,
            14.313450813293457,
            -0.48351648449897766,
            0.5020154118537903,
            18.930692672729492,
            -0.8351648449897766,
            0.6813594698905945,
            5.5966572761535645,
            -0.37069597840309143,
            0.06593801081180573,
            4.897075176239014,
            0.03492063656449318,
            0.0,
            0.0,
            0.0,
            1.0,
            0.0,
            0.0,
            0.0
        ],
        "mean": [
            -0.16266559064388275,
            -0.4201691150665283,
            0.14485466480255127,
            0.24890966713428497,
            -0.42016899585723877,
            -0.5178511738777161,
            -0.6647965312004089,
            -0.8172517418861389,
            1.0597808361053467,
            0.08087947964668274,
            0.6048586964607239,
            -0.029743628576397896,
            -0.24094858765602112,
            0.006995790172368288,
            0.14659950137138367,
            1.0540738105773926,
            -2.1407222747802734,
            -0.27532240748405457,
            0.04201090708374977,
            -0.5956242680549622,
            -0.11039317399263382,
            -0.32351744174957275,
            -0.6787347197532654,
            0.4420511722564697,
            0.2662123441696167,
            -0.9603862762451172,
            -0.5507683753967285,
            0.4895966351032257,
            0.05078970268368721,
            -0.9282054305076599,
            0.6626764535903931,
            0.08744780719280243,
            -0.4183761179447174,
            0.05275048315525055,
            0.7310631275177002,
            0.0017460318049415946,
            0.0,
            0.0,
            0.0,
            1.0,
            0.0,
            0.0,
            0.0
        ],