{
    "action": {
        "min": [
            0.0,
            0.0,
            0.0,
            -10.0,
            0.0,
            0.0,
            0.0,
            0.0,
            0.0,
            0.0,
            0.0,
            0.0
        ],
        "max": [
            0.0,
            0.0,
            0.0,
            9.999210357666016,
            0.0,
            0.0,
            0.0,
            0.0,
            0.0,
            0.0,
            0.0,
            0.0
        ],
        "mean": [
            0.0,
            0.0,
            0.0,
            0.4162852466106415,
            0.0,
            0.0,
            0.0,
            0.0,
            0.0,
            0.0,
            0.0,
            0.0
        ],
        "std": [
            0.0,
            0.0,
            0.0,
            7.1016669273376465,
            0.0,
            0.0,
            0.0,
            0.0,
            0.0,
            0.0,
            0.0,
            0.0
        ],
        "count": [
            200
        ],
        "q01": [
            3.9995784462121265e-16,
            3.9995784462121265e-16,
            3.9995784462121265e-16,
            -9.994000434875488,
            3.9995784462121265e-16,
            3.9995784462121265e-16,
            3.9995784462121265e-16,
            3.9995784462121265e-16,
            3.9995784462121265e-16,
            3.9995784462121265e-16,
            3.9995784462121265e-16,
            3.9995784462121265e-16
        ],
        "q10": [
            3.999578446212126e-15,
            3.999578446212126e-15,
            3.999578446212126e-15,
            -9.550017833709717,
            3.999578446212126e-15,
            3.999578446212126e-15,
            3.999578446212126e-15,
            3.999578446212126e-15,
            3.999578446212126e-15,
            3.999578446212126e-15,
            3.999578446212126e-15,
            3.999578446212126e-15
        ],
        "q50": [
            1.9997892231060632e-14,
            1.9997892231060632e-14,
            1.9997892231060632e-14,
            1.0055646896362305,
            1.9997892231060632e-14,
            1.9997892231060632e-14,
            1.9997892231060632e-14,
            1.9997892231060632e-14,
            1.9997892231060632e-14,
            1.9997892231060632e-14,
            1.9997892231060632e-14,
            1.9997892231060632e-14
        ],
        "q90": [
            3.599620601590914e-14,
            3.599620601590914e-14,
            3.599620601590914e-14,
            9.585225105285645,
            3.599620601590914e-14,
            3.599620601590914e-14,
            3.599620601590914e-14,
            3.599620601590914e-14,
            3.599620601590914e-14,
            3.599620601590914e-14,
            3.599620601590914e-14,
            3.599620601590914e-14
        ],
        "q99": [
            3.959582661750005e-14,
            3.959582661750005e-14,
            3.959582661750005e-14,
            9.996542612711588,
            3.959582661750005e-14,
            3.959582661750005e-14,
            3.959582661750005e-14,
            3.959582661750005e-14,
            3.959582661750005e-14,
            3.959582661750005e-14,
            3.959582661750005e-14,
            3.959582661750005e-14
        ]
    },
    "observation.state": {
        "min": [
            -0.24047242105007172,
            -6.925863265991211,
            -0.04444444552063942,
            0.19462089240550995,
            -9.696208953857422,
            -0.7472527623176575,
            -0.8877763152122498,
            -25.394832611083984,
            0.6300366520881653,
            -8.86075496673584,
            -152.83071899414062,
            -2.3296704292297363,
            -0.0549483448266983,
            -5.5966572761535645,
            0.002686202758923173,
            -0.12088635563850403,
            -3.497910737991333,
            0.0644688680768013,
            -0.06766591221094131,
            -5.0789666175842285,
            -0.24957264959812164,
            -0.3489038646221161,
            -9.696208953857422,
            0.23931623995304108,
            0.09609256684780121,
            -16.160348892211914,
            -0.7765567898750305,
            0.48003605008125305,
            -16.160348892211914,
            -1.0109890699386597,
            0.5824524760246277,
            -4.897075176239014,
            -0.40830281376838684,
            -0.04395867511630058,
            -5.5966572761535645,
            -0.005372405517846346,
            0.0,
            0.0,
            0.0,
            1.0,
            0.0,
            0.0,
            0.0
        ],
        "max": [
            -0.06463772803544998,
            6.002415180206299,
            0.31111112236976624,
            0.2825382351875305,
            7.849311828613281,
            -0.3272283375263214,
            -0.3382928967475891,
            20.777589797973633,
            1.5091575384140015,
            9.953557968139648,
            151.9072723388672,
            1.216117262840271,
            -0.03296900540590286,
            4.897075176239014,
            0.08058608323335648,
            -0.09890701621770859,
            5.5966572761535645,
            0.16117216646671295,
            0.08618944883346558,
            4.155518054962158,
            0.14700855314731598,
            -0.28296586871147156,
            10.619657516479492,
            0.5811966061592102,
            0.42578262090682983,
            18.007244110107422,
            -0.3369963467121124,
            0.5020154118537903,
            15.236899375915527,
            -0.8058608174324036,
            0.61542147397995,
            4.897075176239014,
            -0.30891332030296326,
            -0.010989668779075146,
            6.296239376068115,
            0.08595848828554153,
            0.0,
            0.0,
            0.0,
            1.0,
            0.0,
            0.0,
            0.0
        ],
        "mean": [
            -0.1517859250307083,
            -0.683351993560791,
            0.12923073768615723,
            0.24352453649044037,
            -0.01846899464726448,
            -0.5164834856987,
            -0.6688624024391174,
            -1.5375416278839111,
            1.0631507635116577,
            1.1451188325881958,
            -6.413345813751221,
            -0.6186078190803528,
            -0.05099213123321533,
            0.11892896890640259,
            0.0311062503606081,
            -0.11253438889980316,
            0.8954652547836304,
            0.10943589359521866,
            0.02255927585065365,
            -0.43402087688446045,
            -0.09340173751115799,
            -0.31472623348236084,
            -0.2123931497335434,
            0.4286692440509796,
            0.2645639479160309,
            -0.7572278380393982,
            -0.5503289103507996,
            0.49212419986724854,
            -0.43863818049430847,
            -0.9292309284210205,
            0.5960803031921387,
            0.006995819043368101,
            -0.3778950572013855,
            -0.032639309763908386,
            0.6086366772651672,
            0.05485229939222336,
            0.0,
            0.0,
            0.0,
            1.0,
            0.0,
            0.0,
            0.0
        ],