{
    "action": {
        "min": [
            -9.999802589416504,
            0.0,
            0.0,
            0.0,
            0.0,
            0.0,
            0.0,
            0.0,
            0.0,
            0.0,
            0.0,
            0.0
        ],
        "max": [
            9.999210357666016,
            0.0,
            0.0,
            0.0,
            0.0,
            0.0,
            0.0,
            0.0,
            0.0,
            0.0,
            0.0,
            0.0
        ],
        "mean": [
            2.041501998901367,
            0.0,
            0.0,
            0.0,
            0.0,
            0.0,
            0.0,
            0.0,
            0.0,
            0.0,
            0.0,
            0.0
        ],
        "std": [
            6.960394859313965,
            0.0,
            0.0,
            0.0,
            0.0,
            0.0,
            0.0,
            0.0,
            0.0,
            0.0,
            0.0,
            0.0
        ],
        "count": [
            200
        ],
        "q01": [
            -9.991803169250488,
            3.9995784462121265e-16,
            3.9995784462121265e-16,
            3.9995784462121265e-16,
            3.9995784462121265e-16,
            3.9995784462121265e-16,
            3.9995784462121265e-16,
            3.9995784462121265e-16,
            3.9995784462121265e-16,
            3.9995784462121265e-16,
            3.9995784462121265e-16,
            3.9995784462121265e-16
        ],
        "q10": [
            -9.07184886932373,
            3.999578446212126e-15,
            3.999578446212126e-15,
            3.999578446212126e-15,
            3.999578446212126e-15,
            3.999578446212126e-15,
            3.999578446212126e-15,
            3.999578446212126e-15,
            3.999578446212126e-15,
            3.999578446212126e-15,
            3.999578446212126e-15,
            3.999578446212126e-15
        ],
        "q50": [
            3.9155092239379883,
            1.9997892231060632e-14,
            1.9997892231060632e-14,
            1.9997892231060632e-14,
            1.9997892231060632e-14,
            1.9997892231060632e-14,
            1.9997892231060632e-14,
            1.9997892231060632e-14,
            1.9997892231060632e-14,
            1.9997892231060632e-14,
            1.9997892231060632e-14,
            1.9997892231060632e-14
        ],
        "q90": [
            9.731221199035645,
            3.599620601590914e-14,
            3.599620601590914e-14,
            3.599620601590914e-14,
            3.599620601590914e-14,
            3.599620601590914e-14,
            3.599620601590914e-14,
            3.599620601590914e-14,
            3.599620601590914e-14,
            3.599620601590914e-14,
            3.599620601590914e-14,
            3.599620601590914e-14
        ],
        "q99": [
            9.996543248494467,
            3.959582661750005e-14,
            3.959582661750005e-14,
            3.959582661750005e-14,
            3.959582661750005e-14,
            3.959582661750005e-14,
            3.959582661750005e-14,
            3.959582661750005e-14,
            3.959582661750005e-14,
            3.959582661750005e-14,
            3.959582661750005e-14,
            3.959582661750005e-14
        ]
    },
    "observation.state": {
        "min": [
            -9.603670120239258,
            -45.710697174072266,
            -0.8239316344261169,
            0.216600239276886,
            -12.466554641723633,
            -0.7960928082466125,
            -0.6679829359054565,
            -18.007244110107422,
            0.8351648449897766,
            0.06285625696182251,
            -11.543106079101562,
            -0.10256410390138626,
            -0.09890701621770859,
            -6.296239376068115,
            0.03492063656449318,
            0.0549483448266983,
            -4.897075176239014,
            -0.026862027123570442,
            -0.04568657651543617,
            -7.849311828613281,
            -0.12649573385715485,
            -0.32692453265190125,
            -8.772760391235352,
            0.2490842491388321,
            0.2499479353427887,
            -15.236899375915527,
            -0.6593406796455383,
            0.48003605008125305,
            -22.624486923217773,
            -1.0402930974960327,
            0.4835454225540161,
            -4.197493076324463,
            -0.3492063581943512,
            0.12088635563850403,
            -4.897075176239014,
            -0.09401709586381912,
            0.0,
            0.0,
            0.0,
            1.0,
            0.0,
            0.0,
            0.0
        ],
        "max": [
            9.848043441772461,
            47.557594299316406,
            0.7829059958457947,
            0.2825382351875305,
            7.849311828613281,
            -0.27838829159736633,
            -0.6240242719650269,
            18.007244110107422,
            1.216117262840271,
            0.06285625696182251,
            17.083797454833984,
            0.1318681389093399,
            -0.07692768424749374,
            5.5966572761535645,
            0.08595848828554153,
            0.07692768424749374,
            5.5966572761535645,
            0.024175824597477913,
            -0.0017279012827202678,
            6.002415180206299,
            0.07863248139619827,
            -0.3049452006816864,
            8.772760391235352,
            0.5811966061592102,
            0.2939065992832184,
            14.313450813293457,
            -0.48351648449897766,
            0.5020154118537903,
            22.624486923217773,
            -0.8058608174324036,
            0.5165144205093384,
            4.897075176239014,
            -0.27936509251594543,
            0.1538553684949875,
            5.5966572761535645,
            -0.024175824597477913,
            0.0,
            0.0,
            0.0,
            1.0,
            0.0,
            0.0,
            0.0
        ],
        "mean": [
            1.791957139968872,
            3.5737438201904297,
            -0.1288546919822693,
            0.24550282955169678,
            -0.08311039954423904,
            -0.5107203125953674,
            -0.6605104207992554,
            -0.060024186968803406,
            1.0432236194610596,
            0.06285637617111206,
            0.5448346734046936,
            -0.0008791206637397408,
            -0.09214850515127182,
            -0.006995847448706627,
            0.05692062899470329,
            0.06357529014348984,
            0.6785947680473328,
            -0.005990234203636646,
            -0.023927025496959686,
            -0.3601449728012085,
            -0.021811995655298233,
            -0.32131972908973694,
            -0.6002415418624878,
            0.4355555772781372,
            0.27181705832481384,
            -0.8357203006744385,
            -0.5642482042312622,
            0.48487114906311035,
            -0.22624485194683075,
            -0.9238094091415405,
            0.494425505399704,
            0.05246865749359131,
            -0.3133724331855774,
            0.13583232462406158,
            0.6261261105537415,
            -0.05154825747013092,
            0.0,
            0.0,
            0.0,
            1.0,
            0.0,
            0.0,
            0.0
        ],