{
    "action": {
        "min": [
            0.0,
            0.0,
            -9.999210357666016,
            0.0,
            0.0,
            0.0,
            0.0,
            0.0,
            0.0,
            0.0,
            0.0,
            0.0
        ],
        "max": [
            0.0,
            0.0,
            9.999802589416504,
            0.0,
            0.0,
            0.0,
            0.0,
            0.0,
            0.0,
            0.0,
            0.0,
            0.0
        ],
        "mean": [
            0.0,
            0.0,
            0.3128361999988556,
            0.0,
            0.0,
            0.0,
            0.0,
            0.0,
            0.0,
            0.0,
            0.0,
            0.0
        ],
        "std": [
            0.0,
            0.0,
            7.091442584991455,
            0.0,
            0.0,
            0.0,
            0.0,
            0.0,
            0.0,
            0.0,
            0.0,
            0.0
        ],
        "count": [
            200
        ],
        "q01": [
            3.9995784462121265e-16,
            3.9995784462121265e-16,
            -9.9912109375,
            3.9995784462121265e-16,
            3.9995784462121265e-16,
            3.9995784462121265e-16,
            3.9995784462121265e-16,
            3.9995784462121265e-16,
            3.9995784462121265e-16,
            3.9995784462121265e-16,
            3.9995784462121265e-16,
            3.9995784462121265e-16
        ],
        "q10": [
            3.999578446212126e-15,
            3.999578446212126e-15,
            -9.563231468200684,
            3.999578446212126e-15,
            3.999578446212126e-15,
            3.999578446212126e-15,
            3.999578446212126e-15,
            3.999578446212126e-15,
            3.999578446212126e-15,
            3.999578446212126e-15,
            3.999578446212126e-15,
            3.999578446212126e-15
        ],
        "q50": [
            1.9997892231060632e-14,
            1.9997892231060632e-14,
            0.6922607421875,
            1.9997892231060632e-14,
            1.9997892231060632e-14,
            1.9997892231060632e-14,
            1.9997892231060632e-14,
            1.9997892231060632e-14,
            1.9997892231060632e-14,
            1.9997892231060632e-14,
            1.9997892231060632e-14,
            1.9997892231060632e-14
        ],
        "q90": [
            3.599620601590914e-14,
            3.599620601590914e-14,
            9.531824111938477,
            3.599620601590914e-14,
            3.599620601590914e-14,
            3.599620601590914e-14,
            3.599620601590914e-14,
            3.599620601590914e-14,
            3.599620601590914e-14,
            3.599620601590914e-14,
            3.599620601590914e-14,
            3.599620601590914e-14
        ],
        "q99": [
            3.959582661750005e-14,
            3.959582661750005e-14,
            9.997135480244955,
            3.959582661750005e-14,
            3.959582661750005e-14,
            3.959582661750005e-14,
            3.959582661750005e-14,
            3.959582661750005e-14,
            3.959582661750005e-14,
            3.959582661750005e-14,
            3.959582661750005e-14,
            3.959582661750005e-14
        ]
    },
    "observation.state": {
        "min": [
            -0.6361005306243896,
            -17.083797454833984,
            -1.0427350997924805,
            0.04076553136110306,
            -13.390002250671387,
            -2.3003664016723633,
            -11.393899917602539,
            -219.3190155029297,
            -6.285714149475098,
            -0.28881314396858215,
            -28.165178298950195,
            -0.6300366520881653,
            -0.08791735023260117,
            -4.897075176239014,
            0.008058608509600163,
            -0.12088635563850403,
            -4.197493076324463,
            0.07521367818117142,
            -0.24350062012672424,
            -11.543106079101562,
            -0.482051283121109,
            -0.43682122230529785,
            -12.466554641723633,
            -0.22954823076725006,
            -0.2335975021123886,
            -60.48587417602539,
            -2.007326126098633,
            0.4140980541706085,
            -19.854141235351562,
            -1.245421290397644,
            0.6044318079948425,
            -7.695404052734375,
            -0.4862026870250702,
            0.02197933755815029,
            -9.794150352478027,
            -0.10744810849428177,
            0.0,
            0.0,
            0.0,
            1.0,
            0.0,
            0.0,
            0.0
        ],
        "max": [
            0.3969283699989319,
            17.083797454833984,
            0.988034188747406,
            0.7221249938011169,
            17.083797454833984,
            0.21978022158145905,
            9.970016479492188,
            201.7734832763672,
            6.578754425048828,
            0.30462896823883057,
            30.012075424194336,
            0.7472527623176575,
            0.010989668779075146,
            6.296239376068115,
            0.08864469081163406,
            -0.04395867511630058,
            6.995821475982666,
            0.14505495131015778,
            0.24004481732845306,
            7.849311828613281,
            0.4000000059604645,
            -0.12911050021648407,
            7.849311828613281,
            0.8253968358039856,
            0.9532867670059204,
            32.78242111206055,
            0.8937729001045227,
            0.5679534077644348,
            22.624486923217773,
            -0.7179487347602844,
            0.7912561297416687,
            7.695404052734375,
            -0.3680097758769989,
            0.2088037133216858,
            9.094568252563477,
            0.03760683909058571,
            0.0,
            0.0,
            0.0,
            1.0,
            0.0,
            0.0,
            0.0
        ],
        "mean": [
            -0.16497346758842468,
            -0.5217482447624207,
            0.15247860550880432,
            0.25066810846328735,
            -0.5032795667648315,
            -0.49987807869911194,
            0.0785452201962471,
            -6.0347394943237305,
            0.8654943704605103,
            0.10044104605913162,
            1.403641700744629,
            -0.07120880484580994,
            -0.057421088218688965,
            0.2798328995704651,
            0.036559246480464935,
            -0.09984122961759567,
            0.6436156630516052,
            0.09871792793273926,
            0.021680111065506935,
            -0.3001207411289215,
            -0.09572649747133255,
            -0.3056046962738037,
            -0.2955036461353302,
            0.4093773365020752,
            0.286433607339859,
            -0.49866199493408203,
            -0.6000000238418579,
            0.4961912930011749,
            -0.004617295227944851,
            -0.9403659105300903,
            0.6632815599441528,
            0.08045199513435364,
            -0.41938355565071106,
            0.07445508241653442,
            0.6051386594772339,
            -0.011402938514947891,
            0.0,
            0.0,
            0.0,
            1.0,
            0.0,
            0.0,
            0.0
        ],