{
    "action": {
        "min": [
            0.0,
            0.0,
            0.0,
            0.0,
            0.0,
            0.0,
            0.0,
            0.0,
            0.0,
            0.0,
            -10.0,
            0.0
        ],
        "max": [
            0.0,
            0.0,
            0.0,
            0.0,
            0.0,
            0.0,
            0.0,
            0.0,
            0.0,
            0.0,
            10.0,
            0.0
        ],
        "mean": [
            0.0,
            0.0,
            0.0,
            0.0,
            0.0,
            0.0,
            0.0,
            0.0,
            0.0,
            0.0,
            -8.791685246478664e-08,
            0.0
        ],
        "std": [
            0.0,
            0.0,
            0.0,
            0.0,
            0.0,
            0.0,
            0.0,
            0.0,
            0.0,
            0.0,
            7.0710673332214355,
            0.0
        ],
        "count": [
            200
        ],
        "q01": [
            3.9995784462121265e-16,
            3.9995784462121265e-16,
            3.9995784462121265e-16,
            3.9995784462121265e-16,
            3.9995784462121265e-16,
            3.9995784462121265e-16,
            3.9995784462121265e-16,
            3.9995784462121265e-16,
            3.9995784462121265e-16,
            3.9995784462121265e-16,
            -9.99399995803833,
            3.9995784462121265e-16
        ],
        "q10": [
            3.999578446212126e-15,
            3.999578446212126e-15,
            3.999578446212126e-15,
            3.999578446212126e-15,
            3.999578446212126e-15,
            3.999578446212126e-15,
            3.999578446212126e-15,
            3.999578446212126e-15,
            3.999578446212126e-15,
            3.999578446212126e-15,
            -9.510000228881836,
            3.999578446212126e-15
        ],
        "q50": [
            1.9997892231060632e-14,
            1.9997892231060632e-14,
            1.9997892231060632e-14,
            1.9997892231060632e-14,
            1.9997892231060632e-14,
            1.9997892231060632e-14,
            1.9997892231060632e-14,
            1.9997892231060632e-14,
            1.9997892231060632e-14,
            1.9997892231060632e-14,
            0.0020003318786621094,
            1.9997892231060632e-14
        ],
        "q90": [
            3.599620601590914e-14,
            3.599620601590914e-14,
            3.599620601590914e-14,
            3.599620601590914e-14,
            3.599620601590914e-14,
            3.599620601590914e-14,
            3.599620601590914e-14,
            3.599620601590914e-14,
            3.599620601590914e-14,
            3.599620601590914e-14,
            9.510001182556152,
            3.599620601590914e-14
        ],
        "q99": [
            3.959582661750005e-14,
            3.959582661750005e-14,
            3.959582661750005e-14,
            3.959582661750005e-14,
            3.959582661750005e-14,
            3.959582661750005e-14,
            3.959582661750005e-14,
            3.959582661750005e-14,
            3.959582661750005e-14,
            3.959582661750005e-14,
            9.994000434875488,
            3.959582661750005e-14
        ]
    },
    "observation.state": {
        "min": [
            -0.174534410238266,
            -7.849311828613281,
            0.07179487496614456,
            0.23857957124710083,
            -11.543106079101562,
            -0.6691086888313293,
            -0.6899623274803162,
            -15.236899375915527,
            0.8937729001045227,
            0.06285625696182251,
            -16.160348892211914,
            -0.1318681389093399,
            -0.0549483448266983,
            -4.897075176239014,
            -0.002686202758923173,
            -0.1648450344800949,
            -4.897075176239014,
            0.10476190596818924,
            -0.0017279012827202678,
            -6.002415180206299,
            -0.14017094671726227,
            -0.32692453265190125,
            -7.849311828613281,
            0.28815630078315735,
            0.2499479353427887,
            -26.318281173706055,
            -0.6593406796455383,
            0.4580567181110382,
            -18.007244110107422,
            -1.0402930974960327,
            -9.231322288513184,
            -110.53398132324219,
            -0.5426129698753357,
            -0.0549483448266983,
            -8.394986152648926,
            -0.09133089333772659,
            0.0,
            0.0,
            0.0,
            1.0,
            0.0,
            0.0,
            0.0
        ],
        "max": [
            -0.15255507826805115,
            5.0789666175842285,
            0.19487179815769196,
            0.2605589032173157,
            8.772760391235352,
            -0.3076923191547394,
            -0.6679829359054565,
            17.083797454833984,
            1.216117262840271,
            0.08483558893203735,
            22.624486923217773,
            0.07326007634401321,
            -0.03296900540590286,
            4.197493076324463,
            0.07789988070726395,
            -0.14286570250988007,
            5.5966572761535645,
            0.17191697657108307,
            0.020251436159014702,
            6.002415180206299,
            0.010256410576403141,
            -0.3049452006816864,
            9.696208953857422,
            0.5909646153450012,
            0.27192726731300354,
            19.854141235351562,
            -0.48351648449897766,
            0.48003605008125305,
            18.930692672729492,
            -0.7765567898750305,
            9.615960121154785,
            121.02771759033203,
            0.4754578769207001,
            0.1648450344800949,
            7.695404052734375,
            0.083272285759449,
            0.0,
            0.0,
            0.0,
            1.0,
            0.0,
            0.0,
            0.0
        ],
        "mean": [
            -0.15651153028011322,
            -0.6879692077636719,
            0.1392478495836258,
            0.24209590256214142,
            -0.5078966021537781,
            -0.5065688490867615,
            -0.6683132648468018,
            -0.4063172936439514,
            1.067839503288269,
            0.07615392655134201,
            0.7341415882110596,
            -0.022564111277461052,
            -0.04939861223101616,
            0.12242688238620758,
            0.03004520945250988,
            -0.15215229988098145,
            0.570159375667572,
            0.13247017562389374,
            0.007173726335167885,
            -0.8495727777481079,
            -0.06820512562990189,
            -0.3165944814682007,
            -0.9188311696052551,
            0.4345298111438751,
            0.27148735523223877,
            -0.706437885761261,
            -0.5668855905532837,
            0.47904670238494873,
            -0.30473795533180237,
            -0.8989017605781555,
            0.30869972705841064,
            -2.7773427963256836,
            -0.12136265635490417,
            0.043189410120248795,
            0.552669882774353,
            0.008085471577942371,
            0.0,
            0.0,
            0.0,
            1.0,
            0.0,
            0.0,
            0.0
        ],