{
    "action": {
        "min": [
            0.0,
            0.0,
            0.0,
            -9.996841430664062,
            0.0,
            0.0,
            0.0,
            0.0,
            0.0,
            0.0,
            0.0,
            0.0
        ],
        "max": [
            0.0,
            0.0,
            0.0,
            9.999802589416504,
            0.0,
            0.0,
            0.0,
            0.0,
            0.0,
            0.0,
            0.0,
            0.0
        ],
        "mean": [
            0.0,
            0.0,
            0.0,
            1.1214410066604614,
            0.0,
            0.0,
            0.0,
            0.0,
            0.0,
            0.0,
            0.0,
            0.0
        ],
        "std": [
            0.0,
            0.0,
            0.0,
            6.87050199508667,
            0.0,
            0.0,
            0.0,
            0.0,
            0.0,
            0.0,
            0.0,
            0.0
        ],
        "count": [
            200
        ],
        "q01": [
            3.9995784462121265e-16,
            3.9995784462121265e-16,
            3.9995784462121265e-16,
            -9.996841430664062,
            3.9995784462121265e-16,
            3.9995784462121265e-16,
            3.9995784462121265e-16,
            3.9995784462121265e-16,
            3.9995784462121265e-16,
            3.9995784462121265e-16,
            3.9995784462121265e-16,
            3.9995784462121265e-16
        ],
        "q10": [
            3.999578446212126e-15,
            3.999578446212126e-15,
            3.999578446212126e-15,
            -9.27296257019043,
            3.999578446212126e-15,
            3.999578446212126e-15,
            3.999578446212126e-15,
            3.999578446212126e-15,
            3.999578446212126e-15,
            3.999578446212126e-15,
            3.999578446212126e-15,
            3.999578446212126e-15
        ],
        "q50": [
            1.9997892231060632e-14,
            1.9997892231060632e-14,
            1.9997892231060632e-14,
            1.9371557235717773,
            1.9997892231060632e-14,
            1.9997892231060632e-14,
            1.9997892231060632e-14,
            1.9997892231060632e-14,
            1.9997892231060632e-14,
            1.9997892231060632e-14,
            1.9997892231060632e-14,
            1.9997892231060632e-14
        ],
        "q90": [
            3.599620601590914e-14,
            3.599620601590914e-14,
            3.599620601590914e-14,
            9.655858993530273,
            3.599620601590914e-14,
            3.599620601590914e-14,
            3.599620601590914e-14,
            3.599620601590914e-14,
            3.599620601590914e-14,
            3.599620601590914e-14,
            3.599620601590914e-14,
            3.599620601590914e-14
        ],
        "q99": [
            3.959582661750005e-14,
            3.959582661750005e-14,
            3.959582661750005e-14,
            9.997135480244955,
            3.959582661750005e-14,
            3.959582661750005e-14,
            3.959582661750005e-14,
            3.959582661750005e-14,
            3.959582661750005e-14,
            3.959582661750005e-14,
            3.959582661750005e-14,
            3.959582661750005e-14
        ]
    },
    "observation.state": {
        "min": [
            -0.26245176792144775,
            -6.925863265991211,
            -0.11282051354646683,
            0.19462089240550995,
            -9.696208953857422,
            -0.7179487347602844,
            -0.9097557067871094,
            -26.318281173706055,
            0.6300366520881653,
            -8.86075496673584,
            -138.0555419921875,
            -2.153846263885498,
            -0.12088635563850403,
            -4.197493076324463,
            0.048351649194955826,
            0.010989668779075146,
            -4.197493076324463,
            0.0,
            0.020251436159014702,
            -5.0789666175842285,
            -0.20170940458774567,
            -0.3489038646221161,
            -10.619657516479492,
            0.28815630078315735,
            0.2499479353427887,
            -18.007244110107422,
            -0.6886447072029114,
            0.48003605008125305,
            -17.083797454833984,
            -1.0402930974960327,
            0.6044318079948425,
            -4.897075176239014,
            -0.4217338263988495,
            0.06593801081180573,
            -3.497910737991333,
            -0.048351649194955826,
            0.0,
            0.0,
            0.0,
            1.0,
            0.0,
            0.0,
            0.0
        ],
        "max": [
            -0.04265838861465454,
            6.002415180206299,
            0.3521367609500885,
            0.2825382351875305,
            8.772760391235352,
            -0.3076923191547394,
            -0.31631356477737427,
            17.083797454833984,
            1.5970696210861206,
            9.975537300109863,
            138.0555419921875,
            1.4505494832992554,
            -0.09890701621770859,
            5.5966572761535645,
            0.08864469081163406,
            0.03296900540590286,
            6.296239376068115,
            0.03492063656449318,
            0.06421010941267014,
            5.0789666175842285,
            -0.05128205195069313,
            -0.3049452006816864,
            10.619657516479492,
            0.6105006337165833,
            0.2939065992832184,
            16.160348892211914,
            -0.4542124569416046,
            0.5020154118537903,
            18.007244110107422,
            -0.8351648449897766,
            0.6264111399650574,
            4.197493076324463,
            -0.3492063581943512,
            0.08791735023260117,
            5.5966572761535645,
            0.021489622071385384,
            0.0,
            0.0,
            0.0,
            1.0,
            0.0,
            0.0,
            0.0
        ],
        "mean": [
            -0.1653030812740326,
            -0.4755759835243225,
            0.14068377017974854,
            0.24055726826190948,
            -0.937300443649292,
            -0.5019780993461609,
            -0.6706206798553467,
            0.036937933415174484,
            1.069451093673706,
            1.5721772909164429,
            0.16160690784454346,
            -0.6026372313499451,
            -0.10676489025354385,
            0.1644018590450287,
            0.06880714744329453,
            0.026979632675647736,
            0.5701594948768616,
            0.01849452406167984,
            0.0421207956969738,
            -0.5633037090301514,
            -0.11326497793197632,
            -0.3279132544994354,
            -0.37861382961273193,
            0.45811980962753296,
            0.2698388695716858,
            0.26780015230178833,
            -0.5629295110702515,
            0.5005859732627869,
            0.447872519493103,
            -0.9397804141044617,
            0.6165770292282104,
            -0.2798328995704651,
            -0.39033207297325134,
            0.07555416971445084,
            0.7065778970718384,
            -0.01326985564082861,
            0.0,
            0.0,
            0.0,
            1.0,
            0.0,
            0.0,
            0.0
        ],