{
    "action": {
        "min": [
            0.0,
            -10.0,
            0.0,
            0.0,
            0.0,
            0.0,
            0.0,
            0.0,
            0.0,
            0.0,
            0.0,
            0.0
        ],
        "max": [
            0.0,
            10.0,
            0.0,
            0.0,
            0.0,
            0.0,
            0.0,
            0.0,
            0.0,
            0.0,
            0.0,
            0.0
        ],
        "mean": [
            0.0,
            2.5033950024067053e-08,
            0.0,
            0.0,
            0.0,
            0.0,
            0.0,
            0.0,
            0.0,
            0.0,
            0.0,
            0.0
        ],
        "std": [
            0.0,
            7.07106876373291,
            0.0,
            0.0,
            0.0,
            0.0,
            0.0,
            0.0,
            0.0,
            0.0,
            0.0,
            0.0
        ],
        "count": [
            200
        ],
        "q01": [
            3.9995784462121265e-16,
            -9.99399995803833,
            3.9995784462121265e-16,
            3.9995784462121265e-16,
            3.9995784462121265e-16,
            3.9995784462121265e-16,
            3.9995784462121265e-16,
            3.9995784462121265e-16,
            3.9995784462121265e-16,
            3.9995784462121265e-16,
            3.9995784462121265e-16,
            3.9995784462121265e-16
        ],
        "q10": [
            3.999578446212126e-15,
            -9.510000228881836,
            3.999578446212126e-15,
            3.999578446212126e-15,
            3.999578446212126e-15,
            3.999578446212126e-15,
            3.999578446212126e-15,
            3.999578446212126e-15,
            3.999578446212126e-15,
            3.999578446212126e-15,
            3.999578446212126e-15,
            3.999578446212126e-15
        ],
        "q50": [
            1.9997892231060632e-14,
            0.0020003318786621094,
            1.9997892231060632e-14,
            1.9997892231060632e-14,
            1.9997892231060632e-14,
            1.9997892231060632e-14,
            1.9997892231060632e-14,
            1.9997892231060632e-14,
            1.9997892231060632e-14,
            1.9997892231060632e-14,
            1.9997892231060632e-14,
            1.9997892231060632e-14
        ],
        "q90": [
            3.599620601590914e-14,
            9.510001182556152,
            3.599620601590914e-14,
            3.599620601590914e-14,
            3.599620601590914e-14,
            3.599620601590914e-14,
            3.599620601590914e-14,
            3.599620601590914e-14,
            3.599620601590914e-14,
            3.599620601590914e-14,
            3.599620601590914e-14,
            3.599620601590914e-14
        ],
        "q99": [
            3.959582661750005e-14,
            9.994000434875488,
            3.959582661750005e-14,
            3.959582661750005e-14,
            3.959582661750005e-14,
            3.959582661750005e-14,
            3.959582661750005e-14,
            3.959582661750005e-14,
            3.959582661750005e-14,
            3.959582661750005e-14,
            3.959582661750005e-14,
            3.959582661750005e-14
        ]
    },
    "observation.state": {
        "min": [
            -0.3943277895450592,
            -17.083797454833984,
            -0.4888888895511627,
            -6.970643043518066,
            -126.05071258544922,
            -1.6556776762008667,
            -1.0636110305786133,
            -48.48104476928711,
            -0.8937729001045227,
            -0.047040436416864395,
            -16.160348892211914,
            -0.2490842491388321,
            -0.12088635563850403,
            -6.296239376068115,
            0.04029304161667824,
            -0.04395867511630058,
            -3.497910737991333,
            0.018803419545292854,
            -0.19954194128513336,
            -9.696208953857422,
            -0.5094017386436462,
            -0.37088319659233093,
            -9.696208953857422,
            0.02442002482712269,
            0.052133895456790924,
            -30.935523986816406,
            -1.186813235282898,
            0.48003605008125305,
            -22.624486923217773,
            -1.0695971250534058,
            0.6813594698905945,
            -5.5966572761535645,
            -0.4781440794467926,
            0.0549483448266983,
            -4.897075176239014,
            -0.045665446668863297,
            0.0,
            0.0,
            0.0,
            1.0,
            0.0,
            0.0,
            0.0
        ],
        "max": [
            0.06723830103874207,
            18.007244110107422,
            0.6940171122550964,
            7.667595863342285,
            129.7445068359375,
            1.3626374006271362,
            0.21119053661823273,
            39.246559143066406,
            1.802197813987732,
            0.17275294661521912,
            20.777589797973633,
            0.2490842491388321,
            -0.08791735023260117,
            5.5966572761535645,
            0.11819291859865189,
            0.0,
            5.5966572761535645,
            0.08864469081163406,
            0.24004481732845306,
            10.619657516479492,
            0.4683760702610016,
            -0.1950485110282898,
            8.772760391235352,
            0.7277167439460754,
            0.6235966682434082,
            22.624486923217773,
            -0.27838829159736633,
            0.54597407579422,
            17.083797454833984,
            -0.8351648449897766,
            0.7363077998161316,
            6.296239376068115,
            -0.40024420619010925,
            0.09890701621770859,
            5.5966572761535645,
            0.026862027123570442,
            0.0,
            0.0,
            0.0,
            1.0,
            0.0,
            0.0,
            0.0
        ],
        "mean": [
            -0.1687098741531372,
            -0.2354794293642044,
            0.15507695078849792,
            0.3073746860027313,
            -2.174720525741577,
            -0.27218562364578247,
            -0.5839118361473083,
            -0.9326829314231873,
            0.9192672967910767,
            0.06252669543027878,
            0.26318272948265076,
            -0.007912087254226208,
            -0.10539112240076065,
            -0.09444360435009003,
            0.07037853449583054,
            -0.02527623437345028,
            0.6331219673156738,
            0.051548246294260025,
            0.008822181262075901,
            -0.6464141011238098,
            -0.0646153911948204,
            -0.30978068709373474,
            -0.5309829115867615,
            0.41377297043800354,
            0.2717074453830719,
            -0.3970828950405121,
            -0.5696701407432556,
            0.5058613419532776,
            -1.1450762748718262,
            -0.9522342681884766,
            0.7024046182632446,
            0.12942267954349518,
            -0.4415713846683502,
            0.08005983382463455,
            0.7380592226982117,
            -0.016963381320238113,
            0.0,
            0.0,
            0.0,
            1.0,
            0.0,
            0.0,
            0.0
        ],