{
    "action": {
        "min": [
            0.0,
            -9.980267524719238,
            0.0,
            0.0,
            0.0,
            0.0,
            0.0,
            0.0,
            0.0,
            0.0,
            0.0,
            0.0
        ],
        "max": [
            0.0,
            9.980267524719238,
            0.0,
            0.0,
            0.0,
            0.0,
            0.0,
            0.0,
            0.0,
            0.0,
            0.0,
            0.0
        ],
        "mean": [
            0.0,
            3.4809113458322827e-07,
            0.0,
            0.0,
            0.0,
            0.0,
            0.0,
            0.0,
            0.0,
            0.0,
            0.0,
            0.0
        ],
        "std": [
            0.0,
            7.07106876373291,
            0.0,
            0.0,
            0.0,
            0.0,
            0.0,
            0.0,
            0.0,
            0.0,
            0.0,
            0.0
        ],
        "count": [
            200
        ],
        "q01": [
            3.9995784462121265e-16,
            -9.980267524719238,
            3.9995784462121265e-16,
            3.9995784462121265e-16,
            3.9995784462121265e-16,
            3.9995784462121265e-16,
            3.9995784462121265e-16,
            3.9995784462121265e-16,
            3.9995784462121265e-16,
            3.9995784462121265e-16,
            3.9995784462121265e-16,
            3.9995784462121265e-16
        ],
        "q10": [
            3.999578446212126e-15,
            -9.511195182800293,
            3.999578446212126e-15,
            3.999578446212126e-15,
            3.999578446212126e-15,
            3.999578446212126e-15,
            3.999578446212126e-15,
            3.999578446212126e-15,
            3.999578446212126e-15,
            3.999578446212126e-15,
            3.999578446212126e-15,
            3.999578446212126e-15
        ],
        "q50": [
            1.9997892231060632e-14,
            -0.001995086669921875,
            1.9997892231060632e-14,
            1.9997892231060632e-14,
            1.9997892231060632e-14,
            1.9997892231060632e-14,
            1.9997892231060632e-14,
            1.9997892231060632e-14,
            1.9997892231060632e-14,
            1.9997892231060632e-14,
            1.9997892231060632e-14,
            1.9997892231060632e-14
        ],
        "q90": [
            3.599620601590914e-14,
            9.51119613647461,
            3.599620601590914e-14,
            3.599620601590914e-14,
            3.599620601590914e-14,
            3.599620601590914e-14,
            3.599620601590914e-14,
            3.599620601590914e-14,
            3.599620601590914e-14,
            3.599620601590914e-14,
            3.599620601590914e-14,
            3.599620601590914e-14
        ],
        "q99": [
            3.959582661750005e-14,
            9.979269981384277,
            3.959582661750005e-14,
            3.959582661750005e-14,
            3.959582661750005e-14,
            3.959582661750005e-14,
            3.959582661750005e-14,
            3.959582661750005e-14,
            3.959582661750005e-14,
            3.959582661750005e-14,
            3.959582661750005e-14,
            3.959582661750005e-14
        ]
    },
    "observation.state": {
        "min": [
            -0.2844310998916626,
            -7.849311828613281,
            -0.0923076942563057,
            -8.663052558898926,
            -84.49553680419922,
            -1.0793651342391968,
            -0.7559003233909607,
            -14.313450813293457,
            0.8351648449897766,
            0.06285625696182251,
            -18.930692672729492,
            -0.16117216646671295,
            -0.07692768424749374,
            -4.197493076324463,
            0.013431013561785221,
            -0.09890701621770859,
            -3.497910737991333,
            0.051037851721048355,
            -0.0017279012827202678,
            -5.0789666175842285,
            -0.18803419172763824,
            -0.32692453265190125,
            -9.696208953857422,
            0.16117216646671295,
            0.2499479353427887,
            -15.236899375915527,
            -0.6300366520881653,
            0.48003605008125305,
            -17.083797454833984,
            -1.0109890699386597,
            0.6593801379203796,
            -4.197493076324463,
            -0.4512820541858673,
            -0.04395867511630058,
            -6.296239376068115,
            0.026862027123570442,
            0.0,
            0.0,
            0.0,
            1.0,
            0.0,
            0.0,
            0.0
        ],
        "max": [
            -0.06463772803544998,
            7.849311828613281,
            0.4068376123905182,
            8.656665802001953,
            89.11277770996094,
            0.8449328541755676,
            -0.5800656080245972,
            15.236899375915527,
            1.245421290397644,
            0.08483558893203735,
            15.236899375915527,
            0.10256410390138626,
            -0.04395867511630058,
            5.5966572761535645,
            0.09670329838991165,
            -0.06593801081180573,
            5.5966572761535645,
            0.13162393867969513,
            0.04223077371716499,
            4.155518054962158,
            -0.023931624367833138,
            -0.3049452006816864,
            11.543106079101562,
            0.5811966061592102,
            0.2939065992832184,
            19.854141235351562,
            -0.48351648449897766,
            0.5020154118537903,
            16.160348892211914,
            -0.8351648449897766,
            0.6813594698905945,
            4.897075176239014,
            -0.39218559861183167,
            -0.02197933755815029,
            6.296239376068115,
            0.08864469081163406,
            0.0,
            0.0,
            0.0,
            1.0,
            0.0,
            0.0,
            0.0
        ],
        "mean": [
            -0.16464370489120483,
            -0.5263658761978149,
            0.14779487252235413,
            0.17670753598213196,
            -3.615300178527832,
            -0.11560439318418503,
            -0.6751264333724976,
            -0.7710797786712646,
            1.0795607566833496,
            0.06670277565717697,
            0.8311035633087158,
            -0.02051282487809658,
            -0.0596739798784256,
            0.19238512217998505,
            0.040172185748815536,
            -0.08418094366788864,
            0.7100762128829956,
            0.08755679428577423,
            0.023878026753664017,
            -0.5448346138000488,
            -0.09675215929746628,
            -0.312967985868454,
            -0.24471387267112732,
            0.4288155734539032,
            0.26687175035476685,
            -0.12004830688238144,
            -0.5516475439071655,
            0.4905855655670166,
            0.13851730525493622,
            -0.9263002872467041,
            0.6698204874992371,
            0.02098741941154003,
            -0.42252621054649353,
            -0.04055187106132507,
            0.7135739922523499,
            0.05825033038854599,
            0.0,
            0.0,
            0.0,
            1.0,
            0.0,
            0.0,
            0.0
        ],