{
    "action": {
        "min": [
            0.0,
            0.0,
            0.0,
            0.0,
            0.0,
            0.0,
            -10.0,
            0.0,
            0.0,
            0.0,
            0.0,
            0.0
        ],
        "max": [
            0.0,
            0.0,
            0.0,
            0.0,
            0.0,
            0.0,
            10.0,
            0.0,
            0.0,
            0.0,
            0.0,
            0.0
        ],
        "mean": [
            0.0,
            0.0,
            0.0,
            0.0,
            0.0,
            0.0,
            -8.791685246478664e-08,
            0.0,
            0.0,
            0.0,
            0.0,
            0.0
        ],
        "std": [
            0.0,
            0.0,
            0.0,
            0.0,
            0.0,
            0.0,
            7.0710673332214355,
            0.0,
            0.0,
            0.0,
            0.0,
            0.0
        ],
        "count": [
            200
        ],
        "q01": [
            3.9995784462121265e-16,
            3.9995784462121265e-16,
            3.9995784462121265e-16,
            3.9995784462121265e-16,
            3.9995784462121265e-16,
            3.9995784462121265e-16,
            -9.99399995803833,
            3.9995784462121265e-16,
            3.9995784462121265e-16,
            3.9995784462121265e-16,
            3.9995784462121265e-16,
            3.9995784462121265e-16
        ],
        "q10": [
            3.999578446212126e-15,
            3.999578446212126e-15,
            3.999578446212126e-15,
            3.999578446212126e-15,
            3.999578446212126e-15,
            3.999578446212126e-15,
            -9.510000228881836,
            3.999578446212126e-15,
            3.999578446212126e-15,
            3.999578446212126e-15,
            3.999578446212126e-15,
            3.999578446212126e-15
        ],
        "q50": [
            1.9997892231060632e-14,
            1.9997892231060632e-14,
            1.9997892231060632e-14,
            1.9997892231060632e-14,
            1.9997892231060632e-14,
            1.9997892231060632e-14,
            0.0020003318786621094,
            1.9997892231060632e-14,
            1.9997892231060632e-14,
            1.9997892231060632e-14,
            1.9997892231060632e-14,
            1.9997892231060632e-14
        ],
        "q90": [
            3.599620601590914e-14,
            3.599620601590914e-14,
            3.599620601590914e-14,
            3.599620601590914e-14,
            3.599620601590914e-14,
            3.599620601590914e-14,
            9.510001182556152,
            3.599620601590914e-14,
            3.599620601590914e-14,
            3.599620601590914e-14,
            3.599620601590914e-14,
            3.599620601590914e-14
        ],
        "q99": [
            3.959582661750005e-14,
            3.959582661750005e-14,
            3.959582661750005e-14,
            3.959582661750005e-14,
            3.959582661750005e-14,
            3.959582661750005e-14,
            9.994000434875488,
            3.959582661750005e-14,
            3.959582661750005e-14,
            3.959582661750005e-14,
            3.959582661750005e-14,
            3.959582661750005e-14
        ]
    },
    "observation.state": {
        "min": [
            -0.174534410238266,
            -7.849311828613281,
            0.05128205195069313,
            0.23857957124710083,
            -9.696208953857422,
            -0.7277167439460754,
            -0.6899623274803162,
            -17.083797454833984,
            0.8644688725471497,
            0.06285625696182251,
            -16.160348892211914,
            -0.1318681389093399,
            -0.0549483448266983,
            -4.897075176239014,
            -0.002686202758923173,
            -0.1648450344800949,
            -3.497910737991333,
            0.09670329838991165,
            -9.25502872467041,
            -91.88312530517578,
            -0.4000000059604645,
            -0.37088319659233093,
            -9.696208953857422,
            0.21978022158145905,
            0.18400992453098297,
            -18.007244110107422,
            -0.6593406796455383,
            0.48003605008125305,
            -18.007244110107422,
            -1.0109890699386597,
            0.6044318079948425,
            -4.197493076324463,
            -0.4217338263988495,
            -0.0549483448266983,
            -4.897075176239014,
            0.021489622071385384,
            0.0,
            0.0,
            0.0,
            1.0,
            0.0,
            0.0,
            0.0
        ],
        "max": [
            -0.15255507826805115,
            6.002415180206299,
            0.2153846174478531,
            0.2605589032173157,
            7.849311828613281,
            -0.3369963467121124,
            -0.6460036039352417,
            16.160348892211914,
            1.216117262840271,
            0.08483558893203735,
            18.930692672729492,
            0.07326007634401321,
            -0.03296900540590286,
            3.497910737991333,
            0.09670329838991165,
            -0.14286570250988007,
            6.995821475982666,
            0.18803419172763824,
            9.097718238830566,
            89.11277770996094,
            0.7487179636955261,
            -0.3049452006816864,
            10.619657516479492,
            0.6398046612739563,
            0.33786529302597046,
            16.160348892211914,
            -0.3956044018268585,
            0.5020154118537903,
            20.777589797973633,
            -0.8058608174324036,
            0.6264111399650574,
            4.897075176239014,
            -0.3518925607204437,
            -0.03296900540590286,
            6.296239376068115,
            0.09133089333772659,
            0.0,
            0.0,
            0.0,
            1.0,
            0.0,
            0.0,
            0.0
        ],
        "mean": [
            -0.15673136711120605,
            -0.6464138627052307,
            0.13852989673614502,
            0.24297510087490082,
            -0.30935531854629517,
            -0.5074478983879089,
            -0.6679836511611938,
            -0.5263656377792358,
            1.0627107620239258,
            0.08351698517799377,
            -0.3878483474254608,
            -0.03267403692007065,
            -0.04467301815748215,
            -0.13641853630542755,
            0.02859465405344963,
            -0.15709757804870605,
            0.863983690738678,
            0.1340550184249878,
            0.04212073236703873,
            -3.6522376537323,
            0.11005132645368576,
            -0.326814740896225,
            -0.30012089014053345,
            0.44932830333709717,
            0.266981840133667,
            -1.0065592527389526,
            -0.5556036233901978,
            0.49673962593078613,
            -0.23086214065551758,
            -0.9296698570251465,
            0.6164119839668274,
            0.0664602741599083,
            -0.38889506459236145,
            -0.034727346152067184,
            0.6750968098640442,
            0.05669231340289116,
            0.0,
            0.0,
            0.0,
            1.0,
            0.0,
            0.0,
            0.0
        ],