{
    "action": {
        "min": [
            0.0,
            0.0,
            0.0,
            0.0,
            -5.0,
            0.0,
            0.0,
            0.0,
            0.0,
            0.0,
            0.0,
            0.0
        ],
        "max": [
            0.0,
            0.0,
            0.0,
            0.0,
            5.0,
            0.0,
            0.0,
            0.0,
            0.0,
            0.0,
            0.0,
            0.0
        ],
        "mean": [
            0.0,
            0.0,
            0.0,
            0.0,
            -0.02500000037252903,
            0.0,
            0.0,
            0.0,
            0.0,
            0.0,
            0.0,
            0.0
        ],
        "std": [
            0.0,
            0.0,
            0.0,
            0.0,
            4.077300071716309,
            0.0,
            0.0,
            0.0,
            0.0,
            0.0,
            0.0,
            0.0
        ],
        "count": [
            200
        ],
        "q01": [
            3.9995784462121265e-16,
            3.9995784462121265e-16,
            3.9995784462121265e-16,
            3.9995784462121265e-16,
            -5.0,
            3.9995784462121265e-16,
            3.9995784462121265e-16,
            3.9995784462121265e-16,
            3.9995784462121265e-16,
            3.9995784462121265e-16,
            3.9995784462121265e-16,
            3.9995784462121265e-16
        ],
        "q10": [
            3.999578446212126e-15,
            3.999578446212126e-15,
            3.999578446212126e-15,
            3.999578446212126e-15,
            -5.0,
            3.999578446212126e-15,
            3.999578446212126e-15,
            3.999578446212126e-15,
            3.999578446212126e-15,
            3.999578446212126e-15,
            3.999578446212126e-15,
            3.999578446212126e-15
        ],
        "q50": [
            1.9997892231060632e-14,
            1.9997892231060632e-14,
            1.9997892231060632e-14,
            1.9997892231060632e-14,
            0.0009852380894902926,
            1.9997892231060632e-14,
            1.9997892231060632e-14,
            1.9997892231060632e-14,
            1.9997892231060632e-14,
            1.9997892231060632e-14,
            1.9997892231060632e-14,
            1.9997892231060632e-14
        ],
        "q90": [
            3.599620601590914e-14,
            3.599620601590914e-14,
            3.599620601590914e-14,
            3.599620601590914e-14,
            4.999393983320757,
            3.599620601590914e-14,
            3.599620601590914e-14,
            3.599620601590914e-14,
            3.599620601590914e-14,
            3.599620601590914e-14,
            3.599620601590914e-14,
            3.599620601590914e-14
        ],
        "q99": [
            3.959582661750005e-14,
            3.959582661750005e-14,
            3.959582661750005e-14,
            3.959582661750005e-14,
            4.999939398332075,
            3.959582661750005e-14,
            3.959582661750005e-14,
            3.959582661750005e-14,
            3.959582661750005e-14,
            3.959582661750005e-14,
            3.959582661750005e-14,
            3.959582661750005e-14
        ]
    },
    "observation.state": {
        "min": [
            -0.174534410238266,
            -7.849311828613281,
            0.07863248139619827,
            0.23857957124710083,
            -8.772760391235352,
            -0.7081807255744934,
            -0.6899623274803162,
            -17.083797454833984,
            0.8644688725471497,
            0.12879426777362823,
            -20.777589797973633,
            -0.27838829159736633,
            -4.890402793884277,
            -118.92897033691406,
            -0.4029304087162018,
            -0.23078304529190063,
            -17.489553451538086,
            -0.16923077404499054,
            -0.02370723895728588,
            -5.0789666175842285,
            -0.10598290711641312,
            -0.3489038646221161,
            -7.849311828613281,
            0.2588522732257843,
            0.2499479353427887,
            -15.236899375915527,
            -0.6300366520881653,
            0.5020154118537903,
            -18.930692672729492,
            -1.0402930974960327,
            0.6593801379203796,
            -5.5966572761535645,
            -0.4593406617641449,
            0.0,
            -3.497910737991333,
            -0.010744811035692692,
            0.0,
            0.0,
            0.0,
            1.0,
            0.0,
            0.0,
            0.0
        ],
        "max": [
            -0.15255507826805115,
            8.772760391235352,
            0.2153846174478531,
            0.2605589032173157,
            9.696208953857422,
            -0.3174603283405304,
            -0.6460036039352417,
            18.007244110107422,
            1.216117262840271,
            0.15077359974384308,
            15.236899375915527,
            -0.014652014710009098,
            4.725557804107666,
            190.28634643554688,
            0.7010989189147949,
            0.2088037133216858,
            13.292060852050781,
            0.2390720397233963,
            -0.0017279012827202678,
            6.002415180206299,
            0.03760683909058571,
            -0.3049452006816864,
            10.619657516479492,
            0.6788766980171204,
            0.27192726731300354,
            17.083797454833984,
            -0.4542124569416046,
            0.5239947438240051,
            18.930692672729492,
            -0.8644688725471497,
            0.6813594698905945,
            4.197493076324463,
            -0.3841269910335541,
            0.03296900540590286,
            5.5966572761535645,
            0.06178266182541847,
            0.0,
            0.0,
            0.0,
            1.0,
            0.0,
            0.0,
            0.0
        ],
        "mean": [
            -0.16991861164569855,
            -0.6048587560653687,
            0.14858117699623108,
            0.25319579243659973,
            0.28626909852027893,
            -0.5270816683769226,
            -0.6722694635391235,
            -1.3759379386901855,
            1.0697444677352905,
            0.1365969181060791,
            -0.1939242035150528,
            -0.135091632604599,
            -0.26501479744911194,
            2.46952486038208,
            0.05830402672290802,
            -0.06775140017271042,
            0.6576071977615356,
            0.07818195223808289,
            -0.001837797462940216,
            -0.4986622631549835,
            -0.050803445279598236,
            -0.32549557089805603,
            -0.2631828784942627,
            0.4486933946609497,
            0.25884923338890076,
            -0.42478618025779724,
            -0.5471054315567017,
            0.50289386510849,
            -0.19392423331737518,
            -0.9493035078048706,
            0.6711944341659546,
            -0.09794149547815323,
            -0.4230366051197052,
            0.021155109629034996,
            0.7975237369537354,
            0.020616624504327774,
            0.0,
            0.0,
            0.0,
            1.0,
            0.0,
            0.0,
            0.0
        ],