{
    "action": {
        "min": [
            0.0,
            0.0,
            0.0,
            0.0,
            0.0,
            0.0,
            0.0,
            0.0,
            0.0,
            -9.999210357666016,
            0.0,
            0.0
        ],
        "max": [
            0.0,
            0.0,
            0.0,
            0.0,
            0.0,
            0.0,
            0.0,
            0.0,
            0.0,
            9.999210357666016,
            0.0,
            0.0
        ],
        "mean": [
            0.0,
            0.0,
            0.0,
            0.0,
            0.0,
            0.0,
            0.0,
            0.0,
            0.0,
            0.4336545169353485,
            0.0,
            0.0
        ],
        "std": [
            0.0,
            0.0,
            0.0,
            0.0,
            0.0,
            0.0,
            0.0,
            0.0,
            0.0,
            7.092873573303223,
            0.0,
            0.0
        ],
        "count": [
            200
        ],
        "q01": [
            3.9995784462121265e-16,
            3.9995784462121265e-16,
            3.9995784462121265e-16,
            3.9995784462121265e-16,
            3.9995784462121265e-16,
            3.9995784462121265e-16,
            3.9995784462121265e-16,
            3.9995784462121265e-16,
            3.9995784462121265e-16,
            -9.9912109375,
            3.9995784462121265e-16,
            3.9995784462121265e-16
        ],
        "q10": [
            3.999578446212126e-15,
            3.999578446212126e-15,
            3.999578446212126e-15,
            3.999578446212126e-15,
            3.999578446212126e-15,
            3.999578446212126e-15,
            3.999578446212126e-15,
            3.999578446212126e-15,
            3.999578446212126e-15,
            -9.507248878479004,
            3.999578446212126e-15,
            3.999578446212126e-15
        ],
        "q50": [
            1.9997892231060632e-14,
            1.9997892231060632e-14,
            1.9997892231060632e-14,
            1.9997892231060632e-14,
            1.9997892231060632e-14,
            1.9997892231060632e-14,
            1.9997892231060632e-14,
            1.9997892231060632e-14,
            1.9997892231060632e-14,
            1.0019207000732422,
            1.9997892231060632e-14,
            1.9997892231060632e-14
        ],
        "q90": [
            3.599620601590914e-14,
            3.599620601590914e-14,
            3.599620601590914e-14,
            3.599620601590914e-14,
            3.599620601590914e-14,
            3.599620601590914e-14,
            3.599620601590914e-14,
            3.599620601590914e-14,
            3.599620601590914e-14,
            9.587242126464844,
            3.599620601590914e-14,
            3.599620601590914e-14
        ],
        "q99": [
            3.959582661750005e-14,
            3.959582661750005e-14,
            3.959582661750005e-14,
            3.959582661750005e-14,
            3.959582661750005e-14,
            3.959582661750005e-14,
            3.959582661750005e-14,
            3.959582661750005e-14,
            3.959582661750005e-14,
            9.995210647583008,
            3.959582661750005e-14,
            3.959582661750005e-14
        ]
    },
    "observation.state": {
        "min": [
            -0.3283897936344147,
            -7.849311828613281,
            -0.24957264959812164,
            0.1726415604352951,
            -7.849311828613281,
            -0.9816849827766418,
            -0.9756937026977539,
            -42.94035339355469,
            0.04395604506134987,
            -0.0030817596707493067,
            -14.313450813293457,
            -0.27838829159736633,
            -0.1098966896533966,
            -5.5966572761535645,
            0.04029304161667824,
            -0.03296900540590286,
            -4.897075176239014,
            0.024175824597477913,
            -0.2654799520969391,
            -14.313450813293457,
            -0.6051282286643982,
            -0.39286255836486816,
            -13.390002250671387,
            -0.16117216646671295,
            -0.40943220257759094,
            -66.95001220703125,
            -4.527472496032715,
            -7.652318954467773,
            -270.1086730957031,
            -3.2087912559509277,
            0.6044318079948425,
            -5.5966572761535645,
            -0.46471306681632996,
            0.03296900540590286,
            -4.897075176239014,
            -0.04297924414277077,
            0.0,
            0.0,
            0.0,
            1.0,
            0.0,
            0.0,
            0.0
        ],
        "max": [
            0.0013002868508920074,
            6.925863265991211,
            0.45470085740089417,
            0.3264969289302826,
            7.849311828613281,
            -0.16117216646671295,
            0.013376504182815552,
            37.399662017822266,
            1.6849817037582397,
            0.17275294661521912,
            22.624486923217773,
            0.1318681389093399,
            -0.08791735023260117,
            3.497910737991333,
            0.1101343110203743,
            -0.010989668779075146,
            6.296239376068115,
            0.09401709586381912,
            0.28400349617004395,
            7.849311828613281,
            0.680341899394989,
            -0.1510898321866989,
            11.543106079101562,
            0.8058608174324036,
            1.854439616203308,
            42.94035339355469,
            2.4175825119018555,
            8.150824546813965,
            273.8024597167969,
            2.153846263885498,
            0.7143284678459167,
            6.296239376068115,
            -0.36263737082481384,
            0.1098966896533966,
            6.296239376068115,
            0.03223443403840065,
            0.0,
            0.0,
            0.0,
            1.0,
            0.0,
            0.0,
            0.0
        ],
        "mean": [
            -0.17035837471485138,
            -0.6002415418624878,
            0.15381202101707458,
            0.2480306476354599,
            -0.6325619220733643,
            -0.5181440114974976,
            -0.6030336618423462,
            -1.4267276525497437,
            0.954139232635498,
            0.08011020720005035,
            0.4109346866607666,
            -0.036923106759786606,
            -0.0994018167257309,
            -0.1678996980190277,
            0.06418682634830475,
            -0.022363971918821335,
            0.6995824575424194,
            0.05021858587861061,
            0.01849307492375374,
            -0.6741174459457397,
            -0.07511110603809357,
            -0.2896697521209717,
            -0.5448347926139832,
            0.39145293831825256,
            0.5486471652984619,
            0.914214015007019,
            -1.0449811220169067,
            0.4543199837207794,
            4.492574691772461,
            -0.5583882927894592,
            0.6644905805587769,
            0.17489555478096008,
            -0.4187387228012085,
            0.06236641854047775,
            1.0004023313522339,
            -0.005251526366919279,
            0.0,
            0.0,
            0.0,
            1.0,
            0.0,
            0.0,
            0.0
        ],