{
    "action": {
        "min": [
            0.0,
            0.0,
            0.0,
            0.0,
            0.0,
            0.0,
            0.0,
            0.0,
            0.0,
            -9.999802589416504,
            0.0,
            0.0
        ],
        "max": [
            0.0,
            0.0,
            0.0,
            0.0,
            0.0,
            0.0,
            0.0,
            0.0,
            0.0,
            9.999210357666016,
            0.0,
            0.0
        ],
        "mean": [
            0.0,
            0.0,
            0.0,
            0.0,
            0.0,
            0.0,
            0.0,
            0.0,
            0.0,
            2.041501998901367,
            0.0,
            0.0
        ],
        "std": [
            0.0,
            0.0,
            0.0,
            0.0,
            0.0,
            0.0,
            0.0,
            0.0,
            0.0,
            6.960394859313965,
            0.0,
            0.0
        ],
        "count": [
            200
        ],
        "q01": [
            3.9995784462121265e-16,
            3.9995784462121265e-16,
            3.9995784462121265e-16,
            3.9995784462121265e-16,
            3.9995784462121265e-16,
            3.9995784462121265e-16,
            3.9995784462121265e-16,
            3.9995784462121265e-16,
            3.9995784462121265e-16,
            -9.991803169250488,
            3.9995784462121265e-16,
            3.9995784462121265e-16
        ],
        "q10": [
            3.999578446212126e-15,
            3.999578446212126e-15,
            3.999578446212126e-15,
            3.999578446212126e-15,
            3.999578446212126e-15,
            3.999578446212126e-15,
            3.999578446212126e-15,
            3.999578446212126e-15,
            3.999578446212126e-15,
            -9.07184886932373,
            3.999578446212126e-15,
            3.999578446212126e-15
        ],
        "q50": [
            1.9997892231060632e-14,
            1.9997892231060632e-14,
            1.9997892231060632e-14,
            1.9997892231060632e-14,
            1.9997892231060632e-14,
            1.9997892231060632e-14,
            1.9997892231060632e-14,
            1.9997892231060632e-14,
            1.9997892231060632e-14,
            3.9155092239379883,
            1.9997892231060632e-14,
            1.9997892231060632e-14
        ],
        "q90": [
            3.599620601590914e-14,
            3.599620601590914e-14,
            3.599620601590914e-14,
            3.599620601590914e-14,
            3.599620601590914e-14,
            3.599620601590914e-14,
            3.599620601590914e-14,
            3.599620601590914e-14,
            3.599620601590914e-14,
            9.731221199035645,
            3.599620601590914e-14,
            3.599620601590914e-14
        ],
        "q99": [
            3.959582661750005e-14,
            3.959582661750005e-14,
            3.959582661750005e-14,
            3.959582661750005e-14,
            3.959582661750005e-14,
            3.959582661750005e-14,
            3.959582661750005e-14,
            3.959582661750005e-14,
            3.959582661750005e-14,
            9.996543248494467,
            3.959582661750005e-14,
            3.959582661750005e-14
        ]
    },
    "observation.state": {
        "min": [
            -0.174534410238266,
            -7.849311828613281,
            0.023931624367833138,
            0.23857957124710083,
            -9.696208953857422,
            -0.6886447072029114,
            -0.6899623274803162,
            -21.701038360595703,
            0.8351648449897766,
            0.1068149283528328,
            -16.160348892211914,
            -0.190476194024086,
            -0.13187602162361145,
            -6.296239376068115,
            0.05909645929932594,
            0.0549483448266983,
            -4.897075176239014,
            -0.026862027123570442,
            -0.08964525163173676,
            -5.0789666175842285,
            -0.14700855314731598,
            -0.32692453265190125,
            -12.466554641723633,
            0.22954823076725006,
            0.052133895456790924,
            -21.701038360595703,
            -1.0402930974960327,
            -9.520562171936035,
            -86.3424301147461,
            -2.2710623741149902,
            0.505524754524231,
            -4.897075176239014,
            -0.3680097758769989,
            0.08791735023260117,
            -4.897075176239014,
            -0.09401709586381912,
            0.0,
            0.0,
            0.0,
            1.0,
            0.0,
            0.0,
            0.0
        ],
        "max": [
            -0.1305757462978363,
            6.002415180206299,
            0.18803419172763824,
            0.2605589032173157,
            10.619657516479492,
            -0.3272283375263214,
            -0.6460036039352417,
            19.854141235351562,
            1.216117262840271,
            0.12879426777362823,
            20.777589797973633,
            0.014652014710009098,
            -0.1098966896533966,
            5.5966572761535645,
            0.09938950091600418,
            0.07692768424749374,
            6.296239376068115,
            0.013431013561785221,
            0.04223077371716499,
            7.849311828613281,
            0.1538461595773697,
            -0.28296586871147156,
            13.390002250671387,
            0.6007326245307922,
            0.5576586723327637,
            17.083797454833984,
            -0.2490842491388321,
            9.513544082641602,
            83.57208251953125,
            1.0989011526107788,
            0.5494834184646606,
            6.995821475982666,
            -0.27936509251594543,
            0.12088635563850403,
            6.296239376068115,
            0.008058608509600163,
            0.0,
            0.0,
            0.0,
            1.0,
            0.0,
            0.0,
            0.0
        ],
        "mean": [
            -0.15299488604068756,
            -0.3370586037635803,
            0.1321709156036377,
            0.24484339356422424,
            -0.7064381241798401,
            -0.5121855735778809,
            -0.6689727306365967,
            -1.4821345806121826,
            1.0688648223876953,
            0.11000215262174606,
            1.3112971782684326,
            -0.08835166692733765,
            -0.11962255835533142,
            -0.23785795271396637,
            0.07608673721551895,
            0.06456431746482849,
            0.6646031737327576,
            -0.006487186066806316,
            -0.02546558901667595,
            -0.35091036558151245,
            -0.026393186300992966,
            -0.3036271333694458,
            -0.5910069942474365,
            0.4089866280555725,
            0.27489423751831055,
            -0.8264861106872559,
            -0.567618191242218,
            1.8769328594207764,
            6.468756198883057,
            -0.327472448348999,
            0.5257453322410583,
            0.314812034368515,
            -0.33480820059776306,
            0.11011669784784317,
            0.4827117621898651,
            -0.03255680203437805,
            0.0,
            0.0,
            0.0,
            1.0,
            0.0,
            0.0,
            0.0
        ],