{
    "action": {
        "min": [
            0.0,
            0.0,
            0.0,
            0.0,
            0.0,
            0.0,
            0.0,
            0.0,
            0.0,
            0.0,
            -10.0,
            0.0
        ],
        "max": [
            0.0,
            0.0,
            0.0,
            0.0,
            0.0,
            0.0,
            0.0,
            0.0,
            0.0,
            0.0,
            10.0,
            0.0
        ],
        "mean": [
            0.0,
            0.0,
            0.0,
            0.0,
            0.0,
            0.0,
            0.0,
            0.0,
            0.0,
            0.0,
            -1.633167272530045e-07,
            0.0
        ],
        "std": [
            0.0,
            0.0,
            0.0,
            0.0,
            0.0,
            0.0,
            0.0,
            0.0,
            0.0,
            0.0,
            7.071068286895752,
            0.0
        ],
        "count": [
            200
        ],
        "q01": [
            3.9995784462121265e-16,
            3.9995784462121265e-16,
            3.9995784462121265e-16,
            3.9995784462121265e-16,
            3.9995784462121265e-16,
            3.9995784462121265e-16,
            3.9995784462121265e-16,
            3.9995784462121265e-16,
            3.9995784462121265e-16,
            3.9995784462121265e-16,
            -10.0,
            3.9995784462121265e-16
        ],
        "q10": [
            3.999578446212126e-15,
            3.999578446212126e-15,
            3.999578446212126e-15,
            3.999578446212126e-15,
            3.999578446212126e-15,
            3.999578446212126e-15,
            3.999578446212126e-15,
            3.999578446212126e-15,
            3.999578446212126e-15,
            3.999578446212126e-15,
            -9.510000228881836,
            3.999578446212126e-15
        ],
        "q50": [
            1.9997892231060632e-14,
            1.9997892231060632e-14,
            1.9997892231060632e-14,
            1.9997892231060632e-14,
            1.9997892231060632e-14,
            1.9997892231060632e-14,
            1.9997892231060632e-14,
            1.9997892231060632e-14,
            1.9997892231060632e-14,
            1.9997892231060632e-14,
            0.0013335545857747395,
            1.9997892231060632e-14
        ],
        "q90": [
            3.599620601590914e-14,
            3.599620601590914e-14,
            3.599620601590914e-14,
            3.599620601590914e-14,
            3.599620601590914e-14,
            3.599620601590914e-14,
            3.599620601590914e-14,
            3.599620601590914e-14,
            3.599620601590914e-14,
            3.599620601590914e-14,
            9.510001182556152,
            3.599620601590914e-14
        ],
        "q99": [
            3.959582661750005e-14,
            3.959582661750005e-14,
            3.959582661750005e-14,
            3.959582661750005e-14,
            3.959582661750005e-14,
            3.959582661750005e-14,
            3.959582661750005e-14,
            3.959582661750005e-14,
            3.959582661750005e-14,
            3.959582661750005e-14,
            9.984001159667969,
            3.959582661750005e-14
        ]
    },
    "observation.state": {
        "min": [
            -0.174534410238266,
            -6.925863265991211,
            0.0923076942563057,
            0.23857957124710083,
            -9.696208953857422,
            -0.7277167439460754,
            -0.6679829359054565,
            -19.854141235351562,
            0.8937729001045227,
            0.06285625696182251,
            -18.007244110107422,
            -0.1318681389093399,
            -0.09890701621770859,
            -4.897075176239014,
            0.018803419545292854,
            -0.12088635563850403,
            -4.197493076324463,
            0.0644688680768013,
            0.020251436159014702,
            -6.925863265991211,
            -0.18119658529758453,
            -0.32692453265190125,
            -7.849311828613281,
            0.22954823076725006,
            0.22796858847141266,
            -16.160348892211914,
            -0.6300366520881653,
            0.5020154118537903,
            -17.083797454833984,
            -1.0989011526107788,
            -9.253301620483398,
            -181.891357421875,
            -0.5855922102928162,
            -0.08791735023260117,
            -6.296239376068115,
            -0.083272285759449,
            0.0,
            0.0,
            0.0,
            1.0,
            0.0,
            0.0,
            0.0
        ],
        "max": [
            -0.15255507826805115,
            6.002415180206299,
            0.2153846174478531,
            0.2605589032173157,
            10.619657516479492,
            -0.28815630078315735,
            -0.6460036039352417,
            16.160348892211914,
            1.245421290397644,
            0.08483558893203735,
            18.007244110107422,
            0.10256410390138626,
            -0.07692768424749374,
            4.197493076324463,
            0.10476190596818924,
            -0.09890701621770859,
            4.897075176239014,
            0.15311355888843536,
            0.04223077371716499,
            6.002415180206299,
            -0.023931624367833138,
            -0.3049452006816864,
            7.849311828613281,
            0.6300366520881653,
            0.27192726731300354,
            13.390002250671387,
            -0.4542124569416046,
            0.5239947438240051,
            15.236899375915527,
            -0.8937729001045227,
            9.00053882598877,
            179.79261779785156,
            0.4297924339771271,
            0.2088037133216858,
            8.394986152648926,
            0.07521367818117142,
            0.0,
            0.0,
            0.0,
            1.0,
            0.0,
            0.0,
            0.0
        ],
        "mean": [
            -0.16849000751972198,
            -0.1846897006034851,
            0.15107691287994385,
            0.2485799789428711,
            -0.42478641867637634,
            -0.5226861238479614,
            -0.6654559373855591,
            -0.8403384685516357,
            1.0512821674346924,
            0.06846112757921219,
            0.9696208834648132,
            -0.019633699208498,
            -0.08088409155607224,
            -0.05946448817849159,
            0.055376097559928894,
            -0.10912762582302094,
            0.6261261105537415,
            0.10576922446489334,
            0.03091137669980526,
            -0.5402174592018127,
            -0.10246158391237259,
            -0.3131875991821289,
            -0.2631828784942627,
            0.428864449262619,
            0.26390448212623596,
            -0.8357210755348206,
            -0.5512079000473022,
            0.5202578902244568,
            -0.6695001721382141,
            -0.9775820374488831,
            0.28952303528785706,
            -4.152019500732422,
            -0.09127716720104218,
            0.05819036066532135,
            0.9129550457000732,
            -0.003626373363658786,
            0.0,
            0.0,
            0.0,
            1.0,
            0.0,
            0.0,
            0.0
        ],