{
    "action": {
        "min": [
            0.0,
            0.0,
            0.0,
            0.0,
            0.0,
            0.0,
            0.0,
            -9.999210357666016,
            0.0,
            0.0,
            0.0,
            0.0
        ],
        "max": [
            0.0,
            0.0,
            0.0,
            0.0,
            0.0,
            0.0,
            0.0,
            9.999210357666016,
            0.0,
            0.0,
            0.0,
            0.0
        ],
        "mean": [
            0.0,
            0.0,
            0.0,
            0.0,
            0.0,
            0.0,
            0.0,
            1.8137778043746948,
            0.0,
            0.0,
            0.0,
            0.0
        ],
        "std": [
            0.0,
            0.0,
            0.0,
            0.0,
            0.0,
            0.0,
            0.0,
            6.652874946594238,
            0.0,
            0.0,
            0.0,
            0.0
        ],
        "count": [
            200
        ],
        "q01": [
            3.9995784462121265e-16,
            3.9995784462121265e-16,
            3.9995784462121265e-16,
            3.9995784462121265e-16,
            3.9995784462121265e-16,
            3.9995784462121265e-16,
            3.9995784462121265e-16,
            -9.9912109375,
            3.9995784462121265e-16,
            3.9995784462121265e-16,
            3.9995784462121265e-16,
            3.9995784462121265e-16
        ],
        "q10": [
            3.999578446212126e-15,
            3.999578446212126e-15,
            3.999578446212126e-15,
            3.999578446212126e-15,
            3.999578446212126e-15,
            3.999578446212126e-15,
            3.999578446212126e-15,
            -8.819303512573242,
            3.999578446212126e-15,
            3.999578446212126e-15,
            3.999578446212126e-15,
            3.999578446212126e-15
        ],
        "q50": [
            1.9997892231060632e-14,
            1.9997892231060632e-14,
            1.9997892231060632e-14,
            1.9997892231060632e-14,
            1.9997892231060632e-14,
            1.9997892231060632e-14,
            1.9997892231060632e-14,
            2.97176456451416,
            1.9997892231060632e-14,
            1.9997892231060632e-14,
            1.9997892231060632e-14,
            1.9997892231060632e-14
        ],
        "q90": [
            3.599620601590914e-14,
            3.599620601590914e-14,
            3.599620601590914e-14,
            3.599620601590914e-14,
            3.599620601590914e-14,
            3.599620601590914e-14,
            3.599620601590914e-14,
            9.655237197875977,
            3.599620601590914e-14,
            3.599620601590914e-14,
            3.599620601590914e-14,
            3.599620601590914e-14
        ],
        "q99": [
            3.959582661750005e-14,
            3.959582661750005e-14,
            3.959582661750005e-14,
            3.959582661750005e-14,
            3.959582661750005e-14,
            3.959582661750005e-14,
            3.959582661750005e-14,
            9.995210647583008,
            3.959582661750005e-14,
            3.959582661750005e-14,
            3.959582661750005e-14,
            3.959582661750005e-14
        ]
    },
    "observation.state": {
        "min": [
            -0.174534410238266,
            -6.002415180206299,
            0.05811965838074684,
            0.23857957124710083,
            -7.849311828613281,
            -0.6300366520881653,
            -0.6679829359054565,
            -17.083797454833984,
            0.8351648449897766,
            0.06285625696182251,
            -16.160348892211914,
            -0.1318681389093399,
            -0.06593801081180573,
            -3.497910737991333,
            0.016117217019200325,
            -0.14286570250988007,
            -4.197493076324463,
            0.08864469081163406,
            -0.1116245910525322,
            -6.002415180206299,
            -0.07179487496614456,
            -9.821998596191406,
            -44.78725051879883,
            -0.3369963467121124,
            0.2499479353427887,
            -21.701038360595703,
            -0.6593406796455383,
            0.48003605008125305,
            -19.854141235351562,
            -1.0402930974960327,
            0.5604730844497681,
            -4.197493076324463,
            -0.3948718011379242,
            0.08791735023260117,
            -3.497910737991333,
            -0.0644688680768013,
            0.0,
            0.0,
            0.0,
            1.0,
            0.0,
            0.0,
            0.0
        ],
        "max": [
            -0.1305757462978363,
            6.925863265991211,
            0.20170940458774567,
            0.2605589032173157,
            9.696208953857422,
            -0.3369963467121124,
            -0.6460036039352417,
            17.083797454833984,
            1.186813235282898,
            0.08483558893203735,
            17.083797454833984,
            0.07326007634401321,
            -0.0549483448266983,
            4.197493076324463,
            0.07252747565507889,
            -0.12088635563850403,
            5.5966572761535645,
            0.17191697657108307,
            -0.04568657651543617,
            4.155518054962158,
            0.13333334028720856,
            9.453880310058594,
            42.94035339355469,
            0.7863247990608215,
            0.2939065992832184,
            18.007244110107422,
            -0.4542124569416046,
            0.5020154118537903,
            15.236899375915527,
            -0.8351648449897766,
            0.5934421420097351,
            5.5966572761535645,
            -0.3223443329334259,
            0.12088635563850403,
            5.5966572761535645,
            -0.002686202758923173,
            0.0,
            0.0,
            0.0,
            1.0,
            0.0,
            0.0,
            0.0
        ],
        "mean": [
            -0.1585996001958847,
            -0.6833521127700806,
            0.13695722818374634,
            0.23879890143871307,
            -0.30935513973236084,
            -0.5028571486473083,
            -0.6677638292312622,
            0.22624488174915314,
            1.0584620237350464,
            0.0819784477353096,
            0.8588072061538696,
            -0.031648412346839905,
            -0.058575019240379333,
            0.09794150292873383,
            0.039111122488975525,
            -0.1286889761686325,
            0.9584272503852844,
            0.11875704675912857,
            -0.06195136904716492,
            -0.5771551728248596,
            0.02529917284846306,
            1.7857295274734497,
            -1.3436180353164673,
            0.16644690930843353,
            0.27346551418304443,
            -0.7756966948509216,
            -0.5665925145149231,
            0.49739909172058105,
            -0.23547939956188202,
            -0.9356774091720581,
            0.5742105841636658,
            0.05596663057804108,
            -0.3639940023422241,
            0.10209423303604126,
            0.7695401906967163,
            -0.030125778168439865,
            0.0,
            0.0,
            0.0,
            1.0,
            0.0,
            0.0,
            0.0
        ],