{
    "action": {
        "min": [
            0.0,
            -9.999210357666016,
            0.0,
            0.0,
            0.0,
            0.0,
            0.0,
            0.0,
            0.0,
            0.0,
            0.0,
            0.0
        ],
        "max": [
            0.0,
            9.999210357666016,
            0.0,
            0.0,
            0.0,
            0.0,
            0.0,
            0.0,
            0.0,
            0.0,
            0.0,
            0.0
        ],
        "mean": [
            0.0,
            0.31960082054138184,
            0.0,
            0.0,
            0.0,
            0.0,
            0.0,
            0.0,
            0.0,
            0.0,
            0.0,
            0.0
        ],
        "std": [
            0.0,
            6.9959516525268555,
            0.0,
            0.0,
            0.0,
            0.0,
            0.0,
            0.0,
            0.0,
            0.0,
            0.0,
            0.0
        ],
        "count": [
            200
        ],
        "q01": [
            3.9995784462121265e-16,
            -9.999210357666016,
            3.9995784462121265e-16,
            3.9995784462121265e-16,
            3.9995784462121265e-16,
            3.9995784462121265e-16,
            3.9995784462121265e-16,
            3.9995784462121265e-16,
            3.9995784462121265e-16,
            3.9995784462121265e-16,
            3.9995784462121265e-16,
            3.9995784462121265e-16
        ],
        "q10": [
            3.999578446212126e-15,
            -9.507248878479004,
            3.999578446212126e-15,
            3.999578446212126e-15,
            3.999578446212126e-15,
            3.999578446212126e-15,
            3.999578446212126e-15,
            3.999578446212126e-15,
            3.999578446212126e-15,
            3.999578446212126e-15,
            3.999578446212126e-15,
            3.999578446212126e-15
        ],
        "q50": [
            1.9997892231060632e-14,
            0.7559394836425781,
            1.9997892231060632e-14,
            1.9997892231060632e-14,
            1.9997892231060632e-14,
            1.9997892231060632e-14,
            1.9997892231060632e-14,
            1.9997892231060632e-14,
            1.9997892231060632e-14,
            1.9997892231060632e-14,
            1.9997892231060632e-14,
            1.9997892231060632e-14
        ],
        "q90": [
            3.599620601590914e-14,
            9.429255485534668,
            3.599620601590914e-14,
            3.599620601590914e-14,
            3.599620601590914e-14,
            3.599620601590914e-14,
            3.599620601590914e-14,
            3.599620601590914e-14,
            3.599620601590914e-14,
            3.599620601590914e-14,
            3.599620601590914e-14,
            3.599620601590914e-14
        ],
        "q99": [
            3.959582661750005e-14,
            9.993210792541504,
            3.959582661750005e-14,
            3.959582661750005e-14,
            3.959582661750005e-14,
            3.959582661750005e-14,
            3.959582661750005e-14,
            3.959582661750005e-14,
            3.959582661750005e-14,
            3.959582661750005e-14,
            3.959582661750005e-14,
            3.959582661750005e-14
        ]
    },
    "observation.state": {
        "min": [
            -0.19651375710964203,
            -7.849311828613281,
            -0.003418803447857499,
            -9.014721870422363,
            -74.33760070800781,
            -0.7960928082466125,
            -0.7778796553611755,
            -18.930692672729492,
            0.8351648449897766,
            0.06285625696182251,
            -18.007244110107422,
            -0.1318681389093399,
            -0.06593801081180573,
            -5.5966572761535645,
            -0.0,
            -0.14286570250988007,
            -2.7983286380767822,
            0.06715507060289383,
            -0.0017279012827202678,
            -6.002415180206299,
            -0.18119658529758453,
            -0.3489038646221161,
            -9.696208953857422,
            0.2686202824115753,
            0.2499479353427887,
            -15.236899375915527,
            -0.6593406796455383,
            0.48003605008125305,
            -24.471384048461914,
            -1.0402930974960327,
            0.6483904719352722,
            -4.897075176239014,
            -0.45665445923805237,
            -0.03296900540590286,
            -4.897075176239014,
            0.0,
            0.0,
            0.0,
            0.0,
            1.0,
            0.0,
            0.0,
            0.0
        ],
        "max": [
            -0.08661706745624542,
            7.849311828613281,
            0.24957264959812164,
            8.964376449584961,
            72.49070739746094,
            0.8449328541755676,
            -0.5361069440841675,
            18.930692672729492,
            1.245421290397644,
            0.08483558893203735,
            19.854141235351562,
            0.10256410390138626,
            -0.03296900540590286,
            4.197493076324463,
            0.08595848828554153,
            -0.1098966896533966,
            5.5966572761535645,
            0.16385836899280548,
            0.04223077371716499,
            5.0789666175842285,
            -0.010256410576403141,
            -0.3049452006816864,
            6.002415180206299,
            0.5616605877876282,
            0.2939065992832184,
            17.083797454833984,
            -0.48351648449897766,
            0.5020154118537903,
            17.083797454833984,
            -0.8351648449897766,
            0.6703698039054871,
            7.695404052734375,
            -0.37069597840309143,
            -0.010989668779075146,
            6.296239376068115,
            0.09401709586381912,
            0.0,
            0.0,
            0.0,
            1.0,
            0.0,
            0.0,
            0.0
        ],
        "mean": [
            -0.15079674124717712,
            -0.3462930917739868,
            0.1257093846797943,
            0.10670321434736252,
            0.5817734003067017,
            -0.1130647212266922,
            -0.6708406805992126,
            -0.4432552456855774,
            1.0729676485061646,
            0.06626319140195847,
            -0.09234487265348434,
            -0.020512821152806282,
            -0.04461805894970894,
            -0.1853892207145691,
            0.02886326238512993,
            -0.12286446243524551,
            1.003900408744812,
            0.11589620262384415,
            0.022339481860399246,
            -0.6233277916908264,
            -0.09210257232189178,
            -0.31428661942481995,
            -0.5402173399925232,
            0.4385344982147217,
            0.2691795527935028,
            -0.530983030796051,
            -0.558973491191864,
            0.5017948746681213,
            -0.5309827923774719,
            -0.9449078440666199,
            0.6541052460670471,
            -0.013991627842187881,
            -0.41417205333709717,
            -0.01890222728252411,
            0.6506113409996033,
            0.04532969370484352,
            0.0,
            0.0,
            0.0,
            1.0,
            0.0,
            0.0,
            0.0
        ],