{
    "action": {
        "min": [
            0.0,
            0.0,
            -9.999210357666016,
            0.0,
            0.0,
            0.0,
            0.0,
            0.0,
            0.0,
            0.0,
            0.0,
            0.0
        ],
        "max": [
            0.0,
            0.0,
            9.999210357666016,
            0.0,
            0.0,
            0.0,
            0.0,
            0.0,
            0.0,
            0.0,
            0.0,
            0.0
        ],
        "mean": [
            0.0,
            0.0,
            0.4336545169353485,
            0.0,
            0.0,
            0.0,
            0.0,
            0.0,
            0.0,
            0.0,
            0.0,
            0.0
        ],
        "std": [
            0.0,
            0.0,
            7.092873573303223,
            0.0,
            0.0,
            0.0,
            0.0,
            0.0,
            0.0,
            0.0,
            0.0,
            0.0
        ],
        "count": [
            200
        ],
        "q01": [
            3.9995784462121265e-16,
            3.9995784462121265e-16,
            -9.9912109375,
            3.9995784462121265e-16,
            3.9995784462121265e-16,
            3.9995784462121265e-16,
            3.9995784462121265e-16,
            3.9995784462121265e-16,
            3.9995784462121265e-16,
            3.9995784462121265e-16,
            3.9995784462121265e-16,
            3.9995784462121265e-16
        ],
        "q10": [
            3.999578446212126e-15,
            3.999578446212126e-15,
            -9.507248878479004,
            3.999578446212126e-15,
            3.999578446212126e-15,
            3.999578446212126e-15,
            3.999578446212126e-15,
            3.999578446212126e-15,
            3.999578446212126e-15,
            3.999578446212126e-15,
            3.999578446212126e-15,
            3.999578446212126e-15
        ],
        "q50": [
            1.9997892231060632e-14,
            1.9997892231060632e-14,
            1.0019207000732422,
            1.9997892231060632e-14,
            1.9997892231060632e-14,
            1.9997892231060632e-14,
            1.9997892231060632e-14,
            1.9997892231060632e-14,
            1.9997892231060632e-14,
            1.9997892231060632e-14,
            1.9997892231060632e-14,
            1.9997892231060632e-14
        ],
        "q90": [
            3.599620601590914e-14,
            3.599620601590914e-14,
            9.587242126464844,
            3.599620601590914e-14,
            3.599620601590914e-14,
            3.599620601590914e-14,
            3.599620601590914e-14,
            3.599620601590914e-14,
            3.599620601590914e-14,
            3.599620601590914e-14,
            3.599620601590914e-14,
            3.599620601590914e-14
        ],
        "q99": [
            3.959582661750005e-14,
            3.959582661750005e-14,
            9.995210647583008,
            3.959582661750005e-14,
            3.959582661750005e-14,
            3.959582661750005e-14,
            3.959582661750005e-14,
            3.959582661750005e-14,
            3.959582661750005e-14,
            3.959582661750005e-14,
            3.959582661750005e-14,
            3.959582661750005e-14
        ]
    },
    "observation.state": {
        "min": [
            -0.6141211986541748,
            -29.088626861572266,
            -1.2273504734039307,
            -0.06913115829229355,
            -12.466554641723633,
            -2.046398162841797,
            -7.459598541259766,
            -245.17556762695312,
            -9.128205299377441,
            -0.33277183771133423,
            -30.935523986816406,
            -1.3040293455123901,
            -0.1538553684949875,
            -9.794150352478027,
            -0.013431013561785221,
            -0.13187602162361145,
            -9.094568252563477,
            0.04297924414277077,
            -0.6830873489379883,
            -16.160348892211914,
            -1.0700855255126953,
            -0.5686972737312317,
            -11.543106079101562,
            -0.9328449368476868,
            -2.937056064605713,
            -143.5962371826172,
            -9.626373291015625,
            0.21628400683403015,
            -21.701038360595703,
            -1.831501841545105,
            0.40661776065826416,
            -13.991642951965332,
            -0.6124542355537415,
            -0.09890701621770859,
            -8.394986152648926,
            -0.09938950091600418,
            0.0,
            0.0,
            0.0,
            1.0,
            0.0,
            0.0,
            0.0
        ],
        "max": [
            0.5068250298500061,
            20.777589797973633,
            1.0632479190826416,
            0.6781663298606873,
            13.390002250671387,
            0.41514042019844055,
            6.145611763000488,
            229.47694396972656,
            12.439560890197754,
            0.45848432183265686,
            40.17000961303711,
            0.7472527623176575,
            0.04395867511630058,
            9.794150352478027,
            0.1101343110203743,
            -0.010989668779075146,
            9.094568252563477,
            0.15042735636234283,
            0.4598381817340851,
            18.930692672729492,
            1.288888931274414,
            0.09068287909030914,
            14.313450813293457,
            1.177045226097107,
            3.964456081390381,
            118.66312408447266,
            7.604395389556885,
            0.8317054510116577,
            35.552764892578125,
            -0.21978022158145905,
            0.9121425151824951,
            11.193314552307129,
            -0.27130648493766785,
            0.18682436645030975,
            13.292060852050781,
            0.09938950091600418,
            0.0,
            0.0,
            0.0,
            1.0,
            0.0,
            0.0,
            0.0
        ],
        "mean": [
            -0.1745343655347824,
            -0.6002415418624878,
            0.1515897810459137,
            0.2780323922634125,
            -0.7479931712150574,
            -0.5752869844436646,
            -0.571603536605835,
            2.8626909255981445,
            1.2606595754623413,
            0.09263835847377777,
            0.7849312424659729,
            -0.06285713613033295,
            -0.08154342323541641,
            -0.12942276895046234,
            0.05307936668395996,
            -0.07846635580062866,
            0.8220091462135315,
            0.08746279031038284,
            0.011899278499186039,
            -0.3509104549884796,
            -0.07582903653383255,
            -0.2956041395664215,
            -0.2678002417087555,
            0.37802183628082275,
            0.4183095693588257,
            -1.4959865808486938,
            -0.7901831269264221,
            0.5186100602149963,
            -0.3047378957271576,
            -0.9730404615402222,
            0.660094678401947,
            0.12242692708969116,
            -0.41668379306793213,
            0.054783519357442856,
            0.8709797859191895,
            -0.0012356532970443368,
            0.0,
            0.0,
            0.0,
            1.0,
            0.0,
            0.0,
            0.0
        ],