{
    "action": {
        "min": [
            0.0,
            0.0,
            0.0,
            0.0,
            0.0,
            0.0,
            -9.999802589416504,
            0.0,
            0.0,
            0.0,
            0.0,
            0.0
        ],
        "max": [
            0.0,
            0.0,
            0.0,
            0.0,
            0.0,
            0.0,
            9.999210357666016,
            0.0,
            0.0,
            0.0,
            0.0,
            0.0
        ],
        "mean": [
            0.0,
            0.0,
            0.0,
            0.0,
            0.0,
            0.0,
            0.23768490552902222,
            0.0,
            0.0,
            0.0,
            0.0,
            0.0
        ],
        "std": [
            0.0,
            0.0,
            0.0,
            0.0,
            0.0,
            0.0,
            7.011688232421875,
            0.0,
            0.0,
            0.0,
            0.0,
            0.0
        ],
        "count": [
            200
        ],
        "q01": [
            3.9995784462121265e-16,
            3.9995784462121265e-16,
            3.9995784462121265e-16,
            3.9995784462121265e-16,
            3.9995784462121265e-16,
            3.9995784462121265e-16,
            -9.991803169250488,
            3.9995784462121265e-16,
            3.9995784462121265e-16,
            3.9995784462121265e-16,
            3.9995784462121265e-16,
            3.9995784462121265e-16
        ],
        "q10": [
            3.999578446212126e-15,
            3.999578446212126e-15,
            3.999578446212126e-15,
            3.999578446212126e-15,
            3.999578446212126e-15,
            3.999578446212126e-15,
            -9.487828254699707,
            3.999578446212126e-15,
            3.999578446212126e-15,
            3.999578446212126e-15,
            3.999578446212126e-15,
            3.999578446212126e-15
        ],
        "q50": [
            1.9997892231060632e-14,
            1.9997892231060632e-14,
            1.9997892231060632e-14,
            1.9997892231060632e-14,
            1.9997892231060632e-14,
            1.9997892231060632e-14,
            0.5676746368408203,
            1.9997892231060632e-14,
            1.9997892231060632e-14,
            1.9997892231060632e-14,
            1.9997892231060632e-14,
            1.9997892231060632e-14
        ],
        "q90": [
            3.599620601590914e-14,
            3.599620601590914e-14,
            3.599620601590914e-14,
            3.599620601590914e-14,
            3.599620601590914e-14,
            3.599620601590914e-14,
            9.4512357711792,
            3.599620601590914e-14,
            3.599620601590914e-14,
            3.599620601590914e-14,
            3.599620601590914e-14,
            3.599620601590914e-14
        ],
        "q99": [
            3.959582661750005e-14,
            3.959582661750005e-14,
            3.959582661750005e-14,
            3.959582661750005e-14,
            3.959582661750005e-14,
            3.959582661750005e-14,
            9.995209693908691,
            3.959582661750005e-14,
            3.959582661750005e-14,
            3.959582661750005e-14,
            3.959582661750005e-14,
            3.959582661750005e-14
        ]
    },
    "observation.state": {
        "min": [
            -0.21849308907985687,
            -6.925863265991211,
            0.010256410576403141,
            0.23857957124710083,
            -8.772760391235352,
            -0.7081807255744934,
            -0.6899623274803162,
            -22.624486923217773,
            0.8937729001045227,
            0.08483558893203735,
            -16.160348892211914,
            -0.16117216646671295,
            -0.13187602162361145,
            -4.897075176239014,
            0.056410256773233414,
            0.03296900540590286,
            -4.897075176239014,
            -0.013431013561785221,
            -8.859400749206543,
            -125.12726593017578,
            -0.8649572730064392,
            -0.37088319659233093,
            -8.772760391235352,
            0.03418803587555885,
            0.09609256684780121,
            -18.930692672729492,
            -0.8644688725471497,
            0.48003605008125305,
            -20.777589797973633,
            -1.0402930974960327,
            0.6374008059501648,
            -3.497910737991333,
            -0.45396825671195984,
            0.0549483448266983,
            -4.197493076324463,
            -0.04297924414277077,
            0.0,
            0.0,
            0.0,
            1.0,
            0.0,
            0.0,
            0.0
        ],
        "max": [
            -0.10859639942646027,
            8.772760391235352,
            0.24273504316806793,
            0.2825382351875305,
            6.002415180206299,
            -0.3174603283405304,
            -0.6460036039352417,
            20.777589797973633,
            1.186813235282898,
            0.1068149283528328,
            18.930692672729492,
            0.04395604506134987,
            -0.1098966896533966,
            4.897075176239014,
            0.1101343110203743,
            0.06593801081180573,
            5.5966572761535645,
            0.03223443403840065,
            8.592193603515625,
            119.58657836914062,
            1.1111111640930176,
            -0.1950485110282898,
            7.849311828613281,
            0.6691086888313293,
            0.4697413146495819,
            19.854141235351562,
            -0.2490842491388321,
            0.5239947438240051,
            18.930692672729492,
            -0.8351648449897766,
            0.6703698039054871,
            5.5966572761535645,
            -0.3841269910335541,
            0.08791735023260117,
            5.5966572761535645,
            0.021489622071385384,
            0.0,
            0.0,
            0.0,
            1.0,
            0.0,
            0.0,
            0.0
        ],
        "mean": [
            -0.1583796888589859,
            -0.5956242084503174,
            0.13798287510871887,
            0.2525363862514496,
            -0.7018212080001831,
            -0.5229791402816772,
            -0.6699616312980652,
            -0.9973239898681641,
            1.062564492225647,
            0.10154004395008087,
            -0.009234483353793621,
            -0.06183156371116638,
            -0.12220507860183716,
            0.28333088755607605,
            0.07890725880861282,
            0.046486303210258484,
            0.6750967502593994,
            0.0046874238178133965,
            -0.09382117539644241,
            1.0250295400619507,
            0.12075213342905045,
            -0.29538458585739136,
            -0.7433762550354004,
            0.3883272409439087,
            0.25841015577316284,
            -0.8772757053375244,
            -0.5409523844718933,
            0.4921240210533142,
            -0.2354794442653656,
            -0.9296702742576599,
            0.6548740267753601,
            -0.1189289540052414,
            -0.41380950808525085,
            0.0761585459113121,
            0.6296238899230957,
            -0.011953616514801979,
            0.0,
            0.0,
            0.0,
            1.0,
            0.0,
            0.0,
            0.0
        ],