{
    "action": {
        "min": [
            0.0,
            0.0,
            0.0,
            0.0,
            -10.0,
            0.0,
            0.0,
            0.0,
            0.0,
            0.0,
            0.0,
            0.0
        ],
        "max": [
            0.0,
            0.0,
            0.0,
            0.0,
            10.0,
            0.0,
            0.0,
            0.0,
            0.0,
            0.0,
            0.0,
            0.0
        ],
        "mean": [
            0.0,
            0.0,
            0.0,
            0.0,
            -2.1755695911451767e-08,
            0.0,
            0.0,
            0.0,
            0.0,
            0.0,
            0.0,
            0.0
        ],
        "std": [
            0.0,
            0.0,
            0.0,
            0.0,
            7.071067810058594,
            0.0,
            0.0,
            0.0,
            0.0,
            0.0,
            0.0,
            0.0
        ],
        "count": [
            200
        ],
        "q01": [
            3.9995784462121265e-16,
            3.9995784462121265e-16,
            3.9995784462121265e-16,
            3.9995784462121265e-16,
            -10.0,
            3.9995784462121265e-16,
            3.9995784462121265e-16,
            3.9995784462121265e-16,
            3.9995784462121265e-16,
            3.9995784462121265e-16,
            3.9995784462121265e-16,
            3.9995784462121265e-16
        ],
        "q10": [
            3.999578446212126e-15,
            3.999578446212126e-15,
            3.999578446212126e-15,
            3.999578446212126e-15,
            -9.510000228881836,
            3.999578446212126e-15,
            3.999578446212126e-15,
            3.999578446212126e-15,
            3.999578446212126e-15,
            3.999578446212126e-15,
            3.999578446212126e-15,
            3.999578446212126e-15
        ],
        "q50": [
            1.9997892231060632e-14,
            1.9997892231060632e-14,
            1.9997892231060632e-14,
            1.9997892231060632e-14,
            0.0013335545857747395,
            1.9997892231060632e-14,
            1.9997892231060632e-14,
            1.9997892231060632e-14,
            1.9997892231060632e-14,
            1.9997892231060632e-14,
            1.9997892231060632e-14,
            1.9997892231060632e-14
        ],
        "q90": [
            3.599620601590914e-14,
            3.599620601590914e-14,
            3.599620601590914e-14,
            3.599620601590914e-14,
            9.510001182556152,
            3.599620601590914e-14,
            3.599620601590914e-14,
            3.599620601590914e-14,
            3.599620601590914e-14,
            3.599620601590914e-14,
            3.599620601590914e-14,
            3.599620601590914e-14
        ],
        "q99": [
            3.959582661750005e-14,
            3.959582661750005e-14,
            3.959582661750005e-14,
            3.959582661750005e-14,
            9.984001159667969,
            3.959582661750005e-14,
            3.959582661750005e-14,
            3.959582661750005e-14,
            3.959582661750005e-14,
            3.959582661750005e-14,
            3.959582661750005e-14,
            3.959582661750005e-14
        ]
    },
    "observation.state": {
        "min": [
            -0.174534410238266,
            -6.002415180206299,
            0.06495726853609085,
            0.216600239276886,
            -7.849311828613281,
            -0.6398046612739563,
            -0.6679829359054565,
            -19.854141235351562,
            0.8644688725471497,
            0.01889757812023163,
            -18.930692672729492,
            -0.07326007634401321,
            -9.68189811706543,
            -96.5423355102539,
            -0.30085471272468567,
            -0.4835454225540161,
            -16.090389251708984,
            -0.2766788899898529,
            0.020251436159014702,
            -6.925863265991211,
            -0.17435897886753082,
            -0.32692453265190125,
            -9.696208953857422,
            0.2588522732257843,
            0.2499479353427887,
            -18.930692672729492,
            -0.6593406796455383,
            0.48003605008125305,
            -19.854141235351562,
            -1.0695971250534058,
            0.5494834184646606,
            -5.5966572761535645,
            -0.3975580036640167,
            -0.03296900540590286,
            -4.897075176239014,
            -0.008058608509600163,
            0.0,
            0.0,
            0.0,
            1.0,
            0.0,
            0.0,
            0.0
        ],
        "max": [
            -0.15255507826805115,
            6.925863265991211,
            0.2153846174478531,
            0.2605589032173157,
            11.543106079101562,
            -0.3369963467121124,
            -0.6460036039352417,
            15.236899375915527,
            1.216117262840271,
            0.04087691754102707,
            17.083797454833984,
            0.16117216646671295,
            9.319239616394043,
            76.25445556640625,
            0.5426129698753357,
            0.307710736989975,
            16.78997230529785,
            0.29816851019859314,
            0.020251436159014702,
            6.002415180206299,
            0.003418803447857499,
            -0.3049452006816864,
            9.696208953857422,
            0.5909646153450012,
            0.27192726731300354,
            23.547935485839844,
            -0.4542124569416046,
            0.5020154118537903,
            20.777589797973633,
            -0.8058608174324036,
            0.5824524760246277,
            4.897075176239014,
            -0.31697192788124084,
            0.0,
            5.5966572761535645,
            0.09938950091600418,
            0.0,
            0.0,
            0.0,
            1.0,
            0.0,
            0.0,
            0.0
        ],
        "mean": [
            -0.16750092804431915,
            -0.4755757451057434,
            0.14728203415870667,
            0.23835931718349457,
            -0.5263656377792358,
            -0.49724042415618896,
            -0.6675440073013306,
            0.06002407148480415,
            1.0621247291564941,
            0.04065708816051483,
            -0.32320693135261536,
            0.03663010895252228,
            -0.07115763425827026,
            -1.958828091621399,
            0.08782538771629333,
            0.0006044294568710029,
            0.7905276417732239,
            0.03412821143865585,
            0.02025146223604679,
            -0.5771551728248596,
            -0.08581199496984482,
            -0.3268142640590668,
            -0.4986622631549835,
            0.44952380657196045,
            0.2693992853164673,
            -0.33244144916534424,
            -0.5534057021141052,
            0.5015751123428345,
            -1.8145757913589478,
            -0.9427105784416199,
            0.5693754553794861,
            0.10493731498718262,
            -0.35730528831481934,
            -0.013297497294843197,
            0.6715991497039795,
            0.04326130822300911,
            0.0,
            0.0,
            0.0,
            1.0,
            0.0,
            0.0,
            0.0
        ],