{
    "action": {
        "min": [
            0.0,
            0.0,
            -9.999802589416504,
            0.0,
            0.0,
            0.0,
            0.0,
            0.0,
            0.0,
            0.0,
            0.0,
            0.0
        ],
        "max": [
            0.0,
            0.0,
            9.999210357666016,
            0.0,
            0.0,
            0.0,
            0.0,
            0.0,
            0.0,
            0.0,
            0.0,
            0.0
        ],
        "mean": [
            0.0,
            0.0,
            2.041501998901367,
            0.0,
            0.0,
            0.0,
            0.0,
            0.0,
            0.0,
            0.0,
            0.0,
            0.0
        ],
        "std": [
            0.0,
            0.0,
            6.960394859313965,
            0.0,
            0.0,
            0.0,
            0.0,
            0.0,
            0.0,
            0.0,
            0.0,
            0.0
        ],
        "count": [
            200
        ],
        "q01": [
            3.9995784462121265e-16,
            3.9995784462121265e-16,
            -9.991803169250488,
            3.9995784462121265e-16,
            3.9995784462121265e-16,
            3.9995784462121265e-16,
            3.9995784462121265e-16,
            3.9995784462121265e-16,
            3.9995784462121265e-16,
            3.9995784462121265e-16,
            3.9995784462121265e-16,
            3.9995784462121265e-16
        ],
        "q10": [
            3.999578446212126e-15,
            3.999578446212126e-15,
            -9.07184886932373,
            3.999578446212126e-15,
            3.999578446212126e-15,
            3.999578446212126e-15,
            3.999578446212126e-15,
            3.999578446212126e-15,
            3.999578446212126e-15,
            3.999578446212126e-15,
            3.999578446212126e-15,
            3.999578446212126e-15
        ],
        "q50": [
            1.9997892231060632e-14,
            1.9997892231060632e-14,
            3.9155092239379883,
            1.9997892231060632e-14,
            1.9997892231060632e-14,
            1.9997892231060632e-14,
            1.9997892231060632e-14,
            1.9997892231060632e-14,
            1.9997892231060632e-14,
            1.9997892231060632e-14,
            1.9997892231060632e-14,
            1.9997892231060632e-14
        ],
        "q90": [
            3.599620601590914e-14,
            3.599620601590914e-14,
            9.731221199035645,
            3.599620601590914e-14,
            3.599620601590914e-14,
            3.599620601590914e-14,
            3.599620601590914e-14,
            3.599620601590914e-14,
            3.599620601590914e-14,
            3.599620601590914e-14,
            3.599620601590914e-14,
            3.599620601590914e-14
        ],
        "q99": [
            3.959582661750005e-14,
            3.959582661750005e-14,
            9.996543248494467,
            3.959582661750005e-14,
            3.959582661750005e-14,
            3.959582661750005e-14,
            3.959582661750005e-14,
            3.959582661750005e-14,
            3.959582661750005e-14,
            3.959582661750005e-14,
            3.959582661750005e-14,
            3.959582661750005e-14
        ]
    },
    "observation.state": {
        "min": [
            -0.21849308907985687,
            -7.849311828613281,
            -0.07863248139619827,
            0.23857957124710083,
            -10.619657516479492,
            -0.7179487347602844,
            -10.009201049804688,
            -93.73001861572266,
            -1.4212454557418823,
            0.01889757812023163,
            -18.930692672729492,
            -0.16117216646671295,
            -0.12088635563850403,
            -4.197493076324463,
            0.051037851721048355,
            0.03296900540590286,
            -3.497910737991333,
            -0.010744811035692692,
            -0.02370723895728588,
            -5.0789666175842285,
            -0.13333334028720856,
            -0.32692453265190125,
            -13.390002250671387,
            0.2490842491388321,
            0.2499479353427887,
            -27.241729736328125,
            -0.6593406796455383,
            0.48003605008125305,
            -17.083797454833984,
            -1.0109890699386597,
            0.4835454225540161,
            -5.5966572761535645,
            -0.3572649657726288,
            0.13187602162361145,
            -4.897075176239014,
            -0.09670329838991165,
            0.0,
            0.0,
            0.0,
            1.0,
            0.0,
            0.0,
            0.0
        ],
        "max": [
            -0.06463772803544998,
            7.849311828613281,
            0.2769230902194977,
            0.30451759696006775,
            6.925863265991211,
            -0.3663003742694855,
            9.046884536743164,
            82.64863586425781,
            4.0,
            0.08483558893203735,
            18.007244110107422,
            0.190476194024086,
            -0.09890701621770859,
            6.995821475982666,
            0.08595848828554153,
            0.0549483448266983,
            4.897075176239014,
            0.02954822964966297,
            -0.0017279012827202678,
            4.155518054962158,
            0.017094017937779427,
            -0.3049452006816864,
            7.849311828613281,
            0.5811966061592102,
            0.2939065992832184,
            13.390002250671387,
            -0.4542124569416046,
            0.5020154118537903,
            18.007244110107422,
            -0.8058608174324036,
            0.505524754524231,
            4.897075176239014,
            -0.26324787735939026,
            0.1538553684949875,
            5.5966572761535645,
            -0.013431013561785221,
            0.0,
            0.0,
            0.0,
            1.0,
            0.0,
            0.0,
            0.0
        ],
        "mean": [
            -0.1490384340286255,
            -0.18468964099884033,
            0.1241367757320404,
            0.2636360824108124,
            -0.5171312093734741,
            -0.5413430333137512,
            1.0047543048858643,
            7.904721260070801,
            1.195311188697815,
            0.06439492106437683,
            0.24933113157749176,
            -0.008498168550431728,
            -0.10506147146224976,
            -0.13991646468639374,
            0.0681624487042427,
            0.045607127249240875,
            0.8604863882064819,
            0.006326011382043362,
            -0.0031565583776682615,
            -0.49404487013816833,
            -0.047179508954286575,
            -0.31703388690948486,
            -0.1754552721977234,
            0.4384370744228363,
            0.27115771174430847,
            -1.1035208702087402,
            -0.5597060918807983,
            0.48904719948768616,
            -1.3066798448562622,
            -0.9273260235786438,
            0.4950298070907593,
            -0.16440175473690033,
            -0.31529295444488525,
            0.13522791862487793,
            0.640117883682251,
            -0.051266204565763474,
            0.0,
            0.0,
            0.0,
            1.0,
            0.0,
            0.0,
            0.0
        ],