{
    "action": {
        "min": [
            0.0,
            0.0,
            0.0,
            0.0,
            0.0,
            0.0,
            -9.999210357666016,
            0.0,
            0.0,
            0.0,
            0.0,
            0.0
        ],
        "max": [
            0.0,
            0.0,
            0.0,
            0.0,
            0.0,
            0.0,
            9.999210357666016,
            0.0,
            0.0,
            0.0,
            0.0,
            0.0
        ],
        "mean": [
            0.0,
            0.0,
            0.0,
            0.0,
            0.0,
            0.0,
            1.8137778043746948,
            0.0,
            0.0,
            0.0,
            0.0,
            0.0
        ],
        "std": [
            0.0,
            0.0,
            0.0,
            0.0,
            0.0,
            0.0,
            6.652874946594238,
            0.0,
            0.0,
            0.0,
            0.0,
            0.0
        ],
        "count": [
            200
        ],
        "q01": [
            3.9995784462121265e-16,
            3.9995784462121265e-16,
            3.9995784462121265e-16,
            3.9995784462121265e-16,
            3.9995784462121265e-16,
            3.9995784462121265e-16,
            -9.9912109375,
            3.9995784462121265e-16,
            3.9995784462121265e-16,
            3.9995784462121265e-16,
            3.9995784462121265e-16,
            3.9995784462121265e-16
        ],
        "q10": [
            3.999578446212126e-15,
            3.999578446212126e-15,
            3.999578446212126e-15,
            3.999578446212126e-15,
            3.999578446212126e-15,
            3.999578446212126e-15,
            -8.819303512573242,
            3.999578446212126e-15,
            3.999578446212126e-15,
            3.999578446212126e-15,
            3.999578446212126e-15,
            3.999578446212126e-15
        ],
        "q50": [
            1.9997892231060632e-14,
            1.9997892231060632e-14,
            1.9997892231060632e-14,
            1.9997892231060632e-14,
            1.9997892231060632e-14,
            1.9997892231060632e-14,
            2.97176456451416,
            1.9997892231060632e-14,
            1.9997892231060632e-14,
            1.9997892231060632e-14,
            1.9997892231060632e-14,
            1.9997892231060632e-14
        ],
        "q90": [
            3.599620601590914e-14,
            3.599620601590914e-14,
            3.599620601590914e-14,
            3.599620601590914e-14,
            3.599620601590914e-14,
            3.599620601590914e-14,
            9.655237197875977,
            3.599620601590914e-14,
            3.599620601590914e-14,
            3.599620601590914e-14,
            3.599620601590914e-14,
            3.599620601590914e-14
        ],
        "q99": [
            3.959582661750005e-14,
            3.959582661750005e-14,
            3.959582661750005e-14,
            3.959582661750005e-14,
            3.959582661750005e-14,
            3.959582661750005e-14,
            9.995210647583008,
            3.959582661750005e-14,
            3.959582661750005e-14,
            3.959582661750005e-14,
            3.959582661750005e-14,
            3.959582661750005e-14
        ]
    },
    "observation.state": {
        "min": [
            -0.174534410238266,
            -6.002415180206299,
            0.06495726853609085,
            0.216600239276886,
            -9.696208953857422,
            -0.6593406796455383,
            -0.6679829359054565,
            -19.854141235351562,
            0.8644688725471497,
            0.06285625696182251,
            -22.624486923217773,
            -0.16117216646671295,
            -0.07692768424749374,
            -5.5966572761535645,
            0.016117217019200325,
            -0.14286570250988007,
            -4.197493076324463,
            0.09938950091600418,
            -9.716594696044922,
            -53.09828567504883,
            -0.24273504316806793,
            -0.3489038646221161,
            -7.849311828613281,
            0.21978022158145905,
            0.2499479353427887,
            -18.930692672729492,
            -0.6300366520881653,
            0.48003605008125305,
            -17.083797454833984,
            -1.0695971250534058,
            0.5494834184646606,
            -5.5966572761535645,
            -0.39218559861183167,
            0.07692768424749374,
            -4.897075176239014,
            -0.053724054247140884,
            0.0,
            0.0,
            0.0,
            1.0,
            0.0,
            0.0,
            0.0
        ],
        "max": [
            -0.15255507826805115,
            6.002415180206299,
            0.20170940458774567,
            0.2605589032173157,
            6.925863265991211,
            -0.2588522732257843,
            -0.6679829359054565,
            17.083797454833984,
            1.186813235282898,
            0.08483558893203735,
            17.083797454833984,
            0.07326007634401321,
            -0.0549483448266983,
            4.897075176239014,
            0.07252747565507889,
            -0.12088635563850403,
            4.897075176239014,
            0.15311355888843536,
            9.471366882324219,
            50.32794189453125,
            0.5299145579338074,
            -0.3049452006816864,
            8.772760391235352,
            0.6495726704597473,
            0.2939065992832184,
            17.083797454833984,
            -0.4542124569416046,
            0.5020154118537903,
            19.854141235351562,
            -0.8351648449897766,
            0.5824524760246277,
            4.897075176239014,
            -0.32771673798561096,
            0.1098966896533966,
            6.296239376068115,
            0.005372405517846346,
            0.0,
            0.0,
            0.0,
            1.0,
            0.0,
            0.0,
            0.0
        ],
        "mean": [
            -0.15673135221004486,
            -0.5725380778312683,
            0.13798290491104126,
            0.23791971802711487,
            -0.6648826003074646,
            -0.48883992433547974,
            -0.6679836511611938,
            -0.4063173532485962,
            1.0613921880722046,
            0.08285760879516602,
            0.230862095952034,
            -0.030183184891939163,
            -0.059564102441072464,
            0.06995823979377747,
            0.03916485607624054,
            -0.12846921384334564,
            0.5456742644309998,
            0.11776311695575714,
            1.822667121887207,
            -1.6114174127578735,
            0.10027347505092621,
            -0.328023225069046,
            -1.1035211086273193,
            0.4448840320110321,
            0.2725863456726074,
            0.18468965590000153,
            -0.5624902248382568,
            0.5003662705421448,
            -0.9095965027809143,
            -0.9390477538108826,
            0.5632207989692688,
            0.01399166602641344,
            -0.3577217161655426,
            0.09176384657621384,
            0.6086363792419434,
            -0.023020772263407707,
            0.0,
            0.0,
            0.0,
            1.0,
            0.0,
            0.0,
            0.0
        ],