{
    "action": {
        "min": [
            0.0,
            0.0,
            0.0,
            -9.999802589416504,
            0.0,
            0.0,
            0.0,
            0.0,
            0.0,
            0.0,
            0.0,
            0.0
        ],
        "max": [
            0.0,
            0.0,
            0.0,
            9.999210357666016,
            0.0,
            0.0,
            0.0,
            0.0,
            0.0,
            0.0,
            0.0,
            0.0
        ],
        "mean": [
            0.0,
            0.0,
            0.0,
            2.041501998901367,
            0.0,
            0.0,
            0.0,
            0.0,
            0.0,
            0.0,
            0.0,
            0.0
        ],
        "std": [
            0.0,
            0.0,
            0.0,
            6.960394859313965,
            0.0,
            0.0,
            0.0,
            0.0,
            0.0,
            0.0,
            0.0,
            0.0
        ],
        "count": [
            200
        ],
        "q01": [
            3.9995784462121265e-16,
            3.9995784462121265e-16,
            3.9995784462121265e-16,
            -9.991803169250488,
            3.9995784462121265e-16,
            3.9995784462121265e-16,
            3.9995784462121265e-16,
            3.9995784462121265e-16,
            3.9995784462121265e-16,
            3.9995784462121265e-16,
            3.9995784462121265e-16,
            3.9995784462121265e-16
        ],
        "q10": [
            3.999578446212126e-15,
            3.999578446212126e-15,
            3.999578446212126e-15,
            -9.07184886932373,
            3.999578446212126e-15,
            3.999578446212126e-15,
            3.999578446212126e-15,
            3.999578446212126e-15,
            3.999578446212126e-15,
            3.999578446212126e-15,
            3.999578446212126e-15,
            3.999578446212126e-15
        ],
        "q50": [
            1.9997892231060632e-14,
            1.9997892231060632e-14,
            1.9997892231060632e-14,
            3.9155092239379883,
            1.9997892231060632e-14,
            1.9997892231060632e-14,
            1.9997892231060632e-14,
            1.9997892231060632e-14,
            1.9997892231060632e-14,
            1.9997892231060632e-14,
            1.9997892231060632e-14,
            1.9997892231060632e-14
        ],
        "q90": [
            3.599620601590914e-14,
            3.599620601590914e-14,
            3.599620601590914e-14,
            9.731221199035645,
            3.599620601590914e-14,
            3.599620601590914e-14,
            3.599620601590914e-14,
            3.599620601590914e-14,
            3.599620601590914e-14,
            3.599620601590914e-14,
            3.599620601590914e-14,
            3.599620601590914e-14
        ],
        "q99": [
            3.959582661750005e-14,
            3.959582661750005e-14,
            3.959582661750005e-14,
            9.996543248494467,
            3.959582661750005e-14,
            3.959582661750005e-14,
            3.959582661750005e-14,
            3.959582661750005e-14,
            3.959582661750005e-14,
            3.959582661750005e-14,
            3.959582661750005e-14,
            3.959582661750005e-14
        ]
    },
    "observation.state": {
        "min": [
            -0.21849308907985687,
            -6.925863265991211,
            -0.07863248139619827,
            0.216600239276886,
            -11.543106079101562,
            -0.7863247990608215,
            -0.8438176512718201,
            -24.471384048461914,
            0.7472527623176575,
            -8.750858306884766,
            -79.87828826904297,
            -2.065934181213379,
            -0.12088635563850403,
            -4.897075176239014,
            0.048351649194955826,
            0.03296900540590286,
            -3.497910737991333,
            -0.010744811035692692,
            -0.04568657651543617,
            -5.0789666175842285,
            -0.13333334028720856,
            -0.32692453265190125,
            -10.619657516479492,
            0.2490842491388321,
            0.22796858847141266,
            -16.160348892211914,
            -0.6886447072029114,
            0.48003605008125305,
            -18.007244110107422,
            -1.0402930974960327,
            0.4835454225540161,
            -6.296239376068115,
            -0.3572649657726288,
            0.13187602162361145,
            -4.197493076324463,
            -0.09938950091600418,
            0.0,
            0.0,
            0.0,
            1.0,
            0.0,
            0.0,
            0.0
        ],
        "max": [
            -0.08661706745624542,
            6.002415180206299,
            0.31794872879981995,
            0.2825382351875305,
            6.925863265991211,
            -0.2686202824115753,
            -0.4481895864009857,
            18.930692672729492,
            1.3626374006271362,
            10.063454627990723,
            92.80657196044922,
            1.0402930974960327,
            -0.09890701621770859,
            5.5966572761535645,
            0.08595848828554153,
            0.0549483448266983,
            7.695404052734375,
            0.026862027123570442,
            0.020251436159014702,
            5.0789666175842285,
            0.05811965838074684,
            -0.3049452006816864,
            6.925863265991211,
            0.5616605877876282,
            0.3158859610557556,
            17.083797454833984,
            -0.48351648449897766,
            0.5020154118537903,
            15.236899375915527,
            -0.8058608174324036,
            0.5165144205093384,
            4.897075176239014,
            -0.26056167483329773,
            0.1538553684949875,
            6.296239376068115,
            -0.010744811035692692,
            0.0,
            0.0,
            0.0,
            1.0,
            0.0,
            0.0,
            0.0
        ],
        "mean": [
            -0.15310481190681458,
            -0.5217483043670654,
            0.13244445621967316,
            0.2446235865354538,
            -0.9650034308433533,
            -0.5077898502349854,
            -0.6572133898735046,
            -0.8865102529525757,
            1.0555312633514404,
            2.0985825061798096,
            6.718089580535889,
            -0.5424176454544067,
            -0.10418225079774857,
            -0.1818913221359253,
            0.06871311366558075,
            0.04198053851723671,
            0.8115154504776001,
            0.007924310863018036,
            -0.007002949248999357,
            -0.447872519493103,
            -0.04331625998020172,
            -0.31252843141555786,
            -0.637179434299469,
            0.42857152223587036,
            0.2708280086517334,
            -0.39708277583122253,
            -0.5651273131370544,
            0.48871752619743347,
            -0.48019322752952576,
            -0.9255676865577698,
            0.49596405029296875,
            0.006995847448706627,
            -0.31507816910743713,
            0.13495318591594696,
            0.6646029949188232,
            -0.05056777969002724,
            0.0,
            0.0,
            0.0,
            1.0,
            0.0,
            0.0,
            0.0
        ],