{
    "action": {
        "min": [
            -9.998223304748535,
            0.0,
            0.0,
            0.0,
            0.0,
            0.0,
            0.0,
            0.0,
            0.0,
            0.0,
            0.0,
            0.0
        ],
        "max": [
            9.999802589416504,
            0.0,
            0.0,
            0.0,
            0.0,
            0.0,
            0.0,
            0.0,
            0.0,
            0.0,
            0.0,
            0.0
        ],
        "mean": [
            0.6345770955085754,
            0.0,
            0.0,
            0.0,
            0.0,
            0.0,
            0.0,
            0.0,
            0.0,
            0.0,
            0.0,
            0.0
        ],
        "std": [
            7.118222713470459,
            0.0,
            0.0,
            0.0,
            0.0,
            0.0,
            0.0,
            0.0,
            0.0,
            0.0,
            0.0,
            0.0
        ],
        "count": [
            200
        ],
        "q01": [
            -9.998223304748535,
            3.9995784462121265e-16,
            3.9995784462121265e-16,
            3.9995784462121265e-16,
            3.9995784462121265e-16,
            3.9995784462121265e-16,
            3.9995784462121265e-16,
            3.9995784462121265e-16,
            3.9995784462121265e-16,
            3.9995784462121265e-16,
            3.9995784462121265e-16,
            3.9995784462121265e-16
        ],
        "q10": [
            -9.65025806427002,
            3.999578446212126e-15,
            3.999578446212126e-15,
            3.999578446212126e-15,
            3.999578446212126e-15,
            3.999578446212126e-15,
            3.999578446212126e-15,
            3.999578446212126e-15,
            3.999578446212126e-15,
            3.999578446212126e-15,
            3.999578446212126e-15,
            3.999578446212126e-15
        ],
        "q50": [
            1.5046415328979492,
            1.9997892231060632e-14,
            1.9997892231060632e-14,
            1.9997892231060632e-14,
            1.9997892231060632e-14,
            1.9997892231060632e-14,
            1.9997892231060632e-14,
            1.9997892231060632e-14,
            1.9997892231060632e-14,
            1.9997892231060632e-14,
            1.9997892231060632e-14,
            1.9997892231060632e-14
        ],
        "q90": [
            9.587843894958496,
            3.599620601590914e-14,
            3.599620601590914e-14,
            3.599620601590914e-14,
            3.599620601590914e-14,
            3.599620601590914e-14,
            3.599620601590914e-14,
            3.599620601590914e-14,
            3.599620601590914e-14,
            3.599620601590914e-14,
            3.599620601590914e-14,
            3.599620601590914e-14
        ],
        "q99": [
            9.991803169250488,
            3.959582661750005e-14,
            3.959582661750005e-14,
            3.959582661750005e-14,
            3.959582661750005e-14,
            3.959582661750005e-14,
            3.959582661750005e-14,
            3.959582661750005e-14,
            3.959582661750005e-14,
            3.959582661750005e-14,
            3.959582661750005e-14,
            3.959582661750005e-14
        ]
    },
    "observation.state": {
        "min": [
            -9.449814796447754,
            -58.63897705078125,
            -0.8444444537162781,
            0.216600239276886,
            -9.696208953857422,
            -0.7570207715034485,
            -0.6679829359054565,
            -17.083797454833984,
            0.8351648449897766,
            0.06285625696182251,
            -19.854141235351562,
            -0.16117216646671295,
            -0.0549483448266983,
            -4.897075176239014,
            -0.0,
            -0.13187602162361145,
            -4.197493076324463,
            0.083272285759449,
            -0.04568657651543617,
            -5.0789666175842285,
            -0.11282051354646683,
            -0.3489038646221161,
            -8.772760391235352,
            0.27838829159736633,
            0.2499479353427887,
            -23.547935485839844,
            -0.6300366520881653,
            0.48003605008125305,
            -18.930692672729492,
            -1.0402930974960327,
            0.5604730844497681,
            -4.897075176239014,
            -0.3841269910335541,
            -0.08791735023260117,
            -3.497910737991333,
            0.051037851721048355,
            0.0,
            0.0,
            0.0,
            1.0,
            0.0,
            0.0,
            0.0
        ],
        "max": [
            9.782105445861816,
            59.56242752075195,
            0.8717948794364929,
            0.2825382351875305,
            11.543106079101562,
            -0.3076923191547394,
            -0.6460036039352417,
            24.471384048461914,
            1.216117262840271,
            0.08483558893203735,
            20.777589797973633,
            0.10256410390138626,
            -0.03296900540590286,
            6.296239376068115,
            0.07252747565507889,
            -0.09890701621770859,
            5.5966572761535645,
            0.15042735636234283,
            -0.0017279012827202678,
            5.0789666175842285,
            0.07179487496614456,
            -0.3049452006816864,
            7.849311828613281,
            0.5909646153450012,
            0.27192726731300354,
            15.236899375915527,
            -0.48351648449897766,
            0.5239947438240051,
            18.007244110107422,
            -0.8351648449897766,
            0.5824524760246277,
            5.5966572761535645,
            -0.32503053545951843,
            -0.0549483448266983,
            5.5966572761535645,
            0.10744810849428177,
            0.0,
            0.0,
            0.0,
            1.0,
            0.0,
            0.0,
            0.0
        ],
        "mean": [
            1.066308856010437,
            -4.483342170715332,
            -0.1759999692440033,
            0.2435246706008911,
            -0.5263656377792358,
            -0.5120389461517334,
            -0.6610599756240845,
            0.11543114483356476,
            1.0547988414764404,
            0.08208834379911423,
            -0.2908863425254822,
            -0.032381005585193634,
            -0.03945290297269821,
            0.10493731498718262,
            0.02572040818631649,
            -0.1151718720793724,
            0.6366196274757385,
            0.10832107812166214,
            -0.02381712757050991,
            -0.4155517816543579,
            -0.020854733884334564,
            -0.32373738288879395,
            -0.35552769899368286,
            0.4475703537464142,
            0.27016860246658325,
            -0.28626903891563416,
            -0.5558965802192688,
            0.5020146369934082,
            -1.2328039407730103,
            -0.9495965838432312,
            0.5649239420890808,
            0.05246870592236519,
            -0.3583662807941437,
            -0.06994930654764175,
            0.773038387298584,
            0.0775238499045372,
            0.0,
            0.0,
            0.0,
            1.0,
            0.0,
            0.0,
            0.0
        ],