{
    "action": {
        "min": [
            0.0,
            -9.999210357666016,
            0.0,
            0.0,
            0.0,
            0.0,
            0.0,
            0.0,
            0.0,
            0.0,
            0.0,
            0.0
        ],
        "max": [
            0.0,
            9.999210357666016,
            0.0,
            0.0,
            0.0,
            0.0,
            0.0,
            0.0,
            0.0,
            0.0,
            0.0,
            0.0
        ],
        "mean": [
            0.0,
            1.1843785047531128,
            0.0,
            0.0,
            0.0,
            0.0,
            0.0,
            0.0,
            0.0,
            0.0,
            0.0,
            0.0
        ],
        "std": [
            0.0,
            7.0770487785339355,
            0.0,
            0.0,
            0.0,
            0.0,
            0.0,
            0.0,
            0.0,
            0.0,
            0.0,
            0.0
        ],
        "count": [
            200
        ],
        "q01": [
            3.9995784462121265e-16,
            -9.993210792541504,
            3.9995784462121265e-16,
            3.9995784462121265e-16,
            3.9995784462121265e-16,
            3.9995784462121265e-16,
            3.9995784462121265e-16,
            3.9995784462121265e-16,
            3.9995784462121265e-16,
            3.9995784462121265e-16,
            3.9995784462121265e-16,
            3.9995784462121265e-16
        ],
        "q10": [
            3.999578446212126e-15,
            -9.34326171875,
            3.999578446212126e-15,
            3.999578446212126e-15,
            3.999578446212126e-15,
            3.999578446212126e-15,
            3.999578446212126e-15,
            3.999578446212126e-15,
            3.999578446212126e-15,
            3.999578446212126e-15,
            3.999578446212126e-15,
            3.999578446212126e-15
        ],
        "q50": [
            1.9997892231060632e-14,
            2.2438220977783203,
            1.9997892231060632e-14,
            1.9997892231060632e-14,
            1.9997892231060632e-14,
            1.9997892231060632e-14,
            1.9997892231060632e-14,
            1.9997892231060632e-14,
            1.9997892231060632e-14,
            1.9997892231060632e-14,
            1.9997892231060632e-14,
            1.9997892231060632e-14
        ],
        "q90": [
            3.599620601590914e-14,
            9.655237197875977,
            3.599620601590914e-14,
            3.599620601590914e-14,
            3.599620601590914e-14,
            3.599620601590914e-14,
            3.599620601590914e-14,
            3.599620601590914e-14,
            3.599620601590914e-14,
            3.599620601590914e-14,
            3.599620601590914e-14,
            3.599620601590914e-14
        ],
        "q99": [
            3.959582661750005e-14,
            9.995210647583008,
            3.959582661750005e-14,
            3.959582661750005e-14,
            3.959582661750005e-14,
            3.959582661750005e-14,
            3.959582661750005e-14,
            3.959582661750005e-14,
            3.959582661750005e-14,
            3.959582661750005e-14,
            3.959582661750005e-14,
            3.959582661750005e-14
        ]
    },
    "observation.state": {
        "min": [
            -0.174534410238266,
            -6.925863265991211,
            -0.017094017937779427,
            -9.344411849975586,
            -58.63897705078125,
            -0.6984127163887024,
            -0.7339209914207458,
            -12.466554641723633,
            0.8644688725471497,
            0.06285625696182251,
            -15.236899375915527,
            -0.10256410390138626,
            -0.12088635563850403,
            -4.197493076324463,
            0.056410256773233414,
            0.03296900540590286,
            -4.897075176239014,
            -0.010744811035692692,
            0.020251436159014702,
            -5.0789666175842285,
            -0.19487179815769196,
            -0.32692453265190125,
            -11.543106079101562,
            0.22954823076725006,
            0.2499479353427887,
            -17.083797454833984,
            -0.6300366520881653,
            0.48003605008125305,
            -18.007244110107422,
            -1.0402930974960327,
            0.5714628100395203,
            -4.897075176239014,
            -0.40024420619010925,
            0.13187602162361145,
            -2.7983286380767822,
            -0.09133089333772659,
            0.0,
            0.0,
            0.0,
            1.0,
            0.0,
            0.0,
            0.0
        ],
        "max": [
            -0.08661706745624542,
            6.002415180206299,
            0.2222222238779068,
            9.360004425048828,
            58.63897705078125,
            0.5225885510444641,
            -0.602044939994812,
            19.854141235351562,
            1.216117262840271,
            0.08483558893203735,
            18.007244110107422,
            0.10256410390138626,
            -0.09890701621770859,
            4.897075176239014,
            0.09133089333772659,
            0.0549483448266983,
            6.995821475982666,
            0.026862027123570442,
            0.04223077371716499,
            5.0789666175842285,
            -0.04444444552063942,
            -0.28296586871147156,
            8.772760391235352,
            0.5909646153450012,
            0.2939065992832184,
            13.390002250671387,
            -0.48351648449897766,
            0.5020154118537903,
            15.236899375915527,
            -0.8351648449897766,
            0.5934421420097351,
            4.897075176239014,
            -0.333089143037796,
            0.1538553684949875,
            7.695404052734375,
            -0.024175824597477913,
            0.0,
            0.0,
            0.0,
            1.0,
            0.0,
            0.0,
            0.0
        ],
        "mean": [
            -0.13881807029247284,
            -0.4940449595451355,
            0.10984618961811066,
            0.8651003837585449,
            2.7795815467834473,
            -0.12620270252227783,
            -0.673698365688324,
            -1.2512725591659546,
            1.0720887184143066,
            0.06362565606832504,
            0.20777581632137299,
            -0.008791208267211914,
            -0.11440259218215942,
            -0.01049371249973774,
            0.07228575646877289,
            0.0440685860812664,
            0.626126229763031,
            0.0068229613825678825,
            0.041901011019945145,
            -0.17083793878555298,
            -0.11145301908254623,
            -0.3069239854812622,
            -0.6695001721382141,
            0.42007309198379517,
            0.27192696928977966,
            -0.6648829579353333,
            -0.5641016960144043,
            0.4991573989391327,
            -0.4524897634983063,
            -0.9377289414405823,
            0.5826718807220459,
            -0.02098746784031391,
            -0.36778151988983154,
            0.13638187944889069,
            0.8534903526306152,
            -0.053442005068063736,
            0.0,
            0.0,
            0.0,
            1.0,
            0.0,
            0.0,
            0.0
        ],