{
    "action": {
        "min": [
            0.0,
            0.0,
            0.0,
            0.0,
            -10.0,
            0.0,
            0.0,
            0.0,
            0.0,
            0.0,
            0.0,
            0.0
        ],
        "max": [
            0.0,
            0.0,
            0.0,
            0.0,
            9.999210357666016,
            0.0,
            0.0,
            0.0,
            0.0,
            0.0,
            0.0,
            0.0
        ],
        "mean": [
            0.0,
            0.0,
            0.0,
            0.0,
            0.4162852466106415,
            0.0,
            0.0,
            0.0,
            0.0,
            0.0,
            0.0,
            0.0
        ],
        "std": [
            0.0,
            0.0,
            0.0,
            0.0,
            7.1016669273376465,
            0.0,
            0.0,
            0.0,
            0.0,
            0.0,
            0.0,
            0.0
        ],
        "count": [
            200
        ],
        "q01": [
            3.9995784462121265e-16,
            3.9995784462121265e-16,
            3.9995784462121265e-16,
            3.9995784462121265e-16,
            -9.994000434875488,
            3.9995784462121265e-16,
            3.9995784462121265e-16,
            3.9995784462121265e-16,
            3.9995784462121265e-16,
            3.9995784462121265e-16,
            3.9995784462121265e-16,
            3.9995784462121265e-16
        ],
        "q10": [
            3.999578446212126e-15,
            3.999578446212126e-15,
            3.999578446212126e-15,
            3.999578446212126e-15,
            -9.550017833709717,
            3.999578446212126e-15,
            3.999578446212126e-15,
            3.999578446212126e-15,
            3.999578446212126e-15,
            3.999578446212126e-15,
            3.999578446212126e-15,
            3.999578446212126e-15
        ],
        "q50": [
            1.9997892231060632e-14,
            1.9997892231060632e-14,
            1.9997892231060632e-14,
            1.9997892231060632e-14,
            1.0055646896362305,
            1.9997892231060632e-14,
            1.9997892231060632e-14,
            1.9997892231060632e-14,
            1.9997892231060632e-14,
            1.9997892231060632e-14,
            1.9997892231060632e-14,
            1.9997892231060632e-14
        ],
        "q90": [
            3.599620601590914e-14,
            3.599620601590914e-14,
            3.599620601590914e-14,
            3.599620601590914e-14,
            9.585225105285645,
            3.599620601590914e-14,
            3.599620601590914e-14,
            3.599620601590914e-14,
            3.599620601590914e-14,
            3.599620601590914e-14,
            3.599620601590914e-14,
            3.599620601590914e-14
        ],
        "q99": [
            3.959582661750005e-14,
            3.959582661750005e-14,
            3.959582661750005e-14,
            3.959582661750005e-14,
            9.996542612711588,
            3.959582661750005e-14,
            3.959582661750005e-14,
            3.959582661750005e-14,
            3.959582661750005e-14,
            3.959582661750005e-14,
            3.959582661750005e-14,
            3.959582661750005e-14
        ]
    },
    "observation.state": {
        "min": [
            -0.174534410238266,
            -6.002415180206299,
            0.05811965838074684,
            0.23857957124710083,
            -7.849311828613281,
            -0.6886447072029114,
            -0.7559003233909607,
            -20.777589797973633,
            0.8644688725471497,
            0.06285625696182251,
            -17.083797454833984,
            -0.16117216646671295,
            -9.59398078918457,
            -104.93732452392578,
            -0.3599511682987213,
            -0.5165144205093384,
            -16.090389251708984,
            -0.2659340798854828,
            0.020251436159014702,
            -6.925863265991211,
            -0.1538461595773697,
            -0.32692453265190125,
            -9.696208953857422,
            0.28815630078315735,
            0.2499479353427887,
            -24.471384048461914,
            -0.6300366520881653,
            0.48003605008125305,
            -19.854141235351562,
            -1.0402930974960327,
            0.5824524760246277,
            -5.5966572761535645,
            -0.40830281376838684,
            -0.03296900540590286,
            -4.197493076324463,
            -0.008058608509600163,
            0.0,
            0.0,
            0.0,
            1.0,
            0.0,
            0.0,
            0.0
        ],
        "max": [
            -0.10859639942646027,
            5.0789666175842285,
            0.20854701101779938,
            0.2605589032173157,
            7.849311828613281,
            -0.3174603283405304,
            -0.6240242719650269,
            19.854141235351562,
            1.245421290397644,
            0.08483558893203735,
            15.236899375915527,
            0.07326007634401321,
            9.341218948364258,
            100.73983001708984,
            0.5802198052406311,
            0.307710736989975,
            17.489553451538086,
            0.36263737082481384,
            0.04223077371716499,
            6.002415180206299,
            -0.04444444552063942,
            -0.3049452006816864,
            7.849311828613281,
            0.5811966061592102,
            0.27192726731300354,
            15.236899375915527,
            -0.48351648449897766,
            0.5020154118537903,
            18.930692672729492,
            -0.8351648449897766,
            0.6044318079948425,
            6.995821475982666,
            -0.3196581304073334,
            -0.010989668779075146,
            5.5966572761535645,
            0.08864469081163406,
            0.0,
            0.0,
            0.0,
            1.0,
            0.0,
            0.0,
            0.0
        ],
        "mean": [
            -0.152335524559021,
            -0.4155517518520355,
            0.13374358415603638,
            0.24264533817768097,
            -0.5448346138000488,
            -0.5171182751655579,
            -0.6721596717834473,
            -0.9880896806716919,
            1.0643224716186523,
            0.0831872969865799,
            1.025027871131897,
            -0.030769266188144684,
            0.5715175271034241,
            -4.956540584564209,
            0.08285591751337051,
            -0.0024726770352572203,
            0.8220087289810181,
            0.037002455443143845,
            0.02255927585065365,
            -0.480193167924881,
            -0.0962393581867218,
            -0.31582510471343994,
            -0.09234485030174255,
            0.43877899646759033,
            0.2666518986225128,
            -0.8311033844947815,
            -0.5509149432182312,
            0.4878382980823517,
            -0.39246562123298645,
            -0.9273261427879333,
            0.5941019654273987,
            0.020987477153539658,
            -0.3743492066860199,
            -0.02901272103190422,
            0.7765363454818726,
            0.04937240481376648,
            0.0,
            0.0,
            0.0,
            1.0,
            0.0,
            0.0,
            0.0
        ],