{
    "action": {
        "min": [
            0.0,
            0.0,
            0.0,
            0.0,
            -9.998223304748535,
            0.0,
            0.0,
            0.0,
            0.0,
            0.0,
            0.0,
            0.0
        ],
        "max": [
            0.0,
            0.0,
            0.0,
            0.0,
            9.999802589416504,
            0.0,
            0.0,
            0.0,
            0.0,
            0.0,
            0.0,
            0.0
        ],
        "mean": [
            0.0,
            0.0,
            0.0,
            0.0,
            0.6345770955085754,
            0.0,
            0.0,
            0.0,
            0.0,
            0.0,
            0.0,
            0.0
        ],
        "std": [
            0.0,
            0.0,
            0.0,
            0.0,
            7.118222713470459,
            0.0,
            0.0,
            0.0,
            0.0,
            0.0,
            0.0,
            0.0
        ],
        "count": [
            200
        ],
        "q01": [
            3.9995784462121265e-16,
            3.9995784462121265e-16,
            3.9995784462121265e-16,
            3.9995784462121265e-16,
            -9.998223304748535,
            3.9995784462121265e-16,
            3.9995784462121265e-16,
            3.9995784462121265e-16,
            3.9995784462121265e-16,
            3.9995784462121265e-16,
            3.9995784462121265e-16,
            3.9995784462121265e-16
        ],
        "q10": [
            3.999578446212126e-15,
            3.999578446212126e-15,
            3.999578446212126e-15,
            3.999578446212126e-15,
            -9.65025806427002,
            3.999578446212126e-15,
            3.999578446212126e-15,
            3.999578446212126e-15,
            3.999578446212126e-15,
            3.999578446212126e-15,
            3.999578446212126e-15,
            3.999578446212126e-15
        ],
        "q50": [
            1.9997892231060632e-14,
            1.9997892231060632e-14,
            1.9997892231060632e-14,
            1.9997892231060632e-14,
            1.5046415328979492,
            1.9997892231060632e-14,
            1.9997892231060632e-14,
            1.9997892231060632e-14,
            1.9997892231060632e-14,
            1.9997892231060632e-14,
            1.9997892231060632e-14,
            1.9997892231060632e-14
        ],
        "q90": [
            3.599620601590914e-14,
            3.599620601590914e-14,
            3.599620601590914e-14,
            3.599620601590914e-14,
            9.587843894958496,
            3.599620601590914e-14,
            3.599620601590914e-14,
            3.599620601590914e-14,
            3.599620601590914e-14,
            3.599620601590914e-14,
            3.599620601590914e-14,
            3.599620601590914e-14
        ],
        "q99": [
            3.959582661750005e-14,
            3.959582661750005e-14,
            3.959582661750005e-14,
            3.959582661750005e-14,
            9.991803169250488,
            3.959582661750005e-14,
            3.959582661750005e-14,
            3.959582661750005e-14,
            3.959582661750005e-14,
            3.959582661750005e-14,
            3.959582661750005e-14,
            3.959582661750005e-14
        ]
    },
    "observation.state": {
        "min": [
            -0.174534410238266,
            -6.002415180206299,
            0.05128205195069313,
            0.216600239276886,
            -11.543106079101562,
            -0.6593406796455383,
            -0.7559003233909607,
            -14.313450813293457,
            0.8644688725471497,
            0.06285625696182251,
            -18.930692672729492,
            -0.1318681389093399,
            -9.71486759185791,
            -83.94985961914062,
            -0.34652015566825867,
            -0.4725557565689087,
            -16.090389251708984,
            -0.3062271177768707,
            -0.0017279012827202678,
            -6.002415180206299,
            -0.12649573385715485,
            -0.3489038646221161,
            -7.849311828613281,
            0.21001221239566803,
            0.2499479353427887,
            -18.007244110107422,
            -0.6300366520881653,
            0.5020154118537903,
            -17.083797454833984,
            -1.0695971250534058,
            0.5604730844497681,
            -5.5966572761535645,
            -0.3868131935596466,
            -0.07692768424749374,
            -3.497910737991333,
            0.045665446668863297,
            0.0,
            0.0,
            0.0,
            1.0,
            0.0,
            0.0,
            0.0
        ],
        "max": [
            -0.10859639942646027,
            5.0789666175842285,
            0.2222222238779068,
            0.2605589032173157,
            13.390002250671387,
            -0.3663003742694855,
            -0.602044939994812,
            18.007244110107422,
            1.245421290397644,
            0.1068149283528328,
            17.083797454833984,
            0.10256410390138626,
            9.330228805541992,
            72.75654602050781,
            0.49157509207725525,
            0.29672107100486755,
            16.090389251708984,
            0.3115995228290558,
            0.020251436159014702,
            6.002415180206299,
            0.023931624367833138,
            -0.3049452006816864,
            9.696208953857422,
            0.6300366520881653,
            0.2939065992832184,
            15.236899375915527,
            -0.4542124569416046,
            0.5239947438240051,
            17.083797454833984,
            -0.8644688725471497,
            0.5824524760246277,
            5.5966572761535645,
            -0.3304029405117035,
            -0.0549483448266983,
            6.296239376068115,
            0.10476190596818924,
            0.0,
            0.0,
            0.0,
            1.0,
            0.0,
            0.0,
            0.0
        ],
        "mean": [
            -0.15288501977920532,
            -0.4155517816543579,
            0.13244442641735077,
            0.24044734239578247,
            0.027703432366251945,
            -0.5106226801872253,
            -0.669522225856781,
            -0.253948450088501,
            1.0646159648895264,
            0.08494563400745392,
            0.47557616233825684,
            -0.042051348835229874,
            0.7875198125839233,
            -4.550784111022949,
            0.08123081177473068,
            -0.00483545521274209,
            0.7660421133041382,
            0.03951404616236687,
            -0.0015081062447279692,
            -0.3601449131965637,
            -0.05429061874747276,
            -0.3234075903892517,
            -0.7756968140602112,
            0.4434677064418793,
            0.27016863226890564,
            -0.3047380745410919,
            -0.5545778870582581,
            0.5025641918182373,
            -0.3324415683746338,
            -0.9507691860198975,
            0.5658578872680664,
            0.04197492450475693,
            -0.3604883551597595,
            -0.06330053508281708,
            0.7555487155914307,
            0.07470333576202393,
            0.0,
            0.0,
            0.0,
            1.0,
            0.0,
            0.0,
            0.0
        ],