{
    "action": {
        "min": [
            0.0,
            0.0,
            0.0,
            0.0,
            0.0,
            0.0,
            0.0,
            0.0,
            0.0,
            -10.0,
            0.0,
            0.0
        ],
        "max": [
            0.0,
            0.0,
            0.0,
            0.0,
            0.0,
            0.0,
            0.0,
            0.0,
            0.0,
            9.996841430664062,
            0.0,
            0.0
        ],
        "mean": [
            0.0,
            0.0,
            0.0,
            0.0,
            0.0,
            0.0,
            0.0,
            0.0,
            0.0,
            0.6386131048202515,
            0.0,
            0.0
        ],
        "std": [
            0.0,
            0.0,
            0.0,
            0.0,
            0.0,
            0.0,
            0.0,
            0.0,
            0.0,
            7.09650182723999,
            0.0,
            0.0
        ],
        "count": [
            200
        ],
        "q01": [
            3.9995784462121265e-16,
            3.9995784462121265e-16,
            3.9995784462121265e-16,
            3.9995784462121265e-16,
            3.9995784462121265e-16,
            3.9995784462121265e-16,
            3.9995784462121265e-16,
            3.9995784462121265e-16,
            3.9995784462121265e-16,
            -10.0,
            3.9995784462121265e-16,
            3.9995784462121265e-16
        ],
        "q10": [
            3.999578446212126e-15,
            3.999578446212126e-15,
            3.999578446212126e-15,
            3.999578446212126e-15,
            3.999578446212126e-15,
            3.999578446212126e-15,
            3.999578446212126e-15,
            3.999578446212126e-15,
            3.999578446212126e-15,
            -9.42809009552002,
            3.999578446212126e-15,
            3.999578446212126e-15
        ],
        "q50": [
            1.9997892231060632e-14,
            1.9997892231060632e-14,
            1.9997892231060632e-14,
            1.9997892231060632e-14,
            1.9997892231060632e-14,
            1.9997892231060632e-14,
            1.9997892231060632e-14,
            1.9997892231060632e-14,
            1.9997892231060632e-14,
            1.3782024383544922,
            1.9997892231060632e-14,
            1.9997892231060632e-14
        ],
        "q90": [
            3.599620601590914e-14,
            3.599620601590914e-14,
            3.599620601590914e-14,
            3.599620601590914e-14,
            3.599620601590914e-14,
            3.599620601590914e-14,
            3.599620601590914e-14,
            3.599620601590914e-14,
            3.599620601590914e-14,
            9.548912048339844,
            3.599620601590914e-14,
            3.599620601590914e-14
        ],
        "q99": [
            3.959582661750005e-14,
            3.959582661750005e-14,
            3.959582661750005e-14,
            3.959582661750005e-14,
            3.959582661750005e-14,
            3.959582661750005e-14,
            3.959582661750005e-14,
            3.959582661750005e-14,
            3.959582661750005e-14,
            9.994841575622559,
            3.959582661750005e-14,
            3.959582661750005e-14
        ]
    },
    "observation.state": {
        "min": [
            -0.21849308907985687,
            -8.772760391235352,
            0.010256410576403141,
            0.216600239276886,
            -8.772760391235352,
            -0.7277167439460754,
            -0.6899623274803162,
            -17.083797454833984,
            0.8644688725471497,
            0.06285625696182251,
            -18.930692672729492,
            -0.1318681389093399,
            -0.13187602162361145,
            -5.5966572761535645,
            0.053724054247140884,
            -0.02197933755815029,
            -4.197493076324463,
            0.018803419545292854,
            -0.17756260931491852,
            -10.619657516479492,
            -0.482051283121109,
            -0.3489038646221161,
            -9.696208953857422,
            0.17094017565250397,
            -0.07974213361740112,
            -33.705867767333984,
            -1.6556776762008667,
            -8.575450897216797,
            -216.5486602783203,
            -2.3882784843444824,
            0.6483904719352722,
            -4.897075176239014,
            -0.4485958516597748,
            0.0,
            -4.197493076324463,
            -0.013431013561785221,
            0.0,
            0.0,
            0.0,
            1.0,
            0.0,
            0.0,
            0.0
        ],
        "max": [
            -0.10859639942646027,
            8.772760391235352,
            0.31111112236976624,
            0.2825382351875305,
            7.849311828613281,
            -0.3272283375263214,
            -0.6460036039352417,
            13.390002250671387,
            1.216117262840271,
            0.08483558893203735,
            16.160348892211914,
            0.10256410390138626,
            -0.1098966896533966,
            6.296239376068115,
            0.14236874878406525,
            0.0,
            5.5966572761535645,
            0.10207570344209671,
            0.24004481732845306,
            6.925863265991211,
            0.32478633522987366,
            -0.28296586871147156,
            8.772760391235352,
            0.5714285969734192,
            0.7994313836097717,
            20.777589797973633,
            -0.10256410390138626,
            9.13989543914795,
            212.85487365722656,
            1.5091575384140015,
            0.6813594698905945,
            4.897075176239014,
            -0.3841269910335541,
            0.03296900540590286,
            5.5966572761535645,
            0.053724054247140884,
            0.0,
            0.0,
            0.0,
            1.0,
            0.0,
            0.0,
            0.0
        ],
        "mean": [
            -0.16838006675243378,
            -0.21701040863990784,
            0.15374362468719482,
            0.2508879005908966,
            -0.4155517816543579,
            -0.5294750332832336,
            -0.6715001463890076,
            -0.914214015007019,
            1.066080927848816,
            0.06395534425973892,
            0.12004843354225159,
            -0.00996336992830038,
            -0.12830433249473572,
            0.11193323880434036,
            0.08123080432415009,
            -0.013572238385677338,
            0.664603054523468,
            0.04512824863195419,
            0.020690971985459328,
            -0.7156729102134705,
            -0.07986322045326233,
            -0.30615442991256714,
            -0.35091036558151245,
            0.42500588297843933,
            0.3022589385509491,
            0.1292828917503357,
            -0.6114288568496704,
            0.5935592651367188,
            5.152844429016113,
            -0.5085715651512146,
            0.6643807291984558,
            0.25884541869163513,
            -0.41904744505882263,
            0.019946245476603508,
            0.6016407012939453,
            0.021462781354784966,
            0.0,
            0.0,
            0.0,
            1.0,
            0.0,
            0.0,
            0.0
        ],