{
    "action": {
        "min": [
            0.0,
            0.0,
            0.0,
            0.0,
            0.0,
            0.0,
            -9.999210357666016,
            0.0,
            0.0,
            0.0,
            0.0,
            0.0
        ],
        "max": [
            0.0,
            0.0,
            0.0,
            0.0,
            0.0,
            0.0,
            9.999210357666016,
            0.0,
            0.0,
            0.0,
            0.0,
            0.0
        ],
        "mean": [
            0.0,
            0.0,
            0.0,
            0.0,
            0.0,
            0.0,
            0.31960082054138184,
            0.0,
            0.0,
            0.0,
            0.0,
            0.0
        ],
        "std": [
            0.0,
            0.0,
            0.0,
            0.0,
            0.0,
            0.0,
            6.9959516525268555,
            0.0,
            0.0,
            0.0,
            0.0,
            0.0
        ],
        "count": [
            200
        ],
        "q01": [
            3.9995784462121265e-16,
            3.9995784462121265e-16,
            3.9995784462121265e-16,
            3.9995784462121265e-16,
            3.9995784462121265e-16,
            3.9995784462121265e-16,
            -9.999210357666016,
            3.9995784462121265e-16,
            3.9995784462121265e-16,
            3.9995784462121265e-16,
            3.9995784462121265e-16,
            3.9995784462121265e-16
        ],
        "q10": [
            3.999578446212126e-15,
            3.999578446212126e-15,
            3.999578446212126e-15,
            3.999578446212126e-15,
            3.999578446212126e-15,
            3.999578446212126e-15,
            -9.507248878479004,
            3.999578446212126e-15,
            3.999578446212126e-15,
            3.999578446212126e-15,
            3.999578446212126e-15,
            3.999578446212126e-15
        ],
        "q50": [
            1.9997892231060632e-14,
            1.9997892231060632e-14,
            1.9997892231060632e-14,
            1.9997892231060632e-14,
            1.9997892231060632e-14,
            1.9997892231060632e-14,
            0.7559394836425781,
            1.9997892231060632e-14,
            1.9997892231060632e-14,
            1.9997892231060632e-14,
            1.9997892231060632e-14,
            1.9997892231060632e-14
        ],
        "q90": [
            3.599620601590914e-14,
            3.599620601590914e-14,
            3.599620601590914e-14,
            3.599620601590914e-14,
            3.599620601590914e-14,
            3.599620601590914e-14,
            9.429255485534668,
            3.599620601590914e-14,
            3.599620601590914e-14,
            3.599620601590914e-14,
            3.599620601590914e-14,
            3.599620601590914e-14
        ],
        "q99": [
            3.959582661750005e-14,
            3.959582661750005e-14,
            3.959582661750005e-14,
            3.959582661750005e-14,
            3.959582661750005e-14,
            3.959582661750005e-14,
            9.993210792541504,
            3.959582661750005e-14,
            3.959582661750005e-14,
            3.959582661750005e-14,
            3.959582661750005e-14,
            3.959582661750005e-14
        ]
    },
    "observation.state": {
        "min": [
            -0.174534410238266,
            -6.925863265991211,
            0.05811965838074684,
            0.23857957124710083,
            -10.619657516479492,
            -0.7667887806892395,
            -0.6899623274803162,
            -16.160348892211914,
            0.8937729001045227,
            0.08483558893203735,
            -16.160348892211914,
            -0.190476194024086,
            -0.13187602162361145,
            -4.197493076324463,
            0.053724054247140884,
            0.04395867511630058,
            -4.897075176239014,
            -0.024175824597477913,
            -9.21107006072998,
            -95.57691192626953,
            -0.5162393450737,
            -0.37088319659233093,
            -9.696208953857422,
            0.190476194024086,
            0.1400512456893921,
            -16.160348892211914,
            -0.6886447072029114,
            0.48003605008125305,
            -18.007244110107422,
            -1.0402930974960327,
            0.6374008059501648,
            -4.197493076324463,
            -0.4512820541858673,
            -0.03296900540590286,
            -5.5966572761535645,
            0.008058608509600163,
            0.0,
            0.0,
            0.0,
            1.0,
            0.0,
            0.0,
            0.0
        ],
        "max": [
            -0.1305757462978363,
            10.619657516479492,
            0.20854701101779938,
            0.2825382351875305,
            9.696208953857422,
            -0.3760683834552765,
            -0.6460036039352417,
            14.313450813293457,
            1.186813235282898,
            0.1068149283528328,
            18.930692672729492,
            0.07326007634401321,
            -0.09890701621770859,
            4.197493076324463,
            0.12087912112474442,
            0.07692768424749374,
            4.897075176239014,
            0.04029304161667824,
            9.031780242919922,
            98.34725952148438,
            0.8854700922966003,
            -0.2609865069389343,
            7.849311828613281,
            0.6398046612739563,
            0.3598446249961853,
            18.007244110107422,
            -0.3663003742694855,
            0.5239947438240051,
            17.083797454833984,
            -0.8351648449897766,
            0.6703698039054871,
            4.897075176239014,
            -0.3572649657726288,
            0.0,
            6.296239376068115,
            0.09133089333772659,
            0.0,
            0.0,
            0.0,
            1.0,
            0.0,
            0.0,
            0.0
        ],
        "mean": [
            -0.15574218332767487,
            -0.5263656973838806,
            0.133914515376091,
            0.25902044773101807,
            -0.4524897336959839,
            -0.5326496362686157,
            -0.6696321368217468,
            -0.39246541261672974,
            1.070330262184143,
            0.0898909792304039,
            0.8403381109237671,
            -0.05626382678747177,
            -0.11555653810501099,
            0.1119331642985344,
            0.07536144554615021,
            0.05928935110569,
            0.664603054523468,
            -0.002296703401952982,
            -0.05568690598011017,
            1.5421574115753174,
            0.12201710045337677,
            -0.30978095531463623,
            -0.8264865279197693,
            0.42510396242141724,
            0.27137792110443115,
            0.5125139355659485,
            -0.562050461769104,
            0.5015750527381897,
            -0.5356000065803528,
            -0.9460805654525757,
            0.650808572769165,
            0.12942269444465637,
            -0.41299018263816833,
            -0.01945170946419239,
            0.6750967502593994,
            0.0475861057639122,
            0.0,
            0.0,
            0.0,
            1.0,
            0.0,
            0.0,
            0.0
        ],