{
    "action": {
        "min": [
            0.0,
            0.0,
            0.0,
            0.0,
            -9.999210357666016,
            0.0,
            0.0,
            0.0,
            0.0,
            0.0,
            0.0,
            0.0
        ],
        "max": [
            0.0,
            0.0,
            0.0,
            0.0,
            9.999210357666016,
            0.0,
            0.0,
            0.0,
            0.0,
            0.0,
            0.0,
            0.0
        ],
        "mean": [
            0.0,
            0.0,
            0.0,
            0.0,
            1.1843785047531128,
            0.0,
            0.0,
            0.0,
            0.0,
            0.0,
            0.0,
            0.0
        ],
        "std": [
            0.0,
            0.0,
            0.0,
            0.0,
            7.0770487785339355,
            0.0,
            0.0,
            0.0,
            0.0,
            0.0,
            0.0,
            0.0
        ],
        "count": [
            200
        ],
        "q01": [
            3.9995784462121265e-16,
            3.9995784462121265e-16,
            3.9995784462121265e-16,
            3.9995784462121265e-16,
            -9.993210792541504,
            3.9995784462121265e-16,
            3.9995784462121265e-16,
            3.9995784462121265e-16,
            3.9995784462121265e-16,
            3.9995784462121265e-16,
            3.9995784462121265e-16,
            3.9995784462121265e-16
        ],
        "q10": [
            3.999578446212126e-15,
            3.999578446212126e-15,
            3.999578446212126e-15,
            3.999578446212126e-15,
            -9.34326171875,
            3.999578446212126e-15,
            3.999578446212126e-15,
            3.999578446212126e-15,
            3.999578446212126e-15,
            3.999578446212126e-15,
            3.999578446212126e-15,
            3.999578446212126e-15
        ],
        "q50": [
            1.9997892231060632e-14,
            1.9997892231060632e-14,
            1.9997892231060632e-14,
            1.9997892231060632e-14,
            2.2438220977783203,
            1.9997892231060632e-14,
            1.9997892231060632e-14,
            1.9997892231060632e-14,
            1.9997892231060632e-14,
            1.9997892231060632e-14,
            1.9997892231060632e-14,
            1.9997892231060632e-14
        ],
        "q90": [
            3.599620601590914e-14,
            3.599620601590914e-14,
            3.599620601590914e-14,
            3.599620601590914e-14,
            9.655237197875977,
            3.599620601590914e-14,
            3.599620601590914e-14,
            3.599620601590914e-14,
            3.599620601590914e-14,
            3.599620601590914e-14,
            3.599620601590914e-14,
            3.599620601590914e-14
        ],
        "q99": [
            3.959582661750005e-14,
            3.959582661750005e-14,
            3.959582661750005e-14,
            3.959582661750005e-14,
            9.995210647583008,
            3.959582661750005e-14,
            3.959582661750005e-14,
            3.959582661750005e-14,
            3.959582661750005e-14,
            3.959582661750005e-14,
            3.959582661750005e-14,
            3.959582661750005e-14
        ]
    },
    "observation.state": {
        "min": [
            -0.174534410238266,
            -6.925863265991211,
            0.07863248139619827,
            0.23857957124710083,
            -9.696208953857422,
            -0.7081807255744934,
            -0.711941659450531,
            -18.007244110107422,
            0.8644688725471497,
            0.1068149283528328,
            -16.160348892211914,
            -0.190476194024086,
            -9.604970932006836,
            -99.34066772460938,
            -0.3841269910335541,
            -0.505524754524231,
            -15.39080810546875,
            -0.30891332030296326,
            0.020251436159014702,
            -6.925863265991211,
            -0.20170940458774567,
            -0.32692453265190125,
            -7.849311828613281,
            0.29792430996894836,
            0.2499479353427887,
            -18.007244110107422,
            -0.6300366520881653,
            0.48003605008125305,
            -22.624486923217773,
            -1.0695971250534058,
            0.5714628100395203,
            -6.296239376068115,
            -0.4029304087162018,
            0.12088635563850403,
            -4.197493076324463,
            -0.08058608323335648,
            0.0,
            0.0,
            0.0,
            1.0,
            0.0,
            0.0,
            0.0
        ],
        "max": [
            -0.1305757462978363,
            5.0789666175842285,
            0.2290598303079605,
            0.2605589032173157,
            7.849311828613281,
            -0.3369963467121124,
            -0.602044939994812,
            15.236899375915527,
            1.216117262840271,
            0.12879426777362823,
            22.624486923217773,
            0.07326007634401321,
            9.330228805541992,
            88.84693145751953,
            0.4969474971294403,
            0.3187004029750824,
            18.189136505126953,
            0.31697192788124084,
            0.04223077371716499,
            6.002415180206299,
            -0.03076923079788685,
            -0.3049452006816864,
            9.696208953857422,
            0.6495726704597473,
            0.27192726731300354,
            14.313450813293457,
            -0.4542124569416046,
            0.5020154118537903,
            17.083797454833984,
            -0.8058608174324036,
            0.5934421420097351,
            4.897075176239014,
            -0.3384615480899811,
            0.14286570250988007,
            5.5966572761535645,
            -0.013431013561785221,
            0.0,
            0.0,
            0.0,
            1.0,
            0.0,
            0.0,
            0.0
        ],
        "mean": [
            -0.15826988220214844,
            -0.549452006816864,
            0.1392137110233307,
            0.25814127922058105,
            -0.6602656841278076,
            -0.5361661911010742,
            -0.6687529683113098,
            -0.9465343952178955,
            1.063443660736084,
            0.10714486241340637,
            0.7572279572486877,
            -0.08556780964136124,
            0.7709803581237793,
            4.6032514572143555,
            0.11331746727228165,
            0.025221286341547966,
            0.5736574530601501,
            0.016936516389250755,
            0.03695567324757576,
            -0.5217484831809998,
            -0.10642735660076141,
            -0.3104404807090759,
            -0.21239310503005981,
            0.4331624209880829,
            0.26895976066589355,
            -0.9280657172203064,
            -0.553698718547821,
            0.49805834889411926,
            0.3139723837375641,
            -0.9347984790802002,
            0.5872881412506104,
            -0.23086215555667877,
            -0.37233445048332214,
            0.12715035676956177,
            0.7695404291152954,
            -0.04491334408521652,
            0.0,
            0.0,
            0.0,
            1.0,
            0.0,
            0.0,
            0.0
        ],