{
    "action": {
        "min": [
            0.0,
            0.0,
            0.0,
            0.0,
            0.0,
            0.0,
            0.0,
            -9.999802589416504,
            0.0,
            0.0,
            0.0,
            0.0
        ],
        "max": [
            0.0,
            0.0,
            0.0,
            0.0,
            0.0,
            0.0,
            0.0,
            9.998223304748535,
            0.0,
            0.0,
            0.0,
            0.0
        ],
        "mean": [
            0.0,
            0.0,
            0.0,
            0.0,
            0.0,
            0.0,
            0.0,
            0.4759037494659424,
            0.0,
            0.0,
            0.0,
            0.0
        ],
        "std": [
            0.0,
            0.0,
            0.0,
            0.0,
            0.0,
            0.0,
            0.0,
            6.963190078735352,
            0.0,
            0.0,
            0.0,
            0.0
        ],
        "count": [
            200
        ],
        "q01": [
            3.9995784462121265e-16,
            3.9995784462121265e-16,
            3.9995784462121265e-16,
            3.9995784462121265e-16,
            3.9995784462121265e-16,
            3.9995784462121265e-16,
            3.9995784462121265e-16,
            -9.999802589416504,
            3.9995784462121265e-16,
            3.9995784462121265e-16,
            3.9995784462121265e-16,
            3.9995784462121265e-16
        ],
        "q10": [
            3.999578446212126e-15,
            3.999578446212126e-15,
            3.999578446212126e-15,
            3.999578446212126e-15,
            3.999578446212126e-15,
            3.999578446212126e-15,
            3.999578446212126e-15,
            -9.42785930633545,
            3.999578446212126e-15,
            3.999578446212126e-15,
            3.999578446212126e-15,
            3.999578446212126e-15
        ],
        "q50": [
            1.9997892231060632e-14,
            1.9997892231060632e-14,
            1.9997892231060632e-14,
            1.9997892231060632e-14,
            1.9997892231060632e-14,
            1.9997892231060632e-14,
            1.9997892231060632e-14,
            1.0071115493774414,
            1.9997892231060632e-14,
            1.9997892231060632e-14,
            1.9997892231060632e-14,
            1.9997892231060632e-14
        ],
        "q90": [
            3.599620601590914e-14,
            3.599620601590914e-14,
            3.599620601590914e-14,
            3.599620601590914e-14,
            3.599620601590914e-14,
            3.599620601590914e-14,
            3.599620601590914e-14,
            9.346287727355957,
            3.599620601590914e-14,
            3.599620601590914e-14,
            3.599620601590914e-14,
            3.599620601590914e-14
        ],
        "q99": [
            3.959582661750005e-14,
            3.959582661750005e-14,
            3.959582661750005e-14,
            3.959582661750005e-14,
            3.959582661750005e-14,
            3.959582661750005e-14,
            3.959582661750005e-14,
            9.994223594665527,
            3.959582661750005e-14,
            3.959582661750005e-14,
            3.959582661750005e-14,
            3.959582661750005e-14
        ]
    },
    "observation.state": {
        "min": [
            -0.174534410238266,
            -7.849311828613281,
            0.03760683909058571,
            0.23857957124710083,
            -9.696208953857422,
            -0.6691086888313293,
            -0.6679829359054565,
            -15.236899375915527,
            0.8644688725471497,
            0.08483558893203735,
            -16.160348892211914,
            -0.16117216646671295,
            -0.12088635563850403,
            -4.897075176239014,
            0.051037851721048355,
            0.0549483448266983,
            -3.497910737991333,
            -0.02954822964966297,
            0.020251436159014702,
            -6.925863265991211,
            -0.23589743673801422,
            -9.536267280578613,
            -52.17483901977539,
            -0.3956044018268585,
            0.22796858847141266,
            -18.930692672729492,
            -0.6300366520881653,
            0.5020154118537903,
            -21.701038360595703,
            -1.0402930974960327,
            0.5494834184646606,
            -4.897075176239014,
            -0.38144078850746155,
            0.0,
            -4.197493076324463,
            -0.002686202758923173,
            0.0,
            0.0,
            0.0,
            1.0,
            0.0,
            0.0,
            0.0
        ],
        "max": [
            -0.1305757462978363,
            6.925863265991211,
            0.23589743673801422,
            0.2605589032173157,
            7.849311828613281,
            -0.3272283375263214,
            -0.6460036039352417,
            13.390002250671387,
            1.186813235282898,
            0.1068149283528328,
            15.236899375915527,
            0.04395604506134987,
            -0.09890701621770859,
            4.897075176239014,
            0.1101343110203743,
            0.07692768424749374,
            4.897075176239014,
            0.02954822964966297,
            0.08618944883346558,
            5.0789666175842285,
            0.003418803447857499,
            9.30002498626709,
            52.17483901977539,
            0.9426129460334778,
            0.3158859610557556,
            19.854141235351562,
            -0.4542124569416046,
            0.5239947438240051,
            15.236899375915527,
            -0.8644688725471497,
            0.5714628100395203,
            4.897075176239014,
            -0.32503053545951843,
            0.02197933755815029,
            6.995821475982666,
            0.06178266182541847,
            0.0,
            0.0,
            0.0,
            1.0,
            0.0,
            0.0,
            0.0
        ],
        "mean": [
            -0.1532147079706192,
            -0.8172519207000732,
            0.13299144804477692,
            0.25231659412384033,
            -0.8034003376960754,
            -0.5227839946746826,
            -0.6676539778709412,
            -0.7618446350097656,
            1.066666841506958,
            0.1034083291888237,
            0.8772762417793274,
            -0.06930406391620636,
            -0.10835833847522736,
            0.19238504767417908,
            0.0701771080493927,
            0.05978389084339142,
            0.6541094779968262,
            -0.0050097680650651455,
            0.051461998373270035,
            -0.40631720423698425,
            -0.12690600752830505,
            0.08002345263957977,
            1.6945277452468872,
            0.15789984166622162,
            0.26852017641067505,
            0.09234482049942017,
            -0.5538453459739685,
            0.5022344589233398,
            0.18930700421333313,
            -0.9519411325454712,
            0.5587697625160217,
            -0.03148123249411583,
            -0.3540416657924652,
            0.009945648722350597,
            0.7380591630935669,
            0.027157528325915337,
            0.0,
            0.0,
            0.0,
            1.0,
            0.0,
            0.0,
            0.0
        ],