{
    "action": {
        "min": [
            0.0,
            -10.0,
            0.0,
            0.0,
            0.0,
            0.0,
            0.0,
            0.0,
            0.0,
            0.0,
            0.0,
            0.0
        ],
        "max": [
            0.0,
            10.0,
            0.0,
            0.0,
            0.0,
            0.0,
            0.0,
            0.0,
            0.0,
            0.0,
            0.0,
            0.0
        ],
        "mean": [
            0.0,
            3.248453239734772e-08,
            0.0,
            0.0,
            0.0,
            0.0,
            0.0,
            0.0,
            0.0,
            0.0,
            0.0,
            0.0
        ],
        "std": [
            0.0,
            7.071067810058594,
            0.0,
            0.0,
            0.0,
            0.0,
            0.0,
            0.0,
            0.0,
            0.0,
            0.0,
            0.0
        ],
        "count": [
            200
        ],
        "q01": [
            3.9995784462121265e-16,
            -9.99399995803833,
            3.9995784462121265e-16,
            3.9995784462121265e-16,
            3.9995784462121265e-16,
            3.9995784462121265e-16,
            3.9995784462121265e-16,
            3.9995784462121265e-16,
            3.9995784462121265e-16,
            3.9995784462121265e-16,
            3.9995784462121265e-16,
            3.9995784462121265e-16
        ],
        "q10": [
            3.999578446212126e-15,
            -9.510000228881836,
            3.999578446212126e-15,
            3.999578446212126e-15,
            3.999578446212126e-15,
            3.999578446212126e-15,
            3.999578446212126e-15,
            3.999578446212126e-15,
            3.999578446212126e-15,
            3.999578446212126e-15,
            3.999578446212126e-15,
            3.999578446212126e-15
        ],
        "q50": [
            1.9997892231060632e-14,
            0.0020003318786621094,
            1.9997892231060632e-14,
            1.9997892231060632e-14,
            1.9997892231060632e-14,
            1.9997892231060632e-14,
            1.9997892231060632e-14,
            1.9997892231060632e-14,
            1.9997892231060632e-14,
            1.9997892231060632e-14,
            1.9997892231060632e-14,
            1.9997892231060632e-14
        ],
        "q90": [
            3.599620601590914e-14,
            9.510001182556152,
            3.599620601590914e-14,
            3.599620601590914e-14,
            3.599620601590914e-14,
            3.599620601590914e-14,
            3.599620601590914e-14,
            3.599620601590914e-14,
            3.599620601590914e-14,
            3.599620601590914e-14,
            3.599620601590914e-14,
            3.599620601590914e-14
        ],
        "q99": [
            3.959582661750005e-14,
            9.994000434875488,
            3.959582661750005e-14,
            3.959582661750005e-14,
            3.959582661750005e-14,
            3.959582661750005e-14,
            3.959582661750005e-14,
            3.959582661750005e-14,
            3.959582661750005e-14,
            3.959582661750005e-14,
            3.959582661750005e-14,
            3.959582661750005e-14
        ]
    },
    "observation.state": {
        "min": [
            -0.21849308907985687,
            -6.002415180206299,
            0.10598290711641312,
            -9.608163833618164,
            -28.165178298950195,
            -0.8156288266181946,
            -0.6679829359054565,
            -17.083797454833984,
            0.8937729001045227,
            0.06285625696182251,
            -16.160348892211914,
            -0.10256410390138626,
            -0.0549483448266983,
            -4.897075176239014,
            0.002686202758923173,
            -0.07692768424749374,
            -6.296239376068115,
            0.048351649194955826,
            -0.0017279012827202678,
            -6.002415180206299,
            -0.14700855314731598,
            -0.32692453265190125,
            -10.619657516479492,
            0.190476194024086,
            0.2499479353427887,
            -17.083797454833984,
            -0.6300366520881653,
            0.48003605008125305,
            -18.007244110107422,
            -1.0109890699386597,
            0.3736487329006195,
            -6.296239376068115,
            -0.2739926874637604,
            -0.03296900540590286,
            -5.5966572761535645,
            0.005372405517846346,
            0.0,
            0.0,
            0.0,
            1.0,
            0.0,
            0.0,
            0.0
        ],
        "max": [
            -0.174534410238266,
            6.002415180206299,
            0.24957264959812164,
            9.997405052185059,
            22.624486923217773,
            0.48351648449897766,
            -0.6460036039352417,
            17.083797454833984,
            1.245421290397644,
            0.06285625696182251,
            16.160348892211914,
            0.10256410390138626,
            -0.02197933755815029,
            4.897075176239014,
            0.07252747565507889,
            -0.0549483448266983,
            8.394986152648926,
            0.10744810849428177,
            0.020251436159014702,
            5.0789666175842285,
            0.010256410576403141,
            -0.3049452006816864,
            9.696208953857422,
            0.6593406796455383,
            0.27192726731300354,
            18.007244110107422,
            -0.48351648449897766,
            0.5020154118537903,
            16.160348892211914,
            -0.8058608174324036,
            0.39562806487083435,
            4.197493076324463,
            -0.21489621698856354,
            0.0,
            5.5966572761535645,
            0.07252747565507889,
            0.0,
            0.0,
            0.0,
            1.0,
            0.0,
            0.0,
            0.0
        ],
        "mean": [
            -0.18079832196235657,
            -0.5586863160133362,
            0.1707349717617035,
            0.13725478947162628,
            -1.782256007194519,
            -0.22266176342964172,
            -0.667873740196228,
            -0.5586863160133362,
            1.0646158456802368,
            0.06285637617111206,
            -5.4836274188119205e-08,
            0.0004395604191813618,
            -0.04285970330238342,
            0.024485375732183456,
            0.027439583092927933,
            -0.056816697120666504,
            0.7030802369117737,
            0.07340055704116821,
            -0.0015081055462360382,
            -0.04155519977211952,
            -0.058769240975379944,
            -0.3063744902610779,
            -0.43863797187805176,
            0.4270085096359253,
            0.27148735523223877,
            -0.133899986743927,
            -0.5652738809585571,
            0.4922342002391815,
            -0.7572276592254639,
            -0.928938090801239,
            0.38634204864501953,
            -0.07345610111951828,
            -0.24636520445346832,
            -0.019506657496094704,
            0.5002012252807617,
            0.04546399414539337,
            0.0,
            0.0,
            0.0,
            1.0,
            0.0,
            0.0,
            0.0
        ],