{
    "action": {
        "min": [
            -10.0,
            0.0,
            0.0,
            0.0,
            0.0,
            0.0,
            0.0,
            0.0,
            0.0,
            0.0,
            0.0,
            0.0
        ],
        "max": [
            10.0,
            0.0,
            0.0,
            0.0,
            0.0,
            0.0,
            0.0,
            0.0,
            0.0,
            0.0,
            0.0,
            0.0
        ],
        "mean": [
            -2.1755695911451767e-08,
            0.0,
            0.0,
            0.0,
            0.0,
            0.0,
            0.0,
            0.0,
            0.0,
            0.0,
            0.0,
            0.0
        ],
        "std": [
            7.071067810058594,
            0.0,
            0.0,
            0.0,
            0.0,
            0.0,
            0.0,
            0.0,
            0.0,
            0.0,
            0.0,
            0.0
        ],
        "count": [
            200
        ],
        "q01": [
            -10.0,
            3.9995784462121265e-16,
            3.9995784462121265e-16,
            3.9995784462121265e-16,
            3.9995784462121265e-16,
            3.9995784462121265e-16,
            3.9995784462121265e-16,
            3.9995784462121265e-16,
            3.9995784462121265e-16,
            3.9995784462121265e-16,
            3.9995784462121265e-16,
            3.9995784462121265e-16
        ],
        "q10": [
            -9.510000228881836,
            3.999578446212126e-15,
            3.999578446212126e-15,
            3.999578446212126e-15,
            3.999578446212126e-15,
            3.999578446212126e-15,
            3.999578446212126e-15,
            3.999578446212126e-15,
            3.999578446212126e-15,
            3.999578446212126e-15,
            3.999578446212126e-15,
            3.999578446212126e-15
        ],
        "q50": [
            0.0013335545857747395,
            1.9997892231060632e-14,
            1.9997892231060632e-14,
            1.9997892231060632e-14,
            1.9997892231060632e-14,
            1.9997892231060632e-14,
            1.9997892231060632e-14,
            1.9997892231060632e-14,
            1.9997892231060632e-14,
            1.9997892231060632e-14,
            1.9997892231060632e-14,
            1.9997892231060632e-14
        ],
        "q90": [
            9.510001182556152,
            3.599620601590914e-14,
            3.599620601590914e-14,
            3.599620601590914e-14,
            3.599620601590914e-14,
            3.599620601590914e-14,
            3.599620601590914e-14,
            3.599620601590914e-14,
            3.599620601590914e-14,
            3.599620601590914e-14,
            3.599620601590914e-14,
            3.599620601590914e-14
        ],
        "q99": [
            9.984001159667969,
            3.959582661750005e-14,
            3.959582661750005e-14,
            3.959582661750005e-14,
            3.959582661750005e-14,
            3.959582661750005e-14,
            3.959582661750005e-14,
            3.959582661750005e-14,
            3.959582661750005e-14,
            3.959582661750005e-14,
            3.959582661750005e-14,
            3.959582661750005e-14
        ]
    },
    "observation.state": {
        "min": [
            -9.38387680053711,
            -65.10311889648438,
            -0.8854700922966003,
            0.216600239276886,
            -11.543106079101562,
            -0.7667887806892395,
            -0.6899623274803162,
            -17.083797454833984,
            0.8644688725471497,
            0.06285625696182251,
            -14.313450813293457,
            -0.1318681389093399,
            -0.0549483448266983,
            -5.5966572761535645,
            0.005372405517846346,
            -0.12088635563850403,
            -3.497910737991333,
            0.07789988070726395,
            -0.0017279012827202678,
            -5.0789666175842285,
            -0.1538461595773697,
            -0.3489038646221161,
            -10.619657516479492,
            0.3369963467121124,
            0.2499479353427887,
            -17.083797454833984,
            -0.6593406796455383,
            0.48003605008125305,
            -23.547935485839844,
            -1.0402930974960327,
            0.5934421420097351,
            -3.497910737991333,
            -0.4136752188205719,
            -0.0549483448266983,
            -4.897075176239014,
            0.021489622071385384,
            0.0,
            0.0,
            0.0,
            1.0,
            0.0,
            0.0,
            0.0
        ],
        "max": [
            9.716167449951172,
            65.10311889648438,
            0.9128205180168152,
            0.2825382351875305,
            8.772760391235352,
            -0.27838829159736633,
            -0.602044939994812,
            15.236899375915527,
            1.186813235282898,
            0.08483558893203735,
            18.007244110107422,
            0.10256410390138626,
            -0.03296900540590286,
            4.897075176239014,
            0.083272285759449,
            -0.09890701621770859,
            4.897075176239014,
            0.1477411538362503,
            0.04223077371716499,
            4.155518054962158,
            -0.010256410576403141,
            -0.3049452006816864,
            6.925863265991211,
            0.5811966061592102,
            0.27192726731300354,
            19.854141235351562,
            -0.4542124569416046,
            0.5239947438240051,
            13.390002250671387,
            -0.8351648449897766,
            0.6044318079948425,
            6.296239376068115,
            -0.3411477506160736,
            -0.03296900540590286,
            4.897075176239014,
            0.09401709586381912,
            0.0,
            0.0,
            0.0,
            1.0,
            0.0,
            0.0,
            0.0
        ],
        "mean": [
            0.1973564177751541,
            -2.7149384021759033,
            -0.15733331441879272,
            0.24583256244659424,
            -0.8541897535324097,
            -0.5099875330924988,
            -0.665346086025238,
            -0.37861400842666626,
            1.055677890777588,
            0.06439493596553802,
            0.5125138759613037,
            -0.015091575682163239,
            -0.0500030517578125,
            -0.08045194298028946,
            0.03252993896603584,
            -0.10736929625272751,
            0.563163697719574,
            0.10575579851865768,
            0.01827332191169262,
            -0.49404484033584595,
            -0.07825641334056854,
            -0.32791319489479065,
            -0.6140931844711304,
            0.456752210855484,
            0.26687172055244446,
            -0.12928280234336853,
            -0.5520870685577393,
            0.5020146369934082,
            0.2539483308792114,
            -0.947252631187439,
            0.6008053421974182,
            0.04197496548295021,
            -0.37941262125968933,
            -0.04099147394299507,
            0.8954651355743408,
            0.06034556031227112,
            0.0,
            0.0,
            0.0,
            1.0,
            0.0,
            0.0,
            0.0
        ],