{
    "action": {
        "min": [
            0.0,
            0.0,
            0.0,
            -9.999210357666016,
            0.0,
            0.0,
            0.0,
            0.0,
            0.0,
            0.0,
            0.0,
            0.0
        ],
        "max": [
            0.0,
            0.0,
            0.0,
            9.999210357666016,
            0.0,
            0.0,
            0.0,
            0.0,
            0.0,
            0.0,
            0.0,
            0.0
        ],
        "mean": [
            0.0,
            0.0,
            0.0,
            0.5275000929832458,
            0.0,
            0.0,
            0.0,
            0.0,
            0.0,
            0.0,
            0.0,
            0.0
        ],
        "std": [
            0.0,
            0.0,
            0.0,
            6.997615814208984,
            0.0,
            0.0,
            0.0,
            0.0,
            0.0,
            0.0,
            0.0,
            0.0
        ],
        "count": [
            200
        ],
        "q01": [
            3.9995784462121265e-16,
            3.9995784462121265e-16,
            3.9995784462121265e-16,
            -9.993210792541504,
            3.9995784462121265e-16,
            3.9995784462121265e-16,
            3.9995784462121265e-16,
            3.9995784462121265e-16,
            3.9995784462121265e-16,
            3.9995784462121265e-16,
            3.9995784462121265e-16,
            3.9995784462121265e-16
        ],
        "q10": [
            3.999578446212126e-15,
            3.999578446212126e-15,
            3.999578446212126e-15,
            -9.427255630493164,
            3.999578446212126e-15,
            3.999578446212126e-15,
            3.999578446212126e-15,
            3.999578446212126e-15,
            3.999578446212126e-15,
            3.999578446212126e-15,
            3.999578446212126e-15,
            3.999578446212126e-15
        ],
        "q50": [
            1.9997892231060632e-14,
            1.9997892231060632e-14,
            1.9997892231060632e-14,
            1.0019207000732422,
            1.9997892231060632e-14,
            1.9997892231060632e-14,
            1.9997892231060632e-14,
            1.9997892231060632e-14,
            1.9997892231060632e-14,
            1.9997892231060632e-14,
            1.9997892231060632e-14,
            1.9997892231060632e-14
        ],
        "q90": [
            3.599620601590914e-14,
            3.599620601590914e-14,
            3.599620601590914e-14,
            9.58524227142334,
            3.599620601590914e-14,
            3.599620601590914e-14,
            3.599620601590914e-14,
            3.599620601590914e-14,
            3.599620601590914e-14,
            3.599620601590914e-14,
            3.599620601590914e-14,
            3.599620601590914e-14
        ],
        "q99": [
            3.959582661750005e-14,
            3.959582661750005e-14,
            3.959582661750005e-14,
            9.995210647583008,
            3.959582661750005e-14,
            3.959582661750005e-14,
            3.959582661750005e-14,
            3.959582661750005e-14,
            3.959582661750005e-14,
            3.959582661750005e-14,
            3.959582661750005e-14,
            3.959582661750005e-14
        ]
    },
    "observation.state": {
        "min": [
            -0.3283897936344147,
            -8.772760391235352,
            -0.2769230902194977,
            0.15066221356391907,
            -11.543106079101562,
            -0.8937729001045227,
            -1.2834044694900513,
            -51.25138854980469,
            -1.274725317955017,
            -8.245333671569824,
            -261.7976379394531,
            -2.769230842590332,
            -0.1098966896533966,
            -6.995821475982666,
            0.03492063656449318,
            -0.1098966896533966,
            -4.197493076324463,
            0.07521367818117142,
            -0.06766591221094131,
            -6.002415180206299,
            -0.31111112236976624,
            -0.37088319659233093,
            -10.619657516479492,
            0.1318681389093399,
            0.18400992453098297,
            -16.160348892211914,
            -0.7765567898750305,
            0.48003605008125305,
            -18.930692672729492,
            -1.0109890699386597,
            0.6813594698905945,
            -4.197493076324463,
            -0.47277167439460754,
            0.04395867511630058,
            -4.197493076324463,
            -0.03223443403840065,
            0.0,
            0.0,
            0.0,
            1.0,
            0.0,
            0.0,
            0.0
        ],
        "max": [
            0.045258961617946625,
            9.696208953857422,
            0.4888888895511627,
            0.3704555928707123,
            7.849311828613281,
            -0.04395604506134987,
            0.43098393082618713,
            34.62931823730469,
            2.5054945945739746,
            8.722715377807617,
            285.80731201171875,
            2.007326126098633,
            -0.07692768424749374,
            4.897075176239014,
            0.11282051354646683,
            -0.08791735023260117,
            4.197493076324463,
            0.1477411538362503,
            0.13014812767505646,
            5.0789666175842285,
            0.19487179815769196,
            -0.28296586871147156,
            8.772760391235352,
            0.6398046612739563,
            0.42578262090682983,
            23.547935485839844,
            -0.42490842938423157,
            0.5020154118537903,
            18.930692672729492,
            -0.8351648449897766,
            0.7143284678459167,
            4.897075176239014,
            -0.4056166112422943,
            0.07692768424749374,
            5.5966572761535645,
            0.03492063656449318,
            0.0,
            0.0,
            0.0,
            1.0,
            0.0,
            0.0,
            0.0
        ],
        "mean": [
            -0.16090722382068634,
            -0.5817725658416748,
            0.13935042917728424,
            0.24890974164009094,
            -0.7849313616752625,
            -0.5200977921485901,
            -0.5498439073562622,
            0.21701031923294067,
            0.8540657758712769,
            0.7341053485870361,
            5.494520664215088,
            -0.3649817705154419,
            -0.09028016030788422,
            -0.13991640508174896,
            0.05932481214404106,
            -0.10061068832874298,
            0.5736575126647949,
            0.09902685880661011,
            0.03409837558865547,
            -0.3924655616283417,
            -0.10574360191822052,
            -0.3182429075241089,
            0.009234478697180748,
            0.4372161626815796,
            0.26775121688842773,
            -0.6094760298728943,
            -0.5586804747581482,
            0.48882731795310974,
            -0.09696214646100998,
            -0.9251281023025513,
            0.6986137628555298,
            0.10843521356582642,
            -0.44076576828956604,
            0.05824533849954605,
            0.5981428027153015,
            -0.0016788765788078308,
            0.0,
            0.0,
            0.0,
            1.0,
            0.0,
            0.0,
            0.0
        ],