{
    "action": {
        "min": [
            -9.999210357666016,
            0.0,
            0.0,
            0.0,
            0.0,
            0.0,
            0.0,
            0.0,
            0.0,
            0.0,
            0.0,
            0.0
        ],
        "max": [
            9.999210357666016,
            0.0,
            0.0,
            0.0,
            0.0,
            0.0,
            0.0,
            0.0,
            0.0,
            0.0,
            0.0,
            0.0
        ],
        "mean": [
            0.31960082054138184,
            0.0,
            0.0,
            0.0,
            0.0,
            0.0,
            0.0,
            0.0,
            0.0,
            0.0,
            0.0,
            0.0
        ],
        "std": [
            6.9959516525268555,
            0.0,
            0.0,
            0.0,
            0.0,
            0.0,
            0.0,
            0.0,
            0.0,
            0.0,
            0.0,
            0.0
        ],
        "count": [
            200
        ],
        "q01": [
            -9.999210357666016,
            3.9995784462121265e-16,
            3.9995784462121265e-16,
            3.9995784462121265e-16,
            3.9995784462121265e-16,
            3.9995784462121265e-16,
            3.9995784462121265e-16,
            3.9995784462121265e-16,
            3.9995784462121265e-16,
            3.9995784462121265e-16,
            3.9995784462121265e-16,
            3.9995784462121265e-16
        ],
        "q10": [
            -9.507248878479004,
            3.999578446212126e-15,
            3.999578446212126e-15,
            3.999578446212126e-15,
            3.999578446212126e-15,
            3.999578446212126e-15,
            3.999578446212126e-15,
            3.999578446212126e-15,
            3.999578446212126e-15,
            3.999578446212126e-15,
            3.999578446212126e-15,
            3.999578446212126e-15
        ],
        "q50": [
            0.7559394836425781,
            1.9997892231060632e-14,
            1.9997892231060632e-14,
            1.9997892231060632e-14,
            1.9997892231060632e-14,
            1.9997892231060632e-14,
            1.9997892231060632e-14,
            1.9997892231060632e-14,
            1.9997892231060632e-14,
            1.9997892231060632e-14,
            1.9997892231060632e-14,
            1.9997892231060632e-14
        ],
        "q90": [
            9.429255485534668,
            3.599620601590914e-14,
            3.599620601590914e-14,
            3.599620601590914e-14,
            3.599620601590914e-14,
            3.599620601590914e-14,
            3.599620601590914e-14,
            3.599620601590914e-14,
            3.599620601590914e-14,
            3.599620601590914e-14,
            3.599620601590914e-14,
            3.599620601590914e-14
        ],
        "q99": [
            9.993210792541504,
            3.959582661750005e-14,
            3.959582661750005e-14,
            3.959582661750005e-14,
            3.959582661750005e-14,
            3.959582661750005e-14,
            3.959582661750005e-14,
            3.959582661750005e-14,
            3.959582661750005e-14,
            3.959582661750005e-14,
            3.959582661750005e-14,
            3.959582661750005e-14
        ]
    },
    "observation.state": {
        "min": [
            -8.944290161132812,
            -95.57691192626953,
            -1.1589744091033936,
            0.19462089240550995,
            -9.696208953857422,
            -0.7863247990608215,
            -0.7998589873313904,
            -20.777589797973633,
            0.8351648449897766,
            0.04087691754102707,
            -18.007244110107422,
            -0.1318681389093399,
            -0.04395867511630058,
            -4.197493076324463,
            -0.005372405517846346,
            -0.14286570250988007,
            -5.5966572761535645,
            0.08595848828554153,
            -0.0017279012827202678,
            -6.925863265991211,
            -0.18119658529758453,
            -0.32692453265190125,
            -8.772760391235352,
            0.2588522732257843,
            0.2499479353427887,
            -17.083797454833984,
            -0.6300366520881653,
            0.48003605008125305,
            -21.701038360595703,
            -1.0695971250534058,
            0.6374008059501648,
            -4.897075176239014,
            -0.4432234466075897,
            -0.02197933755815029,
            -4.197493076324463,
            0.010744811035692692,
            0.0,
            0.0,
            0.0,
            1.0,
            0.0,
            0.0,
            0.0
        ],
        "max": [
            9.276580810546875,
            97.42381286621094,
            0.9128205180168152,
            0.30451759696006775,
            7.849311828613281,
            -0.29792430996894836,
            -0.5361069440841675,
            20.777589797973633,
            1.274725317955017,
            0.08483558893203735,
            19.854141235351562,
            0.10256410390138626,
            -0.02197933755815029,
            3.497910737991333,
            0.07789988070726395,
            -0.12088635563850403,
            6.296239376068115,
            0.18803419172763824,
            0.04223077371716499,
            5.0789666175842285,
            -0.017094017937779427,
            -0.3049452006816864,
            6.925863265991211,
            0.5909646153450012,
            0.27192726731300354,
            13.390002250671387,
            -0.4542124569416046,
            0.5020154118537903,
            16.160348892211914,
            -0.8058608174324036,
            0.6593801379203796,
            4.897075176239014,
            -0.3680097758769989,
            0.0,
            6.296239376068115,
            0.07789988070726395,
            0.0,
            0.0,
            0.0,
            1.0,
            0.0,
            0.0,
            0.0
        ],
        "mean": [
            0.13394559919834137,
            1.0573487281799316,
            -0.14389744400978088,
            0.247371107339859,
            -0.11543107032775879,
            -0.5210743546485901,
            -0.6621584296226501,
            -0.7664623260498047,
            1.0567033290863037,
            0.06494441628456116,
            0.5863896012306213,
            -0.011135531589388847,
            -0.03285910189151764,
            -0.29032662510871887,
            0.020562903955578804,
            -0.13198591768741608,
            0.7800342440605164,
            0.11949575692415237,
            0.020800940692424774,
            -0.26318278908729553,
            -0.08765813708305359,
            -0.31505587697029114,
            -0.503279447555542,
            0.4323321282863617,
            0.26764097809791565,
            -0.272417277097702,
            -0.5541384220123291,
            0.4984980821609497,
            -0.563303530216217,
            -0.9384613633155823,
            0.6500394344329834,
            -0.03497911989688873,
            -0.4101831912994385,
            -0.01824284717440605,
            0.664603054523468,
            0.04279124736785889,
            0.0,
            0.0,
            0.0,
            1.0,
            0.0,
            0.0,
            0.0
        ],