{
    "action": {
        "min": [
            0.0,
            0.0,
            -10.0,
            0.0,
            0.0,
            0.0,
            0.0,
            0.0,
            0.0,
            0.0,
            0.0,
            0.0
        ],
        "max": [
            0.0,
            0.0,
            9.999210357666016,
            0.0,
            0.0,
            0.0,
            0.0,
            0.0,
            0.0,
            0.0,
            0.0,
            0.0
        ],
        "mean": [
            0.0,
            0.0,
            0.8925601243972778,
            0.0,
            0.0,
            0.0,
            0.0,
            0.0,
            0.0,
            0.0,
            0.0,
            0.0
        ],
        "std": [
            0.0,
            0.0,
            6.857784748077393,
            0.0,
            0.0,
            0.0,
            0.0,
            0.0,
            0.0,
            0.0,
            0.0,
            0.0
        ],
        "count": [
            200
        ],
        "q01": [
            3.9995784462121265e-16,
            3.9995784462121265e-16,
            -9.994000434875488,
            3.9995784462121265e-16,
            3.9995784462121265e-16,
            3.9995784462121265e-16,
            3.9995784462121265e-16,
            3.9995784462121265e-16,
            3.9995784462121265e-16,
            3.9995784462121265e-16,
            3.9995784462121265e-16,
            3.9995784462121265e-16
        ],
        "q10": [
            3.999578446212126e-15,
            3.999578446212126e-15,
            -9.298027992248535,
            3.999578446212126e-15,
            3.999578446212126e-15,
            3.999578446212126e-15,
            3.999578446212126e-15,
            3.999578446212126e-15,
            3.999578446212126e-15,
            3.999578446212126e-15,
            3.999578446212126e-15,
            3.999578446212126e-15
        ],
        "q50": [
            1.9997892231060632e-14,
            1.9997892231060632e-14,
            1.997525691986084,
            1.9997892231060632e-14,
            1.9997892231060632e-14,
            1.9997892231060632e-14,
            1.9997892231060632e-14,
            1.9997892231060632e-14,
            1.9997892231060632e-14,
            1.9997892231060632e-14,
            1.9997892231060632e-14,
            1.9997892231060632e-14
        ],
        "q90": [
            3.599620601590914e-14,
            3.599620601590914e-14,
            9.347234725952148,
            3.599620601590914e-14,
            3.599620601590914e-14,
            3.599620601590914e-14,
            3.599620601590914e-14,
            3.599620601590914e-14,
            3.599620601590914e-14,
            3.599620601590914e-14,
            3.599620601590914e-14,
            3.599620601590914e-14
        ],
        "q99": [
            3.959582661750005e-14,
            3.959582661750005e-14,
            9.991209030151367,
            3.959582661750005e-14,
            3.959582661750005e-14,
            3.959582661750005e-14,
            3.959582661750005e-14,
            3.959582661750005e-14,
            3.959582661750005e-14,
            3.959582661750005e-14,
            3.959582661750005e-14,
            3.959582661750005e-14
        ]
    },
    "observation.state": {
        "min": [
            -0.21849308907985687,
            -7.849311828613281,
            -0.03760683909058571,
            0.23857957124710083,
            -8.772760391235352,
            -0.7667887806892395,
            -10.207015991210938,
            -85.41898345947266,
            -1.0695971250534058,
            0.04087691754102707,
            -18.930692672729492,
            -0.16117216646671295,
            -0.04395867511630058,
            -4.897075176239014,
            -0.0,
            -0.06593801081180573,
            -4.197493076324463,
            0.048351649194955826,
            -0.02370723895728588,
            -6.925863265991211,
            -0.10598290711641312,
            -0.3489038646221161,
            -8.772760391235352,
            0.28815630078315735,
            0.2499479353427887,
            -20.777589797973633,
            -0.6886447072029114,
            0.48003605008125305,
            -18.930692672729492,
            -1.0402930974960327,
            0.4835454225540161,
            -4.897075176239014,
            -0.3518925607204437,
            -0.06593801081180573,
            -4.897075176239014,
            0.005372405517846346,
            0.0,
            0.0,
            0.0,
            1.0,
            0.0,
            0.0,
            0.0
        ],
        "max": [
            -0.06463772803544998,
            6.002415180206299,
            0.3042735159397125,
            0.30451759696006775,
            9.696208953857422,
            -0.3663003742694855,
            8.12375259399414,
            81.72518920898438,
            3.7948718070983887,
            0.08483558893203735,
            17.083797454833984,
            0.10256410390138626,
            -0.02197933755815029,
            5.5966572761535645,
            0.056410256773233414,
            -0.04395867511630058,
            5.5966572761535645,
            0.1101343110203743,
            -0.0017279012827202678,
            5.0789666175842285,
            0.05128205195069313,
            -0.32692453265190125,
            9.696208953857422,
            0.6398046612739563,
            0.2939065992832184,
            12.466554641723633,
            -0.48351648449897766,
            0.5020154118537903,
            17.083797454833984,
            -0.8351648449897766,
            0.5165144205093384,
            6.296239376068115,
            -0.2578754723072052,
            -0.03296900540590286,
            6.296239376068115,
            0.09670329838991165,
            0.0,
            0.0,
            0.0,
            1.0,
            0.0,
            0.0,
            0.0
        ],
        "mean": [
            -0.1553025245666504,
            -0.3462931513786316,
            0.13220514357089996,
            0.264515221118927,
            -0.272417277097702,
            -0.553357720375061,
            -0.2403746098279953,
            6.579570770263672,
            1.305787205696106,
            0.06945019960403442,
            0.00923451129347086,
            -0.021684987470507622,
            -0.040991462767124176,
            0.017489541321992874,
            0.02448476105928421,
            -0.05736616626381874,
            0.8849713802337646,
            0.07020394504070282,
            -0.01590455137193203,
            -0.5078967809677124,
            -0.03647865355014801,
            -0.33066070079803467,
            -0.6233277916908264,
            0.46368739008903503,
            0.2709379196166992,
            -0.041555196046829224,
            -0.568497359752655,
            0.49816828966140747,
            -0.701820969581604,
            -0.93538498878479,
            0.4978867471218109,
            0.06646031141281128,
            -0.3157496154308319,
            -0.047860048711299896,
            0.5351803302764893,
            0.06453603506088257,
            0.0,
            0.0,
            0.0,
            1.0,
            0.0,
            0.0,
            0.0
        ],