{
    "action": {
        "min": [
            0.0,
            0.0,
            0.0,
            0.0,
            0.0,
            0.0,
            0.0,
            -9.999210357666016,
            0.0,
            0.0,
            0.0,
            0.0
        ],
        "max": [
            0.0,
            0.0,
            0.0,
            0.0,
            0.0,
            0.0,
            0.0,
            9.999210357666016,
            0.0,
            0.0,
            0.0,
            0.0
        ],
        "mean": [
            0.0,
            0.0,
            0.0,
            0.0,
            0.0,
            0.0,
            0.0,
            0.5275000929832458,
            0.0,
            0.0,
            0.0,
            0.0
        ],
        "std": [
            0.0,
            0.0,
            0.0,
            0.0,
            0.0,
            0.0,
            0.0,
            6.997615814208984,
            0.0,
            0.0,
            0.0,
            0.0
        ],
        "count": [
            200
        ],
        "q01": [
            3.9995784462121265e-16,
            3.9995784462121265e-16,
            3.9995784462121265e-16,
            3.9995784462121265e-16,
            3.9995784462121265e-16,
            3.9995784462121265e-16,
            3.9995784462121265e-16,
            -9.993210792541504,
            3.9995784462121265e-16,
            3.9995784462121265e-16,
            3.9995784462121265e-16,
            3.9995784462121265e-16
        ],
        "q10": [
            3.999578446212126e-15,
            3.999578446212126e-15,
            3.999578446212126e-15,
            3.999578446212126e-15,
            3.999578446212126e-15,
            3.999578446212126e-15,
            3.999578446212126e-15,
            -9.427255630493164,
            3.999578446212126e-15,
            3.999578446212126e-15,
            3.999578446212126e-15,
            3.999578446212126e-15
        ],
        "q50": [
            1.9997892231060632e-14,
            1.9997892231060632e-14,
            1.9997892231060632e-14,
            1.9997892231060632e-14,
            1.9997892231060632e-14,
            1.9997892231060632e-14,
            1.9997892231060632e-14,
            1.0019207000732422,
            1.9997892231060632e-14,
            1.9997892231060632e-14,
            1.9997892231060632e-14,
            1.9997892231060632e-14
        ],
        "q90": [
            3.599620601590914e-14,
            3.599620601590914e-14,
            3.599620601590914e-14,
            3.599620601590914e-14,
            3.599620601590914e-14,
            3.599620601590914e-14,
            3.599620601590914e-14,
            9.58524227142334,
            3.599620601590914e-14,
            3.599620601590914e-14,
            3.599620601590914e-14,
            3.599620601590914e-14
        ],
        "q99": [
            3.959582661750005e-14,
            3.959582661750005e-14,
            3.959582661750005e-14,
            3.959582661750005e-14,
            3.959582661750005e-14,
            3.959582661750005e-14,
            3.959582661750005e-14,
            9.995210647583008,
            3.959582661750005e-14,
            3.959582661750005e-14,
            3.959582661750005e-14,
            3.959582661750005e-14
        ]
    },
    "observation.state": {
        "min": [
            -0.2844310998916626,
            -6.925863265991211,
            -0.19487179815769196,
            0.15066221356391907,
            -12.466554641723633,
            -0.8449328541755676,
            -0.7778796553611755,
            -18.007244110107422,
            0.8058608174324036,
            0.06285625696182251,
            -15.236899375915527,
            -0.1318681389093399,
            -0.12088635563850403,
            -4.897075176239014,
            0.04029304161667824,
            -0.1538553684949875,
            -4.897075176239014,
            0.09670329838991165,
            -0.28745928406715393,
            -11.543106079101562,
            -0.7965812087059021,
            -7.865837574005127,
            -108.50519561767578,
            -0.9523809552192688,
            0.030154556035995483,
            -24.471384048461914,
            -0.9816849827766418,
            0.4580567181110382,
            -23.547935485839844,
            -1.0695971250534058,
            0.6593801379203796,
            -6.296239376068115,
            -0.47277167439460754,
            0.02197933755815029,
            -9.094568252563477,
            -0.056410256773233414,
            0.0,
            0.0,
            0.0,
            1.0,
            0.0,
            0.0,
            0.0
        ],
        "max": [
            -0.02067905105650425,
            7.849311828613281,
            0.3658119738101959,
            0.3264969289302826,
            6.925863265991211,
            -0.17094017565250397,
            -0.5141276121139526,
            24.471384048461914,
            1.274725317955017,
            0.1068149283528328,
            21.701038360595703,
            0.10256410390138626,
            -0.09890701621770859,
            4.897075176239014,
            0.12087912112474442,
            -0.12088635563850403,
            6.296239376068115,
            0.1746031790971756,
            0.3059828281402588,
            10.619657516479492,
            0.5709401965141296,
            7.915327072143555,
            108.50519561767578,
            1.3235653638839722,
            0.5356793403625488,
            23.547935485839844,
            -0.2490842491388321,
            0.5239947438240051,
            17.083797454833984,
            -0.8351648449897766,
            0.7143284678459167,
            8.394986152648926,
            -0.37069597840309143,
            0.13187602162361145,
            6.995821475982666,
            0.03492063656449318,
            0.0,
            0.0,
            0.0,
            1.0,
            0.0,
            0.0,
            0.0
        ],
        "mean": [
            -0.1591489613056183,
            -0.8034006357192993,
            0.13928204774856567,
            0.24781064689159393,
            -0.5171310305595398,
            -0.5108180046081543,
            -0.6717190742492676,
            -0.15698617696762085,
            1.0682787895202637,
            0.07912115007638931,
            0.9234486222267151,
            -0.03340664505958557,
            -0.10824844241142273,
            -0.12592484056949615,
            0.06982788443565369,
            -0.14055809378623962,
            0.6156324148178101,
            0.12425030022859573,
            0.01662483997642994,
            -0.24009643495082855,
            -0.09158972650766373,
            0.2667374908924103,
            0.8680422306060791,
            0.15892550349235535,
            0.27742213010787964,
            -1.3482348918914795,
            -0.5818314552307129,
            0.4939924478530884,
            -1.1266067028045654,
            -0.93684983253479,
            0.68773353099823,
            -0.006995819043368101,
            -0.4336741268634796,
            0.07593870162963867,
            0.727565586566925,
            -0.014250313863158226,
            0.0,
            0.0,
            0.0,
            1.0,
            0.0,
            0.0,
            0.0
        ],