{
    "action": {
        "min": [
            -10.0,
            0.0,
            0.0,
            0.0,
            0.0,
            0.0,
            0.0,
            0.0,
            0.0,
            0.0,
            0.0,
            0.0
        ],
        "max": [
            9.999210357666016,
            0.0,
            0.0,
            0.0,
            0.0,
            0.0,
            0.0,
            0.0,
            0.0,
            0.0,
            0.0,
            0.0
        ],
        "mean": [
            0.8925601243972778,
            0.0,
            0.0,
            0.0,
            0.0,
            0.0,
            0.0,
            0.0,
            0.0,
            0.0,
            0.0,
            0.0
        ],
        "std": [
            6.857784748077393,
            0.0,
            0.0,
            0.0,
            0.0,
            0.0,
            0.0,
            0.0,
            0.0,
            0.0,
            0.0,
            0.0
        ],
        "count": [
            200
        ],
        "q01": [
            -9.994000434875488,
            3.9995784462121265e-16,
            3.9995784462121265e-16,
            3.9995784462121265e-16,
            3.9995784462121265e-16,
            3.9995784462121265e-16,
            3.9995784462121265e-16,
            3.9995784462121265e-16,
            3.9995784462121265e-16,
            3.9995784462121265e-16,
            3.9995784462121265e-16,
            3.9995784462121265e-16
        ],
        "q10": [
            -9.298027992248535,
            3.999578446212126e-15,
            3.999578446212126e-15,
            3.999578446212126e-15,
            3.999578446212126e-15,
            3.999578446212126e-15,
            3.999578446212126e-15,
            3.999578446212126e-15,
            3.999578446212126e-15,
            3.999578446212126e-15,
            3.999578446212126e-15,
            3.999578446212126e-15
        ],
        "q50": [
            1.997525691986084,
            1.9997892231060632e-14,
            1.9997892231060632e-14,
            1.9997892231060632e-14,
            1.9997892231060632e-14,
            1.9997892231060632e-14,
            1.9997892231060632e-14,
            1.9997892231060632e-14,
            1.9997892231060632e-14,
            1.9997892231060632e-14,
            1.9997892231060632e-14,
            1.9997892231060632e-14
        ],
        "q90": [
            9.347234725952148,
            3.599620601590914e-14,
            3.599620601590914e-14,
            3.599620601590914e-14,
            3.599620601590914e-14,
            3.599620601590914e-14,
            3.599620601590914e-14,
            3.599620601590914e-14,
            3.599620601590914e-14,
            3.599620601590914e-14,
            3.599620601590914e-14,
            3.599620601590914e-14
        ],
        "q99": [
            9.991209030151367,
            3.959582661750005e-14,
            3.959582661750005e-14,
            3.959582661750005e-14,
            3.959582661750005e-14,
            3.959582661750005e-14,
            3.959582661750005e-14,
            3.959582661750005e-14,
            3.959582661750005e-14,
            3.959582661750005e-14,
            3.959582661750005e-14,
            3.959582661750005e-14
        ]
    },
    "observation.state": {
        "min": [
            -9.669608116149902,
            -50.32794189453125,
            -0.8102564215660095,
            0.216600239276886,
            -10.619657516479492,
            -0.8742368817329407,
            -0.6899623274803162,
            -25.394832611083984,
            0.8351648449897766,
            0.06285625696182251,
            -15.236899375915527,
            -0.16117216646671295,
            -0.03296900540590286,
            -4.897075176239014,
            -0.008058608509600163,
            -0.12088635563850403,
            -3.497910737991333,
            0.07521367818117142,
            -0.04568657651543617,
            -6.925863265991211,
            -0.0991453006863594,
            -0.3489038646221161,
            -8.772760391235352,
            0.28815630078315735,
            0.27192726731300354,
            -19.854141235351562,
            -0.6593406796455383,
            0.48003605008125305,
            -18.007244110107422,
            -1.0109890699386597,
            0.49453508853912354,
            -5.5966572761535645,
            -0.3518925607204437,
            -0.06593801081180573,
            -4.897075176239014,
            0.03223443403840065,
            0.0,
            0.0,
            0.0,
            1.0,
            0.0,
            0.0,
            0.0
        ],
        "max": [
            9.913981437683105,
            41.09345626831055,
            0.6871795058250427,
            0.2825382351875305,
            10.619657516479492,
            -0.2490842491388321,
            -0.6240242719650269,
            15.236899375915527,
            1.186813235282898,
            0.08483558893203735,
            21.701038360595703,
            0.07326007634401321,
            -0.010989668779075146,
            4.197493076324463,
            0.03760683909058571,
            -0.08791735023260117,
            5.5966572761535645,
            0.12087912112474442,
            -0.02370723895728588,
            6.002415180206299,
            0.08547008782625198,
            -0.32692453265190125,
            6.925863265991211,
            0.6105006337165833,
            0.27192726731300354,
            19.854141235351562,
            -0.4542124569416046,
            0.5020154118537903,
            25.394832611083984,
            -0.8351648449897766,
            0.5275040864944458,
            4.197493076324463,
            -0.28205129504203796,
            -0.04395867511630058,
            6.995821475982666,
            0.09938950091600418,
            0.0,
            0.0,
            0.0,
            1.0,
            0.0,
            0.0,
            0.0
        ],
        "mean": [
            0.6043034791946411,
            3.19974946975708,
            -0.10618806630373001,
            0.24495334923267365,
            -0.13390004634857178,
            -0.5116483569145203,
            -0.6618292927742004,
            -1.1589276790618896,
            1.0474729537963867,
            0.07120855897665024,
            0.6371793150901794,
            -0.021978028118610382,
            -0.019396761432290077,
            -0.13641853630542755,
            0.012813203036785126,
            -0.10203930735588074,
            0.7730385065078735,
            0.10070575028657913,
            -0.037224579602479935,
            -0.3924656808376312,
            -0.008717948570847511,
            -0.3316497802734375,
            -0.327824205160141,
            0.458656907081604,
            0.27192696928977966,
            -0.8311038017272949,
            -0.5651273727416992,
            0.49673962593078613,
            -0.14775165915489197,
            -0.9312822818756104,
            0.5072827339172363,
            -0.052468542009592056,
            -0.322129487991333,
            -0.05571772903203964,
            0.5002014636993408,
            0.06873995065689087,
            0.0,
            0.0,
            0.0,
            1.0,
            0.0,
            0.0,
            0.0
        ],