{
    "action": {
        "min": [
            0.0,
            0.0,
            0.0,
            0.0,
            0.0,
            0.0,
            0.0,
            -9.996841430664062,
            0.0,
            0.0,
            0.0,
            0.0
        ],
        "max": [
            0.0,
            0.0,
            0.0,
            0.0,
            0.0,
            0.0,
            0.0,
            9.999802589416504,
            0.0,
            0.0,
            0.0,
            0.0
        ],
        "mean": [
            0.0,
            0.0,
            0.0,
            0.0,
            0.0,
            0.0,
            0.0,
            1.1214410066604614,
            0.0,
            0.0,
            0.0,
            0.0
        ],
        "std": [
            0.0,
            0.0,
            0.0,
            0.0,
            0.0,
            0.0,
            0.0,
            6.87050199508667,
            0.0,
            0.0,
            0.0,
            0.0
        ],
        "count": [
            200
        ],
        "q01": [
            3.9995784462121265e-16,
            3.9995784462121265e-16,
            3.9995784462121265e-16,
            3.9995784462121265e-16,
            3.9995784462121265e-16,
            3.9995784462121265e-16,
            3.9995784462121265e-16,
            -9.996841430664062,
            3.9995784462121265e-16,
            3.9995784462121265e-16,
            3.9995784462121265e-16,
            3.9995784462121265e-16
        ],
        "q10": [
            3.999578446212126e-15,
            3.999578446212126e-15,
            3.999578446212126e-15,
            3.999578446212126e-15,
            3.999578446212126e-15,
            3.999578446212126e-15,
            3.999578446212126e-15,
            -9.27296257019043,
            3.999578446212126e-15,
            3.999578446212126e-15,
            3.999578446212126e-15,
            3.999578446212126e-15
        ],
        "q50": [
            1.9997892231060632e-14,
            1.9997892231060632e-14,
            1.9997892231060632e-14,
            1.9997892231060632e-14,
            1.9997892231060632e-14,
            1.9997892231060632e-14,
            1.9997892231060632e-14,
            1.9371557235717773,
            1.9997892231060632e-14,
            1.9997892231060632e-14,
            1.9997892231060632e-14,
            1.9997892231060632e-14
        ],
        "q90": [
            3.599620601590914e-14,
            3.599620601590914e-14,
            3.599620601590914e-14,
            3.599620601590914e-14,
            3.599620601590914e-14,
            3.599620601590914e-14,
            3.599620601590914e-14,
            9.655858993530273,
            3.599620601590914e-14,
            3.599620601590914e-14,
            3.599620601590914e-14,
            3.599620601590914e-14
        ],
        "q99": [
            3.959582661750005e-14,
            3.959582661750005e-14,
            3.959582661750005e-14,
            3.959582661750005e-14,
            3.959582661750005e-14,
            3.959582661750005e-14,
            3.959582661750005e-14,
            9.997135480244955,
            3.959582661750005e-14,
            3.959582661750005e-14,
            3.959582661750005e-14,
            3.959582661750005e-14
        ]
    },
    "observation.state": {
        "min": [
            -0.174534410238266,
            -6.002415180206299,
            0.06495726853609085,
            0.23857957124710083,
            -7.849311828613281,
            -0.6495726704597473,
            -0.6899623274803162,
            -19.854141235351562,
            0.8351648449897766,
            0.08483558893203735,
            -18.007244110107422,
            -0.190476194024086,
            -0.08791735023260117,
            -4.897075176239014,
            0.024175824597477913,
            -0.14286570250988007,
            -4.197493076324463,
            0.083272285759449,
            -0.13360393047332764,
            -6.925863265991211,
            -0.0991453006863594,
            -9.404391288757324,
            -61.40932083129883,
            -0.48351648449897766,
            0.2499479353427887,
            -18.007244110107422,
            -0.6593406796455383,
            0.48003605008125305,
            -18.007244110107422,
            -1.0402930974960327,
            0.61542147397995,
            -5.5966572761535645,
            -0.424420028924942,
            0.04395867511630058,
            -5.5966572761535645,
            -0.03760683909058571,
            0.0,
            0.0,
            0.0,
            1.0,
            0.0,
            0.0,
            0.0
        ],
        "max": [
            -0.1305757462978363,
            5.0789666175842285,
            0.2290598303079605,
            0.2605589032173157,
            7.849311828613281,
            -0.3272283375263214,
            -0.6679829359054565,
            14.313450813293457,
            1.216117262840271,
            0.1068149283528328,
            18.007244110107422,
            0.07326007634401321,
            -0.06593801081180573,
            6.296239376068115,
            0.08595848828554153,
            -0.12088635563850403,
            5.5966572761535645,
            0.1477411538362503,
            -0.0017279012827202678,
            5.0789666175842285,
            0.2290598303079605,
            9.1681489944458,
            60.48587417602539,
            1.0012210607528687,
            0.2939065992832184,
            13.390002250671387,
            -0.4542124569416046,
            0.5020154118537903,
            18.930692672729492,
            -0.8351648449897766,
            0.6374008059501648,
            4.197493076324463,
            -0.36532357335090637,
            0.07692768424749374,
            4.897075176239014,
            0.024175824597477913,
            0.0,
            0.0,
            0.0,
            1.0,
            0.0,
            0.0,
            0.0
        ],
        "mean": [
            -0.16068753600120544,
            -0.2816517651081085,
            0.14348720014095306,
            0.23868900537490845,
            -0.6094761490821838,
            -0.4986078143119812,
            -0.6682034134864807,
            -0.8264866471290588,
            1.0745792388916016,
            0.08549512177705765,
            0.5586867928504944,
            -0.04190482571721077,
            -0.0774773433804512,
            -0.01049373671412468,
            0.049251534044742584,
            -0.13352450728416443,
            0.5841512680053711,
            0.12089255452156067,
            -0.03821367397904396,
            -0.43402084708213806,
            0.0003760689578484744,
            1.0753573179244995,
            -0.21701112389564514,
            0.1349450945854187,
            0.2698388993740082,
            -0.9003621935844421,
            -0.5582409501075745,
            0.5010256171226501,
            -0.28626906871795654,
            -0.9361171722412109,
            0.625752329826355,
            0.006995819974690676,
            -0.3951002061367035,
            0.06395990401506424,
            0.7835322022438049,
            -0.004956043791025877,
            0.0,
            0.0,
            0.0,
            1.0,
            0.0,
            0.0,
            0.0
        ],