{
    "action": {
        "min": [
            0.0,
            -9.999210357666016,
            0.0,
            0.0,
            0.0,
            0.0,
            0.0,
            0.0,
            0.0,
            0.0,
            0.0,
            0.0
        ],
        "max": [
            0.0,
            9.999210357666016,
            0.0,
            0.0,
            0.0,
            0.0,
            0.0,
            0.0,
            0.0,
            0.0,
            0.0,
            0.0
        ],
        "mean": [
            0.0,
            0.5275000929832458,
            0.0,
            0.0,
            0.0,
            0.0,
            0.0,
            0.0,
            0.0,
            0.0,
            0.0,
            0.0
        ],
        "std": [
            0.0,
            6.997615814208984,
            0.0,
            0.0,
            0.0,
            0.0,
            0.0,
            0.0,
            0.0,
            0.0,
            0.0,
            0.0
        ],
        "count": [
            200
        ],
        "q01": [
            3.9995784462121265e-16,
            -9.993210792541504,
            3.9995784462121265e-16,
            3.9995784462121265e-16,
            3.9995784462121265e-16,
            3.9995784462121265e-16,
            3.9995784462121265e-16,
            3.9995784462121265e-16,
            3.9995784462121265e-16,
            3.9995784462121265e-16,
            3.9995784462121265e-16,
            3.9995784462121265e-16
        ],
        "q10": [
            3.999578446212126e-15,
            -9.427255630493164,
            3.999578446212126e-15,
            3.999578446212126e-15,
            3.999578446212126e-15,
            3.999578446212126e-15,
            3.999578446212126e-15,
            3.999578446212126e-15,
            3.999578446212126e-15,
            3.999578446212126e-15,
            3.999578446212126e-15,
            3.999578446212126e-15
        ],
        "q50": [
            1.9997892231060632e-14,
            1.0019207000732422,
            1.9997892231060632e-14,
            1.9997892231060632e-14,
            1.9997892231060632e-14,
            1.9997892231060632e-14,
            1.9997892231060632e-14,
            1.9997892231060632e-14,
            1.9997892231060632e-14,
            1.9997892231060632e-14,
            1.9997892231060632e-14,
            1.9997892231060632e-14
        ],
        "q90": [
            3.599620601590914e-14,
            9.58524227142334,
            3.599620601590914e-14,
            3.599620601590914e-14,
            3.599620601590914e-14,
            3.599620601590914e-14,
            3.599620601590914e-14,
            3.599620601590914e-14,
            3.599620601590914e-14,
            3.599620601590914e-14,
            3.599620601590914e-14,
            3.599620601590914e-14
        ],
        "q99": [
            3.959582661750005e-14,
            9.995210647583008,
            3.959582661750005e-14,
            3.959582661750005e-14,
            3.959582661750005e-14,
            3.959582661750005e-14,
            3.959582661750005e-14,
            3.959582661750005e-14,
            3.959582661750005e-14,
            3.959582661750005e-14,
            3.959582661750005e-14,
            3.959582661750005e-14
        ]
    },
    "observation.state": {
        "min": [
            -0.37234845757484436,
            -8.772760391235352,
            -0.3042735159397125,
            -7.8278374671936035,
            -114.04588317871094,
            -1.5873016119003296,
            -0.8657969832420349,
            -18.007244110107422,
            0.6300366520881653,
            0.04087691754102707,
            -18.007244110107422,
            -0.1318681389093399,
            -0.1098966896533966,
            -4.197493076324463,
            0.04297924414277077,
            -0.13187602162361145,
            -4.197493076324463,
            0.08864469081163406,
            -0.1116245910525322,
            -6.002415180206299,
            -0.4205128252506256,
            -0.39286255836486816,
            -10.619657516479492,
            0.15140415728092194,
            0.18400992453098297,
            -24.471384048461914,
            -0.7472527623176575,
            0.48003605008125305,
            -20.777589797973633,
            -1.0695971250534058,
            0.6703698039054871,
            -6.995821475982666,
            -0.4620268642902374,
            0.0,
            -3.497910737991333,
            -0.013431013561785221,
            0.0,
            0.0,
            0.0,
            1.0,
            0.0,
            0.0,
            0.0
        ],
        "max": [
            0.045258961617946625,
            9.696208953857422,
            0.5572649836540222,
            8.063223838806152,
            108.50519561767578,
            1.3626374006271362,
            -0.36027222871780396,
            19.854141235351562,
            1.4798535108566284,
            0.1068149283528328,
            20.777589797973633,
            0.10256410390138626,
            -0.07692768424749374,
            5.5966572761535645,
            0.083272285759449,
            -0.09890701621770859,
            5.5966572761535645,
            0.1369963437318802,
            0.1521274596452713,
            11.543106079101562,
            0.14700855314731598,
            -0.23900718986988068,
            6.925863265991211,
            0.7179487347602844,
            0.403803288936615,
            15.236899375915527,
            -0.42490842938423157,
            0.5239947438240051,
            16.160348892211914,
            -0.8644688725471497,
            0.7033388018608093,
            5.5966572761535645,
            -0.3975580036640167,
            0.04395867511630058,
            5.5966572761535645,
            0.048351649194955826,
            0.0,
            0.0,
            0.0,
            1.0,
            0.0,
            0.0,
            0.0
        ],
        "mean": [
            -0.15848951041698456,
            -0.1431344598531723,
            0.13193164765834808,
            0.5488178730010986,
            0.5540699362754822,
            -0.19438332319259644,
            -0.6714990735054016,
            -0.47557610273361206,
            1.0700360536575317,
            0.07846176624298096,
            -0.11081386357545853,
            -0.023003678768873215,
            -0.09561026841402054,
            0.1609039306640625,
            0.061755821108818054,
            -0.11495204269886017,
            0.6086364984512329,
            0.10911352187395096,
            0.021130630746483803,
            -0.34629321098327637,
            -0.09425639361143112,
            -0.3250565826892853,
            -0.7341415286064148,
            0.45479846000671387,
            0.2706085443496704,
            -1.7637864351272583,
            -0.5624902844429016,
            0.5010255575180054,
            -0.5633035898208618,
            -0.9421241879463196,
            0.6857555508613586,
            0.17489556968212128,
            -0.4334590435028076,
            0.027364270761609077,
            0.7555486559867859,
            0.016882795840501785,
            0.0,
            0.0,
            0.0,
            1.0,
            0.0,
            0.0,
            0.0
        ],