{
    "action": {
        "min": [
            0.0,
            0.0,
            0.0,
            0.0,
            0.0,
            0.0,
            0.0,
            0.0,
            -9.999210357666016,
            0.0,
            0.0,
            0.0
        ],
        "max": [
            0.0,
            0.0,
            0.0,
            0.0,
            0.0,
            0.0,
            0.0,
            0.0,
            9.999210357666016,
            0.0,
            0.0,
            0.0
        ],
        "mean": [
            0.0,
            0.0,
            0.0,
            0.0,
            0.0,
            0.0,
            0.0,
            0.0,
            0.5275000929832458,
            0.0,
            0.0,
            0.0
        ],
        "std": [
            0.0,
            0.0,
            0.0,
            0.0,
            0.0,
            0.0,
            0.0,
            0.0,
            6.997615814208984,
            0.0,
            0.0,
            0.0
        ],
        "count": [
            200
        ],
        "q01": [
            3.9995784462121265e-16,
            3.9995784462121265e-16,
            3.9995784462121265e-16,
            3.9995784462121265e-16,
            3.9995784462121265e-16,
            3.9995784462121265e-16,
            3.9995784462121265e-16,
            3.9995784462121265e-16,
            -9.993210792541504,
            3.9995784462121265e-16,
            3.9995784462121265e-16,
            3.9995784462121265e-16
        ],
        "q10": [
            3.999578446212126e-15,
            3.999578446212126e-15,
            3.999578446212126e-15,
            3.999578446212126e-15,
            3.999578446212126e-15,
            3.999578446212126e-15,
            3.999578446212126e-15,
            3.999578446212126e-15,
            -9.427255630493164,
            3.999578446212126e-15,
            3.999578446212126e-15,
            3.999578446212126e-15
        ],
        "q50": [
            1.9997892231060632e-14,
            1.9997892231060632e-14,
            1.9997892231060632e-14,
            1.9997892231060632e-14,
            1.9997892231060632e-14,
            1.9997892231060632e-14,
            1.9997892231060632e-14,
            1.9997892231060632e-14,
            1.0019207000732422,
            1.9997892231060632e-14,
            1.9997892231060632e-14,
            1.9997892231060632e-14
        ],
        "q90": [
            3.599620601590914e-14,
            3.599620601590914e-14,
            3.599620601590914e-14,
            3.599620601590914e-14,
            3.599620601590914e-14,
            3.599620601590914e-14,
            3.599620601590914e-14,
            3.599620601590914e-14,
            9.58524227142334,
            3.599620601590914e-14,
            3.599620601590914e-14,
            3.599620601590914e-14
        ],
        "q99": [
            3.959582661750005e-14,
            3.959582661750005e-14,
            3.959582661750005e-14,
            3.959582661750005e-14,
            3.959582661750005e-14,
            3.959582661750005e-14,
            3.959582661750005e-14,
            3.959582661750005e-14,
            9.995210647583008,
            3.959582661750005e-14,
            3.959582661750005e-14,
            3.959582661750005e-14
        ]
    },
    "observation.state": {
        "min": [
            -0.5262038111686707,
            -24.471384048461914,
            -1.029059886932373,
            -0.04715181887149811,
            -12.466554641723633,
            -1.3528693914413452,
            -3.4593589305877686,
            -90.95967102050781,
            -5.5531134605407715,
            -0.1569371223449707,
            -22.624486923217773,
            -0.8058608174324036,
            -0.1648450344800949,
            -7.695404052734375,
            0.021489622071385384,
            -0.17583470046520233,
            -5.5966572761535645,
            0.08058608323335648,
            -0.6830873489379883,
            -22.624486923217773,
            -1.0495727062225342,
            -0.5467178821563721,
            -9.696208953857422,
            -0.2490842491388321,
            -7.8604278564453125,
            -253.48660278320312,
            -10.681318283081055,
            0.21628400683403015,
            -36.47621536254883,
            -1.831501841545105,
            0.45057642459869385,
            -13.292060852050781,
            -0.5587301850318909,
            -0.010989668779075146,
            -4.897075176239014,
            -0.07252747565507889,
            0.0,
            0.0,
            0.0,
            1.0,
            0.0,
            0.0,
            0.0
        ],
        "max": [
            0.4408870339393616,
            15.236899375915527,
            1.0632479190826416,
            0.5243109464645386,
            8.772760391235352,
            0.190476194024086,
            2.5190210342407227,
            114.96932983398438,
            7.223443031311035,
            0.34858763217926025,
            40.17000961303711,
            0.6007326245307922,
            -0.04395867511630058,
            9.794150352478027,
            0.13431014120578766,
            -0.0549483448266983,
            6.995821475982666,
            0.17997558414936066,
            0.43785884976387024,
            18.007244110107422,
            1.596581220626831,
            -0.041193146258592606,
            11.543106079101562,
            1.167277216911316,
            8.470220565795898,
            264.5679931640625,
            8.131868362426758,
            0.8097261190414429,
            23.547935485839844,
            -0.3076923191547394,
            0.9011528491973877,
            20.987464904785156,
            -0.2766788899898529,
            0.14286570250988007,
            7.695404052734375,
            0.04297924414277077,
            0.0,
            0.0,
            0.0,
            1.0,
            0.0,
            0.0,
            0.0
        ],
        "mean": [
            -0.17101764678955078,
            -0.9742382168769836,
            0.16540174186229706,
            0.25121745467185974,
            -0.5356003046035767,
            -0.5159464478492737,
            -0.5886377096176147,
            2.0546727180480957,
            0.8325276374816895,
            0.09098990261554718,
            0.591006875038147,
            -0.051282063126564026,
            -0.09819283336400986,
            0.09094567596912384,
            0.06321980804204941,
            -0.12808476388454437,
            0.727565586566925,
            0.11764220893383026,
            -0.045466843992471695,
            -0.3739968240261078,
            0.006017078645527363,
            -0.2973625063896179,
            -0.6510312557220459,
            0.39179500937461853,
            0.9154824614524841,
            4.843490123748779,
            -0.8416118025779724,
            0.5028945803642273,
            -1.3112963438034058,
            -0.9510625600814819,
            0.6772933006286621,
            0.12942273914813995,
            -0.4278315603733063,
            0.06110263243317604,
            0.4862096905708313,
            -0.0036800981033593416,
            0.0,
            0.0,
            0.0,
            1.0,
            0.0,
            0.0,
            0.0
        ],