{
    "action": {
        "min": [
            0.0,
            0.0,
            0.0,
            0.0,
            0.0,
            0.0,
            0.0,
            0.0,
            0.0,
            0.0,
            0.0,
            -9.999210357666016
        ],
        "max": [
            0.0,
            0.0,
            0.0,
            0.0,
            0.0,
            0.0,
            0.0,
            0.0,
            0.0,
            0.0,
            0.0,
            9.999210357666016
        ],
        "mean": [
            0.0,
            0.0,
            0.0,
            0.0,
            0.0,
            0.0,
            0.0,
            0.0,
            0.0,
            0.0,
            0.0,
            0.2524532377719879
        ],
        "std": [
            0.0,
            0.0,
            0.0,
            0.0,
            0.0,
            0.0,
            0.0,
            0.0,
            0.0,
            0.0,
            0.0,
            7.084749221801758
        ],
        "count": [
            200
        ],
        "q01": [
            3.9995784462121265e-16,
            3.9995784462121265e-16,
            3.9995784462121265e-16,
            3.9995784462121265e-16,
            3.9995784462121265e-16,
            3.9995784462121265e-16,
            3.9995784462121265e-16,
            3.9995784462121265e-16,
            3.9995784462121265e-16,
            3.9995784462121265e-16,
            3.9995784462121265e-16,
            -9.999210357666016
        ],
        "q10": [
            3.999578446212126e-15,
            3.999578446212126e-15,
            3.999578446212126e-15,
            3.999578446212126e-15,
            3.999578446212126e-15,
            3.999578446212126e-15,
            3.999578446212126e-15,
            3.999578446212126e-15,
            3.999578446212126e-15,
            3.999578446212126e-15,
            3.999578446212126e-15,
            -9.583243370056152
        ],
        "q50": [
            1.9997892231060632e-14,
            1.9997892231060632e-14,
            1.9997892231060632e-14,
            1.9997892231060632e-14,
            1.9997892231060632e-14,
            1.9997892231060632e-14,
            1.9997892231060632e-14,
            1.9997892231060632e-14,
            1.9997892231060632e-14,
            1.9997892231060632e-14,
            1.9997892231060632e-14,
            0.5039596557617188
        ],
        "q90": [
            3.599620601590914e-14,
            3.599620601590914e-14,
            3.599620601590914e-14,
            3.599620601590914e-14,
            3.599620601590914e-14,
            3.599620601590914e-14,
            3.599620601590914e-14,
            3.599620601590914e-14,
            3.599620601590914e-14,
            3.599620601590914e-14,
            3.599620601590914e-14,
            9.511247634887695
        ],
        "q99": [
            3.959582661750005e-14,
            3.959582661750005e-14,
            3.959582661750005e-14,
            3.959582661750005e-14,
            3.959582661750005e-14,
            3.959582661750005e-14,
            3.959582661750005e-14,
            3.959582661750005e-14,
            3.959582661750005e-14,
            3.959582661750005e-14,
            3.959582661750005e-14,
            9.995210647583008
        ]
    },
    "observation.state": {
        "min": [
            -0.174534410238266,
            -8.772760391235352,
            0.07179487496614456,
            0.23857957124710083,
            -9.696208953857422,
            -0.6593406796455383,
            -0.6899623274803162,
            -16.160348892211914,
            0.8644688725471497,
            0.06285625696182251,
            -13.390002250671387,
            -0.1318681389093399,
            -0.09890701621770859,
            -4.197493076324463,
            0.026862027123570442,
            -0.1098966896533966,
            -4.897075176239014,
            0.06984127312898636,
            -0.0017279012827202678,
            -6.002415180206299,
            -0.1675213724374771,
            -0.3489038646221161,
            -12.466554641723633,
            0.22954823076725006,
            0.2499479353427887,
            -20.777589797973633,
            -0.6300366520881653,
            0.48003605008125305,
            -17.083797454833984,
            -1.0402930974960327,
            -0.08791735023260117,
            -27.983285903930664,
            -0.4056166112422943,
            -7.0004191398620605,
            -172.0972137451172,
            -1.3592185974121094,
            0.0,
            0.0,
            0.0,
            1.0,
            0.0,
            0.0,
            0.0
        ],
        "max": [
            -0.15255507826805115,
            6.002415180206299,
            0.20854701101779938,
            0.2605589032173157,
            13.390002250671387,
            -0.35653236508369446,
            -0.6679829359054565,
            19.854141235351562,
            1.216117262840271,
            0.06285625696182251,
            13.390002250671387,
            0.07326007634401321,
            -0.07692768424749374,
            4.197493076324463,
            0.10476190596818924,
            -0.08791735023260117,
            5.5966572761535645,
            0.1369963437318802,
            0.04223077371716499,
            5.0789666175842285,
            -0.003418803447857499,
            -0.3049452006816864,
            9.696208953857422,
            0.6788766980171204,
            0.27192726731300354,
            15.236899375915527,
            -0.4542124569416046,
            0.5020154118537903,
            25.394832611083984,
            -0.8351648449897766,
            0.747297465801239,
            23.78579330444336,
            0.18803419172763824,
            8.418086051940918,
            173.4963836669922,
            0.7010989189147949,
            0.0,
            0.0,
            0.0,
            1.0,
            0.0,
            0.0,
            0.0
        ],
        "mean": [
            -0.1624458134174347,
            -0.44325530529022217,
            0.14430773258209229,
            0.2433047890663147,
            -0.6187103986740112,
            -0.5160439014434814,
            -0.6683132648468018,
            0.30473804473876953,
            1.0722346305847168,
            0.06285637617111206,
            0.7987831830978394,
            -0.0026373628061264753,
            -0.08907127380371094,
            0.18189136683940887,
            0.057699646800756454,
            -0.09786323457956314,
            0.5666615962982178,
            0.09444686770439148,
            0.02189989574253559,
            -0.8357211351394653,
            -0.08858118206262589,
            -0.3262649178504944,
            -0.7618451714515686,
            0.45465201139450073,
            0.2679706811904907,
            -0.7849307060241699,
            -0.5529661774635315,
            0.4923439025878906,
            -1.145076036453247,
            -0.9286448955535889,
            0.1319858729839325,
            -0.1678997427225113,
            -0.07170816510915756,
            0.7198237776756287,
            -2.8333053588867188,
            -0.07495851069688797,
            0.0,
            0.0,
            0.0,
            1.0,
            0.0,
            0.0,
            0.0
        ],