{
    "action": {
        "min": [
            0.0,
            0.0,
            0.0,
            0.0,
            0.0,
            0.0,
            0.0,
            0.0,
            0.0,
            0.0,
            0.0,
            -9.996841430664062
        ],
        "max": [
            0.0,
            0.0,
            0.0,
            0.0,
            0.0,
            0.0,
            0.0,
            0.0,
            0.0,
            0.0,
            0.0,
            9.999802589416504
        ],
        "mean": [
            0.0,
            0.0,
            0.0,
            0.0,
            0.0,
            0.0,
            0.0,
            0.0,
            0.0,
            0.0,
            0.0,
            1.1214410066604614
        ],
        "std": [
            0.0,
            0.0,
            0.0,
            0.0,
            0.0,
            0.0,
            0.0,
            0.0,
            0.0,
            0.0,
            0.0,
            6.87050199508667
        ],
        "count": [
            200
        ],
        "q01": [
            3.9995784462121265e-16,
            3.9995784462121265e-16,
            3.9995784462121265e-16,
            3.9995784462121265e-16,
            3.9995784462121265e-16,
            3.9995784462121265e-16,
            3.9995784462121265e-16,
            3.9995784462121265e-16,
            3.9995784462121265e-16,
            3.9995784462121265e-16,
            3.9995784462121265e-16,
            -9.996841430664062
        ],
        "q10": [
            3.999578446212126e-15,
            3.999578446212126e-15,
            3.999578446212126e-15,
            3.999578446212126e-15,
            3.999578446212126e-15,
            3.999578446212126e-15,
            3.999578446212126e-15,
            3.999578446212126e-15,
            3.999578446212126e-15,
            3.999578446212126e-15,
            3.999578446212126e-15,
            -9.27296257019043
        ],
        "q50": [
            1.9997892231060632e-14,
            1.9997892231060632e-14,
            1.9997892231060632e-14,
            1.9997892231060632e-14,
            1.9997892231060632e-14,
            1.9997892231060632e-14,
            1.9997892231060632e-14,
            1.9997892231060632e-14,
            1.9997892231060632e-14,
            1.9997892231060632e-14,
            1.9997892231060632e-14,
            1.9371557235717773
        ],
        "q90": [
            3.599620601590914e-14,
            3.599620601590914e-14,
            3.599620601590914e-14,
            3.599620601590914e-14,
            3.599620601590914e-14,
            3.599620601590914e-14,
            3.599620601590914e-14,
            3.599620601590914e-14,
            3.599620601590914e-14,
            3.599620601590914e-14,
            3.599620601590914e-14,
            9.655858993530273
        ],
        "q99": [
            3.959582661750005e-14,
            3.959582661750005e-14,
            3.959582661750005e-14,
            3.959582661750005e-14,
            3.959582661750005e-14,
            3.959582661750005e-14,
            3.959582661750005e-14,
            3.959582661750005e-14,
            3.959582661750005e-14,
            3.959582661750005e-14,
            3.959582661750005e-14,
            9.997135480244955
        ]
    },
    "observation.state": {
        "min": [
            -0.174534410238266,
            -6.925863265991211,
            0.07179487496614456,
            0.216600239276886,
            -8.772760391235352,
            -0.6691086888313293,
            -0.6899623274803162,
            -18.930692672729492,
            0.8644688725471497,
            0.08483558893203735,
            -18.007244110107422,
            -0.1318681389093399,
            -0.08791735023260117,
            -5.5966572761535645,
            0.024175824597477913,
            -0.1538553684949875,
            -3.497910737991333,
            0.08864469081163406,
            0.020251436159014702,
            -6.002415180206299,
            -0.1538461595773697,
            -0.32692453265190125,
            -9.696208953857422,
            0.22954823076725006,
            0.2499479353427887,
            -18.007244110107422,
            -0.6300366520881653,
            0.48003605008125305,
            -18.930692672729492,
            -1.0109890699386597,
            -0.1098966896533966,
            -36.378273010253906,
            -0.3035409152507782,
            -7.04437780380249,
            -93.74401092529297,
            -1.504273533821106,
            0.0,
            0.0,
            0.0,
            1.0,
            0.0,
            0.0,
            0.0
        ],
        "max": [
            -0.15255507826805115,
            5.0789666175842285,
            0.20854701101779938,
            0.2605589032173157,
            8.772760391235352,
            -0.3272283375263214,
            -0.6460036039352417,
            18.007244110107422,
            1.216117262840271,
            0.1068149283528328,
            15.236899375915527,
            0.07326007634401321,
            -0.06593801081180573,
            4.197493076324463,
            0.09401709586381912,
            -0.12088635563850403,
            6.296239376068115,
            0.15311355888843536,
            0.020251436159014702,
            6.002415180206299,
            -0.023931624367833138,
            -0.3049452006816864,
            7.849311828613281,
            0.6202686429023743,
            0.27192726731300354,
            20.777589797973633,
            -0.48351648449897766,
            0.5020154118537903,
            18.007244110107422,
            -0.8351648449897766,
            0.7033388018608093,
            26.584121704101562,
            0.2202686220407486,
            8.527982711791992,
            96.5423355102539,
            0.8219780325889587,
            0.0,
            0.0,
            0.0,
            1.0,
            0.0,
            0.0,
            0.0
        ],
        "mean": [
            -0.1593688428401947,
            -0.7526108026504517,
            0.1422564685344696,
            0.23857909440994263,
            -0.6787344217300415,
            -0.5088643431663513,
            -0.6682034134864807,
            -0.10619655251502991,
            1.062564492225647,
            0.08538521081209183,
            -0.1477518230676651,
            -0.04395610839128494,
            -0.07764220982789993,
            -0.1154310330748558,
            0.04835166037082672,
            -0.132920041680336,
            0.6191304922103882,
            0.12216851115226746,
            0.02025146223604679,
            -0.4709586799144745,
            -0.08711112290620804,
            -0.3209902048110962,
            -0.5448346138000488,
            0.43975573778152466,
            0.26983892917633057,
            -0.32320699095726013,
            -0.5580943822860718,
            0.5019047260284424,
            -1.542158842086792,
            -0.9421240091323853,
            0.13572251796722412,
            -0.10143934190273285,
            -0.07722833007574081,
            1.3883243799209595,
            0.2833310067653656,
            -0.07231257855892181,
            0.0,
            0.0,
            0.0,
            1.0,
            0.0,
            0.0,
            0.0
        ],