{
    "action": {
        "min": [
            0.0,
            0.0,
            0.0,
            0.0,
            0.0,
            0.0,
            0.0,
            -9.998223304748535,
            0.0,
            0.0,
            0.0,
            0.0
        ],
        "max": [
            0.0,
            0.0,
            0.0,
            0.0,
            0.0,
            0.0,
            0.0,
            9.999802589416504,
            0.0,
            0.0,
            0.0,
            0.0
        ],
        "mean": [
            0.0,
            0.0,
            0.0,
            0.0,
            0.0,
            0.0,
            0.0,
            0.6345770955085754,
            0.0,
            0.0,
            0.0,
            0.0
        ],
        "std": [
            0.0,
            0.0,
            0.0,
            0.0,
            0.0,
            0.0,
            0.0,
            7.118222713470459,
            0.0,
            0.0,
            0.0,
            0.0
        ],
        "count": [
            200
        ],
        "q01": [
            3.9995784462121265e-16,
            3.9995784462121265e-16,
            3.9995784462121265e-16,
            3.9995784462121265e-16,
            3.9995784462121265e-16,
            3.9995784462121265e-16,
            3.9995784462121265e-16,
            -9.998223304748535,
            3.9995784462121265e-16,
            3.9995784462121265e-16,
            3.9995784462121265e-16,
            3.9995784462121265e-16
        ],
        "q10": [
            3.999578446212126e-15,
            3.999578446212126e-15,
            3.999578446212126e-15,
            3.999578446212126e-15,
            3.999578446212126e-15,
            3.999578446212126e-15,
            3.999578446212126e-15,
            -9.65025806427002,
            3.999578446212126e-15,
            3.999578446212126e-15,
            3.999578446212126e-15,
            3.999578446212126e-15
        ],
        "q50": [
            1.9997892231060632e-14,
            1.9997892231060632e-14,
            1.9997892231060632e-14,
            1.9997892231060632e-14,
            1.9997892231060632e-14,
            1.9997892231060632e-14,
            1.9997892231060632e-14,
            1.5046415328979492,
            1.9997892231060632e-14,
            1.9997892231060632e-14,
            1.9997892231060632e-14,
            1.9997892231060632e-14
        ],
        "q90": [
            3.599620601590914e-14,
            3.599620601590914e-14,
            3.599620601590914e-14,
            3.599620601590914e-14,
            3.599620601590914e-14,
            3.599620601590914e-14,
            3.599620601590914e-14,
            9.587843894958496,
            3.599620601590914e-14,
            3.599620601590914e-14,
            3.599620601590914e-14,
            3.599620601590914e-14
        ],
        "q99": [
            3.959582661750005e-14,
            3.959582661750005e-14,
            3.959582661750005e-14,
            3.959582661750005e-14,
            3.959582661750005e-14,
            3.959582661750005e-14,
            3.959582661750005e-14,
            9.991803169250488,
            3.959582661750005e-14,
            3.959582661750005e-14,
            3.959582661750005e-14,
            3.959582661750005e-14
        ]
    },
    "observation.state": {
        "min": [
            -0.174534410238266,
            -9.696208953857422,
            0.07179487496614456,
            0.216600239276886,
            -8.772760391235352,
            -0.6691086888313293,
            -0.6679829359054565,
            -16.160348892211914,
            0.8351648449897766,
            0.08483558893203735,
            -18.930692672729492,
            -0.21978022158145905,
            -0.08791735023260117,
            -3.497910737991333,
            0.021489622071385384,
            -0.13187602162361145,
            -4.197493076324463,
            0.09133089333772659,
            -0.13360393047332764,
            -6.002415180206299,
            -0.10598290711641312,
            -9.734081268310547,
            -49.40449142456055,
            -0.40537241101264954,
            0.20598925650119781,
            -17.083797454833984,
            -0.6886447072029114,
            0.5020154118537903,
            -18.007244110107422,
            -1.0402930974960327,
            0.5934421420097351,
            -4.897075176239014,
            -0.41636142134666443,
            -0.04395867511630058,
            -3.497910737991333,
            0.021489622071385384,
            0.0,
            0.0,
            0.0,
            1.0,
            0.0,
            0.0,
            0.0
        ],
        "max": [
            -0.1305757462978363,
            9.696208953857422,
            0.19487179815769196,
            0.2605589032173157,
            8.772760391235352,
            -0.3174603283405304,
            -0.6460036039352417,
            16.160348892211914,
            1.216117262840271,
            0.1068149283528328,
            18.930692672729492,
            0.10256410390138626,
            -0.06593801081180573,
            4.197493076324463,
            0.10476190596818924,
            -0.1098966896533966,
            5.5966572761535645,
            0.17191697657108307,
            -0.0017279012827202678,
            5.0789666175842285,
            0.2290598303079605,
            9.38794231414795,
            41.09345626831055,
            0.8253968358039856,
            0.3598446249961853,
            21.701038360595703,
            -0.4542124569416046,
            0.5239947438240051,
            15.236899375915527,
            -0.8644688725471497,
            0.6264111399650574,
            4.897075176239014,
            -0.3411477506160736,
            -0.010989668779075146,
            5.5966572761535645,
            0.08058608323335648,
            0.0,
            0.0,
            0.0,
            1.0,
            0.0,
            0.0,
            0.0
        ],
        "mean": [
            -0.15332458913326263,
            -0.5956243276596069,
            0.13063247501850128,
            0.23868900537490845,
            -0.3001207113265991,
            -0.5083759427070618,
            -0.6666648387908936,
            -1.0111762285232544,
            1.0509892702102661,
            0.08494563400745392,
            0.2493310123682022,
            -0.045274801552295685,
            -0.08022472262382507,
            -0.06296238303184509,
            0.051427364349365234,
            -0.12769992649555206,
            0.8115152716636658,
            0.11592309176921844,
            -0.039422519505023956,
            -0.5448344945907593,
            0.0018119663000106812,
            0.8645750284194946,
            -3.855398178100586,
            0.13753360509872437,
            0.268300324678421,
            0.04617239162325859,
            -0.5494496822357178,
            0.5033334493637085,
            0.07849312573671341,
            -0.9566293358802795,
            0.6054758429527283,
            -0.13292065262794495,
            -0.384100079536438,
            -0.03126560151576996,
            0.7205696105957031,
            0.05348231643438339,
            0.0,
            0.0,
            0.0,
            1.0,
            0.0,
            0.0,
            0.0
        ],