{
    "action": {
        "min": [
            0.0,
            0.0,
            0.0,
            0.0,
            0.0,
            -10.0,
            0.0,
            0.0,
            0.0,
            0.0,
            0.0,
            0.0
        ],
        "max": [
            0.0,
            0.0,
            0.0,
            0.0,
            0.0,
            10.0,
            0.0,
            0.0,
            0.0,
            0.0,
            0.0,
            0.0
        ],
        "mean": [
            0.0,
            0.0,
            0.0,
            0.0,
            0.0,
            -2.1755695911451767e-08,
            0.0,
            0.0,
            0.0,
            0.0,
            0.0,
            0.0
        ],
        "std": [
            0.0,
            0.0,
            0.0,
            0.0,
            0.0,
            7.071067810058594,
            0.0,
            0.0,
            0.0,
            0.0,
            0.0,
            0.0
        ],
        "count": [
            200
        ],
        "q01": [
            3.9995784462121265e-16,
            3.9995784462121265e-16,
            3.9995784462121265e-16,
            3.9995784462121265e-16,
            3.9995784462121265e-16,
            -10.0,
            3.9995784462121265e-16,
            3.9995784462121265e-16,
            3.9995784462121265e-16,
            3.9995784462121265e-16,
            3.9995784462121265e-16,
            3.9995784462121265e-16
        ],
        "q10": [
            3.999578446212126e-15,
            3.999578446212126e-15,
            3.999578446212126e-15,
            3.999578446212126e-15,
            3.999578446212126e-15,
            -9.510000228881836,
            3.999578446212126e-15,
            3.999578446212126e-15,
            3.999578446212126e-15,
            3.999578446212126e-15,
            3.999578446212126e-15,
            3.999578446212126e-15
        ],
        "q50": [
            1.9997892231060632e-14,
            1.9997892231060632e-14,
            1.9997892231060632e-14,
            1.9997892231060632e-14,
            1.9997892231060632e-14,
            0.0013335545857747395,
            1.9997892231060632e-14,
            1.9997892231060632e-14,
            1.9997892231060632e-14,
            1.9997892231060632e-14,
            1.9997892231060632e-14,
            1.9997892231060632e-14
        ],
        "q90": [
            3.599620601590914e-14,
            3.599620601590914e-14,
            3.599620601590914e-14,
            3.599620601590914e-14,
            3.599620601590914e-14,
            9.510001182556152,
            3.599620601590914e-14,
            3.599620601590914e-14,
            3.599620601590914e-14,
            3.599620601590914e-14,
            3.599620601590914e-14,
            3.599620601590914e-14
        ],
        "q99": [
            3.959582661750005e-14,
            3.959582661750005e-14,
            3.959582661750005e-14,
            3.959582661750005e-14,
            3.959582661750005e-14,
            9.984001159667969,
            3.959582661750005e-14,
            3.959582661750005e-14,
            3.959582661750005e-14,
            3.959582661750005e-14,
            3.959582661750005e-14,
            3.959582661750005e-14
        ]
    },
    "observation.state": {
        "min": [
            -0.174534410238266,
            -6.002415180206299,
            0.07863248139619827,
            0.216600239276886,
            -8.772760391235352,
            -0.6300366520881653,
            -0.6899623274803162,
            -23.547935485839844,
            0.8644688725471497,
            0.01889757812023163,
            -16.160348892211914,
            -0.10256410390138626,
            -0.46156609058380127,
            -15.39080810546875,
            -0.19609279930591583,
            -6.428956508636475,
            -80.45195007324219,
            -1.9501831531524658,
            -0.0017279012827202678,
            -6.002415180206299,
            -0.18803419172763824,
            -0.3489038646221161,
            -8.772760391235352,
            0.20024420320987701,
            0.2499479353427887,
            -19.854141235351562,
            -0.6300366520881653,
            0.48003605008125305,
            -20.777589797973633,
            -1.0402930974960327,
            0.5604730844497681,
            -5.5966572761535645,
            -0.3975580036640167,
            -0.03296900540590286,
            -5.5966572761535645,
            -0.008058608509600163,
            0.0,
            0.0,
            0.0,
            1.0,
            0.0,
            0.0,
            0.0
        ],
        "max": [
            -0.15255507826805115,
            6.002415180206299,
            0.2222222238779068,
            0.23857957124710083,
            11.543106079101562,
            -0.3174603283405304,
            -0.6460036039352417,
            17.083797454833984,
            1.186813235282898,
            0.04087691754102707,
            18.007244110107422,
            0.1318681389093399,
            0.2197933793067932,
            20.987464904785156,
            0.3196581304073334,
            9.0444974899292,
            84.64944458007812,
            0.5909646153450012,
            0.020251436159014702,
            4.155518054962158,
            -0.017094017937779427,
            -0.3049452006816864,
            9.696208953857422,
            0.6007326245307922,
            0.27192726731300354,
            18.007244110107422,
            -0.48351648449897766,
            0.5020154118537903,
            18.930692672729492,
            -0.8351648449897766,
            0.5824524760246277,
            5.5966572761535645,
            -0.30891332030296326,
            -0.010989668779075146,
            7.695404052734375,
            0.07521367818117142,
            0.0,
            0.0,
            0.0,
            1.0,
            0.0,
            0.0,
            0.0
        ],
        "mean": [
            -0.1628853678703308,
            -0.5125138759613037,
            0.14447864890098572,
            0.23780985176563263,
            -0.618710458278656,
            -0.49841272830963135,
            -0.6676539778709412,
            0.4247862994670868,
            1.0600733757019043,
            0.04065708816051483,
            0.5078966021537781,
            0.038534875959157944,
            -0.2429816871881485,
            0.02798323705792427,
            0.14729797840118408,
            0.7000421285629272,
            -1.469122290611267,
            -0.3293955326080322,
            0.020141568034887314,
            -0.6879691481590271,
            -0.08085469901561737,
            -0.3270340859889984,
            -0.40170013904571533,
            0.4550916254520416,
            0.2693993151187897,
            -0.39246562123298645,
            -0.5535523295402527,
            0.5013552904129028,
            -0.7202900052070618,
            -0.9425640106201172,
            0.5764632225036621,
            -0.006995823234319687,
            -0.3622477054595947,
            -0.017088931053876877,
            0.6436155438423157,
            0.043959733098745346,
            0.0,
            0.0,
            0.0,
            1.0,
            0.0,
            0.0,
            0.0
        ],