{
    "action": {
        "min": [
            -9.999210357666016,
            0.0,
            0.0,
            0.0,
            0.0,
            0.0,
            0.0,
            0.0,
            0.0,
            0.0,
            0.0,
            0.0
        ],
        "max": [
            9.999210357666016,
            0.0,
            0.0,
            0.0,
            0.0,
            0.0,
            0.0,
            0.0,
            0.0,
            0.0,
            0.0,
            0.0
        ],
        "mean": [
            1.1843785047531128,
            0.0,
            0.0,
            0.0,
            0.0,
            0.0,
            0.0,
            0.0,
            0.0,
            0.0,
            0.0,
            0.0
        ],
        "std": [
            7.0770487785339355,
            0.0,
            0.0,
            0.0,
            0.0,
            0.0,
            0.0,
            0.0,
            0.0,
            0.0,
            0.0,
            0.0
        ],
        "count": [
            200
        ],
        "q01": [
            -9.993210792541504,
            3.9995784462121265e-16,
            3.9995784462121265e-16,
            3.9995784462121265e-16,
            3.9995784462121265e-16,
            3.9995784462121265e-16,
            3.9995784462121265e-16,
            3.9995784462121265e-16,
            3.9995784462121265e-16,
            3.9995784462121265e-16,
            3.9995784462121265e-16,
            3.9995784462121265e-16
        ],
        "q10": [
            -9.34326171875,
            3.999578446212126e-15,
            3.999578446212126e-15,
            3.999578446212126e-15,
            3.999578446212126e-15,
            3.999578446212126e-15,
            3.999578446212126e-15,
            3.999578446212126e-15,
            3.999578446212126e-15,
            3.999578446212126e-15,
            3.999578446212126e-15,
            3.999578446212126e-15
        ],
        "q50": [
            2.2438220977783203,
            1.9997892231060632e-14,
            1.9997892231060632e-14,
            1.9997892231060632e-14,
            1.9997892231060632e-14,
            1.9997892231060632e-14,
            1.9997892231060632e-14,
            1.9997892231060632e-14,
            1.9997892231060632e-14,
            1.9997892231060632e-14,
            1.9997892231060632e-14,
            1.9997892231060632e-14
        ],
        "q90": [
            9.655237197875977,
            3.599620601590914e-14,
            3.599620601590914e-14,
            3.599620601590914e-14,
            3.599620601590914e-14,
            3.599620601590914e-14,
            3.599620601590914e-14,
            3.599620601590914e-14,
            3.599620601590914e-14,
            3.599620601590914e-14,
            3.599620601590914e-14,
            3.599620601590914e-14
        ],
        "q99": [
            9.995210647583008,
            3.959582661750005e-14,
            3.959582661750005e-14,
            3.959582661750005e-14,
            3.959582661750005e-14,
            3.959582661750005e-14,
            3.959582661750005e-14,
            3.959582661750005e-14,
            3.959582661750005e-14,
            3.959582661750005e-14,
            3.959582661750005e-14,
            3.959582661750005e-14
        ]
    },
    "observation.state": {
        "min": [
            -9.164083480834961,
            -74.33760070800781,
            -0.8512820601463318,
            0.19462089240550995,
            -8.772760391235352,
            -0.7765567898750305,
            -0.711941659450531,
            -20.777589797973633,
            0.8351648449897766,
            0.04087691754102707,
            -15.236899375915527,
            -0.1318681389093399,
            -0.1098966896533966,
            -4.197493076324463,
            0.045665446668863297,
            0.04395867511630058,
            -4.897075176239014,
            -0.021489622071385384,
            0.020251436159014702,
            -6.002415180206299,
            -0.19487179815769196,
            -0.32692453265190125,
            -12.466554641723633,
            0.2490842491388321,
            0.2499479353427887,
            -21.701038360595703,
            -0.6300366520881653,
            0.48003605008125305,
            -18.007244110107422,
            -1.0402930974960327,
            0.5714628100395203,
            -5.5966572761535645,
            -0.40830281376838684,
            0.13187602162361145,
            -4.197493076324463,
            -0.083272285759449,
            0.0,
            0.0,
            0.0,
            1.0,
            0.0,
            0.0,
            0.0
        ],
        "max": [
            9.628250122070312,
            77.10794830322266,
            0.8376068472862244,
            0.2825382351875305,
            9.696208953857422,
            -0.27838829159736633,
            -0.602044939994812,
            19.854141235351562,
            1.216117262840271,
            0.08483558893203735,
            15.236899375915527,
            0.10256410390138626,
            -0.08791735023260117,
            4.897075176239014,
            0.10476190596818924,
            0.06593801081180573,
            5.5966572761535645,
            0.03223443403840065,
            0.04223077371716499,
            6.925863265991211,
            -0.04444444552063942,
            -0.3049452006816864,
            6.925863265991211,
            0.5616605877876282,
            0.27192726731300354,
            16.160348892211914,
            -0.4542124569416046,
            0.5020154118537903,
            13.390002250671387,
            -0.8058608174324036,
            0.5934421420097351,
            4.197493076324463,
            -0.3304029405117035,
            0.1538553684949875,
            5.5966572761535645,
            -0.021489622071385384,
            0.0,
            0.0,
            0.0,
            1.0,
            0.0,
            0.0,
            0.0
        ],
        "mean": [
            0.9520165324211121,
            3.9569764137268066,
            -0.16762392222881317,
            0.24693146347999573,
            -0.5402172207832336,
            -0.5180951952934265,
            -0.6685331463813782,
            -0.6048586368560791,
            1.0739933252334595,
            0.06285637617111206,
            0.1616034358739853,
            -0.004102563951164484,
            -0.10709453374147415,
            0.26933911442756653,
            0.06804154068231583,
            0.05324501916766167,
            0.6261261701583862,
            0.0014505493454635143,
            0.0379447340965271,
            -0.5078966617584229,
            -0.106905996799469,
            -0.30901187658309937,
            -0.06925863027572632,
            0.4282783269882202,
            0.27060818672180176,
            -0.23086214065551758,
            -0.5572153329849243,
            0.4980584681034088,
            -0.9603862166404724,
            -0.9342122077941895,
            0.5803094506263733,
            0.02098746784031391,
            -0.3681845963001251,
            0.13874471187591553,
            0.7415570616722107,
            -0.052313826978206635,
            0.0,
            0.0,
            0.0,
            1.0,
            0.0,
            0.0,
            0.0
        ],