{
    "action": {
        "min": [
            0.0,
            -10.0,
            0.0,
            0.0,
            0.0,
            0.0,
            0.0,
            0.0,
            0.0,
            0.0,
            0.0,
            0.0
        ],
        "max": [
            0.0,
            9.999210357666016,
            0.0,
            0.0,
            0.0,
            0.0,
            0.0,
            0.0,
            0.0,
            0.0,
            0.0,
            0.0
        ],
        "mean": [
            0.0,
            0.4162852466106415,
            0.0,
            0.0,
            0.0,
            0.0,
            0.0,
            0.0,
            0.0,
            0.0,
            0.0,
            0.0
        ],
        "std": [
            0.0,
            7.1016669273376465,
            0.0,
            0.0,
            0.0,
            0.0,
            0.0,
            0.0,
            0.0,
            0.0,
            0.0,
            0.0
        ],
        "count": [
            200
        ],
        "q01": [
            3.9995784462121265e-16,
            -9.994000434875488,
            3.9995784462121265e-16,
            3.9995784462121265e-16,
            3.9995784462121265e-16,
            3.9995784462121265e-16,
            3.9995784462121265e-16,
            3.9995784462121265e-16,
            3.9995784462121265e-16,
            3.9995784462121265e-16,
            3.9995784462121265e-16,
            3.9995784462121265e-16
        ],
        "q10": [
            3.999578446212126e-15,
            -9.550017833709717,
            3.999578446212126e-15,
            3.999578446212126e-15,
            3.999578446212126e-15,
            3.999578446212126e-15,
            3.999578446212126e-15,
            3.999578446212126e-15,
            3.999578446212126e-15,
            3.999578446212126e-15,
            3.999578446212126e-15,
            3.999578446212126e-15
        ],
        "q50": [
            1.9997892231060632e-14,
            1.0055646896362305,
            1.9997892231060632e-14,
            1.9997892231060632e-14,
            1.9997892231060632e-14,
            1.9997892231060632e-14,
            1.9997892231060632e-14,
            1.9997892231060632e-14,
            1.9997892231060632e-14,
            1.9997892231060632e-14,
            1.9997892231060632e-14,
            1.9997892231060632e-14
        ],
        "q90": [
            3.599620601590914e-14,
            9.585225105285645,
            3.599620601590914e-14,
            3.599620601590914e-14,
            3.599620601590914e-14,
            3.599620601590914e-14,
            3.599620601590914e-14,
            3.599620601590914e-14,
            3.599620601590914e-14,
            3.599620601590914e-14,
            3.599620601590914e-14,
            3.599620601590914e-14
        ],
        "q99": [
            3.959582661750005e-14,
            9.996542612711588,
            3.959582661750005e-14,
            3.959582661750005e-14,
            3.959582661750005e-14,
            3.959582661750005e-14,
            3.959582661750005e-14,
            3.959582661750005e-14,
            3.959582661750005e-14,
            3.959582661750005e-14,
            3.959582661750005e-14,
            3.959582661750005e-14
        ]
    },
    "observation.state": {
        "min": [
            -0.26245176792144775,
            -6.925863265991211,
            -0.14017094671726227,
            -9.168577194213867,
            -69.7203598022461,
            -0.7765567898750305,
            -0.6899623274803162,
            -16.160348892211914,
            0.8644688725471497,
            0.06285625696182251,
            -15.236899375915527,
            -0.1318681389093399,
            -0.0549483448266983,
            -4.897075176239014,
            -0.002686202758923173,
            -0.12088635563850403,
            -4.897075176239014,
            0.0644688680768013,
            0.020251436159014702,
            -6.002415180206299,
            -0.14700855314731598,
            -0.3489038646221161,
            -7.849311828613281,
            0.21978022158145905,
            0.2499479353427887,
            -17.083797454833984,
            -0.6300366520881653,
            0.48003605008125305,
            -16.160348892211914,
            -1.0402930974960327,
            0.5934421420097351,
            -5.5966572761535645,
            -0.41098901629447937,
            -0.04395867511630058,
            -3.497910737991333,
            0.008058608509600163,
            0.0,
            0.0,
            0.0,
            1.0,
            0.0,
            0.0,
            0.0
        ],
        "max": [
            -0.08661706745624542,
            6.002415180206299,
            0.3521367609500885,
            9.162190437316895,
            62.33277130126953,
            0.5909646153450012,
            -0.602044939994812,
            14.313450813293457,
            1.216117262840271,
            0.08483558893203735,
            19.854141235351562,
            0.10256410390138626,
            -0.03296900540590286,
            4.897075176239014,
            0.07252747565507889,
            -0.09890701621770859,
            4.897075176239014,
            0.15311355888843536,
            0.04223077371716499,
            5.0789666175842285,
            -0.003418803447857499,
            -0.3049452006816864,
            8.772760391235352,
            0.6300366520881653,
            0.27192726731300354,
            18.930692672729492,
            -0.48351648449897766,
            0.5020154118537903,
            17.083797454833984,
            -0.8058608174324036,
            0.61542147397995,
            4.897075176239014,
            -0.333089143037796,
            -0.02197933755815029,
            6.995821475982666,
            0.09401709586381912,
            0.0,
            0.0,
            0.0,
            1.0,
            0.0,
            0.0,
            0.0
        ],
        "mean": [
            -0.1553024798631668,
            -0.40631744265556335,
            0.13196581602096558,
            0.790810227394104,
            -3.6845598220825195,
            -0.13411472737789154,
            -0.6688627600669861,
            -0.1846897304058075,
            1.064469337463379,
            0.0676918476819992,
            0.25856560468673706,
            -0.011868132278323174,
            -0.05038768798112869,
            -0.15390810370445251,
            0.03297315165400505,
            -0.11368833482265472,
            0.6296238303184509,
            0.11009400337934494,
            0.02420770935714245,
            -0.6048587560653687,
            -0.0913504809141159,
            -0.32066023349761963,
            -0.2493310570716858,
            0.4373624920845032,
            0.26687172055244446,
            0.24471385776996613,
            -0.5519405007362366,
            0.48443150520324707,
            0.3001207709312439,
            -0.9246888756752014,
            0.5972890853881836,
            -0.1434144377708435,
            -0.379533588886261,
            -0.0314304456114769,
            0.9199507832527161,
            0.05254216119647026,
            0.0,
            0.0,
            0.0,
            1.0,
            0.0,
            0.0,
            0.0
        ],