{
    "action": {
        "min": [
            0.0,
            0.0,
            0.0,
            0.0,
            0.0,
            0.0,
            -9.999210357666016,
            0.0,
            0.0,
            0.0,
            0.0,
            0.0
        ],
        "max": [
            0.0,
            0.0,
            0.0,
            0.0,
            0.0,
            0.0,
            9.999210357666016,
            0.0,
            0.0,
            0.0,
            0.0,
            0.0
        ],
        "mean": [
            0.0,
            0.0,
            0.0,
            0.0,
            0.0,
            0.0,
            0.5275000929832458,
            0.0,
            0.0,
            0.0,
            0.0,
            0.0
        ],
        "std": [
            0.0,
            0.0,
            0.0,
            0.0,
            0.0,
            0.0,
            6.997615814208984,
            0.0,
            0.0,
            0.0,
            0.0,
            0.0
        ],
        "count": [
            200
        ],
        "q01": [
            3.9995784462121265e-16,
            3.9995784462121265e-16,
            3.9995784462121265e-16,
            3.9995784462121265e-16,
            3.9995784462121265e-16,
            3.9995784462121265e-16,
            -9.993210792541504,
            3.9995784462121265e-16,
            3.9995784462121265e-16,
            3.9995784462121265e-16,
            3.9995784462121265e-16,
            3.9995784462121265e-16
        ],
        "q10": [
            3.999578446212126e-15,
            3.999578446212126e-15,
            3.999578446212126e-15,
            3.999578446212126e-15,
            3.999578446212126e-15,
            3.999578446212126e-15,
            -9.427255630493164,
            3.999578446212126e-15,
            3.999578446212126e-15,
            3.999578446212126e-15,
            3.999578446212126e-15,
            3.999578446212126e-15
        ],
        "q50": [
            1.9997892231060632e-14,
            1.9997892231060632e-14,
            1.9997892231060632e-14,
            1.9997892231060632e-14,
            1.9997892231060632e-14,
            1.9997892231060632e-14,
            1.0019207000732422,
            1.9997892231060632e-14,
            1.9997892231060632e-14,
            1.9997892231060632e-14,
            1.9997892231060632e-14,
            1.9997892231060632e-14
        ],
        "q90": [
            3.599620601590914e-14,
            3.599620601590914e-14,
            3.599620601590914e-14,
            3.599620601590914e-14,
            3.599620601590914e-14,
            3.599620601590914e-14,
            9.58524227142334,
            3.599620601590914e-14,
            3.599620601590914e-14,
            3.599620601590914e-14,
            3.599620601590914e-14,
            3.599620601590914e-14
        ],
        "q99": [
            3.959582661750005e-14,
            3.959582661750005e-14,
            3.959582661750005e-14,
            3.959582661750005e-14,
            3.959582661750005e-14,
            3.959582661750005e-14,
            9.995210647583008,
            3.959582661750005e-14,
            3.959582661750005e-14,
            3.959582661750005e-14,
            3.959582661750005e-14,
            3.959582661750005e-14
        ]
    },
    "observation.state": {
        "min": [
            -0.2844310998916626,
            -7.849311828613281,
            -0.25641027092933655,
            0.1726415604352951,
            -9.696208953857422,
            -1.0402930974960327,
            -0.8657969832420349,
            -22.624486923217773,
            0.48351648449897766,
            0.04087691754102707,
            -17.083797454833984,
            -0.190476194024086,
            -0.14286570250988007,
            -4.897075176239014,
            0.04029304161667824,
            -0.1648450344800949,
            -4.897075176239014,
            0.09670329838991165,
            -8.046165466308594,
            -143.5962371826172,
            -1.5350427627563477,
            -0.5686972737312317,
            -11.543106079101562,
            -0.5909646153450012,
            -0.3215148448944092,
            -61.40932083129883,
            -4.087912082672119,
            0.3921186923980713,
            -22.624486923217773,
            -1.1282051801681519,
            0.6264111399650574,
            -5.5966572761535645,
            -0.4969474971294403,
            0.04395867511630058,
            -6.296239376068115,
            -0.08058608323335648,
            0.0,
            0.0,
            0.0,
            1.0,
            0.0,
            0.0,
            0.0
        ],
        "max": [
            0.045258961617946625,
            7.849311828613281,
            0.44102564454078674,
            0.34847626090049744,
            9.696208953857422,
            -0.2588522732257843,
            -0.25037553906440735,
            19.854141235351562,
            1.4798535108566284,
            0.12879426777362823,
            14.313450813293457,
            0.1318681389093399,
            -0.09890701621770859,
            4.897075176239014,
            0.10744810849428177,
            -0.12088635563850403,
            5.5966572761535645,
            0.16385836899280548,
            7.822916507720947,
            151.9072723388672,
            1.7743589878082275,
            -0.019213806837797165,
            11.543106079101562,
            1.255189299583435,
            1.7885016202926636,
            39.246559143066406,
            1.9487179517745972,
            0.5899327397346497,
            23.547935485839844,
            -0.7765567898750305,
            0.747297465801239,
            6.296239376068115,
            -0.3841269910335541,
            0.14286570250988007,
            6.296239376068115,
            0.026862027123570442,
            0.0,
            0.0,
            0.0,
            1.0,
            0.0,
            0.0,
            0.0
        ],
        "mean": [
            -0.1657426655292511,
            -0.6094759702682495,
            0.15261536836624146,
            0.25748154520988464,
            -0.15698623657226562,
            -0.5256165862083435,
            -0.6555641889572144,
            -0.11543100327253342,
            1.0460073947906494,
            0.08175867050886154,
            -0.267799973487854,
            -0.033406637609004974,
            -0.1141280010342598,
            0.055966559797525406,
            0.07323936372995377,
            -0.14654746651649475,
            0.5946449041366577,
            0.1284676492214203,
            0.33741337060928345,
            2.3963489532470703,
            0.07907693088054657,
            -0.2746138274669647,
            -0.6279448866844177,
            0.3513064980506897,
            0.45292720198631287,
            -0.7064380049705505,
            -0.8753113746643066,
            0.4959713816642761,
            -0.687968909740448,
            -0.9386079907417297,
            0.6963599324226379,
            -0.048970744013786316,
            -0.4402148723602295,
            0.08060932904481888,
            0.4967033863067627,
            -0.015015884302556515,
            0.0,
            0.0,
            0.0,
            1.0,
            0.0,
            0.0,
            0.0
        ],