{
    "action": {
        "min": [
            0.0,
            0.0,
            0.0,
            0.0,
            0.0,
            0.0,
            0.0,
            0.0,
            -10.0,
            0.0,
            0.0,
            0.0
        ],
        "max": [
            0.0,
            0.0,
            0.0,
            0.0,
            0.0,
            0.0,
            0.0,
            0.0,
            9.999210357666016,
            0.0,
            0.0,
            0.0
        ],
        "mean": [
            0.0,
            0.0,
            0.0,
            0.0,
            0.0,
            0.0,
            0.0,
            0.0,
            0.4162852466106415,
            0.0,
            0.0,
            0.0
        ],
        "std": [
            0.0,
            0.0,
            0.0,
            0.0,
            0.0,
            0.0,
            0.0,
            0.0,
            7.1016669273376465,
            0.0,
            0.0,
            0.0
        ],
        "count": [
            200
        ],
        "q01": [
            3.9995784462121265e-16,
            3.9995784462121265e-16,
            3.9995784462121265e-16,
            3.9995784462121265e-16,
            3.9995784462121265e-16,
            3.9995784462121265e-16,
            3.9995784462121265e-16,
            3.9995784462121265e-16,
            -9.994000434875488,
            3.9995784462121265e-16,
            3.9995784462121265e-16,
            3.9995784462121265e-16
        ],
        "q10": [
            3.999578446212126e-15,
            3.999578446212126e-15,
            3.999578446212126e-15,
            3.999578446212126e-15,
            3.999578446212126e-15,
            3.999578446212126e-15,
            3.999578446212126e-15,
            3.999578446212126e-15,
            -9.550017833709717,
            3.999578446212126e-15,
            3.999578446212126e-15,
            3.999578446212126e-15
        ],
        "q50": [
            1.9997892231060632e-14,
            1.9997892231060632e-14,
            1.9997892231060632e-14,
            1.9997892231060632e-14,
            1.9997892231060632e-14,
            1.9997892231060632e-14,
            1.9997892231060632e-14,
            1.9997892231060632e-14,
            1.0055646896362305,
            1.9997892231060632e-14,
            1.9997892231060632e-14,
            1.9997892231060632e-14
        ],
        "q90": [
            3.599620601590914e-14,
            3.599620601590914e-14,
            3.599620601590914e-14,
            3.599620601590914e-14,
            3.599620601590914e-14,
            3.599620601590914e-14,
            3.599620601590914e-14,
            3.599620601590914e-14,
            9.585225105285645,
            3.599620601590914e-14,
            3.599620601590914e-14,
            3.599620601590914e-14
        ],
        "q99": [
            3.959582661750005e-14,
            3.959582661750005e-14,
            3.959582661750005e-14,
            3.959582661750005e-14,
            3.959582661750005e-14,
            3.959582661750005e-14,
            3.959582661750005e-14,
            3.959582661750005e-14,
            9.996542612711588,
            3.959582661750005e-14,
            3.959582661750005e-14,
            3.959582661750005e-14
        ]
    },
    "observation.state": {
        "min": [
            -0.19651375710964203,
            -7.849311828613281,
            -0.003418803447857499,
            0.216600239276886,
            -9.696208953857422,
            -0.6984127163887024,
            -0.7559003233909607,
            -15.236899375915527,
            0.8058608174324036,
            0.06285625696182251,
            -12.466554641723633,
            -0.1318681389093399,
            -0.09890701621770859,
            -3.497910737991333,
            0.03760683909058571,
            -0.14286570250988007,
            -5.5966572761535645,
            0.09670329838991165,
            -0.19954194128513336,
            -10.619657516479492,
            -0.4888888895511627,
            -0.43682122230529785,
            -9.696208953857422,
            0.10256410390138626,
            -9.684712409973145,
            -166.6824493408203,
            -5.699633598327637,
            0.3481600284576416,
            -17.083797454833984,
            -1.157509207725525,
            0.5275040864944458,
            -5.5966572761535645,
            -0.4324786365032196,
            -0.010989668779075146,
            -4.897075176239014,
            -0.016117217019200325,
            0.0,
            0.0,
            0.0,
            1.0,
            0.0,
            0.0,
            0.0
        ],
        "max": [
            -0.10859639942646027,
            5.0789666175842285,
            0.24957264959812164,
            0.2605589032173157,
            9.696208953857422,
            -0.29792430996894836,
            -0.602044939994812,
            15.236899375915527,
            1.245421290397644,
            0.08483558893203735,
            14.313450813293457,
            0.10256410390138626,
            -0.07692768424749374,
            4.897075176239014,
            0.07789988070726395,
            -0.12088635563850403,
            6.296239376068115,
            0.14236874878406525,
            0.19608613848686218,
            6.002415180206299,
            0.45470085740089417,
            -0.21702784299850464,
            7.849311828613281,
            0.9133089184761047,
            10.668153762817383,
            163.912109375,
            3.0329670906066895,
            0.5679534077644348,
            22.624486923217773,
            -0.6007326245307922,
            0.6483904719352722,
            4.897075176239014,
            -0.3115995228290558,
            0.0549483448266983,
            6.296239376068115,
            0.05909645929932594,
            0.0,
            0.0,
            0.0,
            1.0,
            0.0,
            0.0,
            0.0
        ],
        "mean": [
            -0.15673133730888367,
            -0.600241482257843,
            0.13719657063484192,
            0.2411067932844162,
            -0.42016884684562683,
            -0.5028083324432373,
            -0.6746871471405029,
            -0.9465347528457642,
            1.0715025663375854,
            0.08153887093067169,
            1.112755298614502,
            -0.02197802998125553,
            -0.08841194957494736,
            0.1748955100774765,
            0.05603420361876488,
            -0.1248975545167923,
            0.7695404291152954,
            0.1165274828672409,
            -0.025795266032218933,
            -0.5171312093734741,
            -0.017230767756700516,
            -0.3257157504558563,
            -0.47095873951911926,
            0.44898656010627747,
            1.222862958908081,
            -6.810431957244873,
            -0.9021245837211609,
            0.4903659522533417,
            -0.07849309593439102,
            -0.9254211187362671,
            0.5997064113616943,
            -0.29382458329200745,
            -0.38079607486724854,
            0.013077703304588795,
            0.6296240091323853,
            0.026674015447497368,
            0.0,
            0.0,
            0.0,
            1.0,
            0.0,
            0.0,
            0.0
        ],