{
    "action": {
        "min": [
            0.0,
            -9.999802589416504,
            0.0,
            0.0,
            0.0,
            0.0,
            0.0,
            0.0,
            0.0,
            0.0,
            0.0,
            0.0
        ],
        "max": [
            0.0,
            9.998223304748535,
            0.0,
            0.0,
            0.0,
            0.0,
            0.0,
            0.0,
            0.0,
            0.0,
            0.0,
            0.0
        ],
        "mean": [
            0.0,
            0.831305980682373,
            0.0,
            0.0,
            0.0,
            0.0,
            0.0,
            0.0,
            0.0,
            0.0,
            0.0,
            0.0
        ],
        "std": [
            0.0,
            7.094456195831299,
            0.0,
            0.0,
            0.0,
            0.0,
            0.0,
            0.0,
            0.0,
            0.0,
            0.0,
            0.0
        ],
        "count": [
            200
        ],
        "q01": [
            3.9995784462121265e-16,
            -9.999802589416504,
            3.9995784462121265e-16,
            3.9995784462121265e-16,
            3.9995784462121265e-16,
            3.9995784462121265e-16,
            3.9995784462121265e-16,
            3.9995784462121265e-16,
            3.9995784462121265e-16,
            3.9995784462121265e-16,
            3.9995784462121265e-16,
            3.9995784462121265e-16
        ],
        "q10": [
            3.999578446212126e-15,
            -9.447856903076172,
            3.999578446212126e-15,
            3.999578446212126e-15,
            3.999578446212126e-15,
            3.999578446212126e-15,
            3.999578446212126e-15,
            3.999578446212126e-15,
            3.999578446212126e-15,
            3.999578446212126e-15,
            3.999578446212126e-15,
            3.999578446212126e-15
        ],
        "q50": [
            1.9997892231060632e-14,
            1.5030622482299805,
            1.9997892231060632e-14,
            1.9997892231060632e-14,
            1.9997892231060632e-14,
            1.9997892231060632e-14,
            1.9997892231060632e-14,
            1.9997892231060632e-14,
            1.9997892231060632e-14,
            1.9997892231060632e-14,
            1.9997892231060632e-14,
            1.9997892231060632e-14
        ],
        "q90": [
            3.599620601590914e-14,
            9.638258934020996,
            3.599620601590914e-14,
            3.599620601590914e-14,
            3.599620601590914e-14,
            3.599620601590914e-14,
            3.599620601590914e-14,
            3.599620601590914e-14,
            3.599620601590914e-14,
            3.599620601590914e-14,
            3.599620601590914e-14,
            3.599620601590914e-14
        ],
        "q99": [
            3.959582661750005e-14,
            9.994223594665527,
            3.959582661750005e-14,
            3.959582661750005e-14,
            3.959582661750005e-14,
            3.959582661750005e-14,
            3.959582661750005e-14,
            3.959582661750005e-14,
            3.959582661750005e-14,
            3.959582661750005e-14,
            3.959582661750005e-14,
            3.959582661750005e-14
        ]
    },
    "observation.state": {
        "min": [
            -0.21849308907985687,
            -10.619657516479492,
            -0.023931624367833138,
            -8.926804542541504,
            -78.95484161376953,
            -0.8156288266181946,
            -0.7559003233909607,
            -18.930692672729492,
            0.8644688725471497,
            0.04087691754102707,
            -15.236899375915527,
            -0.10256410390138626,
            -0.12088635563850403,
            -5.5966572761535645,
            0.048351649194955826,
            0.02197933755815029,
            -4.197493076324463,
            -0.008058608509600163,
            0.020251436159014702,
            -6.002415180206299,
            -0.1675213724374771,
            -0.32692453265190125,
            -9.696208953857422,
            0.190476194024086,
            0.2499479353427887,
            -19.854141235351562,
            -0.6593406796455383,
            0.48003605008125305,
            -15.236899375915527,
            -1.0109890699386597,
            0.61542147397995,
            -4.897075176239014,
            -0.424420028924942,
            0.04395867511630058,
            -4.197493076324463,
            -0.03492063656449318,
            0.0,
            0.0,
            0.0,
            1.0,
            0.0,
            0.0,
            0.0
        ],
        "max": [
            -0.10859639942646027,
            6.002415180206299,
            0.33162394165992737,
            8.986355781555176,
            78.95484161376953,
            0.8351648449897766,
            -0.5580862760543823,
            20.777589797973633,
            1.245421290397644,
            0.06285625696182251,
            15.236899375915527,
            0.07326007634401321,
            -0.09890701621770859,
            4.197493076324463,
            0.10476190596818924,
            0.04395867511630058,
            6.296239376068115,
            0.053724054247140884,
            0.04223077371716499,
            5.0789666175842285,
            -0.023931624367833138,
            -0.3049452006816864,
            9.696208953857422,
            0.6007326245307922,
            0.2939065992832184,
            18.007244110107422,
            -0.48351648449897766,
            0.5020154118537903,
            18.007244110107422,
            -0.8351648449897766,
            0.6374008059501648,
            4.197493076324463,
            -0.3599511682987213,
            0.06593801081180573,
            4.897075176239014,
            0.03492063656449318,
            0.0,
            0.0,
            0.0,
            1.0,
            0.0,
            0.0,
            0.0
        ],
        "mean": [
            -0.15013736486434937,
            -0.28626906871795654,
            0.12427353113889694,
            0.4693625271320343,
            2.6641499996185303,
            -0.105836421251297,
            -0.667653501033783,
            -0.8680422902107239,
            1.0622713565826416,
            0.06263658404350281,
            0.618710458278656,
            -0.001025640987791121,
            -0.10956723988056183,
            -0.003497889032587409,
            0.06976073980331421,
            0.033518481999635696,
            0.5911470651626587,
            0.014021998271346092,
            0.02750459685921669,
            -0.5956242084503174,
            -0.0984615683555603,
            -0.3069239854812622,
            -0.4801931381225586,
            0.41841262578964233,
            0.2712675631046295,
            -0.44787243008613586,
            -0.5582409501075745,
            0.4900361895561218,
            -0.13390004634857178,
            -0.9274725317955017,
            0.6280598640441895,
            -0.09444361925125122,
            -0.399088978767395,
            0.05791562423110008,
            0.3882683217525482,
            -0.0008864469709806144,
            0.0,
            0.0,
            0.0,
            1.0,
            0.0,
            0.0,
            0.0
        ],