{
    "action": {
        "min": [
            0.0,
            0.0,
            0.0,
            0.0,
            0.0,
            0.0,
            0.0,
            0.0,
            0.0,
            -9.999210357666016,
            0.0,
            0.0
        ],
        "max": [
            0.0,
            0.0,
            0.0,
            0.0,
            0.0,
            0.0,
            0.0,
            0.0,
            0.0,
            9.999210357666016,
            0.0,
            0.0
        ],
        "mean": [
            0.0,
            0.0,
            0.0,
            0.0,
            0.0,
            0.0,
            0.0,
            0.0,
            0.0,
            0.31960082054138184,
            0.0,
            0.0
        ],
        "std": [
            0.0,
            0.0,
            0.0,
            0.0,
            0.0,
            0.0,
            0.0,
            0.0,
            0.0,
            6.9959516525268555,
            0.0,
            0.0
        ],
        "count": [
            200
        ],
        "q01": [
            3.9995784462121265e-16,
            3.9995784462121265e-16,
            3.9995784462121265e-16,
            3.9995784462121265e-16,
            3.9995784462121265e-16,
            3.9995784462121265e-16,
            3.9995784462121265e-16,
            3.9995784462121265e-16,
            3.9995784462121265e-16,
            -9.999210357666016,
            3.9995784462121265e-16,
            3.9995784462121265e-16
        ],
        "q10": [
            3.999578446212126e-15,
            3.999578446212126e-15,
            3.999578446212126e-15,
            3.999578446212126e-15,
            3.999578446212126e-15,
            3.999578446212126e-15,
            3.999578446212126e-15,
            3.999578446212126e-15,
            3.999578446212126e-15,
            -9.507248878479004,
            3.999578446212126e-15,
            3.999578446212126e-15
        ],
        "q50": [
            1.9997892231060632e-14,
            1.9997892231060632e-14,
            1.9997892231060632e-14,
            1.9997892231060632e-14,
            1.9997892231060632e-14,
            1.9997892231060632e-14,
            1.9997892231060632e-14,
            1.9997892231060632e-14,
            1.9997892231060632e-14,
            0.7559394836425781,
            1.9997892231060632e-14,
            1.9997892231060632e-14
        ],
        "q90": [
            3.599620601590914e-14,
            3.599620601590914e-14,
            3.599620601590914e-14,
            3.599620601590914e-14,
            3.599620601590914e-14,
            3.599620601590914e-14,
            3.599620601590914e-14,
            3.599620601590914e-14,
            3.599620601590914e-14,
            9.429255485534668,
            3.599620601590914e-14,
            3.599620601590914e-14
        ],
        "q99": [
            3.959582661750005e-14,
            3.959582661750005e-14,
            3.959582661750005e-14,
            3.959582661750005e-14,
            3.959582661750005e-14,
            3.959582661750005e-14,
            3.959582661750005e-14,
            3.959582661750005e-14,
            3.959582661750005e-14,
            9.993210792541504,
            3.959582661750005e-14,
            3.959582661750005e-14
        ]
    },
    "observation.state": {
        "min": [
            -0.24047242105007172,
            -8.772760391235352,
            0.03760683909058571,
            0.23857957124710083,
            -9.696208953857422,
            -0.6886447072029114,
            -0.7339209914207458,
            -18.930692672729492,
            0.8351648449897766,
            0.08483558893203735,
            -13.390002250671387,
            -0.21978022158145905,
            -0.13187602162361145,
            -4.197493076324463,
            0.056410256773233414,
            0.04395867511630058,
            -3.497910737991333,
            -0.026862027123570442,
            -0.08964525163173676,
            -7.849311828613281,
            -0.31111112236976624,
            -0.3489038646221161,
            -9.696208953857422,
            0.14163614809513092,
            -0.05776279419660568,
            -29.088626861572266,
            -1.3040293455123901,
            -9.124934196472168,
            -176.8403778076172,
            -2.3589744567871094,
            0.5714628100395203,
            -5.5966572761535645,
            -0.424420028924942,
            0.04395867511630058,
            -4.897075176239014,
            -0.056410256773233414,
            0.0,
            0.0,
            0.0,
            1.0,
            0.0,
            0.0,
            0.0
        ],
        "max": [
            -0.10859639942646027,
            7.849311828613281,
            0.27008548378944397,
            0.2605589032173157,
            8.772760391235352,
            -0.3858363926410675,
            -0.5580862760543823,
            20.777589797973633,
            1.216117262840271,
            0.1068149283528328,
            16.160348892211914,
            0.07326007634401321,
            -0.1098966896533966,
            4.897075176239014,
            0.11282051354646683,
            0.06593801081180573,
            4.897075176239014,
            0.04029304161667824,
            0.13014812767505646,
            6.002415180206299,
            0.2222222238779068,
            -0.21702784299850464,
            8.772760391235352,
            0.6593406796455383,
            0.7115139961242676,
            25.394832611083984,
            -0.1318681389093399,
            9.403647422790527,
            169.45278930664062,
            1.3040293455123901,
            0.61542147397995,
            6.995821475982666,
            -0.33577534556388855,
            0.07692768424749374,
            4.897075176239014,
            0.04029304161667824,
            0.0,
            0.0,
            0.0,
            1.0,
            0.0,
            0.0,
            0.0
        ],
        "mean": [
            -0.15761049091815948,
            -0.0692586600780487,
            0.1359316110610962,
            0.25946006178855896,
            -0.44325515627861023,
            -0.5439804196357727,
            -0.6689727306365967,
            -0.00461721234023571,
            1.064908742904663,
            0.0940670594573021,
            0.9326830506324768,
            -0.05435904487967491,
            -0.1135234609246254,
            0.06296243518590927,
            0.07571064680814743,
            0.051981206983327866,
            0.727565586566925,
            0.003075702115893364,
            0.017613928765058517,
            -0.4109346866607666,
            -0.07798290252685547,
            -0.30142921209335327,
            -0.7295243144035339,
            0.40620267391204834,
            0.2787410020828247,
            -0.4201691746711731,
            -0.5734792947769165,
            0.2892553508281708,
            2.14701771736145,
            -0.3865201473236084,
            0.6027836799621582,
            0.13991641998291016,
            -0.3812660872936249,
            0.0622016005218029,
            0.4547285735607147,
            -0.004391941241919994,
            0.0,
            0.0,
            0.0,
            1.0,
            0.0,
            0.0,
            0.0
        ],