{
    "action": {
        "min": [
            0.0,
            -9.999210357666016,
            0.0,
            0.0,
            0.0,
            0.0,
            0.0,
            0.0,
            0.0,
            0.0,
            0.0,
            0.0
        ],
        "max": [
            0.0,
            9.999210357666016,
            0.0,
            0.0,
            0.0,
            0.0,
            0.0,
            0.0,
            0.0,
            0.0,
            0.0,
            0.0
        ],
        "mean": [
            0.0,
            0.2524532377719879,
            0.0,
            0.0,
            0.0,
            0.0,
            0.0,
            0.0,
            0.0,
            0.0,
            0.0,
            0.0
        ],
        "std": [
            0.0,
            7.084749221801758,
            0.0,
            0.0,
            0.0,
            0.0,
            0.0,
            0.0,
            0.0,
            0.0,
            0.0,
            0.0
        ],
        "count": [
            200
        ],
        "q01": [
            3.9995784462121265e-16,
            -9.999210357666016,
            3.9995784462121265e-16,
            3.9995784462121265e-16,
            3.9995784462121265e-16,
            3.9995784462121265e-16,
            3.9995784462121265e-16,
            3.9995784462121265e-16,
            3.9995784462121265e-16,
            3.9995784462121265e-16,
            3.9995784462121265e-16,
            3.9995784462121265e-16
        ],
        "q10": [
            3.999578446212126e-15,
            -9.583243370056152,
            3.999578446212126e-15,
            3.999578446212126e-15,
            3.999578446212126e-15,
            3.999578446212126e-15,
            3.999578446212126e-15,
            3.999578446212126e-15,
            3.999578446212126e-15,
            3.999578446212126e-15,
            3.999578446212126e-15,
            3.999578446212126e-15
        ],
        "q50": [
            1.9997892231060632e-14,
            0.5039596557617188,
            1.9997892231060632e-14,
            1.9997892231060632e-14,
            1.9997892231060632e-14,
            1.9997892231060632e-14,
            1.9997892231060632e-14,
            1.9997892231060632e-14,
            1.9997892231060632e-14,
            1.9997892231060632e-14,
            1.9997892231060632e-14,
            1.9997892231060632e-14
        ],
        "q90": [
            3.599620601590914e-14,
            9.511247634887695,
            3.599620601590914e-14,
            3.599620601590914e-14,
            3.599620601590914e-14,
            3.599620601590914e-14,
            3.599620601590914e-14,
            3.599620601590914e-14,
            3.599620601590914e-14,
            3.599620601590914e-14,
            3.599620601590914e-14,
            3.599620601590914e-14
        ],
        "q99": [
            3.959582661750005e-14,
            9.995210647583008,
            3.959582661750005e-14,
            3.959582661750005e-14,
            3.959582661750005e-14,
            3.959582661750005e-14,
            3.959582661750005e-14,
            3.959582661750005e-14,
            3.959582661750005e-14,
            3.959582661750005e-14,
            3.959582661750005e-14,
            3.959582661750005e-14
        ]
    },
    "observation.state": {
        "min": [
            -0.3283897936344147,
            -10.619657516479492,
            -0.1606837660074234,
            -8.201486587524414,
            -99.27070617675781,
            -1.245421290397644,
            -0.7998589873313904,
            -21.701038360595703,
            0.8644688725471497,
            0.04087691754102707,
            -25.394832611083984,
            -0.1318681389093399,
            -0.08791735023260117,
            -4.897075176239014,
            0.021489622071385384,
            -0.1098966896533966,
            -4.197493076324463,
            0.0644688680768013,
            -0.0017279012827202678,
            -6.925863265991211,
            -0.17435897886753082,
            -0.3489038646221161,
            -10.619657516479492,
            0.2490842491388321,
            0.22796858847141266,
            -14.313450813293457,
            -0.6300366520881653,
            0.48003605008125305,
            -19.854141235351562,
            -1.0402930974960327,
            0.7033388018608093,
            -4.897075176239014,
            -0.49157509207725525,
            -0.02197933755815029,
            -4.897075176239014,
            -0.002686202758923173,
            0.0,
            0.0,
            0.0,
            1.0,
            0.0,
            0.0,
            0.0
        ],
        "max": [
            -0.06463772803544998,
            10.619657516479492,
            0.6256410479545593,
            8.348955154418945,
            98.34725952148438,
            1.0012210607528687,
            -0.5800656080245972,
            16.160348892211914,
            1.3040293455123901,
            0.08483558893203735,
            13.390002250671387,
            0.10256410390138626,
            -0.06593801081180573,
            4.897075176239014,
            0.08864469081163406,
            -0.08791735023260117,
            6.296239376068115,
            0.13968254625797272,
            0.06421010941267014,
            5.0789666175842285,
            0.003418803447857499,
            -0.28296586871147156,
            8.772760391235352,
            0.6202686429023743,
            0.27192726731300354,
            16.160348892211914,
            -0.42490842938423157,
            0.5020154118537903,
            22.624486923217773,
            -0.8644688725471497,
            0.7253181338310242,
            5.5966572761535645,
            -0.4136752188205719,
            0.0,
            5.5966572761535645,
            0.07252747565507889,
            0.0,
            0.0,
            0.0,
            1.0,
            0.0,
            0.0,
            0.0
        ],
        "mean": [
            -0.15881924331188202,
            -0.3093552589416504,
            0.1396580934524536,
            0.6026674509048462,
            -2.631828546524048,
            -0.15111105144023895,
            -0.685126543045044,
            -1.4221100807189941,
            1.0937728881835938,
            0.061867304146289825,
            -0.5032796263694763,
            -0.003956044092774391,
            -0.07599365711212158,
            0.05246870592236519,
            0.047881584614515305,
            -0.10170958191156387,
            0.514193058013916,
            0.09609890729188919,
            0.023548338562250137,
            -0.5402172207832336,
            -0.08837607502937317,
            -0.3136273920536041,
            -0.48019322752952576,
            0.4311598539352417,
            0.2587393522262573,
            0.4617241621017456,
            -0.5447611212730408,
            0.5011354684829712,
            -0.2493310570716858,
            -0.9403661489486694,
            0.7177891731262207,
            0.048970744013786316,
            -0.45114779472351074,
            -0.009396164678037167,
            0.49670350551605225,
            0.039890140295028687,
            0.0,
            0.0,
            0.0,
            1.0,
            0.0,
            0.0,
            0.0
        ],