{
    "action": {
        "min": [
            0.0,
            0.0,
            0.0,
            0.0,
            0.0,
            0.0,
            0.0,
            -10.0,
            0.0,
            0.0,
            0.0,
            0.0
        ],
        "max": [
            0.0,
            0.0,
            0.0,
            0.0,
            0.0,
            0.0,
            0.0,
            9.996841430664062,
            0.0,
            0.0,
            0.0,
            0.0
        ],
        "mean": [
            0.0,
            0.0,
            0.0,
            0.0,
            0.0,
            0.0,
            0.0,
            0.6386131048202515,
            0.0,
            0.0,
            0.0,
            0.0
        ],
        "std": [
            0.0,
            0.0,
            0.0,
            0.0,
            0.0,
            0.0,
            0.0,
            7.09650182723999,
            0.0,
            0.0,
            0.0,
            0.0
        ],
        "count": [
            200
        ],
        "q01": [
            3.9995784462121265e-16,
            3.9995784462121265e-16,
            3.9995784462121265e-16,
            3.9995784462121265e-16,
            3.9995784462121265e-16,
            3.9995784462121265e-16,
            3.9995784462121265e-16,
            -10.0,
            3.9995784462121265e-16,
            3.9995784462121265e-16,
            3.9995784462121265e-16,
            3.9995784462121265e-16
        ],
        "q10": [
            3.999578446212126e-15,
            3.999578446212126e-15,
            3.999578446212126e-15,
            3.999578446212126e-15,
            3.999578446212126e-15,
            3.999578446212126e-15,
            3.999578446212126e-15,
            -9.42809009552002,
            3.999578446212126e-15,
            3.999578446212126e-15,
            3.999578446212126e-15,
            3.999578446212126e-15
        ],
        "q50": [
            1.9997892231060632e-14,
            1.9997892231060632e-14,
            1.9997892231060632e-14,
            1.9997892231060632e-14,
            1.9997892231060632e-14,
            1.9997892231060632e-14,
            1.9997892231060632e-14,
            1.3782024383544922,
            1.9997892231060632e-14,
            1.9997892231060632e-14,
            1.9997892231060632e-14,
            1.9997892231060632e-14
        ],
        "q90": [
            3.599620601590914e-14,
            3.599620601590914e-14,
            3.599620601590914e-14,
            3.599620601590914e-14,
            3.599620601590914e-14,
            3.599620601590914e-14,
            3.599620601590914e-14,
            9.548912048339844,
            3.599620601590914e-14,
            3.599620601590914e-14,
            3.599620601590914e-14,
            3.599620601590914e-14
        ],
        "q99": [
            3.959582661750005e-14,
            3.959582661750005e-14,
            3.959582661750005e-14,
            3.959582661750005e-14,
            3.959582661750005e-14,
            3.959582661750005e-14,
            3.959582661750005e-14,
            9.994841575622559,
            3.959582661750005e-14,
            3.959582661750005e-14,
            3.959582661750005e-14,
            3.959582661750005e-14
        ]
    },
    "observation.state": {
        "min": [
            -0.21849308907985687,
            -6.925863265991211,
            -0.03760683909058571,
            0.23857957124710083,
            -9.696208953857422,
            -0.6788766980171204,
            -0.711941659450531,
            -14.313450813293457,
            0.8644688725471497,
            0.08483558893203735,
            -18.007244110107422,
            -0.190476194024086,
            -0.13187602162361145,
            -4.897075176239014,
            0.056410256773233414,
            0.04395867511630058,
            -4.897075176239014,
            -0.016117217019200325,
            -0.08964525163173676,
            -7.849311828613281,
            -0.32478633522987366,
            -8.547196388244629,
            -94.6534652709961,
            -0.8840048909187317,
            0.1400512456893921,
            -18.007244110107422,
            -0.8351648449897766,
            0.4580567181110382,
            -19.854141235351562,
            -1.0109890699386597,
            0.6044318079948425,
            -4.897075176239014,
            -0.4297924339771271,
            0.0549483448266983,
            -5.5966572761535645,
            -0.053724054247140884,
            0.0,
            0.0,
            0.0,
            1.0,
            0.0,
            0.0,
            0.0
        ],
        "max": [
            -0.10859639942646027,
            6.002415180206299,
            0.2974359095096588,
            0.2605589032173157,
            7.849311828613281,
            -0.34676435589790344,
            -0.6460036039352417,
            21.701038360595703,
            1.186813235282898,
            0.1068149283528328,
            19.854141235351562,
            0.04395604506134987,
            -0.1098966896533966,
            4.897075176239014,
            0.09938950091600418,
            0.0549483448266983,
            4.897075176239014,
            0.016117217019200325,
            0.1521274596452713,
            5.0789666175842285,
            0.2769230902194977,
            8.310955047607422,
            92.80657196044922,
            1.1086691617965698,
            0.44776198267936707,
            17.083797454833984,
            -0.42490842938423157,
            0.5020154118537903,
            15.236899375915527,
            -0.8058608174324036,
            0.6483904719352722,
            5.5966572761535645,
            -0.36263737082481384,
            0.1098966896533966,
            7.695404052734375,
            0.016117217019200325,
            0.0,
            0.0,
            0.0,
            1.0,
            0.0,
            0.0,
            0.0
        ],
        "mean": [
            -0.1607973873615265,
            -0.4571070969104767,
            0.14379486441612244,
            0.24440374970436096,
            -0.13390007615089417,
            -0.5229302048683167,
            -0.6686428189277649,
            -0.4063173532485962,
            1.0644689798355103,
            0.1025291383266449,
            0.9973242878913879,
            -0.07296709716320038,
            -0.12127098441123962,
            0.11543110758066177,
            0.07751041650772095,
            0.04599176347255707,
            0.39526382088661194,
            0.003612942760810256,
            0.019482161849737167,
            -0.775696873664856,
            -0.086769238114357,
            0.22519658505916595,
            2.2439794540405273,
            0.14144080877304077,
            0.2808288633823395,
            -0.3232070207595825,
            -0.5860797762870789,
            0.48047539591789246,
            -1.0942862033843994,
            -0.9138463735580444,
            0.6321802139282227,
            -2.0265579436795633e-08,
            -0.39961278438568115,
            0.07962026447057724,
            0.48970770835876465,
            -0.014868139289319515,
            0.0,
            0.0,
            0.0,
            1.0,
            0.0,
            0.0,
            0.0
        ],