{
    "action": {
        "min": [
            0.0,
            0.0,
            0.0,
            0.0,
            0.0,
            0.0,
            0.0,
            -10.0,
            0.0,
            0.0,
            0.0,
            0.0
        ],
        "max": [
            0.0,
            0.0,
            0.0,
            0.0,
            0.0,
            0.0,
            0.0,
            10.0,
            0.0,
            0.0,
            0.0,
            0.0
        ],
        "mean": [
            0.0,
            0.0,
            0.0,
            0.0,
            0.0,
            0.0,
            0.0,
            -2.1755695911451767e-08,
            0.0,
            0.0,
            0.0,
            0.0
        ],
        "std": [
            0.0,
            0.0,
            0.0,
            0.0,
            0.0,
            0.0,
            0.0,
            7.071067810058594,
            0.0,
            0.0,
            0.0,
            0.0
        ],
        "count": [
            200
        ],
        "q01": [
            3.9995784462121265e-16,
            3.9995784462121265e-16,
            3.9995784462121265e-16,
            3.9995784462121265e-16,
            3.9995784462121265e-16,
            3.9995784462121265e-16,
            3.9995784462121265e-16,
            -10.0,
            3.9995784462121265e-16,
            3.9995784462121265e-16,
            3.9995784462121265e-16,
            3.9995784462121265e-16
        ],
        "q10": [
            3.999578446212126e-15,
            3.999578446212126e-15,
            3.999578446212126e-15,
            3.999578446212126e-15,
            3.999578446212126e-15,
            3.999578446212126e-15,
            3.999578446212126e-15,
            -9.510000228881836,
            3.999578446212126e-15,
            3.999578446212126e-15,
            3.999578446212126e-15,
            3.999578446212126e-15
        ],
        "q50": [
            1.9997892231060632e-14,
            1.9997892231060632e-14,
            1.9997892231060632e-14,
            1.9997892231060632e-14,
            1.9997892231060632e-14,
            1.9997892231060632e-14,
            1.9997892231060632e-14,
            0.0013335545857747395,
            1.9997892231060632e-14,
            1.9997892231060632e-14,
            1.9997892231060632e-14,
            1.9997892231060632e-14
        ],
        "q90": [
            3.599620601590914e-14,
            3.599620601590914e-14,
            3.599620601590914e-14,
            3.599620601590914e-14,
            3.599620601590914e-14,
            3.599620601590914e-14,
            3.599620601590914e-14,
            9.510001182556152,
            3.599620601590914e-14,
            3.599620601590914e-14,
            3.599620601590914e-14,
            3.599620601590914e-14
        ],
        "q99": [
            3.959582661750005e-14,
            3.959582661750005e-14,
            3.959582661750005e-14,
            3.959582661750005e-14,
            3.959582661750005e-14,
            3.959582661750005e-14,
            3.959582661750005e-14,
            9.984001159667969,
            3.959582661750005e-14,
            3.959582661750005e-14,
            3.959582661750005e-14,
            3.959582661750005e-14
        ]
    },
    "observation.state": {
        "min": [
            -0.174534410238266,
            -6.002415180206299,
            0.08547008782625198,
            0.216600239276886,
            -9.696208953857422,
            -0.6886447072029114,
            -0.6679829359054565,
            -21.701038360595703,
            0.8644688725471497,
            0.01889757812023163,
            -19.854141235351562,
            -0.07326007634401321,
            -0.0549483448266983,
            -4.197493076324463,
            0.002686202758923173,
            -0.1648450344800949,
            -4.197493076324463,
            0.10476190596818924,
            -0.13360393047332764,
            -6.002415180206299,
            -0.0923076942563057,
            -9.668143272399902,
            -50.32794189453125,
            -0.3663003742694855,
            0.2499479353427887,
            -22.624486923217773,
            -0.6593406796455383,
            0.48003605008125305,
            -19.854141235351562,
            -1.0695971250534058,
            0.5604730844497681,
            -6.995821475982666,
            -0.4029304087162018,
            -0.04395867511630058,
            -4.197493076324463,
            -0.021489622071385384,
            0.0,
            0.0,
            0.0,
            1.0,
            0.0,
            0.0,
            0.0
        ],
        "max": [
            -0.15255507826805115,
            6.002415180206299,
            0.2290598303079605,
            0.23857957124710083,
            6.925863265991211,
            -0.29792430996894836,
            -0.6460036039352417,
            15.236899375915527,
            1.186813235282898,
            0.04087691754102707,
            18.930692672729492,
            0.16117216646671295,
            -0.03296900540590286,
            4.897075176239014,
            0.07789988070726395,
            -0.14286570250988007,
            6.296239376068115,
            0.17191697657108307,
            -0.04568657651543617,
            6.002415180206299,
            0.1675213724374771,
            9.34398365020752,
            47.557594299316406,
            0.8742368817329407,
            0.2939065992832184,
            19.854141235351562,
            -0.48351648449897766,
            0.5020154118537903,
            18.930692672729492,
            -0.8351648449897766,
            0.5934421420097351,
            4.197493076324463,
            -0.3142857253551483,
            0.0,
            6.296239376068115,
            0.07789988070726395,
            0.0,
            0.0,
            0.0,
            1.0,
            0.0,
            0.0,
            0.0
        ],
        "mean": [
            -0.16321507096290588,
            -0.3693794310092926,
            0.1422906070947647,
            0.2380296140909195,
            -0.4247862994670868,
            -0.4983149468898773,
            -0.6677638292312622,
            -0.5448346138000488,
            1.06315016746521,
            0.04043729230761528,
            0.9973244667053223,
            0.03824182599782944,
            -0.039892490953207016,
            0.23086214065551758,
            0.027385855093598366,
            -0.14869055151939392,
            0.8394986987113953,
            0.13123443722724915,
            -0.06425920873880386,
            -0.42478621006011963,
            0.027829091995954514,
            0.009029622189700603,
            -2.327089309692383,
            0.15785108506679535,
            0.26830029487609863,
            -0.3416760265827179,
            -0.553845226764679,
            0.5016849637031555,
            -0.7156726121902466,
            -0.9405128955841064,
            0.5734414458274841,
            -0.17489561438560486,
            -0.3636447489261627,
            -0.013956877402961254,
            0.7135739922523499,
            0.04570576176047325,
            0.0,
            0.0,
            0.0,
            1.0,
            0.0,
            0.0,
            0.0
        ],