{
    "action": {
        "min": [
            0.0,
            0.0,
            0.0,
            0.0,
            0.0,
            -10.0,
            0.0,
            0.0,
            0.0,
            0.0,
            0.0,
            0.0
        ],
        "max": [
            0.0,
            0.0,
            0.0,
            0.0,
            0.0,
            9.999210357666016,
            0.0,
            0.0,
            0.0,
            0.0,
            0.0,
            0.0
        ],
        "mean": [
            0.0,
            0.0,
            0.0,
            0.0,
            0.0,
            0.4162852466106415,
            0.0,
            0.0,
            0.0,
            0.0,
            0.0,
            0.0
        ],
        "std": [
            0.0,
            0.0,
            0.0,
            0.0,
            0.0,
            7.1016669273376465,
            0.0,
            0.0,
            0.0,
            0.0,
            0.0,
            0.0
        ],
        "count": [
            200
        ],
        "q01": [
            3.9995784462121265e-16,
            3.9995784462121265e-16,
            3.9995784462121265e-16,
            3.9995784462121265e-16,
            3.9995784462121265e-16,
            -9.994000434875488,
            3.9995784462121265e-16,
            3.9995784462121265e-16,
            3.9995784462121265e-16,
            3.9995784462121265e-16,
            3.9995784462121265e-16,
            3.9995784462121265e-16
        ],
        "q10": [
            3.999578446212126e-15,
            3.999578446212126e-15,
            3.999578446212126e-15,
            3.999578446212126e-15,
            3.999578446212126e-15,
            -9.550017833709717,
            3.999578446212126e-15,
            3.999578446212126e-15,
            3.999578446212126e-15,
            3.999578446212126e-15,
            3.999578446212126e-15,
            3.999578446212126e-15
        ],
        "q50": [
            1.9997892231060632e-14,
            1.9997892231060632e-14,
            1.9997892231060632e-14,
            1.9997892231060632e-14,
            1.9997892231060632e-14,
            1.0055646896362305,
            1.9997892231060632e-14,
            1.9997892231060632e-14,
            1.9997892231060632e-14,
            1.9997892231060632e-14,
            1.9997892231060632e-14,
            1.9997892231060632e-14
        ],
        "q90": [
            3.599620601590914e-14,
            3.599620601590914e-14,
            3.599620601590914e-14,
            3.599620601590914e-14,
            3.599620601590914e-14,
            9.585225105285645,
            3.599620601590914e-14,
            3.599620601590914e-14,
            3.599620601590914e-14,
            3.599620601590914e-14,
            3.599620601590914e-14,
            3.599620601590914e-14
        ],
        "q99": [
            3.959582661750005e-14,
            3.959582661750005e-14,
            3.959582661750005e-14,
            3.959582661750005e-14,
            3.959582661750005e-14,
            9.996542612711588,
            3.959582661750005e-14,
            3.959582661750005e-14,
            3.959582661750005e-14,
            3.959582661750005e-14,
            3.959582661750005e-14,
            3.959582661750005e-14
        ]
    },
    "observation.state": {
        "min": [
            -0.174534410238266,
            -7.849311828613281,
            0.05128205195069313,
            0.216600239276886,
            -8.772760391235352,
            -0.7179487347602844,
            -0.6899623274803162,
            -18.007244110107422,
            0.8644688725471497,
            0.06285625696182251,
            -17.083797454833984,
            -0.16117216646671295,
            -0.45057642459869385,
            -19.588300704956055,
            -0.2659340798854828,
            -6.40697717666626,
            -95.14317321777344,
            -1.86959707736969,
            0.020251436159014702,
            -5.0789666175842285,
            -0.18119658529758453,
            -0.32692453265190125,
            -7.849311828613281,
            0.29792430996894836,
            0.2499479353427887,
            -16.160348892211914,
            -0.6300366520881653,
            0.48003605008125305,
            -17.083797454833984,
            -1.0109890699386597,
            0.5824524760246277,
            -6.995821475982666,
            -0.41098901629447937,
            -0.04395867511630058,
            -4.897075176239014,
            0.005372405517846346,
            0.0,
            0.0,
            0.0,
            1.0,
            0.0,
            0.0,
            0.0
        ],
        "max": [
            -0.1305757462978363,
            5.0789666175842285,
            0.2153846174478531,
            0.2605589032173157,
            8.772760391235352,
            -0.2490842491388321,
            -0.6679829359054565,
            17.083797454833984,
            1.216117262840271,
            0.08483558893203735,
            17.083797454833984,
            0.04395604506134987,
            0.19781403243541718,
            20.287883758544922,
            0.3062271177768707,
            9.033507347106934,
            107.73565673828125,
            0.5076923370361328,
            0.04223077371716499,
            5.0789666175842285,
            -0.03076923079788685,
            -0.3049452006816864,
            7.849311828613281,
            0.6300366520881653,
            0.27192726731300354,
            16.160348892211914,
            -0.48351648449897766,
            0.5020154118537903,
            16.160348892211914,
            -0.8351648449897766,
            0.61542147397995,
            4.897075176239014,
            -0.3196581304073334,
            -0.02197933755815029,
            5.5966572761535645,
            0.09401709586381912,
            0.0,
            0.0,
            0.0,
            1.0,
            0.0,
            0.0,
            0.0
        ],
        "mean": [
            -0.15211573243141174,
            -0.5910071730613708,
            0.13179485499858856,
            0.24088698625564575,
            -0.60947585105896,
            -0.5088155269622803,
            -0.6704013347625732,
            -0.6695001721382141,
            1.076483964920044,
            0.08285761624574661,
            -0.2770344614982605,
            -0.040146589279174805,
            -0.22979415953159332,
            0.1329205483198166,
            0.14050182700157166,
            1.1971049308776855,
            -2.791332960128784,
            -0.2675592601299286,
            0.02157021127641201,
            -0.3970828354358673,
            -0.09586324542760849,
            -0.3173636496067047,
            -0.5171312093734741,
            0.4451282024383545,
            0.26841023564338684,
            -0.4894275963306427,
            -0.5535523891448975,
            0.48564037680625916,
            -1.0065590143203735,
            -0.9242496490478516,
            0.5950912833213806,
            0.13991644978523254,
            -0.3765519857406616,
            -0.03165024146437645,
            0.42674529552459717,
            0.05076922848820686,
            0.0,
            0.0,
            0.0,
            1.0,
            0.0,
            0.0,
            0.0
        ],