{
    "action": {
        "min": [
            0.0,
            0.0,
            0.0,
            -9.998223304748535,
            0.0,
            0.0,
            0.0,
            0.0,
            0.0,
            0.0,
            0.0,
            0.0
        ],
        "max": [
            0.0,
            0.0,
            0.0,
            9.999802589416504,
            0.0,
            0.0,
            0.0,
            0.0,
            0.0,
            0.0,
            0.0,
            0.0
        ],
        "mean": [
            0.0,
            0.0,
            0.0,
            0.6345770955085754,
            0.0,
            0.0,
            0.0,
            0.0,
            0.0,
            0.0,
            0.0,
            0.0
        ],
        "std": [
            0.0,
            0.0,
            0.0,
            7.118222713470459,
            0.0,
            0.0,
            0.0,
            0.0,
            0.0,
            0.0,
            0.0,
            0.0
        ],
        "count": [
            200
        ],
        "q01": [
            3.9995784462121265e-16,
            3.9995784462121265e-16,
            3.9995784462121265e-16,
            -9.998223304748535,
            3.9995784462121265e-16,
            3.9995784462121265e-16,
            3.9995784462121265e-16,
            3.9995784462121265e-16,
            3.9995784462121265e-16,
            3.9995784462121265e-16,
            3.9995784462121265e-16,
            3.9995784462121265e-16
        ],
        "q10": [
            3.999578446212126e-15,
            3.999578446212126e-15,
            3.999578446212126e-15,
            -9.65025806427002,
            3.999578446212126e-15,
            3.999578446212126e-15,
            3.999578446212126e-15,
            3.999578446212126e-15,
            3.999578446212126e-15,
            3.999578446212126e-15,
            3.999578446212126e-15,
            3.999578446212126e-15
        ],
        "q50": [
            1.9997892231060632e-14,
            1.9997892231060632e-14,
            1.9997892231060632e-14,
            1.5046415328979492,
            1.9997892231060632e-14,
            1.9997892231060632e-14,
            1.9997892231060632e-14,
            1.9997892231060632e-14,
            1.9997892231060632e-14,
            1.9997892231060632e-14,
            1.9997892231060632e-14,
            1.9997892231060632e-14
        ],
        "q90": [
            3.599620601590914e-14,
            3.599620601590914e-14,
            3.599620601590914e-14,
            9.587843894958496,
            3.599620601590914e-14,
            3.599620601590914e-14,
            3.599620601590914e-14,
            3.599620601590914e-14,
            3.599620601590914e-14,
            3.599620601590914e-14,
            3.599620601590914e-14,
            3.599620601590914e-14
        ],
        "q99": [
            3.959582661750005e-14,
            3.959582661750005e-14,
            3.959582661750005e-14,
            9.991803169250488,
            3.959582661750005e-14,
            3.959582661750005e-14,
            3.959582661750005e-14,
            3.959582661750005e-14,
            3.959582661750005e-14,
            3.959582661750005e-14,
            3.959582661750005e-14,
            3.959582661750005e-14
        ]
    },
    "observation.state": {
        "min": [
            -0.24047242105007172,
            -6.925863265991211,
            -0.0923076942563057,
            0.216600239276886,
            -13.390002250671387,
            -0.6984127163887024,
            -0.8438176512718201,
            -23.547935485839844,
            0.8058608174324036,
            -8.838775634765625,
            -111.27554321289062,
            -1.9487179517745972,
            -0.0549483448266983,
            -6.296239376068115,
            0.002686202758923173,
            -0.12088635563850403,
            -4.197493076324463,
            0.083272285759449,
            -0.02370723895728588,
            -6.925863265991211,
            -0.1538461595773697,
            -0.3489038646221161,
            -9.696208953857422,
            0.27838829159736633,
            0.11807190626859665,
            -19.854141235351562,
            -0.7472527623176575,
            0.48003605008125305,
            -20.777589797973633,
            -1.0402930974960327,
            0.5494834184646606,
            -4.897075176239014,
            -0.3868131935596466,
            -0.07692768424749374,
            -4.197493076324463,
            0.03760683909058571,
            0.0,
            0.0,
            0.0,
            1.0,
            0.0,
            0.0,
            0.0
        ],
        "max": [
            -0.06463772803544998,
            6.925863265991211,
            0.3452991545200348,
            0.2605589032173157,
            11.543106079101562,
            -0.3272283375263214,
            -0.4481895864009857,
            16.160348892211914,
            1.3919414281845093,
            10.063454627990723,
            99.27070617675781,
            1.186813235282898,
            -0.03296900540590286,
            6.296239376068115,
            0.056410256773233414,
            -0.09890701621770859,
            4.897075176239014,
            0.1477411538362503,
            0.04223077371716499,
            3.232069730758667,
            0.04444444552063942,
            -0.28296586871147156,
            10.619657516479492,
            0.6202686429023743,
            0.403803288936615,
            21.701038360595703,
            -0.3663003742694855,
            0.5239947438240051,
            15.236899375915527,
            -0.8644688725471497,
            0.5714628100395203,
            4.897075176239014,
            -0.3223443329334259,
            -0.04395867511630058,
            6.296239376068115,
            0.09938950091600418,
            0.0,
            0.0,
            0.0,
            1.0,
            0.0,
            0.0,
            0.0
        ],
        "mean": [
            -0.15859949588775635,
            -0.5586863160133362,
            0.1343589723110199,
            0.24385426938533783,
            -0.6833520531654358,
            -0.5099877715110779,
            -0.6630379557609558,
            -0.4386380910873413,
            1.0508426427841187,
            1.4005197286605835,
            -7.530724048614502,
            -0.6118680238723755,
            -0.03956279903650284,
            -0.1713976413011551,
            0.025706984102725983,
            -0.11319372802972794,
            0.563163697719574,
            0.10787792503833771,
            0.0007997199427336454,
            -0.24471378326416016,
            -0.05767521262168884,
            -0.32109972834587097,
            -0.43402090668678284,
            0.43648338317871094,
            0.2688498795032501,
            0.050789691507816315,
            -0.5545779466629028,
            0.5043225288391113,
            -0.5263658165931702,
            -0.9548715949058533,
            0.5617913007736206,
            0.06646032631397247,
            -0.3564726710319519,
            -0.0637400895357132,
            0.8150133490562439,
            0.07323934137821198,
            0.0,
            0.0,
            0.0,
            1.0,
            0.0,
            0.0,
            0.0
        ],