{
    "action": {
        "min": [
            0.0,
            0.0,
            0.0,
            0.0,
            0.0,
            0.0,
            0.0,
            0.0,
            -9.999210357666016,
            0.0,
            0.0,
            0.0
        ],
        "max": [
            0.0,
            0.0,
            0.0,
            0.0,
            0.0,
            0.0,
            0.0,
            0.0,
            9.999210357666016,
            0.0,
            0.0,
            0.0
        ],
        "mean": [
            0.0,
            0.0,
            0.0,
            0.0,
            0.0,
            0.0,
            0.0,
            0.0,
            0.4336545169353485,
            0.0,
            0.0,
            0.0
        ],
        "std": [
            0.0,
            0.0,
            0.0,
            0.0,
            0.0,
            0.0,
            0.0,
            0.0,
            7.092873573303223,
            0.0,
            0.0,
            0.0
        ],
        "count": [
            200
        ],
        "q01": [
            3.9995784462121265e-16,
            3.9995784462121265e-16,
            3.9995784462121265e-16,
            3.9995784462121265e-16,
            3.9995784462121265e-16,
            3.9995784462121265e-16,
            3.9995784462121265e-16,
            3.9995784462121265e-16,
            -9.9912109375,
            3.9995784462121265e-16,
            3.9995784462121265e-16,
            3.9995784462121265e-16
        ],
        "q10": [
            3.999578446212126e-15,
            3.999578446212126e-15,
            3.999578446212126e-15,
            3.999578446212126e-15,
            3.999578446212126e-15,
            3.999578446212126e-15,
            3.999578446212126e-15,
            3.999578446212126e-15,
            -9.507248878479004,
            3.999578446212126e-15,
            3.999578446212126e-15,
            3.999578446212126e-15
        ],
        "q50": [
            1.9997892231060632e-14,
            1.9997892231060632e-14,
            1.9997892231060632e-14,
            1.9997892231060632e-14,
            1.9997892231060632e-14,
            1.9997892231060632e-14,
            1.9997892231060632e-14,
            1.9997892231060632e-14,
            1.0019207000732422,
            1.9997892231060632e-14,
            1.9997892231060632e-14,
            1.9997892231060632e-14
        ],
        "q90": [
            3.599620601590914e-14,
            3.599620601590914e-14,
            3.599620601590914e-14,
            3.599620601590914e-14,
            3.599620601590914e-14,
            3.599620601590914e-14,
            3.599620601590914e-14,
            3.599620601590914e-14,
            9.587242126464844,
            3.599620601590914e-14,
            3.599620601590914e-14,
            3.599620601590914e-14
        ],
        "q99": [
            3.959582661750005e-14,
            3.959582661750005e-14,
            3.959582661750005e-14,
            3.959582661750005e-14,
            3.959582661750005e-14,
            3.959582661750005e-14,
            3.959582661750005e-14,
            3.959582661750005e-14,
            9.995210647583008,
            3.959582661750005e-14,
            3.959582661750005e-14,
            3.959582661750005e-14
        ]
    },
    "observation.state": {
        "min": [
            -0.6141211986541748,
            -29.088626861572266,
            -0.9333333373069763,
            -0.025172483175992966,
            -9.696208953857422,
            -1.225885272026062,
            -4.162697792053223,
            -108.50519561767578,
            -7.106226921081543,
            -0.22287513315677643,
            -24.471384048461914,
            -0.8058608174324036,
            -0.19781403243541718,
            -9.094568252563477,
            0.048351649194955826,
            -0.09890701621770859,
            -6.995821475982666,
            0.005372405517846346,
            -0.7710047364234924,
            -22.624486923217773,
            -1.0495727062225342,
            -0.6566146016120911,
            -12.466554641723633,
            -0.6300366520881653,
            -6.585626125335693,
            -239.63487243652344,
            -12.29304027557373,
            0.1943046599626541,
            -30.012075424194336,
            -2.007326126098633,
            0.2527623772621155,
            -15.39080810546875,
            -0.6097680330276489,
            -0.07692768424749374,
            -5.5966572761535645,
            -0.06984127312898636,
            0.0,
            0.0,
            0.0,
            1.0,
            0.0,
            0.0,
            0.0
        ],
        "max": [
            0.41890770196914673,
            23.547935485839844,
            1.0153846740722656,
            0.5462902784347534,
            13.390002250671387,
            0.3272283375263214,
            2.9586076736450195,
            132.5148468017578,
            9.01098918914795,
            0.3705669939517975,
            33.705867767333984,
            0.5714285969734192,
            -0.08791735023260117,
            8.394986152648926,
            0.12625153362751007,
            0.02197933755815029,
            13.292060852050781,
            0.08864469081163406,
            0.4598381817340851,
            20.777589797973633,
            1.5623931884765625,
            0.024744868278503418,
            10.619657516479492,
            1.5677655935287476,
            7.349274158477783,
            258.1038513183594,
            9.333333015441895,
            0.8756641149520874,
            26.318281173706055,
            -0.21978022158145905,
            0.9780805110931396,
            15.39080810546875,
            -0.14236874878406525,
            0.1538553684949875,
            9.094568252563477,
            0.08595848828554153,
            0.0,
            0.0,
            0.0,
            1.0,
            0.0,
            0.0,
            0.0
        ],
        "mean": [
            -0.16794060170650482,
            -0.12928275763988495,
            0.1449914127588272,
            0.2595696449279785,
            -0.17083793878555298,
            -0.5300609469413757,
            -0.7034797072410583,
            -1.6206516027450562,
            1.195311188697815,
            0.08318722993135452,
            0.3416757881641388,
            -0.04967033863067627,
            -0.12539228796958923,
            0.034979093819856644,
            0.0790952667593956,
            -0.019341813400387764,
            0.6995821595191956,
            0.046565327793359756,
            -0.07360037416219711,
            -0.15236909687519073,
            0.04263249412178993,
            -0.2859331965446472,
            -0.4294035732746124,
            0.3774358630180359,
            0.6493124961853027,
            1.6899120807647705,
            -0.7539926767349243,
            0.5138843655586243,
            -0.5448344349861145,
            -0.9709887504577637,
            0.633884072303772,
            -0.17139767110347748,
            -0.3991697430610657,
            0.04967334121465683,
            1.0248879194259644,
            0.003841268364340067,
            0.0,
            0.0,
            0.0,
            1.0,
            0.0,
            0.0,
            0.0
        ],