{
    "action": {
        "min": [
            0.0,
            0.0,
            0.0,
            0.0,
            0.0,
            0.0,
            -9.999802589416504,
            0.0,
            0.0,
            0.0,
            0.0,
            0.0
        ],
        "max": [
            0.0,
            0.0,
            0.0,
            0.0,
            0.0,
            0.0,
            9.998223304748535,
            0.0,
            0.0,
            0.0,
            0.0,
            0.0
        ],
        "mean": [
            0.0,
            0.0,
            0.0,
            0.0,
            0.0,
            0.0,
            0.6395046710968018,
            0.0,
            0.0,
            0.0,
            0.0,
            0.0
        ],
        "std": [
            0.0,
            0.0,
            0.0,
            0.0,
            0.0,
            0.0,
            6.977660179138184,
            0.0,
            0.0,
            0.0,
            0.0,
            0.0
        ],
        "count": [
            200
        ],
        "q01": [
            3.9995784462121265e-16,
            3.9995784462121265e-16,
            3.9995784462121265e-16,
            3.9995784462121265e-16,
            3.9995784462121265e-16,
            3.9995784462121265e-16,
            -9.999802589416504,
            3.9995784462121265e-16,
            3.9995784462121265e-16,
            3.9995784462121265e-16,
            3.9995784462121265e-16,
            3.9995784462121265e-16
        ],
        "q10": [
            3.999578446212126e-15,
            3.999578446212126e-15,
            3.999578446212126e-15,
            3.999578446212126e-15,
            3.999578446212126e-15,
            3.999578446212126e-15,
            -9.38386344909668,
            3.999578446212126e-15,
            3.999578446212126e-15,
            3.999578446212126e-15,
            3.999578446212126e-15,
            3.999578446212126e-15
        ],
        "q50": [
            1.9997892231060632e-14,
            1.9997892231060632e-14,
            1.9997892231060632e-14,
            1.9997892231060632e-14,
            1.9997892231060632e-14,
            1.9997892231060632e-14,
            1.0671052932739258,
            1.9997892231060632e-14,
            1.9997892231060632e-14,
            1.9997892231060632e-14,
            1.9997892231060632e-14,
            1.9997892231060632e-14
        ],
        "q90": [
            3.599620601590914e-14,
            3.599620601590914e-14,
            3.599620601590914e-14,
            3.599620601590914e-14,
            3.599620601590914e-14,
            3.599620601590914e-14,
            9.53027057647705,
            3.599620601590914e-14,
            3.599620601590914e-14,
            3.599620601590914e-14,
            3.599620601590914e-14,
            3.599620601590914e-14
        ],
        "q99": [
            3.959582661750005e-14,
            3.959582661750005e-14,
            3.959582661750005e-14,
            3.959582661750005e-14,
            3.959582661750005e-14,
            3.959582661750005e-14,
            9.995556831359863,
            3.959582661750005e-14,
            3.959582661750005e-14,
            3.959582661750005e-14,
            3.959582661750005e-14,
            3.959582661750005e-14
        ]
    },
    "observation.state": {
        "min": [
            -0.24047242105007172,
            -7.849311828613281,
            0.010256410576403141,
            0.216600239276886,
            -11.543106079101562,
            -0.6984127163887024,
            -0.6899623274803162,
            -19.854141235351562,
            0.8351648449897766,
            0.08483558893203735,
            -18.930692672729492,
            -0.190476194024086,
            -0.12088635563850403,
            -5.5966572761535645,
            0.048351649194955826,
            -0.1648450344800949,
            -4.897075176239014,
            0.09938950091600418,
            -8.639607429504395,
            -137.13209533691406,
            -1.056410312652588,
            -0.39286255836486816,
            -11.543106079101562,
            -0.04395604506134987,
            0.07411323487758636,
            -26.318281173706055,
            -1.0695971250534058,
            0.4580567181110382,
            -19.854141235351562,
            -1.0989011526107788,
            0.6703698039054871,
            -6.296239376068115,
            -0.470085471868515,
            0.010989668779075146,
            -4.897075176239014,
            -0.018803419545292854,
            0.0,
            0.0,
            0.0,
            1.0,
            0.0,
            0.0,
            0.0
        ],
        "max": [
            -0.10859639942646027,
            6.925863265991211,
            0.3452991545200348,
            0.2825382351875305,
            9.696208953857422,
            -0.2686202824115753,
            -0.602044939994812,
            18.930692672729492,
            1.245421290397644,
            0.1068149283528328,
            21.701038360595703,
            0.07326007634401321,
            -0.09890701621770859,
            4.897075176239014,
            0.11819291859865189,
            -0.14286570250988007,
            5.5966572761535645,
            0.19072039425373077,
            8.482295989990234,
            130.66795349121094,
            1.4256410598754883,
            -0.17306916415691376,
            9.696208953857422,
            0.7472527623176575,
            0.6016173362731934,
            19.854141235351562,
            -0.21978022158145905,
            0.5239947438240051,
            18.007244110107422,
            -0.8058608174324036,
            0.7143284678459167,
            6.296239376068115,
            -0.40024420619010925,
            0.0549483448266983,
            7.695404052734375,
            0.03760683909058571,
            0.0,
            0.0,
            0.0,
            1.0,
            0.0,
            0.0,
            0.0
        ],
        "mean": [
            -0.16013798117637634,
            -0.7064382433891296,
            0.14218804240226746,
            0.2507779896259308,
            0.1754552125930786,
            -0.5219048261642456,
            -0.6657853126525879,
            -0.1846897006034851,
            1.0575827360153198,
            0.0852753147482872,
            1.3482351303100586,
            -0.04073268547654152,
            -0.11330369114875793,
            -0.03847702592611313,
            0.07295729964971542,
            -0.155504047870636,
            0.6750969886779785,
            0.13648594915866852,
            0.5485249161720276,
            1.5744796991348267,
            0.05962394177913666,
            -0.29450523853302,
            0.20315870642662048,
            0.3926251530647278,
            0.2568714916706085,
            -0.3878485858440399,
            -0.5409526824951172,
            0.4890471398830414,
            -0.5771554112434387,
            -0.9257147312164307,
            0.6952623724937439,
            0.01748957671225071,
            -0.43832120299339294,
            0.0419255867600441,
            0.7170714735984802,
            0.008958494290709496,
            0.0,
            0.0,
            0.0,
            1.0,
            0.0,
            0.0,
            0.0
        ],