{
    "action": {
        "min": [
            0.0,
            0.0,
            0.0,
            0.0,
            0.0,
            0.0,
            0.0,
            0.0,
            0.0,
            0.0,
            0.0,
            -10.0
        ],
        "max": [
            0.0,
            0.0,
            0.0,
            0.0,
            0.0,
            0.0,
            0.0,
            0.0,
            0.0,
            0.0,
            0.0,
            10.0
        ],
        "mean": [
            0.0,
            0.0,
            0.0,
            0.0,
            0.0,
            0.0,
            0.0,
            0.0,
            0.0,
            0.0,
            0.0,
            -8.791685246478664e-08
        ],
        "std": [
            0.0,
            0.0,
            0.0,
            0.0,
            0.0,
            0.0,
            0.0,
            0.0,
            0.0,
            0.0,
            0.0,
            7.0710673332214355
        ],
        "count": [
            200
        ],
        "q01": [
            3.9995784462121265e-16,
            3.9995784462121265e-16,
            3.9995784462121265e-16,
            3.9995784462121265e-16,
            3.9995784462121265e-16,
            3.9995784462121265e-16,
            3.9995784462121265e-16,
            3.9995784462121265e-16,
            3.9995784462121265e-16,
            3.9995784462121265e-16,
            3.9995784462121265e-16,
            -9.99399995803833
        ],
        "q10": [
            3.999578446212126e-15,
            3.999578446212126e-15,
            3.999578446212126e-15,
            3.999578446212126e-15,
            3.999578446212126e-15,
            3.999578446212126e-15,
            3.999578446212126e-15,
            3.999578446212126e-15,
            3.999578446212126e-15,
            3.999578446212126e-15,
            3.999578446212126e-15,
            -9.510000228881836
        ],
        "q50": [
            1.9997892231060632e-14,
            1.9997892231060632e-14,
            1.9997892231060632e-14,
            1.9997892231060632e-14,
            1.9997892231060632e-14,
            1.9997892231060632e-14,
            1.9997892231060632e-14,
            1.9997892231060632e-14,
            1.9997892231060632e-14,
            1.9997892231060632e-14,
            1.9997892231060632e-14,
            0.0020003318786621094
        ],
        "q90": [
            3.599620601590914e-14,
            3.599620601590914e-14,
            3.599620601590914e-14,
            3.599620601590914e-14,
            3.599620601590914e-14,
            3.599620601590914e-14,
            3.599620601590914e-14,
            3.599620601590914e-14,
            3.599620601590914e-14,
            3.599620601590914e-14,
            3.599620601590914e-14,
            9.510001182556152
        ],
        "q99": [
            3.959582661750005e-14,
            3.959582661750005e-14,
            3.959582661750005e-14,
            3.959582661750005e-14,
            3.959582661750005e-14,
            3.959582661750005e-14,
            3.959582661750005e-14,
            3.959582661750005e-14,
            3.959582661750005e-14,
            3.959582661750005e-14,
            3.959582661750005e-14,
            9.994000434875488
        ]
    },
    "observation.state": {
        "min": [
            -0.174534410238266,
            -6.925863265991211,
            0.04444444552063942,
            0.23857957124710083,
            -8.772760391235352,
            -0.6495726704597473,
            -0.6899623274803162,
            -21.701038360595703,
            0.8644688725471497,
            0.06285625696182251,
            -20.777589797973633,
            -0.1318681389093399,
            -0.0549483448266983,
            -5.5966572761535645,
            0.005372405517846346,
            -0.1648450344800949,
            -5.5966572761535645,
            0.10476190596818924,
            -0.0017279012827202678,
            -7.849311828613281,
            -0.1675213724374771,
            -0.32692453265190125,
            -9.696208953857422,
            0.22954823076725006,
            0.2499479353427887,
            -16.160348892211914,
            -0.6300366520881653,
            0.4580567181110382,
            -18.930692672729492,
            -1.0109890699386597,
            -0.06593801081180573,
            -27.983285903930664,
            -0.3196581304073334,
            -7.033388137817383,
            -105.63690948486328,
            -1.4827839136123657,
            0.0,
            0.0,
            0.0,
            1.0,
            0.0,
            0.0,
            0.0
        ],
        "max": [
            -0.15255507826805115,
            7.849311828613281,
            0.2153846174478531,
            0.2605589032173157,
            8.772760391235352,
            -0.3076923191547394,
            -0.6679829359054565,
            15.236899375915527,
            1.186813235282898,
            0.08483558893203735,
            19.854141235351562,
            0.10256410390138626,
            -0.03296900540590286,
            5.5966572761535645,
            0.07789988070726395,
            -0.14286570250988007,
            6.296239376068115,
            0.18266178667545319,
            0.020251436159014702,
            5.0789666175842285,
            0.023931624367833138,
            -0.28296586871147156,
            10.619657516479492,
            0.5518925786018372,
            0.27192726731300354,
            17.083797454833984,
            -0.48351648449897766,
            0.48003605008125305,
            16.160348892211914,
            -0.8058608174324036,
            0.7143284678459167,
            25.18495750427246,
            0.13968254625797272,
            8.495014190673828,
            111.23356628417969,
            0.797802209854126,
            0.0,
            0.0,
            0.0,
            1.0,
            0.0,
            0.0,
            0.0
        ],
        "mean": [
            -0.15739068388938904,
            -0.45710718631744385,
            0.14006835222244263,
            0.2415464073419571,
            -0.38323113322257996,
            -0.5091574788093567,
            -0.6680935621261597,
            -0.577155351638794,
            1.0726741552352905,
            0.07659351080656052,
            0.4940449595451355,
            -0.020952388644218445,
            -0.05071738362312317,
            0.03148117661476135,
            0.0313882976770401,
            -0.1523721069097519,
            0.34629330039024353,
            0.13247011601924896,
            0.004975804127752781,
            -0.24009661376476288,
            -0.0661538764834404,
            -0.31088003516197205,
            -0.5679207444190979,
            0.4238828420639038,
            0.27181705832481384,
            0.09696203470230103,
            -0.5638086199760437,
            0.4781675338745117,
            -0.8818933367729187,
            -0.9005134105682373,
            0.12319432199001312,
            -0.01399161946028471,
            -0.0711037889122963,
            0.3985951542854309,
            -2.476520538330078,
            -0.14242245256900787,
            0.0,
            0.0,
            0.0,
            1.0,
            0.0,
            0.0,
            0.0
        ],