{
    "action": {
        "min": [
            0.0,
            0.0,
            0.0,
            0.0,
            -9.999210357666016,
            0.0,
            0.0,
            0.0,
            0.0,
            0.0,
            0.0,
            0.0
        ],
        "max": [
            0.0,
            0.0,
            0.0,
            0.0,
            9.999210357666016,
            0.0,
            0.0,
            0.0,
            0.0,
            0.0,
            0.0,
            0.0
        ],
        "mean": [
            0.0,
            0.0,
            0.0,
            0.0,
            0.2524532377719879,
            0.0,
            0.0,
            0.0,
            0.0,
            0.0,
            0.0,
            0.0
        ],
        "std": [
            0.0,
            0.0,
            0.0,
            0.0,
            7.084749221801758,
            0.0,
            0.0,
            0.0,
            0.0,
            0.0,
            0.0,
            0.0
        ],
        "count": [
            200
        ],
        "q01": [
            3.9995784462121265e-16,
            3.9995784462121265e-16,
            3.9995784462121265e-16,
            3.9995784462121265e-16,
            -9.999210357666016,
            3.9995784462121265e-16,
            3.9995784462121265e-16,
            3.9995784462121265e-16,
            3.9995784462121265e-16,
            3.9995784462121265e-16,
            3.9995784462121265e-16,
            3.9995784462121265e-16
        ],
        "q10": [
            3.999578446212126e-15,
            3.999578446212126e-15,
            3.999578446212126e-15,
            3.999578446212126e-15,
            -9.583243370056152,
            3.999578446212126e-15,
            3.999578446212126e-15,
            3.999578446212126e-15,
            3.999578446212126e-15,
            3.999578446212126e-15,
            3.999578446212126e-15,
            3.999578446212126e-15
        ],
        "q50": [
            1.9997892231060632e-14,
            1.9997892231060632e-14,
            1.9997892231060632e-14,
            1.9997892231060632e-14,
            0.5039596557617188,
            1.9997892231060632e-14,
            1.9997892231060632e-14,
            1.9997892231060632e-14,
            1.9997892231060632e-14,
            1.9997892231060632e-14,
            1.9997892231060632e-14,
            1.9997892231060632e-14
        ],
        "q90": [
            3.599620601590914e-14,
            3.599620601590914e-14,
            3.599620601590914e-14,
            3.599620601590914e-14,
            9.511247634887695,
            3.599620601590914e-14,
            3.599620601590914e-14,
            3.599620601590914e-14,
            3.599620601590914e-14,
            3.599620601590914e-14,
            3.599620601590914e-14,
            3.599620601590914e-14
        ],
        "q99": [
            3.959582661750005e-14,
            3.959582661750005e-14,
            3.959582661750005e-14,
            3.959582661750005e-14,
            9.995210647583008,
            3.959582661750005e-14,
            3.959582661750005e-14,
            3.959582661750005e-14,
            3.959582661750005e-14,
            3.959582661750005e-14,
            3.959582661750005e-14,
            3.959582661750005e-14
        ]
    },
    "observation.state": {
        "min": [
            -0.19651375710964203,
            -6.925863265991211,
            0.06495726853609085,
            0.216600239276886,
            -8.772760391235352,
            -0.7179487347602844,
            -0.7778796553611755,
            -18.007244110107422,
            0.8351648449897766,
            0.06285625696182251,
            -18.007244110107422,
            -0.10256410390138626,
            -9.418146133422852,
            -174.19595336914062,
            -0.41636142134666443,
            -0.6374008059501648,
            -25.18495750427246,
            -0.2954823076725006,
            -0.0017279012827202678,
            -6.002415180206299,
            -0.11965811997652054,
            -0.32692453265190125,
            -10.619657516479492,
            0.23931623995304108,
            0.2499479353427887,
            -17.083797454833984,
            -0.6300366520881653,
            0.48003605008125305,
            -20.777589797973633,
            -1.0402930974960327,
            0.6813594698905945,
            -4.197493076324463,
            -0.470085471868515,
            0.06593801081180573,
            -4.897075176239014,
            -0.048351649194955826,
            0.0,
            0.0,
            0.0,
            1.0,
            0.0,
            0.0,
            0.0
        ],
        "max": [
            -0.1305757462978363,
            6.925863265991211,
            0.20854701101779938,
            0.2605589032173157,
            6.925863265991211,
            -0.2588522732257843,
            -0.602044939994812,
            17.083797454833984,
            1.245421290397644,
            0.08483558893203735,
            17.083797454833984,
            0.07326007634401321,
            9.209342956542969,
            160.90390014648438,
            0.5560439825057983,
            0.39562806487083435,
            21.687047958374023,
            0.32771673798561096,
            0.020251436159014702,
            5.0789666175842285,
            0.010256410576403141,
            -0.3049452006816864,
            7.849311828613281,
            0.5909646153450012,
            0.27192726731300354,
            18.930692672729492,
            -0.4542124569416046,
            0.5020154118537903,
            19.854141235351562,
            -0.8351648449897766,
            0.7033388018608093,
            4.897075176239014,
            -0.3948718011379242,
            0.08791735023260117,
            5.5966572761535645,
            0.021489622071385384,
            0.0,
            0.0,
            0.0,
            1.0,
            0.0,
            0.0,
            0.0
        ],
        "mean": [
            -0.16365468502044678,
            -0.831103503704071,
            0.1447863131761551,
            0.24253547191619873,
            -0.45710694789886475,
            -0.5031499862670898,
            -0.6733684539794922,
            -0.6048586964607239,
            1.0726745128631592,
            0.06296627223491669,
            0.09234493970870972,
            -0.007619047071784735,
            0.39040783047676086,
            -4.284940719604492,
            0.0900818258523941,
            -0.020495736971497536,
            0.9129546284675598,
            0.044684987515211105,
            0.016624867916107178,
            -0.4247862994670868,
            -0.074803426861763,
            -0.3080228567123413,
            -1.094286561012268,
            0.4248107671737671,
            0.26258572936058044,
            -1.3528517484664917,
            -0.5485705137252808,
            0.5017948746681213,
            -0.7618449926376343,
            -0.9468130469322205,
            0.6900421380996704,
            0.1748955100774765,
            -0.435285747051239,
            0.0723121166229248,
            0.7065780162811279,
            -0.01355189923197031,
            0.0,
            0.0,
            0.0,
            1.0,
            0.0,
            0.0,
            0.0
        ],