{
    "action": {
        "min": [
            0.0,
            0.0,
            -9.999802589416504,
            0.0,
            0.0,
            0.0,
            0.0,
            0.0,
            0.0,
            0.0,
            0.0,
            0.0
        ],
        "max": [
            0.0,
            0.0,
            9.998223304748535,
            0.0,
            0.0,
            0.0,
            0.0,
            0.0,
            0.0,
            0.0,
            0.0,
            0.0
        ],
        "mean": [
            0.0,
            0.0,
            0.831305980682373,
            0.0,
            0.0,
            0.0,
            0.0,
            0.0,
            0.0,
            0.0,
            0.0,
            0.0
        ],
        "std": [
            0.0,
            0.0,
            7.094456195831299,
            0.0,
            0.0,
            0.0,
            0.0,
            0.0,
            0.0,
            0.0,
            0.0,
            0.0
        ],
        "count": [
            200
        ],
        "q01": [
            3.9995784462121265e-16,
            3.9995784462121265e-16,
            -9.999802589416504,
            3.9995784462121265e-16,
            3.9995784462121265e-16,
            3.9995784462121265e-16,
            3.9995784462121265e-16,
            3.9995784462121265e-16,
            3.9995784462121265e-16,
            3.9995784462121265e-16,
            3.9995784462121265e-16,
            3.9995784462121265e-16
        ],
        "q10": [
            3.999578446212126e-15,
            3.999578446212126e-15,
            -9.447856903076172,
            3.999578446212126e-15,
            3.999578446212126e-15,
            3.999578446212126e-15,
            3.999578446212126e-15,
            3.999578446212126e-15,
            3.999578446212126e-15,
            3.999578446212126e-15,
            3.999578446212126e-15,
            3.999578446212126e-15
        ],
        "q50": [
            1.9997892231060632e-14,
            1.9997892231060632e-14,
            1.5030622482299805,
            1.9997892231060632e-14,
            1.9997892231060632e-14,
            1.9997892231060632e-14,
            1.9997892231060632e-14,
            1.9997892231060632e-14,
            1.9997892231060632e-14,
            1.9997892231060632e-14,
            1.9997892231060632e-14,
            1.9997892231060632e-14
        ],
        "q90": [
            3.599620601590914e-14,
            3.599620601590914e-14,
            9.638258934020996,
            3.599620601590914e-14,
            3.599620601590914e-14,
            3.599620601590914e-14,
            3.599620601590914e-14,
            3.599620601590914e-14,
            3.599620601590914e-14,
            3.599620601590914e-14,
            3.599620601590914e-14,
            3.599620601590914e-14
        ],
        "q99": [
            3.959582661750005e-14,
            3.959582661750005e-14,
            9.994223594665527,
            3.959582661750005e-14,
            3.959582661750005e-14,
            3.959582661750005e-14,
            3.959582661750005e-14,
            3.959582661750005e-14,
            3.959582661750005e-14,
            3.959582661750005e-14,
            3.959582661750005e-14,
            3.959582661750005e-14
        ]
    },
    "observation.state": {
        "min": [
            -0.41630712151527405,
            -14.313450813293457,
            -0.2974359095096588,
            0.12868288159370422,
            -13.390002250671387,
            -0.8840048909187317,
            -11.371920585632324,
            -224.8596954345703,
            -4.67399263381958,
            -0.09099911153316498,
            -14.313450813293457,
            -0.3076923191547394,
            -0.12088635563850403,
            -4.197493076324463,
            0.03760683909058571,
            0.0,
            -4.897075176239014,
            0.002686202758923173,
            -0.06766591221094131,
            -6.002415180206299,
            -0.17435897886753082,
            -0.32692453265190125,
            -9.696208953857422,
            0.1318681389093399,
            0.16203057765960693,
            -16.160348892211914,
            -0.7179487347602844,
            0.48003605008125305,
            -15.236899375915527,
            -1.0109890699386597,
            0.61542147397995,
            -6.296239376068115,
            -0.4405372440814972,
            0.04395867511630058,
            -4.197493076324463,
            -0.03492063656449318,
            0.0,
            0.0,
            0.0,
            1.0,
            0.0,
            0.0,
            0.0
        ],
        "max": [
            0.0892176404595375,
            12.466554641723633,
            0.5777778029441833,
            0.34847626090049744,
            7.849311828613281,
            -0.08302808552980423,
            9.794181823730469,
            195.30935668945312,
            5.406593322753906,
            0.2167116105556488,
            18.930692672729492,
            0.3076923191547394,
            -0.07692768424749374,
            4.897075176239014,
            0.08864469081163406,
            0.03296900540590286,
            5.5966572761535645,
            0.048351649194955826,
            0.04223077371716499,
            5.0789666175842285,
            0.11282051354646683,
            -0.2609865069389343,
            9.696208953857422,
            0.6007326245307922,
            0.3598446249961853,
            15.236899375915527,
            -0.4542124569416046,
            0.5020154118537903,
            13.390002250671387,
            -0.8058608174324036,
            0.6483904719352722,
            4.897075176239014,
            -0.3680097758769989,
            0.07692768424749374,
            6.296239376068115,
            0.04029304161667824,
            0.0,
            0.0,
            0.0,
            1.0,
            0.0,
            0.0,
            0.0
        ],
        "mean": [
            -0.18266676366329193,
            -0.48481059074401855,
            0.1743931621313095,
            0.25429460406303406,
            -0.5448344945907593,
            -0.5268374085426331,
            -0.1553148776292801,
            7.9324235916137695,
            1.0640292167663574,
            0.07318674027919769,
            0.73414146900177,
            -0.022857146337628365,
            -0.10341300815343857,
            -0.17489564418792725,
            0.06416001170873642,
            0.01714388094842434,
            0.7905279397964478,
            0.02375948429107666,
            0.020361358299851418,
            -0.6187105178833008,
            -0.08649574965238571,
            -0.30758345127105713,
            -0.38323116302490234,
            0.42280828952789307,
            0.2663222849369049,
            -1.0065586566925049,
            -0.5578013062477112,
            0.4861898422241211,
            -0.4848102927207947,
            -0.9248353838920593,
            0.6303671002388,
            0.06296240538358688,
            -0.3984443247318268,
            0.05802550166845322,
            0.7205695509910583,
            -0.0020146521274000406,
            0.0,
            0.0,
            0.0,
            1.0,
            0.0,
            0.0,
            0.0
        ],