{
    "action": {
        "min": [
            0.0,
            0.0,
            0.0,
            0.0,
            0.0,
            -9.996841430664062,
            0.0,
            0.0,
            0.0,
            0.0,
            0.0,
            0.0
        ],
        "max": [
            0.0,
            0.0,
            0.0,
            0.0,
            0.0,
            9.999802589416504,
            0.0,
            0.0,
            0.0,
            0.0,
            0.0,
            0.0
        ],
        "mean": [
            0.0,
            0.0,
            0.0,
            0.0,
            0.0,
            1.1214410066604614,
            0.0,
            0.0,
            0.0,
            0.0,
            0.0,
            0.0
        ],
        "std": [
            0.0,
            0.0,
            0.0,
            0.0,
            0.0,
            6.87050199508667,
            0.0,
            0.0,
            0.0,
            0.0,
            0.0,
            0.0
        ],
        "count": [
            200
        ],
        "q01": [
            3.9995784462121265e-16,
            3.9995784462121265e-16,
            3.9995784462121265e-16,
            3.9995784462121265e-16,
            3.9995784462121265e-16,
            -9.996841430664062,
            3.9995784462121265e-16,
            3.9995784462121265e-16,
            3.9995784462121265e-16,
            3.9995784462121265e-16,
            3.9995784462121265e-16,
            3.9995784462121265e-16
        ],
        "q10": [
            3.999578446212126e-15,
            3.999578446212126e-15,
            3.999578446212126e-15,
            3.999578446212126e-15,
            3.999578446212126e-15,
            -9.27296257019043,
            3.999578446212126e-15,
            3.999578446212126e-15,
            3.999578446212126e-15,
            3.999578446212126e-15,
            3.999578446212126e-15,
            3.999578446212126e-15
        ],
        "q50": [
            1.9997892231060632e-14,
            1.9997892231060632e-14,
            1.9997892231060632e-14,
            1.9997892231060632e-14,
            1.9997892231060632e-14,
            1.9371557235717773,
            1.9997892231060632e-14,
            1.9997892231060632e-14,
            1.9997892231060632e-14,
            1.9997892231060632e-14,
            1.9997892231060632e-14,
            1.9997892231060632e-14
        ],
        "q90": [
            3.599620601590914e-14,
            3.599620601590914e-14,
            3.599620601590914e-14,
            3.599620601590914e-14,
            3.599620601590914e-14,
            9.655858993530273,
            3.599620601590914e-14,
            3.599620601590914e-14,
            3.599620601590914e-14,
            3.599620601590914e-14,
            3.599620601590914e-14,
            3.599620601590914e-14
        ],
        "q99": [
            3.959582661750005e-14,
            3.959582661750005e-14,
            3.959582661750005e-14,
            3.959582661750005e-14,
            3.959582661750005e-14,
            9.997135480244955,
            3.959582661750005e-14,
            3.959582661750005e-14,
            3.959582661750005e-14,
            3.959582661750005e-14,
            3.959582661750005e-14,
            3.959582661750005e-14
        ]
    },
    "observation.state": {
        "min": [
            -0.174534410238266,
            -6.925863265991211,
            0.0923076942563057,
            0.216600239276886,
            -10.619657516479492,
            -0.6495726704597473,
            -0.6899623274803162,
            -22.624486923217773,
            0.8644688725471497,
            0.08483558893203735,
            -21.701038360595703,
            -0.16117216646671295,
            -0.45057642459869385,
            -16.090389251708984,
            -0.25518926978111267,
            -6.417966842651367,
            -90.24610137939453,
            -1.9179487228393555,
            0.020251436159014702,
            -6.925863265991211,
            -0.2153846174478531,
            -0.3489038646221161,
            -6.925863265991211,
            0.2686202824115753,
            0.2499479353427887,
            -17.083797454833984,
            -0.6593406796455383,
            0.48003605008125305,
            -18.007244110107422,
            -1.0402930974960327,
            0.6044318079948425,
            -4.197493076324463,
            -0.41904762387275696,
            0.0549483448266983,
            -4.897075176239014,
            -0.04297924414277077,
            0.0,
            0.0,
            0.0,
            1.0,
            0.0,
            0.0,
            0.0
        ],
        "max": [
            -0.15255507826805115,
            6.002415180206299,
            0.2222222238779068,
            0.2605589032173157,
            6.925863265991211,
            -0.3174603283405304,
            -0.6679829359054565,
            16.160348892211914,
            1.186813235282898,
            0.1068149283528328,
            18.930692672729492,
            0.07326007634401321,
            0.2088037133216858,
            16.78997230529785,
            0.31697192788124084,
            9.0444974899292,
            102.13899993896484,
            0.5399267673492432,
            0.04223077371716499,
            5.0789666175842285,
            -0.04444444552063942,
            -0.3049452006816864,
            8.772760391235352,
            0.6007326245307922,
            0.27192726731300354,
            15.236899375915527,
            -0.4542124569416046,
            0.5020154118537903,
            15.236899375915527,
            -0.8351648449897766,
            0.6264111399650574,
            4.897075176239014,
            -0.3599511682987213,
            0.07692768424749374,
            6.296239376068115,
            0.016117217019200325,
            0.0,
            0.0,
            0.0,
            1.0,
            0.0,
            0.0,
            0.0
        ],
        "mean": [
            -0.16464371979236603,
            -0.2862689793109894,
            0.14858120679855347,
            0.23857909440994263,
            -0.5402175784111023,
            -0.4963613748550415,
            -0.6683132648468018,
            -0.5171310901641846,
            1.0681321620941162,
            0.08538521081209183,
            -0.0646413117647171,
            -0.04732607305049896,
            -0.22325529158115387,
            0.10493730753660202,
            0.1335580050945282,
            1.6601545810699463,
            0.25884532928466797,
            -0.2326788306236267,
            0.04201090708374977,
            -0.24933108687400818,
            -0.11589743942022324,
            -0.32747364044189453,
            -1.029645323753357,
            0.4557754397392273,
            0.2715972661972046,
            -0.19392430782318115,
            -0.5579478740692139,
            0.5009157061576843,
            -0.5494517087936401,
            -0.9393404126167297,
            0.6154228448867798,
            0.07695406675338745,
            -0.38878753781318665,
            0.07538929581642151,
            0.5526700019836426,
            -0.011698423884809017,
            0.0,
            0.0,
            0.0,
            1.0,
            0.0,
            0.0,
            0.0
        ],