{
    "action": {
        "min": [
            -9.999210357666016,
            0.0,
            0.0,
            0.0,
            0.0,
            0.0,
            0.0,
            0.0,
            0.0,
            0.0,
            0.0,
            0.0
        ],
        "max": [
            9.999210357666016,
            0.0,
            0.0,
            0.0,
            0.0,
            0.0,
            0.0,
            0.0,
            0.0,
            0.0,
            0.0,
            0.0
        ],
        "mean": [
            0.4336545169353485,
            0.0,
            0.0,
            0.0,
            0.0,
            0.0,
            0.0,
            0.0,
            0.0,
            0.0,
            0.0,
            0.0
        ],
        "std": [
            7.092873573303223,
            0.0,
            0.0,
            0.0,
            0.0,
            0.0,
            0.0,
            0.0,
            0.0,
            0.0,
            0.0,
            0.0
        ],
        "count": [
            200
        ],
        "q01": [
            -9.9912109375,
            3.9995784462121265e-16,
            3.9995784462121265e-16,
            3.9995784462121265e-16,
            3.9995784462121265e-16,
            3.9995784462121265e-16,
            3.9995784462121265e-16,
            3.9995784462121265e-16,
            3.9995784462121265e-16,
            3.9995784462121265e-16,
            3.9995784462121265e-16,
            3.9995784462121265e-16
        ],
        "q10": [
            -9.507248878479004,
            3.999578446212126e-15,
            3.999578446212126e-15,
            3.999578446212126e-15,
            3.999578446212126e-15,
            3.999578446212126e-15,
            3.999578446212126e-15,
            3.999578446212126e-15,
            3.999578446212126e-15,
            3.999578446212126e-15,
            3.999578446212126e-15,
            3.999578446212126e-15
        ],
        "q50": [
            1.0019207000732422,
            1.9997892231060632e-14,
            1.9997892231060632e-14,
            1.9997892231060632e-14,
            1.9997892231060632e-14,
            1.9997892231060632e-14,
            1.9997892231060632e-14,
            1.9997892231060632e-14,
            1.9997892231060632e-14,
            1.9997892231060632e-14,
            1.9997892231060632e-14,
            1.9997892231060632e-14
        ],
        "q90": [
            9.587242126464844,
            3.599620601590914e-14,
            3.599620601590914e-14,
            3.599620601590914e-14,
            3.599620601590914e-14,
            3.599620601590914e-14,
            3.599620601590914e-14,
            3.599620601590914e-14,
            3.599620601590914e-14,
            3.599620601590914e-14,
            3.599620601590914e-14,
            3.599620601590914e-14
        ],
        "q99": [
            9.995210647583008,
            3.959582661750005e-14,
            3.959582661750005e-14,
            3.959582661750005e-14,
            3.959582661750005e-14,
            3.959582661750005e-14,
            3.959582661750005e-14,
            3.959582661750005e-14,
            3.959582661750005e-14,
            3.959582661750005e-14,
            3.959582661750005e-14,
            3.959582661750005e-14
        ]
    },
    "observation.state": {
        "min": [
            -7.405736446380615,
            -164.83555603027344,
            -2.1982905864715576,
            -0.025172483175992966,
            -12.466554641723633,
            -1.245421290397644,
            -1.3053838014602661,
            -75.26104736328125,
            -1.9194139242172241,
            -0.06901977211236954,
            -25.394832611083984,
            -0.3663003742694855,
            -0.08791735023260117,
            -5.5966572761535645,
            0.024175824597477913,
            -0.12088635563850403,
            -4.897075176239014,
            0.06715507060289383,
            -0.24350062012672424,
            -12.466554641723633,
            -0.5641025900840759,
            -0.48077988624572754,
            -11.543106079101562,
            -0.16117216646671295,
            -0.14568014442920685,
            -39.246559143066406,
            -1.5970696210861206,
            0.4580567181110382,
            -21.701038360595703,
            -1.1282051801681519,
            0.61542147397995,
            -5.5966572761535645,
            -0.48351648449897766,
            -0.010989668779075146,
            -5.5966572761535645,
            -0.03223443403840065,
            0.0,
            0.0,
            0.0,
            1.0,
            0.0,
            0.0,
            0.0
        ],
        "max": [
            7.672089099884033,
            160.2183074951172,
            1.9589743614196777,
            0.5023316144943237,
            11.543106079101562,
            0.3272283375263214,
            0.5848392844200134,
            46.63414764404297,
            2.739926815032959,
            0.2167116105556488,
            21.701038360595703,
            0.3076923191547394,
            -0.0549483448266983,
            5.5966572761535645,
            0.083272285759449,
            -0.08791735023260117,
            6.995821475982666,
            0.1289377361536026,
            0.28400349617004395,
            7.849311828613281,
            0.680341899394989,
            -0.12911050021648407,
            10.619657516479492,
            0.8937729001045227,
            0.7994313836097717,
            32.78242111206055,
            0.07326007634401321,
            0.5679534077644348,
            15.236899375915527,
            -0.8351648449897766,
            0.7143284678459167,
            6.296239376068115,
            -0.3868131935596466,
            0.08791735023260117,
            6.995821475982666,
            0.056410256773233414,
            0.0,
            0.0,
            0.0,
            1.0,
            0.0,
            0.0,
            0.0
        ],
        "mean": [
            0.23263290524482727,
            1.703762173652649,
            -0.06605127453804016,
            0.24121691286563873,
            -0.5494518280029297,
            -0.49865683913230896,
            -0.4977528750896454,
            -0.42940375208854675,
            0.7582419514656067,
            0.08527535200119019,
            0.3093551695346832,
            -0.04293040931224823,
            -0.07242202013731003,
            -0.17139767110347748,
            0.047827839851379395,
            -0.10385257750749588,
            0.472217857837677,
            0.10225033760070801,
            0.02475716918706894,
            -0.31858983635902405,
            -0.09305984526872635,
            -0.3113193213939667,
            -0.577155351638794,
            0.41934069991111755,
            0.28709298372268677,
            -1.0758172273635864,
            -0.5947252511978149,
            0.5063010454177856,
            -0.4294036030769348,
            -0.9526737332344055,
            0.6683917045593262,
            -0.041974931955337524,
            -0.42280811071395874,
            0.0360461063683033,
            0.6715990304946899,
            0.011711852625012398,
            0.0,
            0.0,
            0.0,
            1.0,
            0.0,
            0.0,
            0.0
        ],