{
    "action": {
        "min": [
            0.0,
            0.0,
            0.0,
            0.0,
            0.0,
            0.0,
            0.0,
            0.0,
            -9.999802589416504,
            0.0,
            0.0,
            0.0
        ],
        "max": [
            0.0,
            0.0,
            0.0,
            0.0,
            0.0,
            0.0,
            0.0,
            0.0,
            9.998223304748535,
            0.0,
            0.0,
            0.0
        ],
        "mean": [
            0.0,
            0.0,
            0.0,
            0.0,
            0.0,
            0.0,
            0.0,
            0.0,
            0.6395046710968018,
            0.0,
            0.0,
            0.0
        ],
        "std": [
            0.0,
            0.0,
            0.0,
            0.0,
            0.0,
            0.0,
            0.0,
            0.0,
            6.977660179138184,
            0.0,
            0.0,
            0.0
        ],
        "count": [
            200
        ],
        "q01": [
            3.9995784462121265e-16,
            3.9995784462121265e-16,
            3.9995784462121265e-16,
            3.9995784462121265e-16,
            3.9995784462121265e-16,
            3.9995784462121265e-16,
            3.9995784462121265e-16,
            3.9995784462121265e-16,
            -9.999802589416504,
            3.9995784462121265e-16,
            3.9995784462121265e-16,
            3.9995784462121265e-16
        ],
        "q10": [
            3.999578446212126e-15,
            3.999578446212126e-15,
            3.999578446212126e-15,
            3.999578446212126e-15,
            3.999578446212126e-15,
            3.999578446212126e-15,
            3.999578446212126e-15,
            3.999578446212126e-15,
            -9.38386344909668,
            3.999578446212126e-15,
            3.999578446212126e-15,
            3.999578446212126e-15
        ],
        "q50": [
            1.9997892231060632e-14,
            1.9997892231060632e-14,
            1.9997892231060632e-14,
            1.9997892231060632e-14,
            1.9997892231060632e-14,
            1.9997892231060632e-14,
            1.9997892231060632e-14,
            1.9997892231060632e-14,
            1.0671052932739258,
            1.9997892231060632e-14,
            1.9997892231060632e-14,
            1.9997892231060632e-14
        ],
        "q90": [
            3.599620601590914e-14,
            3.599620601590914e-14,
            3.599620601590914e-14,
            3.599620601590914e-14,
            3.599620601590914e-14,
            3.599620601590914e-14,
            3.599620601590914e-14,
            3.599620601590914e-14,
            9.53027057647705,
            3.599620601590914e-14,
            3.599620601590914e-14,
            3.599620601590914e-14
        ],
        "q99": [
            3.959582661750005e-14,
            3.959582661750005e-14,
            3.959582661750005e-14,
            3.959582661750005e-14,
            3.959582661750005e-14,
            3.959582661750005e-14,
            3.959582661750005e-14,
            3.959582661750005e-14,
            9.995556831359863,
            3.959582661750005e-14,
            3.959582661750005e-14,
            3.959582661750005e-14
        ]
    },
    "observation.state": {
        "min": [
            -0.5262038111686707,
            -17.083797454833984,
            -0.4888888895511627,
            0.04076553136110306,
            -9.696208953857422,
            -1.264957308769226,
            -2.8878960609436035,
            -77.10794830322266,
            -4.791208744049072,
            -0.11297845095396042,
            -25.394832611083984,
            -0.8937729001045227,
            -0.1648450344800949,
            -6.995821475982666,
            0.018803419545292854,
            -0.1648450344800949,
            -4.897075176239014,
            0.06178266182541847,
            -0.4852733314037323,
            -16.160348892211914,
            -1.1658120155334473,
            -0.5467178821563721,
            -10.619657516479492,
            -0.46398046612739563,
            -8.343973159790039,
            -225.78314208984375,
            -9.831501960754395,
            0.15034599602222443,
            -29.088626861572266,
            -1.9780219793319702,
            0.5275040864944458,
            -14.691225051879883,
            -0.5641025900840759,
            -0.03296900540590286,
            -6.296239376068115,
            -0.05909645929932594,
            0.0,
            0.0,
            0.0,
            1.0,
            0.0,
            0.0,
            0.0
        ],
        "max": [
            0.19911432266235352,
            14.313450813293457,
            0.9059829115867615,
            0.4363936185836792,
            9.696208953857422,
            0.27838829159736633,
            1.7057855129241943,
            86.3424301147461,
            5.641025543212891,
            0.2606703042984009,
            44.78725051879883,
            0.6007326245307922,
            -0.0549483448266983,
            9.794150352478027,
            0.1289377361536026,
            -0.06593801081180573,
            12.59247875213623,
            0.17728938162326813,
            0.4818175137042999,
            12.466554641723633,
            0.9059829115867615,
            0.04672420769929886,
            12.466554641723633,
            1.3626374006271362,
            8.84386920928955,
            214.70176696777344,
            6.1978020668029785,
            0.7437881231307983,
            40.17000961303711,
            0.07326007634401321,
            0.9011528491973877,
            14.691225051879883,
            -0.2954823076725006,
            0.1538553684949875,
            7.695404052734375,
            0.05909645929932594,
            0.0,
            0.0,
            0.0,
            1.0,
            0.0,
            0.0,
            0.0
        ],
        "mean": [
            -0.1788204312324524,
            -0.743375837802887,
            0.17347009479999542,
            0.239898219704628,
            -0.47095873951911926,
            -0.49792423844337463,
            -0.5661086440086365,
            1.3482345342636108,
            0.8436634540557861,
            0.08428625017404556,
            -0.04617249593138695,
            -0.04073260724544525,
            -0.09280790388584137,
            0.052468642592430115,
            0.06146033853292465,
            -0.12456800788640976,
            0.7030802965164185,
            0.11601712554693222,
            0.021350394934415817,
            -0.39246559143066406,
            -0.08119657635688782,
            -0.28340569138526917,
            -0.4478724002838135,
            0.3765079379081726,
            1.0185651779174805,
            4.617242813110352,
            -0.8656408190727234,
            0.5031147599220276,
            -0.5633037090301514,
            -0.9490106105804443,
            0.7243290543556213,
            0.332301527261734,
            -0.4565202295780182,
            0.04923374950885773,
            0.6890886425971985,
            0.0053992681205272675,
            0.0,
            0.0,
            0.0,
            1.0,
            0.0,
            0.0,
            0.0
        ],