{
    "action": {
        "min": [
            0.0,
            0.0,
            0.0,
            0.0,
            0.0,
            0.0,
            0.0,
            0.0,
            0.0,
            -9.996841430664062,
            0.0,
            0.0
        ],
        "max": [
            0.0,
            0.0,
            0.0,
            0.0,
            0.0,
            0.0,
            0.0,
            0.0,
            0.0,
            10.0,
            0.0,
            0.0
        ],
        "mean": [
            0.0,
            0.0,
            0.0,
            0.0,
            0.0,
            0.0,
            0.0,
            0.0,
            0.0,
            0.8136031627655029,
            0.0,
            0.0
        ],
        "std": [
            0.0,
            0.0,
            0.0,
            0.0,
            0.0,
            0.0,
            0.0,
            0.0,
            0.0,
            6.9429826736450195,
            0.0,
            0.0
        ],
        "count": [
            200
        ],
        "q01": [
            3.9995784462121265e-16,
            3.9995784462121265e-16,
            3.9995784462121265e-16,
            3.9995784462121265e-16,
            3.9995784462121265e-16,
            3.9995784462121265e-16,
            3.9995784462121265e-16,
            3.9995784462121265e-16,
            3.9995784462121265e-16,
            -9.996841430664062,
            3.9995784462121265e-16,
            3.9995784462121265e-16
        ],
        "q10": [
            3.999578446212126e-15,
            3.999578446212126e-15,
            3.999578446212126e-15,
            3.999578446212126e-15,
            3.999578446212126e-15,
            3.999578446212126e-15,
            3.999578446212126e-15,
            3.999578446212126e-15,
            3.999578446212126e-15,
            -9.34094524383545,
            3.999578446212126e-15,
            3.999578446212126e-15
        ],
        "q50": [
            1.9997892231060632e-14,
            1.9997892231060632e-14,
            1.9997892231060632e-14,
            1.9997892231060632e-14,
            1.9997892231060632e-14,
            1.9997892231060632e-14,
            1.9997892231060632e-14,
            1.9997892231060632e-14,
            1.9997892231060632e-14,
            1.5053415298461914,
            1.9997892231060632e-14,
            1.9997892231060632e-14
        ],
        "q90": [
            3.599620601590914e-14,
            3.599620601590914e-14,
            3.599620601590914e-14,
            3.599620601590914e-14,
            3.599620601590914e-14,
            3.599620601590914e-14,
            3.599620601590914e-14,
            3.599620601590914e-14,
            3.599620601590914e-14,
            9.588064193725586,
            3.599620601590914e-14,
            3.599620601590914e-14
        ],
        "q99": [
            3.959582661750005e-14,
            3.959582661750005e-14,
            3.959582661750005e-14,
            3.959582661750005e-14,
            3.959582661750005e-14,
            3.959582661750005e-14,
            3.959582661750005e-14,
            3.959582661750005e-14,
            3.959582661750005e-14,
            9.98800277709961,
            3.959582661750005e-14,
            3.959582661750005e-14
        ]
    },
    "observation.state": {
        "min": [
            -0.26245176792144775,
            -8.772760391235352,
            -0.14017094671726227,
            0.15066221356391907,
            -10.619657516479492,
            -1.0793651342391968,
            -0.9756937026977539,
            -28.165178298950195,
            0.5714285969734192,
            -0.0030817596707493067,
            -18.930692672729492,
            -0.21978022158145905,
            -0.07692768424749374,
            -6.296239376068115,
            0.024175824597477913,
            -0.12088635563850403,
            -4.197493076324463,
            0.07789988070726395,
            -0.3094386160373688,
            -11.543106079101562,
            -0.5367521643638611,
            -0.39286255836486816,
            -10.619657516479492,
            0.12210012227296829,
            -0.2775561809539795,
            -45.710697174072266,
            -2.4468865394592285,
            -9.124934196472168,
            -199.9265899658203,
            -2.4761905670166016,
            0.6374008059501648,
            -5.5966572761535645,
            -0.4593406617641449,
            0.0549483448266983,
            -4.197493076324463,
            -0.03760683909058571,
            0.0,
            0.0,
            0.0,
            1.0,
            0.0,
            0.0,
            0.0
        ],
        "max": [
            -0.04265838861465454,
            9.696208953857422,
            0.4000000059604645,
            0.41441425681114197,
            14.313450813293457,
            -0.2686202824115753,
            -0.3382928967475891,
            18.007244110107422,
            1.4798535108566284,
            0.17275294661521912,
            24.471384048461914,
            0.1318681389093399,
            -0.0549483448266983,
            4.197493076324463,
            0.0644688680768013,
            -0.09890701621770859,
            4.897075176239014,
            0.13162393867969513,
            0.2620241641998291,
            7.849311828613281,
            0.5435897707939148,
            -0.21702784299850464,
            7.849311828613281,
            0.8253968358039856,
            1.019224762916565,
            30.012075424194336,
            0.4542124569416046,
            9.293750762939453,
            185.1514129638672,
            1.6849817037582397,
            0.7033388018608093,
            4.897075176239014,
            -0.38949939608573914,
            0.1098966896533966,
            5.5966572761535645,
            0.018803419545292854,
            0.0,
            0.0,
            0.0,
            1.0,
            0.0,
            0.0,
            0.0
        ],
        "mean": [
            -0.16640204191207886,
            -0.4340207278728485,
            0.14690598845481873,
            0.2564927041530609,
            -0.48942768573760986,
            -0.5420756340026855,
            -0.6680932641029358,
            -1.4082592725753784,
            1.050256609916687,
            0.06406524777412415,
            1.4775177240371704,
            -0.010402930900454521,
            -0.06324560940265656,
            -0.1084352657198906,
            0.041689883917570114,
            -0.10544613003730774,
            0.8569881319999695,
            0.10457386821508408,
            0.020691042765975,
            -0.313972532749176,
            -0.0862906202673912,
            -0.31208860874176025,
            -0.1846897155046463,
            0.43164849281311035,
            0.3081933856010437,
            0.004617138300091028,
            -0.6287178993225098,
            1.0505095720291138,
            1.1312254667282104,
            -0.44161173701286316,
            0.6641603112220764,
            0.09794148802757263,
            -0.4207935333251953,
            0.07698280364274979,
            0.6436154842376709,
            -0.012652025558054447,
            0.0,
            0.0,
            0.0,
            1.0,
            0.0,
            0.0,
            0.0
        ],