{
    "action": {
        "min": [
            0.0,
            0.0,
            0.0,
            0.0,
            0.0,
            0.0,
            0.0,
            0.0,
            0.0,
            0.0,
            0.0,
            -9.999802589416504
        ],
        "max": [
            0.0,
            0.0,
            0.0,
            0.0,
            0.0,
            0.0,
            0.0,
            0.0,
            0.0,
            0.0,
            0.0,
            9.999210357666016
        ],
        "mean": [
            0.0,
            0.0,
            0.0,
            0.0,
            0.0,
            0.0,
            0.0,
            0.0,
            0.0,
            0.0,
            0.0,
            2.041501998901367
        ],
        "std": [
            0.0,
            0.0,
            0.0,
            0.0,
            0.0,
            0.0,
            0.0,
            0.0,
            0.0,
            0.0,
            0.0,
            6.960394859313965
        ],
        "count": [
            200
        ],
        "q01": [
            3.9995784462121265e-16,
            3.9995784462121265e-16,
            3.9995784462121265e-16,
            3.9995784462121265e-16,
            3.9995784462121265e-16,
            3.9995784462121265e-16,
            3.9995784462121265e-16,
            3.9995784462121265e-16,
            3.9995784462121265e-16,
            3.9995784462121265e-16,
            3.9995784462121265e-16,
            -9.991803169250488
        ],
        "q10": [
            3.999578446212126e-15,
            3.999578446212126e-15,
            3.999578446212126e-15,
            3.999578446212126e-15,
            3.999578446212126e-15,
            3.999578446212126e-15,
            3.999578446212126e-15,
            3.999578446212126e-15,
            3.999578446212126e-15,
            3.999578446212126e-15,
            3.999578446212126e-15,
            -9.07184886932373
        ],
        "q50": [
            1.9997892231060632e-14,
            1.9997892231060632e-14,
            1.9997892231060632e-14,
            1.9997892231060632e-14,
            1.9997892231060632e-14,
            1.9997892231060632e-14,
            1.9997892231060632e-14,
            1.9997892231060632e-14,
            1.9997892231060632e-14,
            1.9997892231060632e-14,
            1.9997892231060632e-14,
            3.9155092239379883
        ],
        "q90": [
            3.599620601590914e-14,
            3.599620601590914e-14,
            3.599620601590914e-14,
            3.599620601590914e-14,
            3.599620601590914e-14,
            3.599620601590914e-14,
            3.599620601590914e-14,
            3.599620601590914e-14,
            3.599620601590914e-14,
            3.599620601590914e-14,
            3.599620601590914e-14,
            9.731221199035645
        ],
        "q99": [
            3.959582661750005e-14,
            3.959582661750005e-14,
            3.959582661750005e-14,
            3.959582661750005e-14,
            3.959582661750005e-14,
            3.959582661750005e-14,
            3.959582661750005e-14,
            3.959582661750005e-14,
            3.959582661750005e-14,
            3.959582661750005e-14,
            3.959582661750005e-14,
            9.996543248494467
        ]
    },
    "observation.state": {
        "min": [
            -0.174534410238266,
            -6.925863265991211,
            0.06495726853609085,
            0.23857957124710083,
            -9.696208953857422,
            -0.7081807255744934,
            -0.6899623274803162,
            -16.160348892211914,
            0.8644688725471497,
            0.1068149283528328,
            -18.007244110107422,
            -0.190476194024086,
            -0.12088635563850403,
            -4.197493076324463,
            0.056410256773233414,
            0.0549483448266983,
            -4.197493076324463,
            -0.026862027123570442,
            -0.02370723895728588,
            -5.0789666175842285,
            -0.12649573385715485,
            -0.32692453265190125,
            -9.696208953857422,
            0.23931623995304108,
            0.2499479353427887,
            -14.313450813293457,
            -0.6300366520881653,
            0.48003605008125305,
            -15.236899375915527,
            -1.0109890699386597,
            -0.13187602162361145,
            -36.378273010253906,
            -0.4217338263988495,
            -7.066357135772705,
            -69.25863647460938,
            -1.6412698030471802,
            0.0,
            0.0,
            0.0,
            1.0,
            0.0,
            0.0,
            0.0
        ],
        "max": [
            -0.15255507826805115,
            6.925863265991211,
            0.20854701101779938,
            0.2605589032173157,
            7.849311828613281,
            -0.3663003742694855,
            -0.6679829359054565,
            18.007244110107422,
            1.216117262840271,
            0.12879426777362823,
            15.236899375915527,
            0.014652014710009098,
            -0.1098966896533966,
            5.5966572761535645,
            0.10744810849428177,
            0.06593801081180573,
            5.5966572761535645,
            0.02954822964966297,
            -0.0017279012827202678,
            3.232069730758667,
            0.023931624367833138,
            -0.28296586871147156,
            8.772760391235352,
            0.6398046612739563,
            0.27192726731300354,
            19.854141235351562,
            -0.4542124569416046,
            0.5020154118537903,
            24.471384048461914,
            -0.8058608174324036,
            0.6483904719352722,
            18.189136505126953,
            0.18266178667545319,
            8.549962043762207,
            69.25863647460938,
            0.894505500793457,
            0.0,
            0.0,
            0.0,
            1.0,
            0.0,
            0.0,
            0.0
        ],
        "mean": [
            -0.15332460403442383,
            -0.7618452310562134,
            0.13241028785705566,
            0.24440379440784454,
            -0.6879692673683167,
            -0.5238582491874695,
            -0.6680935621261597,
            -0.8865106701850891,
            1.061538815498352,
            0.1089031994342804,
            0.24933117628097534,
            -0.09098903834819794,
            -0.11896320432424545,
            0.01748955063521862,
            0.07583151757717133,
            0.06401483714580536,
            0.745055079460144,
            -0.005345544312149286,
            -0.007222739513963461,
            -0.6187105774879456,
            -0.042393192648887634,
            -0.30428653955459595,
            -0.7295242547988892,
            0.4150916039943695,
            0.259838342666626,
            -0.5309829711914062,
            -0.5466659069061279,
            0.4802555739879608,
            -0.3001207113265991,
            -0.9094507098197937,
            0.17523038387298584,
            5.2452087118126656e-08,
            -0.10156533122062683,
            1.9208288192749023,
            4.463334560394287,
            -0.018749721348285675,
            0.0,
            0.0,
            0.0,
            1.0,
            0.0,
            0.0,
            0.0
        ],