{
    "action": {
        "min": [
            0.0,
            0.0,
            0.0,
            -10.0,
            0.0,
            0.0,
            0.0,
            0.0,
            0.0,
            0.0,
            0.0,
            0.0
        ],
        "max": [
            0.0,
            0.0,
            0.0,
            10.0,
            0.0,
            0.0,
            0.0,
            0.0,
            0.0,
            0.0,
            0.0,
            0.0
        ],
        "mean": [
            0.0,
            0.0,
            0.0,
            -2.1755695911451767e-08,
            0.0,
            0.0,
            0.0,
            0.0,
            0.0,
            0.0,
            0.0,
            0.0
        ],
        "std": [
            0.0,
            0.0,
            0.0,
            7.071067810058594,
            0.0,
            0.0,
            0.0,
            0.0,
            0.0,
            0.0,
            0.0,
            0.0
        ],
        "count": [
            200
        ],
        "q01": [
            3.9995784462121265e-16,
            3.9995784462121265e-16,
            3.9995784462121265e-16,
            -10.0,
            3.9995784462121265e-16,
            3.9995784462121265e-16,
            3.9995784462121265e-16,
            3.9995784462121265e-16,
            3.9995784462121265e-16,
            3.9995784462121265e-16,
            3.9995784462121265e-16,
            3.9995784462121265e-16
        ],
        "q10": [
            3.999578446212126e-15,
            3.999578446212126e-15,
            3.999578446212126e-15,
            -9.510000228881836,
            3.999578446212126e-15,
            3.999578446212126e-15,
            3.999578446212126e-15,
            3.999578446212126e-15,
            3.999578446212126e-15,
            3.999578446212126e-15,
            3.999578446212126e-15,
            3.999578446212126e-15
        ],
        "q50": [
            1.9997892231060632e-14,
            1.9997892231060632e-14,
            1.9997892231060632e-14,
            0.0013335545857747395,
            1.9997892231060632e-14,
            1.9997892231060632e-14,
            1.9997892231060632e-14,
            1.9997892231060632e-14,
            1.9997892231060632e-14,
            1.9997892231060632e-14,
            1.9997892231060632e-14,
            1.9997892231060632e-14
        ],
        "q90": [
            3.599620601590914e-14,
            3.599620601590914e-14,
            3.599620601590914e-14,
            9.510001182556152,
            3.599620601590914e-14,
            3.599620601590914e-14,
            3.599620601590914e-14,
            3.599620601590914e-14,
            3.599620601590914e-14,
            3.599620601590914e-14,
            3.599620601590914e-14,
            3.599620601590914e-14
        ],
        "q99": [
            3.959582661750005e-14,
            3.959582661750005e-14,
            3.959582661750005e-14,
            9.984001159667969,
            3.959582661750005e-14,
            3.959582661750005e-14,
            3.959582661750005e-14,
            3.959582661750005e-14,
            3.959582661750005e-14,
            3.959582661750005e-14,
            3.959582661750005e-14,
            3.959582661750005e-14
        ]
    },
    "observation.state": {
        "min": [
            -0.174534410238266,
            -6.925863265991211,
            0.07863248139619827,
            0.216600239276886,
            -9.696208953857422,
            -0.6495726704597473,
            -0.7559003233909607,
            -16.160348892211914,
            0.8644688725471497,
            -8.81679630279541,
            -113.1224365234375,
            -2.095238208770752,
            -0.0549483448266983,
            -4.197493076324463,
            0.008058608509600163,
            -0.12088635563850403,
            -5.5966572761535645,
            0.083272285759449,
            -0.0017279012827202678,
            -6.002415180206299,
            -0.18119658529758453,
            -0.3489038646221161,
            -9.696208953857422,
            0.2686202824115753,
            0.2499479353427887,
            -19.854141235351562,
            -0.6300366520881653,
            0.48003605008125305,
            -19.854141235351562,
            -1.0402930974960327,
            0.5494834184646606,
            -5.5966572761535645,
            -0.39218559861183167,
            -0.02197933755815029,
            -4.897075176239014,
            -0.010744811035692692,
            0.0,
            0.0,
            0.0,
            1.0,
            0.0,
            0.0,
            0.0
        ],
        "max": [
            -0.1305757462978363,
            6.002415180206299,
            0.20170940458774567,
            0.2605589032173157,
            6.925863265991211,
            -0.35653236508369446,
            -0.5800656080245972,
            16.160348892211914,
            1.245421290397644,
            10.063454627990723,
            113.1224365234375,
            1.1282051801681519,
            -0.03296900540590286,
            4.897075176239014,
            0.07252747565507889,
            -0.09890701621770859,
            6.296239376068115,
            0.1477411538362503,
            0.020251436159014702,
            6.002415180206299,
            -0.023931624367833138,
            -0.3049452006816864,
            6.925863265991211,
            0.5616605877876282,
            0.27192726731300354,
            15.236899375915527,
            -0.42490842938423157,
            0.5020154118537903,
            17.083797454833984,
            -0.8351648449897766,
            0.5714628100395203,
            3.497910737991333,
            -0.3035409152507782,
            0.0,
            7.695404052734375,
            0.08595848828554153,
            0.0,
            0.0,
            0.0,
            1.0,
            0.0,
            0.0,
            0.0
        ],
        "mean": [
            -0.15772037208080292,
            -0.2908862829208374,
            0.13842740654945374,
            0.23704053461551666,
            -0.7064380049705505,
            -0.5001707673072815,
            -0.6721593737602234,
            -0.6371796131134033,
            1.0681320428848267,
            0.5231034159660339,
            -3.130495071411133,
            -0.6183149814605713,
            -0.05362968519330025,
            0.09094566106796265,
            0.0329865887761116,
            -0.11011672019958496,
            0.7905278205871582,
            0.10540653020143509,
            0.01992177404463291,
            -0.3601450026035309,
            -0.08547008782625198,
            -0.3274736702442169,
            -0.6464141607284546,
            0.4505493938922882,
            0.26676177978515625,
            0.22162766754627228,
            -0.5536987781524658,
            0.5019047260284424,
            -1.1727796792984009,
            -0.9463735818862915,
            0.5642646551132202,
            -0.08394989371299744,
            -0.3577350974082947,
            -0.009176371619105339,
            0.5316822528839111,
            0.04049453139305115,
            0.0,
            0.0,
            0.0,
            1.0,
            0.0,
            0.0,
            0.0
        ],