{
    "action": {
        "min": [
            0.0,
            0.0,
            0.0,
            0.0,
            0.0,
            0.0,
            0.0,
            0.0,
            -9.999210357666016,
            0.0,
            0.0,
            0.0
        ],
        "max": [
            0.0,
            0.0,
            0.0,
            0.0,
            0.0,
            0.0,
            0.0,
            0.0,
            9.999210357666016,
            0.0,
            0.0,
            0.0
        ],
        "mean": [
            0.0,
            0.0,
            0.0,
            0.0,
            0.0,
            0.0,
            0.0,
            0.0,
            1.8137778043746948,
            0.0,
            0.0,
            0.0
        ],
        "std": [
            0.0,
            0.0,
            0.0,
            0.0,
            0.0,
            0.0,
            0.0,
            0.0,
            6.652874946594238,
            0.0,
            0.0,
            0.0
        ],
        "count": [
            200
        ],
        "q01": [
            3.9995784462121265e-16,
            3.9995784462121265e-16,
            3.9995784462121265e-16,
            3.9995784462121265e-16,
            3.9995784462121265e-16,
            3.9995784462121265e-16,
            3.9995784462121265e-16,
            3.9995784462121265e-16,
            -9.9912109375,
            3.9995784462121265e-16,
            3.9995784462121265e-16,
            3.9995784462121265e-16
        ],
        "q10": [
            3.999578446212126e-15,
            3.999578446212126e-15,
            3.999578446212126e-15,
            3.999578446212126e-15,
            3.999578446212126e-15,
            3.999578446212126e-15,
            3.999578446212126e-15,
            3.999578446212126e-15,
            -8.819303512573242,
            3.999578446212126e-15,
            3.999578446212126e-15,
            3.999578446212126e-15
        ],
        "q50": [
            1.9997892231060632e-14,
            1.9997892231060632e-14,
            1.9997892231060632e-14,
            1.9997892231060632e-14,
            1.9997892231060632e-14,
            1.9997892231060632e-14,
            1.9997892231060632e-14,
            1.9997892231060632e-14,
            2.97176456451416,
            1.9997892231060632e-14,
            1.9997892231060632e-14,
            1.9997892231060632e-14
        ],
        "q90": [
            3.599620601590914e-14,
            3.599620601590914e-14,
            3.599620601590914e-14,
            3.599620601590914e-14,
            3.599620601590914e-14,
            3.599620601590914e-14,
            3.599620601590914e-14,
            3.599620601590914e-14,
            9.655237197875977,
            3.599620601590914e-14,
            3.599620601590914e-14,
            3.599620601590914e-14
        ],
        "q99": [
            3.959582661750005e-14,
            3.959582661750005e-14,
            3.959582661750005e-14,
            3.959582661750005e-14,
            3.959582661750005e-14,
            3.959582661750005e-14,
            3.959582661750005e-14,
            3.959582661750005e-14,
            9.995210647583008,
            3.959582661750005e-14,
            3.959582661750005e-14,
            3.959582661750005e-14
        ]
    },
    "observation.state": {
        "min": [
            -0.174534410238266,
            -7.849311828613281,
            0.04444444552063942,
            0.23857957124710083,
            -8.772760391235352,
            -0.6398046612739563,
            -0.6899623274803162,
            -19.854141235351562,
            0.8644688725471497,
            0.06285625696182251,
            -16.160348892211914,
            -0.190476194024086,
            -0.07692768424749374,
            -4.197493076324463,
            0.010744811035692692,
            -0.14286570250988007,
            -4.897075176239014,
            0.09401709586381912,
            -0.04568657651543617,
            -6.925863265991211,
            -0.3042735159397125,
            -0.39286255836486816,
            -10.619657516479492,
            0.23931623995304108,
            -8.409911155700684,
            -101.11760711669922,
            -3.238095283508301,
            0.4580567181110382,
            -17.083797454833984,
            -1.1282051801681519,
            0.5714628100395203,
            -5.5966572761535645,
            -0.4056166112422943,
            0.02197933755815029,
            -3.497910737991333,
            -0.026862027123570442,
            0.0,
            0.0,
            0.0,
            1.0,
            0.0,
            0.0,
            0.0
        ],
        "max": [
            -0.1305757462978363,
            5.0789666175842285,
            0.23589743673801422,
            0.23857957124710083,
            8.772760391235352,
            -0.3272283375263214,
            -0.6460036039352417,
            16.160348892211914,
            1.216117262840271,
            0.08483558893203735,
            16.160348892211914,
            0.10256410390138626,
            -0.0549483448266983,
            4.897075176239014,
            0.08864469081163406,
            -0.12088635563850403,
            6.296239376068115,
            0.1557997614145279,
            0.10816878825426102,
            5.0789666175842285,
            0.07863248139619827,
            -0.28296586871147156,
            7.849311828613281,
            0.6300366520881653,
            10.448360443115234,
            103.88795471191406,
            2.241758346557617,
            0.5679534077644348,
            16.160348892211914,
            -0.7765567898750305,
            0.6044318079948425,
            4.897075176239014,
            -0.333089143037796,
            0.04395867511630058,
            5.5966572761535645,
            0.05909645929932594,
            0.0,
            0.0,
            0.0,
            1.0,
            0.0,
            0.0,
            0.0
        ],
        "mean": [
            -0.1568411886692047,
            -0.3878483176231384,
            0.1409572809934616,
            0.23857909440994263,
            -0.31858986616134644,
            -0.49181920289993286,
            -0.6672142744064331,
            0.07387582957744598,
            1.0580226182937622,
            0.08208833634853363,
            0.6972037553787231,
            -0.0312088280916214,
            -0.0588497631251812,
            0.14691224694252014,
            0.04037364572286606,
            -0.12973302602767944,
            0.5946446061134338,
            0.12001954019069672,
            0.01343785971403122,
            -0.5956243276596069,
            -0.07401708513498306,
            -0.33307862281799316,
            -0.9973242878913879,
            0.4559217095375061,
            2.492719888687134,
            -1.625270962715149,
            -1.0121612548828125,
            0.4994870126247406,
            -0.1200481504201889,
            -0.9412451386451721,
            0.5861346125602722,
            0.38477030396461487,
            -0.37046775221824646,
            0.036320850253105164,
            0.7275657057762146,
            0.012101348489522934,
            0.0,
            0.0,
            0.0,
            1.0,
            0.0,
            0.0,
            0.0
        ],