{
    "action": {
        "min": [
            0.0,
            0.0,
            0.0,
            0.0,
            0.0,
            0.0,
            0.0,
            0.0,
            0.0,
            0.0,
            0.0,
            -9.999802589416504
        ],
        "max": [
            0.0,
            0.0,
            0.0,
            0.0,
            0.0,
            0.0,
            0.0,
            0.0,
            0.0,
            0.0,
            0.0,
            9.998223304748535
        ],
        "mean": [
            0.0,
            0.0,
            0.0,
            0.0,
            0.0,
            0.0,
            0.0,
            0.0,
            0.0,
            0.0,
            0.0,
            0.831305980682373
        ],
        "std": [
            0.0,
            0.0,
            0.0,
            0.0,
            0.0,
            0.0,
            0.0,
            0.0,
            0.0,
            0.0,
            0.0,
            7.094456195831299
        ],
        "count": [
            200
        ],
        "q01": [
            3.9995784462121265e-16,
            3.9995784462121265e-16,
            3.9995784462121265e-16,
            3.9995784462121265e-16,
            3.9995784462121265e-16,
            3.9995784462121265e-16,
            3.9995784462121265e-16,
            3.9995784462121265e-16,
            3.9995784462121265e-16,
            3.9995784462121265e-16,
            3.9995784462121265e-16,
            -9.999802589416504
        ],
        "q10": [
            3.999578446212126e-15,
            3.999578446212126e-15,
            3.999578446212126e-15,
            3.999578446212126e-15,
            3.999578446212126e-15,
            3.999578446212126e-15,
            3.999578446212126e-15,
            3.999578446212126e-15,
            3.999578446212126e-15,
            3.999578446212126e-15,
            3.999578446212126e-15,
            -9.447856903076172
        ],
        "q50": [
            1.9997892231060632e-14,
            1.9997892231060632e-14,
            1.9997892231060632e-14,
            1.9997892231060632e-14,
            1.9997892231060632e-14,
            1.9997892231060632e-14,
            1.9997892231060632e-14,
            1.9997892231060632e-14,
            1.9997892231060632e-14,
            1.9997892231060632e-14,
            1.9997892231060632e-14,
            1.5030622482299805
        ],
        "q90": [
            3.599620601590914e-14,
            3.599620601590914e-14,
            3.599620601590914e-14,
            3.599620601590914e-14,
            3.599620601590914e-14,
            3.599620601590914e-14,
            3.599620601590914e-14,
            3.599620601590914e-14,
            3.599620601590914e-14,
            3.599620601590914e-14,
            3.599620601590914e-14,
            9.638258934020996
        ],
        "q99": [
            3.959582661750005e-14,
            3.959582661750005e-14,
            3.959582661750005e-14,
            3.959582661750005e-14,
            3.959582661750005e-14,
            3.959582661750005e-14,
            3.959582661750005e-14,
            3.959582661750005e-14,
            3.959582661750005e-14,
            3.959582661750005e-14,
            3.959582661750005e-14,
            9.994223594665527
        ]
    },
    "observation.state": {
        "min": [
            -0.174534410238266,
            -7.849311828613281,
            0.06495726853609085,
            0.23857957124710083,
            -11.543106079101562,
            -0.6691086888313293,
            -0.6899623274803162,
            -16.160348892211914,
            0.8351648449897766,
            0.06285625696182251,
            -10.619657516479492,
            -0.1318681389093399,
            -0.13187602162361145,
            -4.897075176239014,
            0.06178266182541847,
            0.04395867511630058,
            -4.897075176239014,
            -0.016117217019200325,
            -0.0017279012827202678,
            -6.002415180206299,
            -0.14700855314731598,
            -0.32692453265190125,
            -12.466554641723633,
            0.17094017565250397,
            0.2499479353427887,
            -18.930692672729492,
            -0.6300366520881653,
            0.4580567181110382,
            -18.007244110107422,
            -1.0109890699386597,
            -0.06593801081180573,
            -23.78579330444336,
            -0.43785104155540466,
            -7.022398471832275,
            -116.1306381225586,
            -1.4263736009597778,
            0.0,
            0.0,
            0.0,
            1.0,
            0.0,
            0.0,
            0.0
        ],
        "max": [
            -0.15255507826805115,
            6.925863265991211,
            0.23589743673801422,
            0.2605589032173157,
            9.696208953857422,
            -0.29792430996894836,
            -0.6679829359054565,
            18.930692672729492,
            1.245421290397644,
            0.08483558893203735,
            16.160348892211914,
            0.07326007634401321,
            -0.1098966896533966,
            4.897075176239014,
            0.09401709586381912,
            0.06593801081180573,
            5.5966572761535645,
            0.024175824597477913,
            0.020251436159014702,
            5.0789666175842285,
            -0.010256410576403141,
            -0.28296586871147156,
            14.313450813293457,
            0.5518925786018372,
            0.27192726731300354,
            14.313450813293457,
            -0.4542124569416046,
            0.48003605008125305,
            17.083797454833984,
            -0.7765567898750305,
            0.7253181338310242,
            21.687047958374023,
            0.24175824224948883,
            8.473034858703613,
            125.22520446777344,
            0.7709401845932007,
            0.0,
            0.0,
            0.0,
            1.0,
            0.0,
            0.0,
            0.0
        ],
        "mean": [
            -0.15848961472511292,
            -0.7018207311630249,
            0.14133329689502716,
            0.25055819749832153,
            -0.6833518743515015,
            -0.5237118005752563,
            -0.6698518395423889,
            0.09696201235055923,
            1.0785351991653442,
            0.08439614623785019,
            0.9188314080238342,
            -0.03853486850857735,
            -0.12022699415683746,
            0.09094564616680145,
            0.07736266404390335,
            0.04791496321558952,
            0.8045194745063782,
            0.0033577533904463053,
            0.01992177404463291,
            -0.747993528842926,
            -0.08157265931367874,
            -0.3056052327156067,
            -0.5494517683982849,
            0.4114284813404083,
            0.270827978849411,
            -0.4155520498752594,
            -0.5580945014953613,
            0.47915664315223694,
            0.009234566241502762,
            -0.897875964641571,
            0.13198596239089966,
            -0.041974954307079315,
            -0.07670452445745468,
            0.790047287940979,
            5.232873439788818,
            -0.0888998806476593,
            0.0,
            0.0,
            0.0,
            1.0,
            0.0,
            0.0,
            0.0
        ],