{
    "action": {
        "min": [
            0.0,
            0.0,
            0.0,
            -9.999210357666016,
            0.0,
            0.0,
            0.0,
            0.0,
            0.0,
            0.0,
            0.0,
            0.0
        ],
        "max": [
            0.0,
            0.0,
            0.0,
            9.999802589416504,
            0.0,
            0.0,
            0.0,
            0.0,
            0.0,
            0.0,
            0.0,
            0.0
        ],
        "mean": [
            0.0,
            0.0,
            0.0,
            0.3128361999988556,
            0.0,
            0.0,
            0.0,
            0.0,
            0.0,
            0.0,
            0.0,
            0.0
        ],
        "std": [
            0.0,
            0.0,
            0.0,
            7.091442584991455,
            0.0,
            0.0,
            0.0,
            0.0,
            0.0,
            0.0,
            0.0,
            0.0
        ],
        "count": [
            200
        ],
        "q01": [
            3.9995784462121265e-16,
            3.9995784462121265e-16,
            3.9995784462121265e-16,
            -9.9912109375,
            3.9995784462121265e-16,
            3.9995784462121265e-16,
            3.9995784462121265e-16,
            3.9995784462121265e-16,
            3.9995784462121265e-16,
            3.9995784462121265e-16,
            3.9995784462121265e-16,
            3.9995784462121265e-16
        ],
        "q10": [
            3.999578446212126e-15,
            3.999578446212126e-15,
            3.999578446212126e-15,
            -9.563231468200684,
            3.999578446212126e-15,
            3.999578446212126e-15,
            3.999578446212126e-15,
            3.999578446212126e-15,
            3.999578446212126e-15,
            3.999578446212126e-15,
            3.999578446212126e-15,
            3.999578446212126e-15
        ],
        "q50": [
            1.9997892231060632e-14,
            1.9997892231060632e-14,
            1.9997892231060632e-14,
            0.6922607421875,
            1.9997892231060632e-14,
            1.9997892231060632e-14,
            1.9997892231060632e-14,
            1.9997892231060632e-14,
            1.9997892231060632e-14,
            1.9997892231060632e-14,
            1.9997892231060632e-14,
            1.9997892231060632e-14
        ],
        "q90": [
            3.599620601590914e-14,
            3.599620601590914e-14,
            3.599620601590914e-14,
            9.531824111938477,
            3.599620601590914e-14,
            3.599620601590914e-14,
            3.599620601590914e-14,
            3.599620601590914e-14,
            3.599620601590914e-14,
            3.599620601590914e-14,
            3.599620601590914e-14,
            3.599620601590914e-14
        ],
        "q99": [
            3.959582661750005e-14,
            3.959582661750005e-14,
            3.959582661750005e-14,
            9.997135480244955,
            3.959582661750005e-14,
            3.959582661750005e-14,
            3.959582661750005e-14,
            3.959582661750005e-14,
            3.959582661750005e-14,
            3.959582661750005e-14,
            3.959582661750005e-14,
            3.959582661750005e-14
        ]
    },
    "observation.state": {
        "min": [
            -0.30641043186187744,
            -9.696208953857422,
            -0.17435897886753082,
            0.15066221356391907,
            -10.619657516479492,
            -0.7277167439460754,
            -0.9317350387573242,
            -22.624486923217773,
            0.5421245694160461,
            -8.81679630279541,
            -197.15625,
            -2.4761905670166016,
            -0.06593801081180573,
            -5.5966572761535645,
            0.010744811035692692,
            -0.09890701621770859,
            -3.497910737991333,
            0.06715507060289383,
            -0.17756260931491852,
            -7.849311828613281,
            -0.3521367609500885,
            -0.39286255836486816,
            -8.772760391235352,
            0.2490842491388321,
            -0.0138041190803051,
            -30.935523986816406,
            -1.0989011526107788,
            0.4580567181110382,
            -15.236899375915527,
            -1.0989011526107788,
            0.6374008059501648,
            -4.897075176239014,
            -0.4432234466075897,
            0.03296900540590286,
            -3.497910737991333,
            -0.02954822964966297,
            0.0,
            0.0,
            0.0,
            1.0,
            0.0,
            0.0,
            0.0
        ],
        "max": [
            -0.02067905105650425,
            6.002415180206299,
            0.45470085740089417,
            0.30451759696006775,
            9.696208953857422,
            -0.11233211308717728,
            -0.31631356477737427,
            20.777589797973633,
            1.5384615659713745,
            9.513971328735352,
            195.30935668945312,
            1.186813235282898,
            -0.04395867511630058,
            5.5966572761535645,
            0.083272285759449,
            -0.07692768424749374,
            5.5966572761535645,
            0.13431014120578766,
            0.17410680651664734,
            5.0789666175842285,
            0.3658119738101959,
            -0.28296586871147156,
            9.696208953857422,
            0.6984127163887024,
            0.6235966682434082,
            20.777589797973633,
            -0.16117216646671295,
            0.54597407579422,
            18.007244110107422,
            -0.8058608174324036,
            0.6813594698905945,
            4.897075176239014,
            -0.3760683834552765,
            0.07692768424749374,
            6.995821475982666,
            0.02954822964966297,
            0.0,
            0.0,
            0.0,
            1.0,
            0.0,
            0.0,
            0.0
        ],
        "mean": [
            -0.16925939917564392,
            -0.6048588752746582,
            0.15569230914115906,
            0.24594241380691528,
            -0.7710792422294617,
            -0.5139438509941101,
            -0.6523773670196533,
            -1.1035208702087402,
            1.0300368070602417,
            0.9984066486358643,
            -4.224777698516846,
            -0.6213920712471008,
            -0.05450886860489845,
            0.055966585874557495,
            0.03430284187197685,
            -0.08813714236021042,
            1.000402808189392,
            0.090793676674366,
            0.03354889154434204,
            -0.28626906871795654,
            -0.10629061609506607,
            -0.32263848185539246,
            -0.22162757813930511,
            0.4448840320110321,
            0.26874005794525146,
            -1.362086296081543,
            -0.5620502829551697,
            0.49366259574890137,
            0.15236897766590118,
            -0.9289379119873047,
            0.6576764583587646,
            -0.08045194298028946,
            -0.4168046712875366,
            0.05247575417160988,
            0.9129546880722046,
            0.0019206349970772862,
            0.0,
            0.0,
            0.0,
            1.0,
            0.0,
            0.0,
            0.0
        ],