{
    "action": {
        "min": [
            0.0,
            0.0,
            0.0,
            0.0,
            0.0,
            0.0,
            0.0,
            0.0,
            0.0,
            -10.0,
            0.0,
            0.0
        ],
        "max": [
            0.0,
            0.0,
            0.0,
            0.0,
            0.0,
            0.0,
            0.0,
            0.0,
            0.0,
            10.0,
            0.0,
            0.0
        ],
        "mean": [
            0.0,
            0.0,
            0.0,
            0.0,
            0.0,
            0.0,
            0.0,
            0.0,
            0.0,
            2.5033950024067053e-08,
            0.0,
            0.0
        ],
        "std": [
            0.0,
            0.0,
            0.0,
            0.0,
            0.0,
            0.0,
            0.0,
            0.0,
            0.0,
            7.07106876373291,
            0.0,
            0.0
        ],
        "count": [
            200
        ],
        "q01": [
            3.9995784462121265e-16,
            3.9995784462121265e-16,
            3.9995784462121265e-16,
            3.9995784462121265e-16,
            3.9995784462121265e-16,
            3.9995784462121265e-16,
            3.9995784462121265e-16,
            3.9995784462121265e-16,
            3.9995784462121265e-16,
            -9.99399995803833,
            3.9995784462121265e-16,
            3.9995784462121265e-16
        ],
        "q10": [
            3.999578446212126e-15,
            3.999578446212126e-15,
            3.999578446212126e-15,
            3.999578446212126e-15,
            3.999578446212126e-15,
            3.999578446212126e-15,
            3.999578446212126e-15,
            3.999578446212126e-15,
            3.999578446212126e-15,
            -9.510000228881836,
            3.999578446212126e-15,
            3.999578446212126e-15
        ],
        "q50": [
            1.9997892231060632e-14,
            1.9997892231060632e-14,
            1.9997892231060632e-14,
            1.9997892231060632e-14,
            1.9997892231060632e-14,
            1.9997892231060632e-14,
            1.9997892231060632e-14,
            1.9997892231060632e-14,
            1.9997892231060632e-14,
            0.0020003318786621094,
            1.9997892231060632e-14,
            1.9997892231060632e-14
        ],
        "q90": [
            3.599620601590914e-14,
            3.599620601590914e-14,
            3.599620601590914e-14,
            3.599620601590914e-14,
            3.599620601590914e-14,
            3.599620601590914e-14,
            3.599620601590914e-14,
            3.599620601590914e-14,
            3.599620601590914e-14,
            9.510001182556152,
            3.599620601590914e-14,
            3.599620601590914e-14
        ],
        "q99": [
            3.959582661750005e-14,
            3.959582661750005e-14,
            3.959582661750005e-14,
            3.959582661750005e-14,
            3.959582661750005e-14,
            3.959582661750005e-14,
            3.959582661750005e-14,
            3.959582661750005e-14,
            3.959582661750005e-14,
            9.994000434875488,
            3.959582661750005e-14,
            3.959582661750005e-14
        ]
    },
    "observation.state": {
        "min": [
            -0.2844310998916626,
            -9.696208953857422,
            -0.10598290711641312,
            0.15066221356391907,
            -7.849311828613281,
            -0.9328449368476868,
            -0.9756937026977539,
            -30.012075424194336,
            0.10256410390138626,
            -0.0030817596707493067,
            -18.930692672729492,
            -0.190476194024086,
            -0.09890701621770859,
            -5.5966572761535645,
            0.018803419545292854,
            -0.12088635563850403,
            -4.897075176239014,
            0.0644688680768013,
            -0.2654799520969391,
            -15.236899375915527,
            -0.5367521643638611,
            -0.39286255836486816,
            -8.772760391235352,
            0.004884005058556795,
            -0.45339086651802063,
            -57.71553039550781,
            -3.8241758346557617,
            -7.388566970825195,
            -286.7307434082031,
            -3.413919448852539,
            0.61542147397995,
            -6.296239376068115,
            -0.4754578769207001,
            -0.010989668779075146,
            -4.897075176239014,
            -0.03223443403840065,
            0.0,
            0.0,
            0.0,
            1.0,
            0.0,
            0.0,
            0.0
        ],
        "max": [
            -0.04265838861465454,
            8.772760391235352,
            0.39316239953041077,
            0.3264969289302826,
            8.772760391235352,
            -0.17094017565250397,
            -0.03058217093348503,
            31.858972549438477,
            1.7142857313156128,
            0.17275294661521912,
            19.854141235351562,
            0.1318681389093399,
            -0.06593801081180573,
            4.197493076324463,
            0.10744810849428177,
            -0.08791735023260117,
            4.897075176239014,
            0.166544571518898,
            0.2620241641998291,
            7.849311828613281,
            0.6393162608146667,
            -0.1950485110282898,
            10.619657516479492,
            0.8351648449897766,
            1.656625509262085,
            37.399662017822266,
            1.3626374006271362,
            8.150824546813965,
            288.57763671875,
            2.095238208770752,
            0.747297465801239,
            6.995821475982666,
            -0.3599511682987213,
            0.06593801081180573,
            6.296239376068115,
            0.048351649194955826,
            0.0,
            0.0,
            0.0,
            1.0,
            0.0,
            0.0,
            0.0
        ],
        "mean": [
            -0.16596247255802155,
            -0.4063173234462738,
            0.15312820672988892,
            0.24561281502246857,
            -0.6325621604919434,
            -0.5097436904907227,
            -0.6229250431060791,
            -0.3832310736179352,
            0.9912092089653015,
            0.0773627907037735,
            0.8126344084739685,
            -0.03135533258318901,
            -0.07962031662464142,
            0.09444355964660645,
            0.05311967432498932,
            -0.10753414034843445,
            0.8150135278701782,
            0.10356653481721878,
            -0.012387863360345364,
            -0.5171311497688293,
            -0.045914534479379654,
            -0.31033027172088623,
            -0.3924655020236969,
            0.4292553663253784,
            0.4236946403980255,
            -0.49404510855674744,
            -0.8331133127212524,
            0.4724532961845398,
            -6.025498867034912,
            -0.44058600068092346,
            0.6687763333320618,
            0.23436008393764496,
            -0.4232649505138397,
            0.03610105440020561,
            0.8360008001327515,
            0.012517713010311127,
            0.0,
            0.0,
            0.0,
            1.0,
            0.0,
            0.0,
            0.0
        ],