{
    "action": {
        "min": [
            0.0,
            0.0,
            0.0,
            0.0,
            0.0,
            0.0,
            0.0,
            -9.999210357666016,
            0.0,
            0.0,
            0.0,
            0.0
        ],
        "max": [
            0.0,
            0.0,
            0.0,
            0.0,
            0.0,
            0.0,
            0.0,
            9.999802589416504,
            0.0,
            0.0,
            0.0,
            0.0
        ],
        "mean": [
            0.0,
            0.0,
            0.0,
            0.0,
            0.0,
            0.0,
            0.0,
            0.3128361999988556,
            0.0,
            0.0,
            0.0,
            0.0
        ],
        "std": [
            0.0,
            0.0,
            0.0,
            0.0,
            0.0,
            0.0,
            0.0,
            7.091442584991455,
            0.0,
            0.0,
            0.0,
            0.0
        ],
        "count": [
            200
        ],
        "q01": [
            3.9995784462121265e-16,
            3.9995784462121265e-16,
            3.9995784462121265e-16,
            3.9995784462121265e-16,
            3.9995784462121265e-16,
            3.9995784462121265e-16,
            3.9995784462121265e-16,
            -9.9912109375,
            3.9995784462121265e-16,
            3.9995784462121265e-16,
            3.9995784462121265e-16,
            3.9995784462121265e-16
        ],
        "q10": [
            3.999578446212126e-15,
            3.999578446212126e-15,
            3.999578446212126e-15,
            3.999578446212126e-15,
            3.999578446212126e-15,
            3.999578446212126e-15,
            3.999578446212126e-15,
            -9.563231468200684,
            3.999578446212126e-15,
            3.999578446212126e-15,
            3.999578446212126e-15,
            3.999578446212126e-15
        ],
        "q50": [
            1.9997892231060632e-14,
            1.9997892231060632e-14,
            1.9997892231060632e-14,
            1.9997892231060632e-14,
            1.9997892231060632e-14,
            1.9997892231060632e-14,
            1.9997892231060632e-14,
            0.6922607421875,
            1.9997892231060632e-14,
            1.9997892231060632e-14,
            1.9997892231060632e-14,
            1.9997892231060632e-14
        ],
        "q90": [
            3.599620601590914e-14,
            3.599620601590914e-14,
            3.599620601590914e-14,
            3.599620601590914e-14,
            3.599620601590914e-14,
            3.599620601590914e-14,
            3.599620601590914e-14,
            9.531824111938477,
            3.599620601590914e-14,
            3.599620601590914e-14,
            3.599620601590914e-14,
            3.599620601590914e-14
        ],
        "q99": [
            3.959582661750005e-14,
            3.959582661750005e-14,
            3.959582661750005e-14,
            3.959582661750005e-14,
            3.959582661750005e-14,
            3.959582661750005e-14,
            3.959582661750005e-14,
            9.997135480244955,
            3.959582661750005e-14,
            3.959582661750005e-14,
            3.959582661750005e-14,
            3.959582661750005e-14
        ]
    },
    "observation.state": {
        "min": [
            -0.19651375710964203,
            -7.849311828613281,
            0.07863248139619827,
            0.23857957124710083,
            -9.696208953857422,
            -0.7081807255744934,
            -0.6679829359054565,
            -17.083797454833984,
            0.8058608174324036,
            0.06285625696182251,
            -15.236899375915527,
            -0.16117216646671295,
            -0.12088635563850403,
            -4.197493076324463,
            0.03760683909058571,
            -0.1538553684949875,
            -4.197493076324463,
            0.09401709586381912,
            -0.15558326244354248,
            -6.925863265991211,
            -0.33162394165992737,
            -8.766990661621094,
            -86.3424301147461,
            -0.6984127163887024,
            0.18400992453098297,
            -15.236899375915527,
            -0.6886447072029114,
            0.48003605008125305,
            -18.007244110107422,
            -1.0695971250534058,
            0.6374008059501648,
            -4.197493076324463,
            -0.4485958516597748,
            0.04395867511630058,
            -4.197493076324463,
            -0.04297924414277077,
            0.0,
            0.0,
            0.0,
            1.0,
            0.0,
            0.0,
            0.0
        ],
        "max": [
            -0.1305757462978363,
            7.849311828613281,
            0.2222222238779068,
            0.2605589032173157,
            6.925863265991211,
            -0.3272283375263214,
            -0.6460036039352417,
            15.236899375915527,
            1.216117262840271,
            0.08483558893203735,
            18.930692672729492,
            0.10256410390138626,
            -0.08791735023260117,
            4.897075176239014,
            0.12087912112474442,
            -0.12088635563850403,
            5.5966572761535645,
            0.18266178667545319,
            0.10816878825426102,
            6.002415180206299,
            0.3589743673801422,
            8.706583023071289,
            82.64863586425781,
            1.0793651342391968,
            0.33786529302597046,
            15.236899375915527,
            -0.3956044018268585,
            0.5020154118537903,
            20.777589797973633,
            -0.8351648449897766,
            0.6813594698905945,
            4.897075176239014,
            -0.38144078850746155,
            0.09890701621770859,
            6.995821475982666,
            0.026862027123570442,
            0.0,
            0.0,
            0.0,
            1.0,
            0.0,
            0.0,
            0.0
        ],
        "mean": [
            -0.16112713515758514,
            -0.1431344747543335,
            0.14437603950500488,
            0.2450631558895111,
            -0.12466556578874588,
            -0.5143833756446838,
            -0.6668846011161804,
            -1.0204107761383057,
            1.0640299320220947,
            0.08175864070653915,
            1.0619657039642334,
            -0.030769286677241325,
            -0.10209427773952484,
            0.10843522846698761,
            0.06557024270296097,
            -0.13495320081710815,
            0.437238872051239,
            0.12061049789190292,
            0.0073935226537287235,
            -0.45710694789886475,
            -0.06988033652305603,
            0.5318079590797424,
            -3.559893846511841,
            0.11296704411506653,
            0.2680808901786804,
            -0.872658908367157,
            -0.5604387521743774,
            0.49366265535354614,
            -0.9095968008041382,
            -0.9336265325546265,
            0.6576216816902161,
            0.06646031141281128,
            -0.41617316007614136,
            0.06516881287097931,
            0.6960843801498413,
            -0.006420026533305645,
            0.0,
            0.0,
            0.0,
            1.0,
            0.0,
            0.0,
            0.0
        ],