{
    "action": {
        "min": [
            0.0,
            -10.0,
            0.0,
            0.0,
            0.0,
            0.0,
            0.0,
            0.0,
            0.0,
            0.0,
            0.0,
            0.0
        ],
        "max": [
            0.0,
            9.999210357666016,
            0.0,
            0.0,
            0.0,
            0.0,
            0.0,
            0.0,
            0.0,
            0.0,
            0.0,
            0.0
        ],
        "mean": [
            0.0,
            0.8925601243972778,
            0.0,
            0.0,
            0.0,
            0.0,
            0.0,
            0.0,
            0.0,
            0.0,
            0.0,
            0.0
        ],
        "std": [
            0.0,
            6.857784748077393,
            0.0,
            0.0,
            0.0,
            0.0,
            0.0,
            0.0,
            0.0,
            0.0,
            0.0,
            0.0
        ],
        "count": [
            200
        ],
        "q01": [
            3.9995784462121265e-16,
            -9.994000434875488,
            3.9995784462121265e-16,
            3.9995784462121265e-16,
            3.9995784462121265e-16,
            3.9995784462121265e-16,
            3.9995784462121265e-16,
            3.9995784462121265e-16,
            3.9995784462121265e-16,
            3.9995784462121265e-16,
            3.9995784462121265e-16,
            3.9995784462121265e-16
        ],
        "q10": [
            3.999578446212126e-15,
            -9.298027992248535,
            3.999578446212126e-15,
            3.999578446212126e-15,
            3.999578446212126e-15,
            3.999578446212126e-15,
            3.999578446212126e-15,
            3.999578446212126e-15,
            3.999578446212126e-15,
            3.999578446212126e-15,
            3.999578446212126e-15,
            3.999578446212126e-15
        ],
        "q50": [
            1.9997892231060632e-14,
            1.997525691986084,
            1.9997892231060632e-14,
            1.9997892231060632e-14,
            1.9997892231060632e-14,
            1.9997892231060632e-14,
            1.9997892231060632e-14,
            1.9997892231060632e-14,
            1.9997892231060632e-14,
            1.9997892231060632e-14,
            1.9997892231060632e-14,
            1.9997892231060632e-14
        ],
        "q90": [
            3.599620601590914e-14,
            9.347234725952148,
            3.599620601590914e-14,
            3.599620601590914e-14,
            3.599620601590914e-14,
            3.599620601590914e-14,
            3.599620601590914e-14,
            3.599620601590914e-14,
            3.599620601590914e-14,
            3.599620601590914e-14,
            3.599620601590914e-14,
            3.599620601590914e-14
        ],
        "q99": [
            3.959582661750005e-14,
            9.991209030151367,
            3.959582661750005e-14,
            3.959582661750005e-14,
            3.959582661750005e-14,
            3.959582661750005e-14,
            3.959582661750005e-14,
            3.959582661750005e-14,
            3.959582661750005e-14,
            3.959582661750005e-14,
            3.959582661750005e-14,
            3.959582661750005e-14
        ]
    },
    "observation.state": {
        "min": [
            -0.19651375710964203,
            -6.002415180206299,
            -0.003418803447857499,
            -9.58618450164795,
            -34.62931823730469,
            -0.8156288266181946,
            -0.7339209914207458,
            -18.007244110107422,
            0.8351648449897766,
            0.06285625696182251,
            -20.777589797973633,
            -0.1318681389093399,
            -0.04395867511630058,
            -3.497910737991333,
            -0.008058608509600163,
            -0.1098966896533966,
            -4.197493076324463,
            0.0644688680768013,
            -0.02370723895728588,
            -5.0789666175842285,
            -0.14017094671726227,
            -0.3489038646221161,
            -9.696208953857422,
            0.28815630078315735,
            0.2499479353427887,
            -18.007244110107422,
            -0.6300366520881653,
            0.48003605008125305,
            -17.083797454833984,
            -1.0402930974960327,
            0.49453508853912354,
            -5.5966572761535645,
            -0.3492063581943512,
            -0.06593801081180573,
            -3.497910737991333,
            0.03223443403840065,
            0.0,
            0.0,
            0.0,
            1.0,
            0.0,
            0.0,
            0.0
        ],
        "max": [
            -0.1305757462978363,
            6.925863265991211,
            0.23589743673801422,
            9.931467056274414,
            33.705867767333984,
            0.5714285969734192,
            -0.602044939994812,
            18.930692672729492,
            1.216117262840271,
            0.08483558893203735,
            18.007244110107422,
            0.10256410390138626,
            -0.02197933755815029,
            5.5966572761535645,
            0.056410256773233414,
            -0.08791735023260117,
            4.897075176239014,
            0.12087912112474442,
            -0.0017279012827202678,
            5.0789666175842285,
            0.03760683909058571,
            -0.32692453265190125,
            7.849311828613281,
            0.5811966061592102,
            0.2939065992832184,
            14.313450813293457,
            -0.48351648449897766,
            0.5020154118537903,
            18.007244110107422,
            -0.8351648449897766,
            0.5275040864944458,
            5.5966572761535645,
            -0.2927961051464081,
            -0.04395867511630058,
            5.5966572761535645,
            0.10207570344209671,
            0.0,
            0.0,
            0.0,
            1.0,
            0.0,
            0.0,
            0.0
        ],
        "mean": [
            -0.15244536101818085,
            -0.49404510855674744,
            0.1283077448606491,
            0.6121171116828918,
            2.2162773609161377,
            -0.17245422303676605,
            -0.6707310676574707,
            -0.6556485891342163,
            1.0734072923660278,
            0.0697798952460289,
            -0.4155518412590027,
            -0.01875457726418972,
            -0.03110075742006302,
            0.08744776993989944,
            0.020307714119553566,
            -0.09132421761751175,
            0.5561678409576416,
            0.09630032628774643,
            -0.007882121950387955,
            -0.3185897767543793,
            -0.04430770501494408,
            -0.3304409384727478,
            -0.6371796131134033,
            0.4512821435928345,
            0.27258631587028503,
            0.26318293809890747,
            -0.565420389175415,
            0.49695953726768494,
            -0.20315851271152496,
            -0.9328937530517578,
            0.5059638023376465,
            -0.20987464487552643,
            -0.32037001848220825,
            -0.055278148502111435,
            1.0563688278198242,
            0.06832358241081238,
            0.0,
            0.0,
            0.0,
            1.0,
            0.0,
            0.0,
            0.0
        ],