{
    "action": {
        "min": [
            0.0,
            0.0,
            -10.0,
            0.0,
            0.0,
            0.0,
            0.0,
            0.0,
            0.0,
            0.0,
            0.0,
            0.0
        ],
        "max": [
            0.0,
            0.0,
            10.0,
            0.0,
            0.0,
            0.0,
            0.0,
            0.0,
            0.0,
            0.0,
            0.0,
            0.0
        ],
        "mean": [
            0.0,
            0.0,
            -2.1755695911451767e-08,
            0.0,
            0.0,
            0.0,
            0.0,
            0.0,
            0.0,
            0.0,
            0.0,
            0.0
        ],
        "std": [
            0.0,
            0.0,
            7.071067810058594,
            0.0,
            0.0,
            0.0,
            0.0,
            0.0,
            0.0,
            0.0,
            0.0,
            0.0
        ],
        "count": [
            200
        ],
        "q01": [
            3.9995784462121265e-16,
            3.9995784462121265e-16,
            -10.0,
            3.9995784462121265e-16,
            3.9995784462121265e-16,
            3.9995784462121265e-16,
            3.9995784462121265e-16,
            3.9995784462121265e-16,
            3.9995784462121265e-16,
            3.9995784462121265e-16,
            3.9995784462121265e-16,
            3.9995784462121265e-16
        ],
        "q10": [
            3.999578446212126e-15,
            3.999578446212126e-15,
            -9.510000228881836,
            3.999578446212126e-15,
            3.999578446212126e-15,
            3.999578446212126e-15,
            3.999578446212126e-15,
            3.999578446212126e-15,
            3.999578446212126e-15,
            3.999578446212126e-15,
            3.999578446212126e-15,
            3.999578446212126e-15
        ],
        "q50": [
            1.9997892231060632e-14,
            1.9997892231060632e-14,
            0.0013335545857747395,
            1.9997892231060632e-14,
            1.9997892231060632e-14,
            1.9997892231060632e-14,
            1.9997892231060632e-14,
            1.9997892231060632e-14,
            1.9997892231060632e-14,
            1.9997892231060632e-14,
            1.9997892231060632e-14,
            1.9997892231060632e-14
        ],
        "q90": [
            3.599620601590914e-14,
            3.599620601590914e-14,
            9.510001182556152,
            3.599620601590914e-14,
            3.599620601590914e-14,
            3.599620601590914e-14,
            3.599620601590914e-14,
            3.599620601590914e-14,
            3.599620601590914e-14,
            3.599620601590914e-14,
            3.599620601590914e-14,
            3.599620601590914e-14
        ],
        "q99": [
            3.959582661750005e-14,
            3.959582661750005e-14,
            9.984001159667969,
            3.959582661750005e-14,
            3.959582661750005e-14,
            3.959582661750005e-14,
            3.959582661750005e-14,
            3.959582661750005e-14,
            3.959582661750005e-14,
            3.959582661750005e-14,
            3.959582661750005e-14,
            3.959582661750005e-14
        ]
    },
    "observation.state": {
        "min": [
            -0.2844310998916626,
            -7.849311828613281,
            -0.07179487496614456,
            0.1726415604352951,
            -8.772760391235352,
            -0.7179487347602844,
            -10.49274730682373,
            -131.59140014648438,
            -1.9194139242172241,
            0.01889757812023163,
            -18.930692672729492,
            -0.190476194024086,
            -0.0549483448266983,
            -6.296239376068115,
            0.005372405517846346,
            -0.12088635563850403,
            -4.897075176239014,
            0.08058608323335648,
            -0.0017279012827202678,
            -5.0789666175842285,
            -0.1538461595773697,
            -0.3489038646221161,
            -8.772760391235352,
            0.28815630078315735,
            0.2499479353427887,
            -20.777589797973633,
            -0.6593406796455383,
            0.48003605008125305,
            -22.624486923217773,
            -1.0402930974960327,
            0.5494834184646606,
            -4.897075176239014,
            -0.40024420619010925,
            -0.0549483448266983,
            -4.897075176239014,
            0.010744811035692692,
            0.0,
            0.0,
            0.0,
            1.0,
            0.0,
            0.0,
            0.0
        ],
        "max": [
            -0.04265838861465454,
            6.925863265991211,
            0.3521367609500885,
            0.2605589032173157,
            8.772760391235352,
            -0.29792430996894836,
            9.57438850402832,
            114.96932983398438,
            4.498168468475342,
            0.1068149283528328,
            18.007244110107422,
            0.1318681389093399,
            -0.03296900540590286,
            5.5966572761535645,
            0.083272285759449,
            -0.09890701621770859,
            5.5966572761535645,
            0.14236874878406525,
            0.04223077371716499,
            5.0789666175842285,
            -0.010256410576403141,
            -0.3049452006816864,
            7.849311828613281,
            0.6398046612739563,
            0.2939065992832184,
            16.160348892211914,
            -0.4542124569416046,
            0.5020154118537903,
            18.007244110107422,
            -0.8351648449897766,
            0.6044318079948425,
            4.197493076324463,
            -0.3223443329334259,
            0.0,
            5.5966572761535645,
            0.09401709586381912,
            0.0,
            0.0,
            0.0,
            1.0,
            0.0,
            0.0,
            0.0
        ],
        "mean": [
            -0.1616765409708023,
            -0.683351993560791,
            0.1385640949010849,
            0.22945784032344818,
            -0.8541896343231201,
            -0.49528706073760986,
            -0.5910555720329285,
            -5.803875923156738,
            1.1283515691757202,
            0.07054917514324188,
            0.4571070969104767,
            -0.01626373641192913,
            -0.051541611552238464,
            0.03148120269179344,
            0.0316837802529335,
            -0.1090177446603775,
            0.7310635447502136,
            0.105043925344944,
            0.01684466376900673,
            -0.3878483176231384,
            -0.0754871740937233,
            -0.3267044425010681,
            -0.6648826599121094,
            0.45133087038993835,
            0.26687169075012207,
            -0.4940449595451355,
            -0.557654857635498,
            0.5012454390525818,
            -0.5402175784111023,
            -0.9425640106201172,
            0.5761877298355103,
            -0.041974958032369614,
            -0.3650684654712677,
            -0.016704292967915535,
            0.8045193552970886,
            0.04675338417291641,
            0.0,
            0.0,
            0.0,
            1.0,
            0.0,
            0.0,
            0.0
        ],